"../../../Engine/Plugins/2D/Paper2D/Content/PlaceholderTextures/DummySpriteTexture.ubulk" 0
"../../../Engine/Plugins/2D/Paper2D/Content/PlaceholderTextures/DummySpriteTexture.uasset" 1
"../../../Engine/Plugins/2D/Paper2D/Content/PlaceholderTextures/DummySpriteTexture.uexp" 2
"../../../Engine/Plugins/2D/Paper2D/Content/DummySprite.uasset" 3
"../../../Engine/Plugins/2D/Paper2D/Content/DummySprite.uexp" 4
"../../../Engine/Plugins/2D/Paper2D/Content/DefaultPaperTerrainMaterial.uasset" 5
"../../../Engine/Plugins/2D/Paper2D/Content/DefaultPaperTerrainMaterial.uexp" 6
"../../../Engine/Plugins/Animation/ACLPlugin/Content/ACLAnimBoneCompressionSettings.uasset" 7
"../../../Engine/Plugins/Animation/ACLPlugin/Content/ACLAnimBoneCompressionSettings.uexp" 8
"../../../Engine/Plugins/Animation/ACLPlugin/Content/ACLAnimCurveCompressionSettings.uasset" 9
"../../../Engine/Plugins/Animation/ACLPlugin/Content/ACLAnimCurveCompressionSettings.uexp" 10
"../../../Engine/Content/Animation/DefaultRecorderBoneCompression.uasset" 11
"../../../Engine/Content/Animation/DefaultRecorderBoneCompression.uexp" 12
"../../../Engine/Content/Animation/DefaultVariableFrameStrippingSettings.uasset" 13
"../../../Engine/Content/Animation/DefaultVariableFrameStrippingSettings.uexp" 14
"../../../Engine/Content/EngineFonts/Faces/DroidSansFallback.uexp" 15
"../../../Engine/Content/EngineFonts/Faces/DroidSansFallback.uasset" 16
"../../../Engine/Content/EngineFonts/Faces/DroidSansFallback.ufont" 17
"../../../Engine/Content/EngineFonts/Faces/RobotoBold.uexp" 18
"../../../Engine/Content/EngineFonts/Faces/RobotoBold.uasset" 19
"../../../Engine/Content/EngineFonts/Faces/RobotoBold.ufont" 20
"../../../Engine/Content/EngineFonts/Faces/RobotoBoldItalic.uexp" 21
"../../../Engine/Content/EngineFonts/Faces/RobotoBoldItalic.uasset" 22
"../../../Engine/Content/EngineFonts/Faces/RobotoBoldItalic.ufont" 23
"../../../Engine/Content/EngineFonts/Faces/RobotoItalic.uexp" 24
"../../../Engine/Content/EngineFonts/Faces/RobotoItalic.uasset" 25
"../../../Engine/Content/EngineFonts/Faces/RobotoItalic.ufont" 26
"../../../Engine/Content/EngineFonts/Faces/RobotoLight.uexp" 27
"../../../Engine/Content/EngineFonts/Faces/RobotoLight.uasset" 28
"../../../Engine/Content/EngineFonts/Faces/RobotoLight.ufont" 29
"../../../Engine/Content/EngineFonts/Faces/RobotoRegular.uexp" 30
"../../../Engine/Content/EngineFonts/Faces/RobotoRegular.uasset" 31
"../../../Engine/Content/EngineFonts/Faces/RobotoRegular.ufont" 32
"../../../Engine/Content/EngineFonts/Roboto.uasset" 33
"../../../Engine/Content/EngineFonts/Roboto.uexp" 34
"../../../Engine/Content/EngineMaterials/DefaultDestructiblePhysicalMaterial.uasset" 35
"../../../Engine/Content/EngineMaterials/DefaultDestructiblePhysicalMaterial.uexp" 36
"../../../Engine/Content/EngineMaterials/DefaultPhysicalMaterial.uasset" 37
"../../../Engine/Content/EngineMaterials/DefaultPhysicalMaterial.uexp" 38
"../../../Engine/Content/EngineSounds/Master.uasset" 39
"../../../Engine/Content/EngineSounds/Master.uexp" 40
"../../../Engine/Plugins/Animation/ControlRig/Content/Controls/DefaultGizmoLibraryNormalized.uasset" 41
"../../../Engine/Plugins/Animation/ControlRig/Content/Controls/DefaultGizmoLibraryNormalized.uexp" 42
"../../../Engine/Plugins/Experimental/Water/Content/Waves/GerstnerWaves_Lake.uasset" 43
"../../../Engine/Plugins/Experimental/Water/Content/Waves/GerstnerWaves_Lake.uexp" 44
"../../../Engine/Plugins/Experimental/Water/Content/Waves/GerstnerWaves_Ocean.uasset" 45
"../../../Engine/Plugins/Experimental/Water/Content/Waves/GerstnerWaves_Ocean.uexp" 46
"../../../Engine/Plugins/Interchange/Runtime/Content/Pipelines/DefaultMaterialPipeline.uasset" 47
"../../../Engine/Plugins/Interchange/Runtime/Content/Pipelines/DefaultMaterialPipeline.uexp" 48
"../../../Engine/Plugins/Interchange/Runtime/Content/Pipelines/DefaultAssetsPipeline.uasset" 49
"../../../Engine/Plugins/Interchange/Runtime/Content/Pipelines/DefaultAssetsPipeline.uexp" 50
"../../../Engine/Plugins/Interchange/Runtime/Content/Pipelines/DefaultAudioPipeline.uasset" 51
"../../../Engine/Plugins/Interchange/Runtime/Content/Pipelines/DefaultAudioPipeline.uexp" 52
"../../../Engine/Plugins/Interchange/Runtime/Content/Pipelines/DefaultGLTFAssetsPipeline.uasset" 53
"../../../Engine/Plugins/Interchange/Runtime/Content/Pipelines/DefaultGLTFAssetsPipeline.uexp" 54
"../../../Engine/Plugins/Interchange/Runtime/Content/Pipelines/DefaultGLTFPipeline.uasset" 55
"../../../Engine/Plugins/Interchange/Runtime/Content/Pipelines/DefaultGLTFPipeline.uexp" 56
"../../../Engine/Plugins/Interchange/Runtime/Content/Pipelines/DefaultGLTFSceneAssetsPipeline.uasset" 57
"../../../Engine/Plugins/Interchange/Runtime/Content/Pipelines/DefaultGLTFSceneAssetsPipeline.uexp" 58
"C:/Users/mikel/Downloads/Paranoia/Content/Assets/SFX_and_Audio/Footsteps/PM_Concrete.uasset" 59
"C:/Users/mikel/Downloads/Paranoia/Content/Assets/SFX_and_Audio/Footsteps/PM_Concrete.uexp" 60
"C:/Users/mikel/Downloads/Paranoia/Content/NatesWork/Trees/RedwoodTree/Textures/RedwoodImposter.ubulk" 61
"C:/Users/mikel/Downloads/Paranoia/Content/NatesWork/Trees/RedwoodTree/Textures/RedwoodImposter.uasset" 62
"C:/Users/mikel/Downloads/Paranoia/Content/NatesWork/Trees/RedwoodTree/Textures/RedwoodImposter.uexp" 63
"C:/Users/mikel/Downloads/Paranoia/Content/NatesWork/Trees/RedwoodTree/Textures/RedwoodImposter_Height.ubulk" 64
"C:/Users/mikel/Downloads/Paranoia/Content/NatesWork/Trees/RedwoodTree/Textures/RedwoodImposter_Height.uasset" 65
"C:/Users/mikel/Downloads/Paranoia/Content/NatesWork/Trees/RedwoodTree/Textures/RedwoodImposter_Height.uexp" 66
"C:/Users/mikel/Downloads/Paranoia/Content/NatesWork/Trees/RedwoodTree/Textures/RedwoodImposter_Normal.ubulk" 67
"C:/Users/mikel/Downloads/Paranoia/Content/NatesWork/Trees/RedwoodTree/Textures/RedwoodImposter_Normal.uasset" 68
"C:/Users/mikel/Downloads/Paranoia/Content/NatesWork/Trees/RedwoodTree/Textures/RedwoodImposter_Normal.uexp" 69
"C:/Users/mikel/Downloads/Paranoia/Content/NatesWork/Trees/RedwoodTree/Textures/RedwoodImposter_Roughness.ubulk" 70
"C:/Users/mikel/Downloads/Paranoia/Content/NatesWork/Trees/RedwoodTree/Textures/RedwoodImposter_Roughness.uasset" 71
"C:/Users/mikel/Downloads/Paranoia/Content/NatesWork/Trees/RedwoodTree/Textures/RedwoodImposter_Roughness.uexp" 72
"C:/Users/mikel/Downloads/Paranoia/Content/NatesWork/Trees/RedwoodTree/Materials/RedwoodImposter.uasset" 73
"C:/Users/mikel/Downloads/Paranoia/Content/NatesWork/Trees/RedwoodTree/Materials/RedwoodImposter.uexp" 74
"C:/Users/mikel/Downloads/Paranoia/Content/NatesWork/Trees/RedwoodTree/Models/Imposter/RedwoodImposter.ubulk" 75
"C:/Users/mikel/Downloads/Paranoia/Content/NatesWork/Trees/RedwoodTree/Models/Imposter/RedwoodImposter.uasset" 76
"C:/Users/mikel/Downloads/Paranoia/Content/NatesWork/Trees/RedwoodTree/Models/Imposter/RedwoodImposter.uexp" 77
"C:/Users/mikel/Downloads/Paranoia/Content/NatesWork/Trees/RedwoodTree/RedwoodImposter_FoliageType.uasset" 78
"C:/Users/mikel/Downloads/Paranoia/Content/NatesWork/Trees/RedwoodTree/RedwoodImposter_FoliageType.uexp" 79
"C:/Users/mikel/Downloads/Paranoia/Content/NatesWork/Trees/RedwoodTree/Textures/HighSquare_PixelatedBark_BaseColor.ubulk" 80
"C:/Users/mikel/Downloads/Paranoia/Content/NatesWork/Trees/RedwoodTree/Textures/HighSquare_PixelatedBark_BaseColor.uasset" 81
"C:/Users/mikel/Downloads/Paranoia/Content/NatesWork/Trees/RedwoodTree/Textures/HighSquare_PixelatedBark_BaseColor.uexp" 82
"C:/Users/mikel/Downloads/Paranoia/Content/NatesWork/Trees/RedwoodTree/Textures/HighSquare_PixelatedBark_Height.ubulk" 83
"C:/Users/mikel/Downloads/Paranoia/Content/NatesWork/Trees/RedwoodTree/Textures/HighSquare_PixelatedBark_Height.uasset" 84
"C:/Users/mikel/Downloads/Paranoia/Content/NatesWork/Trees/RedwoodTree/Textures/HighSquare_PixelatedBark_Height.uexp" 85
"C:/Users/mikel/Downloads/Paranoia/Content/NatesWork/Trees/RedwoodTree/Textures/HighSquare_PixelatedBark_Normal.ubulk" 86
"C:/Users/mikel/Downloads/Paranoia/Content/NatesWork/Trees/RedwoodTree/Textures/HighSquare_PixelatedBark_Normal.uasset" 87
"C:/Users/mikel/Downloads/Paranoia/Content/NatesWork/Trees/RedwoodTree/Textures/HighSquare_PixelatedBark_Normal.uexp" 88
"C:/Users/mikel/Downloads/Paranoia/Content/NatesWork/Trees/RedwoodTree/Textures/HighSquare_PixelatedBark_Roughness.ubulk" 89
"C:/Users/mikel/Downloads/Paranoia/Content/NatesWork/Trees/RedwoodTree/Textures/HighSquare_PixelatedBark_Roughness.uasset" 90
"C:/Users/mikel/Downloads/Paranoia/Content/NatesWork/Trees/RedwoodTree/Textures/HighSquare_PixelatedBark_Roughness.uexp" 91
"C:/Users/mikel/Downloads/Paranoia/Content/NatesWork/Trees/RedwoodTree/Materials/RedwoodBark.uasset" 92
"C:/Users/mikel/Downloads/Paranoia/Content/NatesWork/Trees/RedwoodTree/Materials/RedwoodBark.uexp" 93
"C:/Users/mikel/Downloads/Paranoia/Content/NatesWork/Trees/RedwoodTree/Textures/Pixelated_Base_color.ubulk" 94
"C:/Users/mikel/Downloads/Paranoia/Content/NatesWork/Trees/RedwoodTree/Textures/Pixelated_Base_color.uasset" 95
"C:/Users/mikel/Downloads/Paranoia/Content/NatesWork/Trees/RedwoodTree/Textures/Pixelated_Base_color.uexp" 96
"C:/Users/mikel/Downloads/Paranoia/Content/NatesWork/Trees/RedwoodTree/Textures/Pixelated_Height.ubulk" 97
"C:/Users/mikel/Downloads/Paranoia/Content/NatesWork/Trees/RedwoodTree/Textures/Pixelated_Height.uasset" 98
"C:/Users/mikel/Downloads/Paranoia/Content/NatesWork/Trees/RedwoodTree/Textures/Pixelated_Height.uexp" 99
"C:/Users/mikel/Downloads/Paranoia/Content/NatesWork/Trees/RedwoodTree/Textures/Pixelated_Normal_DirectX.ubulk" 100
"C:/Users/mikel/Downloads/Paranoia/Content/NatesWork/Trees/RedwoodTree/Textures/Pixelated_Normal_DirectX.uasset" 101
"C:/Users/mikel/Downloads/Paranoia/Content/NatesWork/Trees/RedwoodTree/Textures/Pixelated_Normal_DirectX.uexp" 102
"C:/Users/mikel/Downloads/Paranoia/Content/NatesWork/Trees/RedwoodTree/Textures/Pixelated_Roughness.ubulk" 103
"C:/Users/mikel/Downloads/Paranoia/Content/NatesWork/Trees/RedwoodTree/Textures/Pixelated_Roughness.uasset" 104
"C:/Users/mikel/Downloads/Paranoia/Content/NatesWork/Trees/RedwoodTree/Textures/Pixelated_Roughness.uexp" 105
"C:/Users/mikel/Downloads/Paranoia/Content/NatesWork/Trees/RedwoodTree/Materials/RedwoodBranch.uasset" 106
"C:/Users/mikel/Downloads/Paranoia/Content/NatesWork/Trees/RedwoodTree/Materials/RedwoodBranch.uexp" 107
"C:/Users/mikel/Downloads/Paranoia/Content/NatesWork/Trees/RedwoodTree/RedwoodTree.ubulk" 108
"C:/Users/mikel/Downloads/Paranoia/Content/NatesWork/Trees/RedwoodTree/RedwoodTree.uasset" 109
"C:/Users/mikel/Downloads/Paranoia/Content/NatesWork/Trees/RedwoodTree/RedwoodTree.uexp" 110
"C:/Users/mikel/Downloads/Paranoia/Content/NatesWork/Trees/RedwoodTree/RedwoodTree_FoliageType.uasset" 111
"C:/Users/mikel/Downloads/Paranoia/Content/NatesWork/Trees/RedwoodTree/RedwoodTree_FoliageType.uexp" 112
"C:/Users/mikel/Downloads/Paranoia/Content/NatesWork/Vegetation/Rocks/Textures/RockGRP_standardSurface4_BaseColor.ubulk" 113
"C:/Users/mikel/Downloads/Paranoia/Content/NatesWork/Vegetation/Rocks/Textures/RockGRP_standardSurface4_BaseColor.uasset" 114
"C:/Users/mikel/Downloads/Paranoia/Content/NatesWork/Vegetation/Rocks/Textures/RockGRP_standardSurface4_BaseColor.uexp" 115
"C:/Users/mikel/Downloads/Paranoia/Content/NatesWork/Vegetation/Rocks/Textures/RockGRP_standardSurface4_Height.ubulk" 116
"C:/Users/mikel/Downloads/Paranoia/Content/NatesWork/Vegetation/Rocks/Textures/RockGRP_standardSurface4_Height.uasset" 117
"C:/Users/mikel/Downloads/Paranoia/Content/NatesWork/Vegetation/Rocks/Textures/RockGRP_standardSurface4_Height.uexp" 118
"C:/Users/mikel/Downloads/Paranoia/Content/NatesWork/Vegetation/Rocks/Textures/RockGRP_standardSurface4_Metallic.ubulk" 119
"C:/Users/mikel/Downloads/Paranoia/Content/NatesWork/Vegetation/Rocks/Textures/RockGRP_standardSurface4_Metallic.uasset" 120
"C:/Users/mikel/Downloads/Paranoia/Content/NatesWork/Vegetation/Rocks/Textures/RockGRP_standardSurface4_Metallic.uexp" 121
"C:/Users/mikel/Downloads/Paranoia/Content/NatesWork/Vegetation/Rocks/Textures/RockGRP_standardSurface4_Normal.ubulk" 122
"C:/Users/mikel/Downloads/Paranoia/Content/NatesWork/Vegetation/Rocks/Textures/RockGRP_standardSurface4_Normal.uasset" 123
"C:/Users/mikel/Downloads/Paranoia/Content/NatesWork/Vegetation/Rocks/Textures/RockGRP_standardSurface4_Normal.uexp" 124
"C:/Users/mikel/Downloads/Paranoia/Content/NatesWork/Vegetation/Rocks/Textures/RockGRP_standardSurface4_Roughness.ubulk" 125
"C:/Users/mikel/Downloads/Paranoia/Content/NatesWork/Vegetation/Rocks/Textures/RockGRP_standardSurface4_Roughness.uasset" 126
"C:/Users/mikel/Downloads/Paranoia/Content/NatesWork/Vegetation/Rocks/Textures/RockGRP_standardSurface4_Roughness.uexp" 127
"C:/Users/mikel/Downloads/Paranoia/Content/NatesWork/Vegetation/Rocks/Materials/RocksMAT.uasset" 128
"C:/Users/mikel/Downloads/Paranoia/Content/NatesWork/Vegetation/Rocks/Materials/RocksMAT.uexp" 129
"C:/Users/mikel/Downloads/Paranoia/Content/NatesWork/Vegetation/Rocks/RockGRP.ubulk" 130
"C:/Users/mikel/Downloads/Paranoia/Content/NatesWork/Vegetation/Rocks/RockGRP.uasset" 131
"C:/Users/mikel/Downloads/Paranoia/Content/NatesWork/Vegetation/Rocks/RockGRP.uexp" 132
"C:/Users/mikel/Downloads/Paranoia/Content/NatesWork/Vegetation/Rocks/RockGRP_FoliageType.uasset" 133
"C:/Users/mikel/Downloads/Paranoia/Content/NatesWork/Vegetation/Rocks/RockGRP_FoliageType.uexp" 134
"../../../Engine/Plugins/2D/Paper2D/Content/DefaultSpriteMaterial.uasset" 135
"../../../Engine/Plugins/2D/Paper2D/Content/DefaultSpriteMaterial.uexp" 136
"../../../Engine/Plugins/2D/Paper2D/Content/MaskedUnlitSpriteMaterial.uasset" 137
"../../../Engine/Plugins/2D/Paper2D/Content/MaskedUnlitSpriteMaterial.uexp" 138
"../../../Engine/Plugins/2D/Paper2D/Content/OpaqueUnlitSpriteMaterial.uasset" 139
"../../../Engine/Plugins/2D/Paper2D/Content/OpaqueUnlitSpriteMaterial.uexp" 140
"../../../Engine/Content/Functions/Engine_MaterialFunctions02/WorldPositionOffset/CameraOffset.uasset" 141
"../../../Engine/Content/Functions/Engine_MaterialFunctions02/WorldPositionOffset/CameraOffset.uexp" 142
"../../../Engine/Plugins/Animation/ControlRig/Content/M_Manip.uasset" 143
"../../../Engine/Plugins/Animation/ControlRig/Content/M_Manip.uexp" 144
"../../../Engine/Content/EngineMaterials/T_Default_Material_Grid_M.ubulk" 145
"../../../Engine/Content/EngineMaterials/T_Default_Material_Grid_M.uasset" 146
"../../../Engine/Content/EngineMaterials/T_Default_Material_Grid_M.uexp" 147
"../../../Engine/Content/EngineMaterials/T_Default_Material_Grid_N.ubulk" 148
"../../../Engine/Content/EngineMaterials/T_Default_Material_Grid_N.uasset" 149
"../../../Engine/Content/EngineMaterials/T_Default_Material_Grid_N.uexp" 150
"../../../Engine/Content/Functions/Engine_MaterialFunctions01/Opacity/CameraDepthFade.uasset" 151
"../../../Engine/Content/Functions/Engine_MaterialFunctions01/Opacity/CameraDepthFade.uexp" 152
"../../../Engine/Content/EngineMaterials/WorldGridMaterial.uasset" 153
"../../../Engine/Content/EngineMaterials/WorldGridMaterial.uexp" 154
"../../../Engine/Plugins/Media/MediaPlate/Content/SM_MediaPlateScreen.ubulk" 155
"../../../Engine/Plugins/Media/MediaPlate/Content/SM_MediaPlateScreen.uasset" 156
"../../../Engine/Plugins/Media/MediaPlate/Content/SM_MediaPlateScreen.uexp" 157
"../../../Engine/Plugins/NNE/NNEDenoiser/Content/NNEDIM_ColorAlbedoNormal_Alpha.uasset" 158
"../../../Engine/Plugins/NNE/NNEDenoiser/Content/NNEDIM_ColorAlbedoNormal_Alpha.uexp" 159
"../../../Engine/Plugins/NNE/NNEDenoiser/Content/NNEDIM_ColorAlbedoNormal_Default.uasset" 160
"../../../Engine/Plugins/NNE/NNEDenoiser/Content/NNEDIM_ColorAlbedoNormal_Default.uexp" 161
"../../../Engine/Plugins/NNE/NNEDenoiser/Content/NNEDIM_HighQuality_Alpha.uasset" 162
"../../../Engine/Plugins/NNE/NNEDenoiser/Content/NNEDIM_HighQuality_Alpha.uexp" 163
"../../../Engine/Plugins/NNE/NNEDenoiser/Content/NNEDIM_HighQuality_Default.uasset" 164
"../../../Engine/Plugins/NNE/NNEDenoiser/Content/NNEDIM_HighQuality_Default.uexp" 165
"../../../Engine/Plugins/NNE/NNEDenoiser/Content/NNEDOM_Output_Alpha.uasset" 166
"../../../Engine/Plugins/NNE/NNEDenoiser/Content/NNEDOM_Output_Alpha.uexp" 167
"../../../Engine/Plugins/NNE/NNEDenoiser/Content/NNEDOM_Output_Default.uasset" 168
"../../../Engine/Plugins/NNE/NNEDenoiser/Content/NNEDOM_Output_Default.uexp" 169
"../../../Engine/Plugins/NNE/NNEDenoiser/Content/NNEDTIM_ColorAlbedoNormal_Alpha.uasset" 170
"../../../Engine/Plugins/NNE/NNEDenoiser/Content/NNEDTIM_ColorAlbedoNormal_Alpha.uexp" 171
"../../../Engine/Plugins/NNE/NNEDenoiser/Content/NNEDTIM_ColorAlbedoNormal_Default.uasset" 172
"../../../Engine/Plugins/NNE/NNEDenoiser/Content/NNEDTIM_ColorAlbedoNormal_Default.uexp" 173
"../../../Engine/Plugins/NNE/NNEDenoiser/Content/NNEDTOM_Output_Alpha.uasset" 174
"../../../Engine/Plugins/NNE/NNEDenoiser/Content/NNEDTOM_Output_Alpha.uexp" 175
"../../../Engine/Plugins/NNE/NNEDenoiser/Content/NNEDTOM_Output_Default.uasset" 176
"../../../Engine/Plugins/NNE/NNEDenoiser/Content/NNEDTOM_Output_Default.uexp" 177
"../../../Engine/Plugins/NNE/NNEDenoiser/Content/NNEDT_Oidn2-3_Balanced.uasset" 178
"../../../Engine/Plugins/NNE/NNEDenoiser/Content/NNEDT_Oidn2-3_Balanced.uexp" 179
"../../../Engine/Plugins/NNE/NNEDenoiser/Content/NNEDT_Oidn2-3_Balanced_Alpha.uasset" 180
"../../../Engine/Plugins/NNE/NNEDenoiser/Content/NNEDT_Oidn2-3_Balanced_Alpha.uexp" 181
"../../../Engine/Plugins/NNE/NNEDenoiser/Content/NNED_Oidn2-3_Balanced.uasset" 182
"../../../Engine/Plugins/NNE/NNEDenoiser/Content/NNED_Oidn2-3_Balanced.uexp" 183
"../../../Engine/Plugins/NNE/NNEDenoiser/Content/NNED_Oidn2-3_Balanced_Alpha.uasset" 184
"../../../Engine/Plugins/NNE/NNEDenoiser/Content/NNED_Oidn2-3_Balanced_Alpha.uexp" 185
"../../../Engine/Plugins/NNE/NNEDenoiser/Content/NNED_Oidn2-3_Fast.uasset" 186
"../../../Engine/Plugins/NNE/NNEDenoiser/Content/NNED_Oidn2-3_Fast.uexp" 187
"../../../Engine/Plugins/NNE/NNEDenoiser/Content/NNED_Oidn2-3_Fast_Alpha.uasset" 188
"../../../Engine/Plugins/NNE/NNEDenoiser/Content/NNED_Oidn2-3_Fast_Alpha.uexp" 189
"../../../Engine/Plugins/NNE/NNEDenoiser/Content/NNED_Oidn2-3_HighQuality.uasset" 190
"../../../Engine/Plugins/NNE/NNEDenoiser/Content/NNED_Oidn2-3_HighQuality.uexp" 191
"../../../Engine/Plugins/NNE/NNEDenoiser/Content/NNED_Oidn2-3_HighQuality_Alpha.uasset" 192
"../../../Engine/Plugins/NNE/NNEDenoiser/Content/NNED_Oidn2-3_HighQuality_Alpha.uexp" 193
"../../../Engine/Plugins/NNE/NNEDenoiser/Content/NNE_oidn2-3-0_rt_hdr_alb_nrm_small__dyn__fp16_opset11_DenoiseAlpha.uasset" 194
"../../../Engine/Plugins/NNE/NNEDenoiser/Content/NNE_oidn2-3-0_rt_hdr_alb_nrm_small__dyn__fp16_opset11_DenoiseAlpha.uexp" 195
"../../../Engine/Content/EditorResources/S_BoxReflectionCapture.uasset" 196
"../../../Engine/Content/EditorResources/S_BoxReflectionCapture.uexp" 197
"../../../Engine/Plugins/NNE/NNEDenoiser/Content/NNE_oidn2-3-0_rt_hdr_alb_nrm_small__dyn__fp16_opset11_ForwardAlpha.uasset" 198
"../../../Engine/Plugins/NNE/NNEDenoiser/Content/NNE_oidn2-3-0_rt_hdr_alb_nrm_small__dyn__fp16_opset11_ForwardAlpha.uexp" 199
"../../../Engine/Plugins/NNE/NNEDenoiser/Content/NNE_oidn2-3-0_rt_hdr_alb_nrm__dyn__fp16_opset11_DenoiseAlpha.uasset" 200
"../../../Engine/Plugins/NNE/NNEDenoiser/Content/NNE_oidn2-3-0_rt_hdr_alb_nrm__dyn__fp16_opset11_DenoiseAlpha.uexp" 201
"../../../Engine/Plugins/NNE/NNEDenoiser/Content/NNE_oidn2-3-0_rt_hdr_alb_nrm__dyn__fp16_opset11_ForwardAlpha.uasset" 202
"../../../Engine/Plugins/NNE/NNEDenoiser/Content/NNE_oidn2-3-0_rt_hdr_alb_nrm__dyn__fp16_opset11_ForwardAlpha.uexp" 203
"../../../Engine/Plugins/NNE/NNEDenoiser/Content/NNE_oidn2-3-0_rt_hdr_calb_cnrm_large__dyn__fp16_opset11_DenoiseAlpha.uasset" 204
"../../../Engine/Plugins/NNE/NNEDenoiser/Content/NNE_oidn2-3-0_rt_hdr_calb_cnrm_large__dyn__fp16_opset11_DenoiseAlpha.uexp" 205
"../../../Engine/Plugins/NNE/NNEDenoiser/Content/NNE_oidn2-3-0_rt_hdr_calb_cnrm_large__dyn__fp16_opset11_ForwardAlpha.uasset" 206
"../../../Engine/Plugins/NNE/NNEDenoiser/Content/NNE_oidn2-3-0_rt_hdr_calb_cnrm_large__dyn__fp16_opset11_ForwardAlpha.uexp" 207
"../../../Engine/Content/EditorLandscapeResources/DefaultAlphaTexture.uasset" 208
"../../../Engine/Content/EditorLandscapeResources/DefaultAlphaTexture.uexp" 209
"../../../Engine/Content/EditorLandscapeResources/ColorMaskBrushMaterial.uasset" 210
"../../../Engine/Content/EditorLandscapeResources/ColorMaskBrushMaterial.uexp" 211
"../../../Engine/Content/EditorLandscapeResources/ColorMaskBrushMaterial_MaskedRegion.uasset" 212
"../../../Engine/Content/EditorLandscapeResources/ColorMaskBrushMaterial_MaskedRegion.uexp" 213
"../../../Engine/Content/BasicShapes/BasicShapeMaterial.uasset" 214
"../../../Engine/Content/BasicShapes/BasicShapeMaterial.uexp" 215
"../../../Engine/Content/EditorMaterials/PhAT_NoCollisionMaterial.uasset" 216
"../../../Engine/Content/EditorMaterials/PhAT_NoCollisionMaterial.uexp" 217
"../../../Engine/Content/EngineMaterials/DefaultMaterial.uasset" 218
"../../../Engine/Content/EngineMaterials/DefaultMaterial.uexp" 219
"../../../Engine/Content/BasicShapes/Cone.ubulk" 220
"../../../Engine/Content/BasicShapes/Cone.uasset" 221
"../../../Engine/Content/BasicShapes/Cone.uexp" 222
"../../../Engine/Content/EditorMaterials/PhAT_UnselectedMaterial.uasset" 223
"../../../Engine/Content/EditorMaterials/PhAT_UnselectedMaterial.uexp" 224
"../../../Engine/Content/BasicShapes/Cube.ubulk" 225
"../../../Engine/Content/BasicShapes/Cube.uasset" 226
"../../../Engine/Content/BasicShapes/Cube.uexp" 227
"../../../Engine/Content/EditorMaterials/PreviewShadowIndicator.ubulk" 228
"../../../Engine/Content/EditorMaterials/PreviewShadowIndicator.uasset" 229
"../../../Engine/Content/EditorMaterials/PreviewShadowIndicator.uexp" 230
"../../../Engine/Content/EditorMaterials/PreviewShadowIndicatorMaterial.uasset" 231
"../../../Engine/Content/EditorMaterials/PreviewShadowIndicatorMaterial.uexp" 232
"../../../Engine/Content/BasicShapes/Cylinder.ubulk" 233
"../../../Engine/Content/BasicShapes/Cylinder.uasset" 234
"../../../Engine/Content/BasicShapes/Cylinder.uexp" 235
"../../../Engine/Content/EditorLandscapeResources/LandscapeDirtyMaterial.uasset" 236
"../../../Engine/Content/EditorLandscapeResources/LandscapeDirtyMaterial.uexp" 237
"../../../Engine/Content/BasicShapes/Plane.ubulk" 238
"../../../Engine/Content/BasicShapes/Plane.uasset" 239
"../../../Engine/Content/BasicShapes/Plane.uexp" 240
"../../../Engine/Content/BasicShapes/Sphere.ubulk" 241
"../../../Engine/Content/BasicShapes/Sphere.uasset" 242
"../../../Engine/Content/BasicShapes/Sphere.uexp" 243
"../../../Engine/Content/EngineMaterials/DefaultDiffuse.ubulk" 244
"../../../Engine/Content/EngineMaterials/DefaultDiffuse.uasset" 245
"../../../Engine/Content/EngineMaterials/DefaultDiffuse.uexp" 246
"../../../Engine/Content/Functions/Engine_MaterialFunctions01/Texturing/TextureCropping.uasset" 247
"../../../Engine/Content/Functions/Engine_MaterialFunctions01/Texturing/TextureCropping.uexp" 248
"../../../Engine/Content/Functions/Engine_MaterialFunctions02/ExampleContent/DebugNumberStrip.uasset" 249
"../../../Engine/Content/Functions/Engine_MaterialFunctions02/ExampleContent/DebugNumberStrip.uexp" 250
"../../../Engine/Content/Functions/Engine_MaterialFunctions01/Debug/DebugIntValues.uasset" 251
"../../../Engine/Content/Functions/Engine_MaterialFunctions01/Debug/DebugIntValues.uexp" 252
"../../../Engine/Content/Functions/Engine_MaterialFunctions02/Utility/BreakOutFloat2Components.uasset" 253
"../../../Engine/Content/Functions/Engine_MaterialFunctions02/Utility/BreakOutFloat2Components.uexp" 254
"../../../Engine/Content/Functions/Engine_MaterialFunctions01/Texturing/ScaleUVsByCenter.uasset" 255
"../../../Engine/Content/Functions/Engine_MaterialFunctions01/Texturing/ScaleUVsByCenter.uexp" 256
"../../../Engine/Content/Functions/Engine_MaterialFunctions02/WorldPositionOffset/LocalPosition.uasset" 257
"../../../Engine/Content/Functions/Engine_MaterialFunctions02/WorldPositionOffset/LocalPosition.uexp" 258
"../../../Engine/Content/EditorLandscapeResources/LandscapeLayerUsageMaterial.uasset" 259
"../../../Engine/Content/EditorLandscapeResources/LandscapeLayerUsageMaterial.uexp" 260
"../../../Engine/Plugins/Animation/ControlRig/Content/Controls/ControlRig_RoundedTriangle_solid.ubulk" 261
"../../../Engine/Plugins/Animation/ControlRig/Content/Controls/ControlRig_RoundedTriangle_solid.uasset" 262
"../../../Engine/Plugins/Animation/ControlRig/Content/Controls/ControlRig_RoundedTriangle_solid.uexp" 263
"../../../Engine/Content/EngineResources/DefaultTextureCube.uasset" 264
"../../../Engine/Content/EngineResources/DefaultTextureCube.uexp" 265
"../../../Engine/Plugins/Animation/ControlRig/Content/Controls/ControlRig_Sphere_1mm.ubulk" 266
"../../../Engine/Plugins/Animation/ControlRig/Content/Controls/ControlRig_Sphere_1mm.uasset" 267
"../../../Engine/Plugins/Animation/ControlRig/Content/Controls/ControlRig_Sphere_1mm.uexp" 268
"../../../Engine/Content/EditorResources/S_Solver.ubulk" 269
"../../../Engine/Content/EditorResources/S_Solver.uasset" 270
"../../../Engine/Content/EditorResources/S_Solver.uexp" 271
"../../../Engine/Plugins/Animation/ControlRig/Content/Controls/ControlRig_Sphere_3mm.ubulk" 272
"../../../Engine/Plugins/Animation/ControlRig/Content/Controls/ControlRig_Sphere_3mm.uasset" 273
"../../../Engine/Plugins/Animation/ControlRig/Content/Controls/ControlRig_Sphere_3mm.uexp" 274
"../../../Engine/Content/Functions/Engine_MaterialFunctions02/Utility/CameraDirectionVector.uasset" 275
"../../../Engine/Content/Functions/Engine_MaterialFunctions02/Utility/CameraDirectionVector.uexp" 276
"../../../Engine/Plugins/Experimental/MeshModelingToolsetExp/Content/Materials/GetDisplacementVectorForDepthBias.uasset" 277
"../../../Engine/Plugins/Experimental/MeshModelingToolsetExp/Content/Materials/GetDisplacementVectorForDepthBias.uexp" 278
"../../../Engine/Content/Functions/Engine_MaterialFunctions02/Math/ProjectVectorOntoPlane.uasset" 279
"../../../Engine/Content/Functions/Engine_MaterialFunctions02/Math/ProjectVectorOntoPlane.uexp" 280
"../../../Engine/Content/Functions/Engine_MaterialFunctions03/Viewport/MF_OrthoWidth.uasset" 281
"../../../Engine/Content/Functions/Engine_MaterialFunctions03/Viewport/MF_OrthoWidth.uexp" 282
"../../../Engine/Content/EngineMaterials/LineSetComponentMaterial.uasset" 283
"../../../Engine/Content/EngineMaterials/LineSetComponentMaterial.uexp" 284
"../../../Engine/Content/EditorLandscapeResources/WhiteSquareTexture.uasset" 285
"../../../Engine/Content/EditorLandscapeResources/WhiteSquareTexture.uexp" 286
"../../../Engine/Content/EditorLandscapeResources/LayerVisMaterial.uasset" 287
"../../../Engine/Content/EditorLandscapeResources/LayerVisMaterial.uexp" 288
"../../../Engine/Content/EngineMaterials/MiniFont.uasset" 289
"../../../Engine/Content/EngineMaterials/MiniFont.uexp" 290
"../../../Engine/Content/EngineMaterials/InvalidLightmapSettings.ubulk" 291
"../../../Engine/Content/EngineMaterials/InvalidLightmapSettings.uasset" 292
"../../../Engine/Content/EngineMaterials/InvalidLightmapSettings.uexp" 293
"../../../Engine/Content/EngineMaterials/M_InvalidLightmapSettings.uasset" 294
"../../../Engine/Content/EngineMaterials/M_InvalidLightmapSettings.uexp" 295
"../../../Engine/Content/Functions/Engine_MaterialFunctions02/Utility/MakeFloat3.uasset" 296
"../../../Engine/Content/Functions/Engine_MaterialFunctions02/Utility/MakeFloat3.uexp" 297
"../../../Engine/Content/Functions/Engine_MaterialFunctions03/Math/WithinRangeFloat2.uasset" 298
"../../../Engine/Content/Functions/Engine_MaterialFunctions03/Math/WithinRangeFloat2.uexp" 299
"../../../Engine/Content/EditorLandscapeResources/MaskBrushMaterial.uasset" 300
"../../../Engine/Content/EditorLandscapeResources/MaskBrushMaterial.uexp" 301
"../../../Engine/Content/EditorLandscapeResources/MaskBrushMaterial_MaskedRegion.uasset" 302
"../../../Engine/Content/EditorLandscapeResources/MaskBrushMaterial_MaskedRegion.uexp" 303
"../../../Engine/Content/EngineMaterials/NaniteHiddenSectionMaterial.uasset" 304
"../../../Engine/Content/EngineMaterials/NaniteHiddenSectionMaterial.uexp" 305
"../../../Engine/Plugins/Animation/ControlRig/Content/Controls/ControlRig_Sphere_solid.ubulk" 306
"../../../Engine/Plugins/Animation/ControlRig/Content/Controls/ControlRig_Sphere_solid.uasset" 307
"../../../Engine/Plugins/Animation/ControlRig/Content/Controls/ControlRig_Sphere_solid.uexp" 308
"../../../Engine/Content/EngineResources/GradientTexture0.uasset" 309
"../../../Engine/Content/EngineResources/GradientTexture0.uexp" 310
"../../../Engine/Plugins/Animation/ControlRig/Content/Controls/ControlRig_Square_1mm.ubulk" 311
"../../../Engine/Plugins/Animation/ControlRig/Content/Controls/ControlRig_Square_1mm.uasset" 312
"../../../Engine/Plugins/Animation/ControlRig/Content/Controls/ControlRig_Square_1mm.uexp" 313
"../../../Engine/Plugins/Animation/ControlRig/Content/Controls/ControlRig_Square_3mm.ubulk" 314
"../../../Engine/Plugins/Animation/ControlRig/Content/Controls/ControlRig_Square_3mm.uasset" 315
"../../../Engine/Plugins/Animation/ControlRig/Content/Controls/ControlRig_Square_3mm.uexp" 316
"../../../Engine/Content/EngineMaterials/PhAT_JointLimitMaterial.uasset" 317
"../../../Engine/Content/EngineMaterials/PhAT_JointLimitMaterial.uexp" 318
"../../../Engine/Content/EditorResources/S_Trigger.ubulk" 319
"../../../Engine/Content/EditorResources/S_Trigger.uasset" 320
"../../../Engine/Content/EditorResources/S_Trigger.uexp" 321
"../../../Engine/Content/EditorResources/S_TriggerBox.uasset" 322
"../../../Engine/Content/EditorResources/S_TriggerBox.uexp" 323
"../../../Engine/Content/EngineMaterials/DefaultCalibrationColor.uasset" 324
"../../../Engine/Content/EngineMaterials/DefaultCalibrationColor.uexp" 325
"../../../Engine/Content/EngineMaterials/PPM_DefaultCalibrationColor.uasset" 326
"../../../Engine/Content/EngineMaterials/PPM_DefaultCalibrationColor.uexp" 327
"../../../Engine/Content/EditorLandscapeResources/SelectBrushMaterial.uasset" 328
"../../../Engine/Content/EditorLandscapeResources/SelectBrushMaterial.uexp" 329
"../../../Engine/Content/EditorLandscapeResources/SelectBrushMaterial_Selected.uasset" 330
"../../../Engine/Content/EditorLandscapeResources/SelectBrushMaterial_Selected.uexp" 331
"../../../Engine/Plugins/Animation/ControlRig/Content/Controls/ControlRig_Square_solid.ubulk" 332
"../../../Engine/Plugins/Animation/ControlRig/Content/Controls/ControlRig_Square_solid.uasset" 333
"../../../Engine/Plugins/Animation/ControlRig/Content/Controls/ControlRig_Square_solid.uexp" 334
"../../../Engine/Content/EditorLandscapeResources/SelectBrushMaterial_SelectedRegion.uasset" 335
"../../../Engine/Content/EditorLandscapeResources/SelectBrushMaterial_SelectedRegion.uexp" 336
"../../../Engine/Content/EditorResources/S_TriggerCapsule.uasset" 337
"../../../Engine/Content/EditorResources/S_TriggerCapsule.uexp" 338
"../../../Engine/Content/EngineMaterials/DefaultCalibrationGrayscale.uasset" 339
"../../../Engine/Content/EngineMaterials/DefaultCalibrationGrayscale.uexp" 340
"../../../Engine/Content/EngineMaterials/PPM_DefaultCalibrationGrayscale.uasset" 341
"../../../Engine/Content/EngineMaterials/PPM_DefaultCalibrationGrayscale.uexp" 342
"../../../Engine/Content/EditorLandscapeResources/SplineEditorMeshMat.uasset" 343
"../../../Engine/Content/EditorLandscapeResources/SplineEditorMeshMat.uexp" 344
"../../../Engine/Content/EditorLandscapeResources/SplineEditorMesh.ubulk" 345
"../../../Engine/Content/EditorLandscapeResources/SplineEditorMesh.uasset" 346
"../../../Engine/Content/EditorLandscapeResources/SplineEditorMesh.uexp" 347
"../../../Engine/Plugins/Animation/ControlRig/Content/Controls/ControlRig_Star4_1mm.ubulk" 348
"../../../Engine/Plugins/Animation/ControlRig/Content/Controls/ControlRig_Star4_1mm.uasset" 349
"../../../Engine/Plugins/Animation/ControlRig/Content/Controls/ControlRig_Star4_1mm.uexp" 350
"../../../Engine/Content/EditorResources/S_TriggerSphere.uasset" 351
"../../../Engine/Content/EditorResources/S_TriggerSphere.uexp" 352
"../../../Engine/Content/EngineMaterials/PreintegratedSkinBRDF.uasset" 353
"../../../Engine/Content/EngineMaterials/PreintegratedSkinBRDF.uexp" 354
"../../../Engine/Content/EngineResources/LandscapeVisibilityLayerInfo.uasset" 355
"../../../Engine/Content/EngineResources/LandscapeVisibilityLayerInfo.uexp" 356
"../../../Engine/Plugins/Animation/ControlRig/Content/Controls/ControlRig_Star4_3mm.ubulk" 357
"../../../Engine/Plugins/Animation/ControlRig/Content/Controls/ControlRig_Star4_3mm.uasset" 358
"../../../Engine/Plugins/Animation/ControlRig/Content/Controls/ControlRig_Star4_3mm.uexp" 359
"../../../Engine/Plugins/Animation/ControlRig/Content/Controls/ControlRig_Star4_solid.ubulk" 360
"../../../Engine/Plugins/Animation/ControlRig/Content/Controls/ControlRig_Star4_solid.uasset" 361
"../../../Engine/Plugins/Animation/ControlRig/Content/Controls/ControlRig_Star4_solid.uexp" 362
"../../../Engine/Plugins/Animation/ControlRig/Content/Controls/ControlRig_Triangle_1mm.ubulk" 363
"../../../Engine/Plugins/Animation/ControlRig/Content/Controls/ControlRig_Triangle_1mm.uasset" 364
"../../../Engine/Plugins/Animation/ControlRig/Content/Controls/ControlRig_Triangle_1mm.uexp" 365
"../../../Engine/Plugins/Animation/ControlRig/Content/Controls/ControlRig_Triangle_3mm.ubulk" 366
"../../../Engine/Plugins/Animation/ControlRig/Content/Controls/ControlRig_Triangle_3mm.uasset" 367
"../../../Engine/Plugins/Animation/ControlRig/Content/Controls/ControlRig_Triangle_3mm.uexp" 368
"../../../Engine/Content/Functions/Engine_MaterialFunctions02/Utility/VectorLength.uasset" 369
"../../../Engine/Content/Functions/Engine_MaterialFunctions02/Utility/VectorLength.uexp" 370
"../../../Engine/Content/Functions/Engine_MaterialFunctions02/Utility/FOV.uasset" 371
"../../../Engine/Content/Functions/Engine_MaterialFunctions02/Utility/FOV.uexp" 372
"../../../Engine/Content/Functions/Engine_MaterialFunctions02/WorldPositionOffset/V2/ObjectScale.uasset" 373
"../../../Engine/Content/Functions/Engine_MaterialFunctions02/WorldPositionOffset/V2/ObjectScale.uexp" 374
"../../../Engine/Plugins/Experimental/MeshModelingToolsetExp/Content/Materials/PointSetOverlaidComponentMaterial.uasset" 375
"../../../Engine/Plugins/Experimental/MeshModelingToolsetExp/Content/Materials/PointSetOverlaidComponentMaterial.uexp" 376
"../../../Engine/Plugins/Animation/ControlRig/Content/Controls/ControlRig_Triangle_solid.ubulk" 377
"../../../Engine/Plugins/Animation/ControlRig/Content/Controls/ControlRig_Triangle_solid.uasset" 378
"../../../Engine/Plugins/Animation/ControlRig/Content/Controls/ControlRig_Triangle_solid.uexp" 379
"../../../Engine/Plugins/Animation/ControlRig/Content/Controls/ControlRig_Wedge_1mm.ubulk" 380
"../../../Engine/Plugins/Animation/ControlRig/Content/Controls/ControlRig_Wedge_1mm.uasset" 381
"../../../Engine/Plugins/Animation/ControlRig/Content/Controls/ControlRig_Wedge_1mm.uexp" 382
"../../../Engine/Plugins/Animation/ControlRig/Content/Controls/ControlRig_Wedge_3mm.ubulk" 383
"../../../Engine/Plugins/Animation/ControlRig/Content/Controls/ControlRig_Wedge_3mm.uasset" 384
"../../../Engine/Plugins/Animation/ControlRig/Content/Controls/ControlRig_Wedge_3mm.uexp" 385
"../../../Engine/Content/EngineMaterials/RemoveSurfaceMaterial.uasset" 386
"../../../Engine/Content/EngineMaterials/RemoveSurfaceMaterial.uexp" 387
"../../../Engine/Plugins/Animation/ControlRig/Content/Controls/ControlRig_Wedge_solid.ubulk" 388
"../../../Engine/Plugins/Animation/ControlRig/Content/Controls/ControlRig_Wedge_solid.uasset" 389
"../../../Engine/Plugins/Animation/ControlRig/Content/Controls/ControlRig_Wedge_solid.uexp" 390
"../../../Engine/Content/EngineMaterials/SMAAAreaTex.uasset" 391
"../../../Engine/Content/EngineMaterials/SMAAAreaTex.uexp" 392
"../../../Engine/Content/EngineMaterials/SMAASearchTex.uasset" 393
"../../../Engine/Content/EngineMaterials/SMAASearchTex.uexp" 394
"../../../Engine/Content/Functions/Engine_MaterialFunctions02/SplitComponents.uasset" 395
"../../../Engine/Content/Functions/Engine_MaterialFunctions02/SplitComponents.uexp" 396
"../../../Engine/Content/Functions/Engine_MaterialFunctions02/Utility/BreakOutFloat3Components.uasset" 397
"../../../Engine/Content/Functions/Engine_MaterialFunctions02/Utility/BreakOutFloat3Components.uexp" 398
"../../../Engine/Content/Functions/Engine_MaterialFunctions02/Math/Transform3x3Matrix.uasset" 399
"../../../Engine/Content/Functions/Engine_MaterialFunctions02/Math/Transform3x3Matrix.uexp" 400
"../../../Engine/Content/VREditor/SnapGrid/SnapGridMaterial.uasset" 401
"../../../Engine/Content/VREditor/SnapGrid/SnapGridMaterial.uexp" 402
"../../../Engine/Content/VREditor/SnapGrid/SnapGridPlaneMesh.ubulk" 403
"../../../Engine/Content/VREditor/SnapGrid/SnapGridPlaneMesh.uasset" 404
"../../../Engine/Content/VREditor/SnapGrid/SnapGridPlaneMesh.uexp" 405
"../../../Engine/Content/VREditor/LaserPointer/VR_LaserPower_01.ubulk" 406
"../../../Engine/Content/VREditor/LaserPointer/VR_LaserPower_01.uasset" 407
"../../../Engine/Content/VREditor/LaserPointer/VR_LaserPower_01.uexp" 408
"../../../Engine/Content/VREditor/TransformGizmo/TransformGizmoMaterial.uasset" 409
"../../../Engine/Content/VREditor/TransformGizmo/TransformGizmoMaterial.uexp" 410
"../../../Engine/Content/VREditor/TransformGizmo/TranslucentTransformGizmoMaterial.uasset" 411
"../../../Engine/Content/VREditor/TransformGizmo/TranslucentTransformGizmoMaterial.uexp" 412
"../../../Engine/Content/VREditor/TransformGizmo/PlaneTranslationHandle.ubulk" 413
"../../../Engine/Content/VREditor/TransformGizmo/PlaneTranslationHandle.uasset" 414
"../../../Engine/Content/VREditor/TransformGizmo/PlaneTranslationHandle.uexp" 415
"../../../Engine/Content/VREditor/TransformGizmo/RotationHandleFull.ubulk" 416
"../../../Engine/Content/VREditor/TransformGizmo/RotationHandleFull.uasset" 417
"../../../Engine/Content/VREditor/TransformGizmo/RotationHandleFull.uexp" 418
"../../../Engine/Content/VREditor/TransformGizmo/RotationHandleIndicator.ubulk" 419
"../../../Engine/Content/VREditor/TransformGizmo/RotationHandleIndicator.uasset" 420
"../../../Engine/Content/VREditor/TransformGizmo/RotationHandleIndicator.uexp" 421
"../../../Engine/Content/VREditor/TransformGizmo/RotationHandleQuarter.ubulk" 422
"../../../Engine/Content/VREditor/TransformGizmo/RotationHandleQuarter.uasset" 423
"../../../Engine/Content/VREditor/TransformGizmo/RotationHandleQuarter.uexp" 424
"../../../Engine/Content/VREditor/TransformGizmo/StartRotationHandleIndicator.ubulk" 425
"../../../Engine/Content/VREditor/TransformGizmo/StartRotationHandleIndicator.uasset" 426
"../../../Engine/Content/VREditor/TransformGizmo/StartRotationHandleIndicator.uexp" 427
"../../../Engine/Content/VREditor/TransformGizmo/TranslucentTransformGizmoMaterial_Inst.uasset" 428
"../../../Engine/Content/VREditor/TransformGizmo/TranslucentTransformGizmoMaterial_Inst.uexp" 429
"../../../Engine/Content/VREditor/TransformGizmo/TransformGizmoFreeRotation.ubulk" 430
"../../../Engine/Content/VREditor/TransformGizmo/TransformGizmoFreeRotation.uasset" 431
"../../../Engine/Content/VREditor/TransformGizmo/TransformGizmoFreeRotation.uexp" 432
"../../../Engine/Content/VREditor/TransformGizmo/TransformGizmoMaterial_Inst.uasset" 433
"../../../Engine/Content/VREditor/TransformGizmo/TransformGizmoMaterial_Inst.uexp" 434
"../../../Engine/Content/VREditor/TransformGizmo/TranslateArrowHandle.ubulk" 435
"../../../Engine/Content/VREditor/TransformGizmo/TranslateArrowHandle.uasset" 436
"../../../Engine/Content/VREditor/TransformGizmo/TranslateArrowHandle.uexp" 437
"../../../Engine/Content/VREditor/TransformGizmo/UniformScaleHandle.ubulk" 438
"../../../Engine/Content/VREditor/TransformGizmo/UniformScaleHandle.uasset" 439
"../../../Engine/Content/VREditor/TransformGizmo/UniformScaleHandle.uexp" 440
"../../../Engine/Content/VREditor/Sounds/UI/Drop_Item_From_ContentBrowser.ubulk" 441
"../../../Engine/Content/VREditor/Sounds/UI/Drop_Item_From_ContentBrowser.uasset" 442
"../../../Engine/Content/VREditor/Sounds/UI/Drop_Item_From_ContentBrowser.uexp" 443
"../../../Engine/Content/VREditor/Sounds/UI/Gizmo_Handle_Clicked.ubulk" 444
"../../../Engine/Content/VREditor/Sounds/UI/Gizmo_Handle_Clicked.uasset" 445
"../../../Engine/Content/VREditor/Sounds/UI/Gizmo_Handle_Clicked.uexp" 446
"../../../Engine/Content/VREditor/Sounds/UI/Object_PickUp.ubulk" 447
"../../../Engine/Content/VREditor/Sounds/UI/Object_PickUp.uasset" 448
"../../../Engine/Content/VREditor/Sounds/UI/Object_PickUp.uexp" 449
"../../../Engine/Content/VREditor/Sounds/UI/Object_Snaps_To_Another_Actor.ubulk" 450
"../../../Engine/Content/VREditor/Sounds/UI/Object_Snaps_To_Another_Actor.uasset" 451
"../../../Engine/Content/VREditor/Sounds/UI/Object_Snaps_To_Another_Actor.uexp" 452
"../../../Engine/Content/VREditor/Sounds/UI/Object_Snaps_To_Grid.ubulk" 453
"../../../Engine/Content/VREditor/Sounds/UI/Object_Snaps_To_Grid.uasset" 454
"../../../Engine/Content/VREditor/Sounds/UI/Object_Snaps_To_Grid.uexp" 455
"../../../Engine/Content/VREditor/Sounds/UI/Scaling_Down.ubulk" 456
"../../../Engine/Content/VREditor/Sounds/UI/Scaling_Down.uasset" 457
"../../../Engine/Content/VREditor/Sounds/UI/Scaling_Down.uexp" 458
"../../../Engine/Content/VREditor/Sounds/UI/Scaling_Up.ubulk" 459
"../../../Engine/Content/VREditor/Sounds/UI/Scaling_Up.uasset" 460
"../../../Engine/Content/VREditor/Sounds/UI/Scaling_Up.uexp" 461
"../../../Engine/Content/VREditor/Sounds/UI/Selection_Changes.ubulk" 462
"../../../Engine/Content/VREditor/Sounds/UI/Selection_Changes.uasset" 463
"../../../Engine/Content/VREditor/Sounds/UI/Selection_Changes.uexp" 464
"../../../Engine/Content/EngineDamageTypes/DmgTypeBP_Environmental.uasset" 465
"../../../Engine/Content/EngineDamageTypes/DmgTypeBP_Environmental.uexp" 466
"../../../Engine/Plugins/Animation/ControlRig/Content/Controls/ControlRigGizmoMaterial.uasset" 467
"../../../Engine/Plugins/Animation/ControlRig/Content/Controls/ControlRigGizmoMaterial.uexp" 468
"../../../Engine/Plugins/Animation/ControlRig/Content/Controls/ControlRigXRayMaterial.uasset" 469
"../../../Engine/Plugins/Animation/ControlRig/Content/Controls/ControlRigXRayMaterial.uexp" 470
"../../../Engine/Plugins/Animation/ControlRig/Content/Controls/ControlRig_Arrow2_1mm.ubulk" 471
"../../../Engine/Plugins/Animation/ControlRig/Content/Controls/ControlRig_Arrow2_1mm.uasset" 472
"../../../Engine/Plugins/Animation/ControlRig/Content/Controls/ControlRig_Arrow2_1mm.uexp" 473
"../../../Engine/Content/EngineSky/M_SimpleSkyDome.uasset" 474
"../../../Engine/Content/EngineSky/M_SimpleSkyDome.uexp" 475
"../../../Engine/Plugins/Animation/ControlRig/Content/Controls/ControlRig_Arrow2_3mm.ubulk" 476
"../../../Engine/Plugins/Animation/ControlRig/Content/Controls/ControlRig_Arrow2_3mm.uasset" 477
"../../../Engine/Plugins/Animation/ControlRig/Content/Controls/ControlRig_Arrow2_3mm.uexp" 478
"../../../Engine/Content/EngineMaterials/DefaultBloomKernel.uasset" 479
"../../../Engine/Content/EngineMaterials/DefaultBloomKernel.uexp" 480
"../../../Engine/Plugins/Animation/ControlRig/Content/Controls/ControlRig_Arrow2_solid.ubulk" 481
"../../../Engine/Plugins/Animation/ControlRig/Content/Controls/ControlRig_Arrow2_solid.uasset" 482
"../../../Engine/Plugins/Animation/ControlRig/Content/Controls/ControlRig_Arrow2_solid.uexp" 483
"../../../Engine/Content/EngineMaterials/DefaultBokeh.uasset" 484
"../../../Engine/Content/EngineMaterials/DefaultBokeh.uexp" 485
"../../../Engine/Content/EngineDebugMaterials/DebugEditorMaterial.uasset" 486
"../../../Engine/Content/EngineDebugMaterials/DebugEditorMaterial.uexp" 487
"../../../Engine/Content/EngineSky/T_Sky_Blue.ubulk" 488
"../../../Engine/Content/EngineSky/T_Sky_Blue.uasset" 489
"../../../Engine/Content/EngineSky/T_Sky_Blue.uexp" 490
"../../../Engine/Content/EngineSky/T_Sky_Clouds_M.ubulk" 491
"../../../Engine/Content/EngineSky/T_Sky_Clouds_M.uasset" 492
"../../../Engine/Content/EngineSky/T_Sky_Clouds_M.uexp" 493
"../../../Engine/Content/EngineSky/T_Sky_Stars.ubulk" 494
"../../../Engine/Content/EngineSky/T_Sky_Stars.uasset" 495
"../../../Engine/Content/EngineSky/T_Sky_Stars.uexp" 496
"../../../Engine/Content/EngineSky/M_Sky_Panning_Clouds2.uasset" 497
"../../../Engine/Content/EngineSky/M_Sky_Panning_Clouds2.uexp" 498
"../../../Engine/Content/EngineSky/SM_SkySphere.ubulk" 499
"../../../Engine/Content/EngineSky/SM_SkySphere.uasset" 500
"../../../Engine/Content/EngineSky/SM_SkySphere.uexp" 501
"../../../Engine/Plugins/Animation/ControlRig/Content/Controls/ControlRig_Arrow4_1mm.ubulk" 502
"../../../Engine/Plugins/Animation/ControlRig/Content/Controls/ControlRig_Arrow4_1mm.uasset" 503
"../../../Engine/Plugins/Animation/ControlRig/Content/Controls/ControlRig_Arrow4_1mm.uexp" 504
"../../../Engine/Content/EngineDebugMaterials/DebugMeshMaterial.uasset" 505
"../../../Engine/Content/EngineDebugMaterials/DebugMeshMaterial.uexp" 506
"../../../Engine/Plugins/Animation/ControlRig/Content/Controls/ControlRig_Arrow4_3mm.ubulk" 507
"../../../Engine/Plugins/Animation/ControlRig/Content/Controls/ControlRig_Arrow4_3mm.uasset" 508
"../../../Engine/Plugins/Animation/ControlRig/Content/Controls/ControlRig_Arrow4_3mm.uexp" 509
"../../../Engine/Plugins/Animation/ControlRig/Content/Controls/ControlRig_Arrow4_solid.ubulk" 510
"../../../Engine/Plugins/Animation/ControlRig/Content/Controls/ControlRig_Arrow4_solid.uasset" 511
"../../../Engine/Plugins/Animation/ControlRig/Content/Controls/ControlRig_Arrow4_solid.uexp" 512
"../../../Engine/Content/EngineResources/WhiteSquareTexture.uasset" 513
"../../../Engine/Content/EngineResources/WhiteSquareTexture.uexp" 514
"../../../Engine/Content/EngineMaterials/Widget3DPassThrough.uasset" 515
"../../../Engine/Content/EngineMaterials/Widget3DPassThrough.uexp" 516
"../../../Engine/Content/EngineMaterials/Widget3DPassThrough_Masked.uasset" 517
"../../../Engine/Content/EngineMaterials/Widget3DPassThrough_Masked.uexp" 518
"../../../Engine/Content/EngineMaterials/Widget3DPassThrough_Opaque.uasset" 519
"../../../Engine/Content/EngineMaterials/Widget3DPassThrough_Opaque.uexp" 520
"../../../Engine/Content/EngineMaterials/Widget3DPassThrough_Masked_OneSided.uasset" 521
"../../../Engine/Content/EngineMaterials/Widget3DPassThrough_Masked_OneSided.uexp" 522
"../../../Engine/Content/EngineMaterials/Widget3DPassThrough_Opaque_OneSided.uasset" 523
"../../../Engine/Content/EngineMaterials/Widget3DPassThrough_Opaque_OneSided.uexp" 524
"../../../Engine/Content/EngineMaterials/Widget3DPassThrough_Translucent.uasset" 525
"../../../Engine/Content/EngineMaterials/Widget3DPassThrough_Translucent.uexp" 526
"../../../Engine/Content/EngineMaterials/Widget3DPassThrough_Translucent_OneSided.uasset" 527
"../../../Engine/Content/EngineMaterials/Widget3DPassThrough_Translucent_OneSided.uexp" 528
"../../../Engine/Plugins/Animation/ControlRig/Content/Controls/ControlRig_Arrow_1mm.ubulk" 529
"../../../Engine/Plugins/Animation/ControlRig/Content/Controls/ControlRig_Arrow_1mm.uasset" 530
"../../../Engine/Plugins/Animation/ControlRig/Content/Controls/ControlRig_Arrow_1mm.uexp" 531
"../../../Engine/Content/EngineMaterials/DefaultDeferredDecalMaterial.uasset" 532
"../../../Engine/Content/EngineMaterials/DefaultDeferredDecalMaterial.uexp" 533
"../../../Engine/Plugins/Interchange/Assets/Content/Functions/MX_TranslucentBSDF.uasset" 534
"../../../Engine/Plugins/Interchange/Assets/Content/Functions/MX_TranslucentBSDF.uexp" 535
"../../../Engine/Plugins/Animation/ControlRig/Content/Controls/ControlRig_Arrow_3mm.ubulk" 536
"../../../Engine/Plugins/Animation/ControlRig/Content/Controls/ControlRig_Arrow_3mm.uasset" 537
"../../../Engine/Plugins/Animation/ControlRig/Content/Controls/ControlRig_Arrow_3mm.uexp" 538
"../../../Engine/Plugins/Animation/ControlRig/Content/Controls/ControlRig_Arrow_solid.ubulk" 539
"../../../Engine/Plugins/Animation/ControlRig/Content/Controls/ControlRig_Arrow_solid.uasset" 540
"../../../Engine/Plugins/Animation/ControlRig/Content/Controls/ControlRig_Arrow_solid.uexp" 541
"../../../Engine/Plugins/Experimental/Water/Content/Curves/FloatCurve.uasset" 542
"../../../Engine/Plugins/Experimental/Water/Content/Curves/FloatCurve.uexp" 543
"../../../Engine/Plugins/Experimental/Water/Content/Curves/FloatCurve_WaterBodyIsland.uasset" 544
"../../../Engine/Plugins/Experimental/Water/Content/Curves/FloatCurve_WaterBodyIsland.uexp" 545
"../../../Engine/Plugins/Interchange/Assets/Content/Functions/MX_UniformEDF.uasset" 546
"../../../Engine/Plugins/Interchange/Assets/Content/Functions/MX_UniformEDF.uexp" 547
"../../../Engine/Plugins/Interchange/Assets/Content/Functions/MX_UsdPreviewSurface.uasset" 548
"../../../Engine/Plugins/Interchange/Assets/Content/Functions/MX_UsdPreviewSurface.uexp" 549
"../../../Engine/Content/EngineMaterials/DefaultLightFunctionMaterial.uasset" 550
"../../../Engine/Content/EngineMaterials/DefaultLightFunctionMaterial.uexp" 551
"../../../Engine/Plugins/Animation/ControlRig/Content/Controls/ControlRig_Box_1mm.ubulk" 552
"../../../Engine/Plugins/Animation/ControlRig/Content/Controls/ControlRig_Box_1mm.uasset" 553
"../../../Engine/Plugins/Animation/ControlRig/Content/Controls/ControlRig_Box_1mm.uexp" 554
"../../../Engine/Content/EditorResources/BSPVertex.uasset" 555
"../../../Engine/Content/EditorResources/BSPVertex.uexp" 556
"../../../Engine/Plugins/Animation/ControlRig/Content/Controls/ControlRig_Box_3mm.ubulk" 557
"../../../Engine/Plugins/Animation/ControlRig/Content/Controls/ControlRig_Box_3mm.uasset" 558
"../../../Engine/Plugins/Animation/ControlRig/Content/Controls/ControlRig_Box_3mm.uexp" 559
"../../../Engine/Plugins/Animation/ControlRig/Content/Controls/ControlRig_Box_solid.ubulk" 560
"../../../Engine/Plugins/Animation/ControlRig/Content/Controls/ControlRig_Box_solid.uasset" 561
"../../../Engine/Plugins/Animation/ControlRig/Content/Controls/ControlRig_Box_solid.uexp" 562
"../../../Engine/Plugins/Experimental/Water/Content/Icons/WaterBodyExclusionVolumeSprite.uasset" 563
"../../../Engine/Plugins/Experimental/Water/Content/Icons/WaterBodyExclusionVolumeSprite.uexp" 564
"../../../Engine/Plugins/Animation/ControlRig/Content/Controls/ControlRig_Circle_1mm.ubulk" 565
"../../../Engine/Plugins/Animation/ControlRig/Content/Controls/ControlRig_Circle_1mm.uasset" 566
"../../../Engine/Plugins/Animation/ControlRig/Content/Controls/ControlRig_Circle_1mm.uexp" 567
"../../../Engine/Plugins/Animation/ControlRig/Content/Controls/ControlRig_Circle_3mm.ubulk" 568
"../../../Engine/Plugins/Animation/ControlRig/Content/Controls/ControlRig_Circle_3mm.uasset" 569
"../../../Engine/Plugins/Animation/ControlRig/Content/Controls/ControlRig_Circle_3mm.uexp" 570
"../../../Engine/Plugins/Experimental/Water/Content/Icons/WaterBodyIslandSprite.uasset" 571
"../../../Engine/Plugins/Experimental/Water/Content/Icons/WaterBodyIslandSprite.uexp" 572
"../../../Engine/Content/EngineMaterials/DefaultPostProcessMaterial.uasset" 573
"../../../Engine/Content/EngineMaterials/DefaultPostProcessMaterial.uexp" 574
"../../../Engine/Content/EngineDebugMaterials/M_SimpleUnlitTranslucent.uasset" 575
"../../../Engine/Content/EngineDebugMaterials/M_SimpleUnlitTranslucent.uexp" 576
"../../../Engine/Plugins/Animation/ControlRig/Content/Controls/ControlRig_Circle_solid.ubulk" 577
"../../../Engine/Plugins/Animation/ControlRig/Content/Controls/ControlRig_Circle_solid.uasset" 578
"../../../Engine/Plugins/Animation/ControlRig/Content/Controls/ControlRig_Circle_solid.uexp" 579
"../../../Engine/Content/EngineDebugMaterials/VolumeToRender.uasset" 580
"../../../Engine/Content/EngineDebugMaterials/VolumeToRender.uexp" 581
"../../../Engine/Content/EngineDebugMaterials/M_VolumeRenderSphereTracePP.uasset" 582
"../../../Engine/Content/EngineDebugMaterials/M_VolumeRenderSphereTracePP.uexp" 583
"../../../Engine/Content/EngineFonts/RobotoDistanceField.uasset" 584
"../../../Engine/Content/EngineFonts/RobotoDistanceField.uexp" 585
"../../../Engine/Content/EngineMaterials/DefaultTextMaterialOpaque.uasset" 586
"../../../Engine/Content/EngineMaterials/DefaultTextMaterialOpaque.uexp" 587
"../../../Engine/Plugins/Animation/ControlRig/Content/Controls/ControlRig_Diamond_1mm.ubulk" 588
"../../../Engine/Plugins/Animation/ControlRig/Content/Controls/ControlRig_Diamond_1mm.uasset" 589
"../../../Engine/Plugins/Animation/ControlRig/Content/Controls/ControlRig_Diamond_1mm.uexp" 590
"../../../Engine/Content/EngineMaterials/DefaultWhiteGrid.ubulk" 591
"../../../Engine/Content/EngineMaterials/DefaultWhiteGrid.uasset" 592
"../../../Engine/Content/EngineMaterials/DefaultWhiteGrid.uexp" 593
"../../../Engine/Plugins/Animation/ControlRig/Content/Controls/ControlRig_Diamond_3mm.ubulk" 594
"../../../Engine/Plugins/Animation/ControlRig/Content/Controls/ControlRig_Diamond_3mm.uasset" 595
"../../../Engine/Plugins/Animation/ControlRig/Content/Controls/ControlRig_Diamond_3mm.uexp" 596
"../../../Engine/Content/EngineMeshes/Sphere.ubulk" 597
"../../../Engine/Content/EngineMeshes/Sphere.uasset" 598
"../../../Engine/Content/EngineMeshes/Sphere.uexp" 599
"../../../Engine/Plugins/Animation/ControlRig/Content/Controls/ControlRig_Diamond_solid.ubulk" 600
"../../../Engine/Plugins/Animation/ControlRig/Content/Controls/ControlRig_Diamond_solid.uasset" 601
"../../../Engine/Plugins/Animation/ControlRig/Content/Controls/ControlRig_Diamond_solid.uexp" 602
"../../../Engine/Plugins/Animation/ControlRig/Content/Controls/ControlRig_HalfCircle_1mm.ubulk" 603
"../../../Engine/Plugins/Animation/ControlRig/Content/Controls/ControlRig_HalfCircle_1mm.uasset" 604
"../../../Engine/Plugins/Animation/ControlRig/Content/Controls/ControlRig_HalfCircle_1mm.uexp" 605
"../../../Engine/Content/EngineMaterials/DefaultWhiteGrid_Low.uasset" 606
"../../../Engine/Content/EngineMaterials/DefaultWhiteGrid_Low.uexp" 607
"../../../Engine/Content/EngineMaterials/EmissiveMeshMaterial.uasset" 608
"../../../Engine/Content/EngineMaterials/EmissiveMeshMaterial.uexp" 609
"../../../Engine/Plugins/Animation/ControlRig/Content/Controls/ControlRig_HalfCircle_3mm.ubulk" 610
"../../../Engine/Plugins/Animation/ControlRig/Content/Controls/ControlRig_HalfCircle_3mm.uasset" 611
"../../../Engine/Plugins/Animation/ControlRig/Content/Controls/ControlRig_HalfCircle_3mm.uexp" 612
"../../../Engine/Plugins/Experimental/Water/Content/Icons/WaterErrorSprite.ubulk" 613
"../../../Engine/Plugins/Experimental/Water/Content/Icons/WaterErrorSprite.uasset" 614
"../../../Engine/Plugins/Experimental/Water/Content/Icons/WaterErrorSprite.uexp" 615
"../../../Engine/Plugins/Experimental/Water/Content/Icons/WaterLandscapeBrushSprite.ubulk" 616
"../../../Engine/Plugins/Experimental/Water/Content/Icons/WaterLandscapeBrushSprite.uasset" 617
"../../../Engine/Plugins/Experimental/Water/Content/Icons/WaterLandscapeBrushSprite.uexp" 618
"../../../Engine/Content/EditorResources/S_Actor.ubulk" 619
"../../../Engine/Content/EditorResources/S_Actor.uasset" 620
"../../../Engine/Content/EditorResources/S_Actor.uexp" 621
"../../../Engine/Plugins/Experimental/Water/Content/Icons/WaterSprite.uasset" 622
"../../../Engine/Plugins/Experimental/Water/Content/Icons/WaterSprite.uexp" 623
"../../../Engine/Plugins/Animation/ControlRig/Content/Controls/ControlRig_HalfCircle_solid.ubulk" 624
"../../../Engine/Plugins/Animation/ControlRig/Content/Controls/ControlRig_HalfCircle_solid.uasset" 625
"../../../Engine/Plugins/Animation/ControlRig/Content/Controls/ControlRig_HalfCircle_solid.uexp" 626
"../../../Engine/Content/EngineMaterials/FastBlueNoise_scalar_128x128x64.uasset" 627
"../../../Engine/Content/EngineMaterials/FastBlueNoise_scalar_128x128x64.uexp" 628
"../../../Engine/Plugins/Experimental/Water/Content/Icons/WaterZoneActorSprite.ubulk" 629
"../../../Engine/Plugins/Experimental/Water/Content/Icons/WaterZoneActorSprite.uasset" 630
"../../../Engine/Plugins/Experimental/Water/Content/Icons/WaterZoneActorSprite.uexp" 631
"../../../Engine/Plugins/Animation/ControlRig/Content/Controls/ControlRig_Hexagon_1mm.ubulk" 632
"../../../Engine/Plugins/Animation/ControlRig/Content/Controls/ControlRig_Hexagon_1mm.uasset" 633
"../../../Engine/Plugins/Animation/ControlRig/Content/Controls/ControlRig_Hexagon_1mm.uexp" 634
"../../../Engine/Content/EngineMaterials/FastBlueNoise_scalar_128x128x8.uasset" 635
"../../../Engine/Content/EngineMaterials/FastBlueNoise_scalar_128x128x8.uexp" 636
"../../../Engine/Plugins/Animation/ControlRig/Content/Controls/ControlRig_Hexagon_3mm.ubulk" 637
"../../../Engine/Plugins/Animation/ControlRig/Content/Controls/ControlRig_Hexagon_3mm.uasset" 638
"../../../Engine/Plugins/Animation/ControlRig/Content/Controls/ControlRig_Hexagon_3mm.uexp" 639
"../../../Engine/Plugins/Experimental/Water/Content/Meshes/LakeMesh.ubulk" 640
"../../../Engine/Plugins/Experimental/Water/Content/Meshes/LakeMesh.uasset" 641
"../../../Engine/Plugins/Experimental/Water/Content/Meshes/LakeMesh.uexp" 642
"../../../Engine/Content/EngineMaterials/FastBlueNoise_vec2_128x128x64.uasset" 643
"../../../Engine/Content/EngineMaterials/FastBlueNoise_vec2_128x128x64.uexp" 644
"../../../Engine/Plugins/Animation/ControlRig/Content/Controls/ControlRig_Hexagon_solid.ubulk" 645
"../../../Engine/Plugins/Animation/ControlRig/Content/Controls/ControlRig_Hexagon_solid.uasset" 646
"../../../Engine/Plugins/Animation/ControlRig/Content/Controls/ControlRig_Hexagon_solid.uexp" 647
"../../../Engine/Content/EngineMaterials/BaseFlattenDiffuseMap.uasset" 648
"../../../Engine/Content/EngineMaterials/BaseFlattenDiffuseMap.uexp" 649
"../../../Engine/Content/EngineMaterials/BaseFlattenEmissiveMap.uasset" 650
"../../../Engine/Content/EngineMaterials/BaseFlattenEmissiveMap.uexp" 651
"../../../Engine/Content/EngineMaterials/BaseFlattenGrayscaleMap.uasset" 652
"../../../Engine/Content/EngineMaterials/BaseFlattenGrayscaleMap.uexp" 653
"../../../Engine/Content/EngineMaterials/BaseFlattenLinearColor.uasset" 654
"../../../Engine/Content/EngineMaterials/BaseFlattenLinearColor.uexp" 655
"../../../Engine/Content/EngineMaterials/BaseFlattenNormalMap.uasset" 656
"../../../Engine/Content/EngineMaterials/BaseFlattenNormalMap.uexp" 657
"../../../Engine/Content/Functions/Engine_MaterialFunctions02/PivotPainter2/Black_1x1_EXR_Texture.uasset" 658
"../../../Engine/Content/Functions/Engine_MaterialFunctions02/PivotPainter2/Black_1x1_EXR_Texture.uexp" 659
"../../../Engine/Content/EngineMaterials/FlattenMaterial.uasset" 660
"../../../Engine/Content/EngineMaterials/FlattenMaterial.uexp" 661
"../../../Engine/Content/EngineMaterials/BaseFlattenDiffuseMap_VT.ubulk" 662
"../../../Engine/Content/EngineMaterials/BaseFlattenDiffuseMap_VT.uasset" 663
"../../../Engine/Content/EngineMaterials/BaseFlattenDiffuseMap_VT.uexp" 664
"../../../Engine/Content/EngineMaterials/BaseFlattenEmissiveMap_VT.ubulk" 665
"../../../Engine/Content/EngineMaterials/BaseFlattenEmissiveMap_VT.uasset" 666
"../../../Engine/Content/EngineMaterials/BaseFlattenEmissiveMap_VT.uexp" 667
"../../../Engine/Content/EngineMaterials/BaseFlattenGrayscaleMap_VT.ubulk" 668
"../../../Engine/Content/EngineMaterials/BaseFlattenGrayscaleMap_VT.uasset" 669
"../../../Engine/Content/EngineMaterials/BaseFlattenGrayscaleMap_VT.uexp" 670
"../../../Engine/Content/EngineMaterials/BaseFlattenLinearColor_VT.ubulk" 671
"../../../Engine/Content/EngineMaterials/BaseFlattenLinearColor_VT.uasset" 672
"../../../Engine/Content/EngineMaterials/BaseFlattenLinearColor_VT.uexp" 673
"../../../Engine/Content/EngineMaterials/BaseFlattenNormalMap_VT.ubulk" 674
"../../../Engine/Content/EngineMaterials/BaseFlattenNormalMap_VT.uasset" 675
"../../../Engine/Content/EngineMaterials/BaseFlattenNormalMap_VT.uexp" 676
"../../../Engine/Content/EngineMaterials/Black_1x1_EXR_Texture_VT.ubulk" 677
"../../../Engine/Content/EngineMaterials/Black_1x1_EXR_Texture_VT.uasset" 678
"../../../Engine/Content/EngineMaterials/Black_1x1_EXR_Texture_VT.uexp" 679
"../../../Engine/Content/EngineMaterials/FlattenMaterial_VT.uasset" 680
"../../../Engine/Content/EngineMaterials/FlattenMaterial_VT.uexp" 681
"../../../Engine/Plugins/Experimental/Water/Content/Meshes/RiverMesh.ubulk" 682
"../../../Engine/Plugins/Experimental/Water/Content/Meshes/RiverMesh.uasset" 683
"../../../Engine/Plugins/Experimental/Water/Content/Meshes/RiverMesh.uexp" 684
"../../../Engine/Content/EngineMaterials/FlattenMaterial_WS_Normal_VT.uasset" 685
"../../../Engine/Content/EngineMaterials/FlattenMaterial_WS_Normal_VT.uexp" 686
"../../../Engine/Plugins/Animation/ControlRig/Content/Controls/ControlRig_Octagon_1mm.ubulk" 687
"../../../Engine/Plugins/Animation/ControlRig/Content/Controls/ControlRig_Octagon_1mm.uasset" 688
"../../../Engine/Plugins/Animation/ControlRig/Content/Controls/ControlRig_Octagon_1mm.uexp" 689
"../../../Engine/Content/EngineMaterials/GizmoMaterial.uasset" 690
"../../../Engine/Content/EngineMaterials/GizmoMaterial.uexp" 691
"../../../Engine/Plugins/Animation/ControlRig/Content/Controls/ControlRig_Octagon_3mm.ubulk" 692
"../../../Engine/Plugins/Animation/ControlRig/Content/Controls/ControlRig_Octagon_3mm.uasset" 693
"../../../Engine/Plugins/Animation/ControlRig/Content/Controls/ControlRig_Octagon_3mm.uexp" 694
"../../../Engine/Plugins/Animation/ControlRig/Content/Controls/ControlRig_Octagon_solid.ubulk" 695
"../../../Engine/Plugins/Animation/ControlRig/Content/Controls/ControlRig_Octagon_solid.uasset" 696
"../../../Engine/Plugins/Animation/ControlRig/Content/Controls/ControlRig_Octagon_solid.uexp" 697
"../../../Engine/Plugins/Interchange/Assets/Content/Functions/MX_AbsorptionVDF.uasset" 698
"../../../Engine/Plugins/Interchange/Assets/Content/Functions/MX_AbsorptionVDF.uexp" 699
"../../../Engine/Content/EngineResources/FilmGrains/Marcie_Grain_v3_128_M2_000.uasset" 700
"../../../Engine/Content/EngineResources/FilmGrains/Marcie_Grain_v3_128_M2_000.uexp" 701
"../../../Engine/Plugins/Animation/ControlRig/Content/Controls/ControlRig_Pyramid_1mm.ubulk" 702
"../../../Engine/Plugins/Animation/ControlRig/Content/Controls/ControlRig_Pyramid_1mm.uasset" 703
"../../../Engine/Plugins/Animation/ControlRig/Content/Controls/ControlRig_Pyramid_1mm.uexp" 704
"../../../Engine/Plugins/Animation/ControlRig/Content/Controls/ControlRig_Pyramid_3mm.ubulk" 705
"../../../Engine/Plugins/Animation/ControlRig/Content/Controls/ControlRig_Pyramid_3mm.uasset" 706
"../../../Engine/Plugins/Animation/ControlRig/Content/Controls/ControlRig_Pyramid_3mm.uexp" 707
"../../../Engine/Plugins/Interchange/Assets/Content/Functions/MX_AnisotropicVDF.uasset" 708
"../../../Engine/Plugins/Interchange/Assets/Content/Functions/MX_AnisotropicVDF.uexp" 709
"../../../Engine/Plugins/Animation/ControlRig/Content/Controls/ControlRig_Pyramid_solid.ubulk" 710
"../../../Engine/Plugins/Animation/ControlRig/Content/Controls/ControlRig_Pyramid_solid.uasset" 711
"../../../Engine/Plugins/Animation/ControlRig/Content/Controls/ControlRig_Pyramid_solid.uexp" 712
"../../../Engine/Content/Functions/Engine_MaterialFunctions02/Utility/BreakOutFloat4Components.uasset" 713
"../../../Engine/Content/Functions/Engine_MaterialFunctions02/Utility/BreakOutFloat4Components.uexp" 714
"../../../Engine/Content/Functions/Engine_MaterialFunctions02/Utility/MakeFloat4.uasset" 715
"../../../Engine/Content/Functions/Engine_MaterialFunctions02/Utility/MakeFloat4.uexp" 716
"../../../Engine/Content/EngineResources/DefaultVolumeTexture2D.uasset" 717
"../../../Engine/Content/EngineResources/DefaultVolumeTexture2D.uexp" 718
"../../../Engine/Content/EngineResources/DefaultVolumeTexture.uasset" 719
"../../../Engine/Content/EngineResources/DefaultVolumeTexture.uexp" 720
"../../../Engine/Content/EngineSky/VolumetricClouds/VT_Lightning.uasset" 721
"../../../Engine/Content/EngineSky/VolumetricClouds/VT_Lightning.uexp" 722
"../../../Engine/Content/Functions/Engine_MaterialFunctions01/Units/Km-to-Cm.uasset" 723
"../../../Engine/Content/Functions/Engine_MaterialFunctions01/Units/Km-to-Cm.uexp" 724
"../../../Engine/Content/EngineSky/VolumetricClouds/m_SimpleVolumetricCloud.uasset" 725
"../../../Engine/Content/EngineSky/VolumetricClouds/m_SimpleVolumetricCloud.uexp" 726
"../../../Engine/Content/EngineSky/VolumetricClouds/T_CloudMask.ubulk" 727
"../../../Engine/Content/EngineSky/VolumetricClouds/T_CloudMask.uasset" 728
"../../../Engine/Content/EngineSky/VolumetricClouds/T_CloudMask.uexp" 729
"../../../Engine/Content/EngineSky/VolumetricClouds/T_CloudPattern.ubulk" 730
"../../../Engine/Content/EngineSky/VolumetricClouds/T_CloudPattern.uasset" 731
"../../../Engine/Content/EngineSky/VolumetricClouds/T_CloudPattern.uexp" 732
"../../../Engine/Content/EngineSky/VolumetricClouds/T_Profile_08.ubulk" 733
"../../../Engine/Content/EngineSky/VolumetricClouds/T_Profile_08.uasset" 734
"../../../Engine/Content/EngineSky/VolumetricClouds/T_Profile_08.uexp" 735
"../../../Engine/Content/EngineSky/VolumetricClouds/VT_PerlinWorley_Balanced.uasset" 736
"../../../Engine/Content/EngineSky/VolumetricClouds/VT_PerlinWorley_Balanced.uexp" 737
"../../../Engine/Content/EngineSky/VolumetricClouds/m_SimpleVolumetricCloud_Inst.uasset" 738
"../../../Engine/Content/EngineSky/VolumetricClouds/m_SimpleVolumetricCloud_Inst.uexp" 739
"../../../Engine/Content/EditorResources/SequenceRecorder/Countdown.uasset" 740
"../../../Engine/Content/EditorResources/SequenceRecorder/Countdown.uexp" 741
"../../../Engine/Content/EditorResources/SequenceRecorder/RecordingIndicator.uasset" 742
"../../../Engine/Content/EditorResources/SequenceRecorder/RecordingIndicator.uexp" 743
"../../../Engine/Plugins/Runtime/HairStrands/Content/Materials/HairCardsDefaultMaterial.uasset" 744
"../../../Engine/Plugins/Runtime/HairStrands/Content/Materials/HairCardsDefaultMaterial.uexp" 745
"../../../Engine/Content/Functions/Engine_MaterialFunctions02/Utility/MakeFloat2.uasset" 746
"../../../Engine/Content/Functions/Engine_MaterialFunctions02/Utility/MakeFloat2.uexp" 747
"../../../Engine/Content/EngineMaterials/HairColorMap.uasset" 748
"../../../Engine/Content/EngineMaterials/HairColorMap.uexp" 749
"../../../Engine/Content/EngineMaterials/HairDebugColor.uasset" 750
"../../../Engine/Content/EngineMaterials/HairDebugColor.uexp" 751
"../../../Engine/Plugins/Runtime/HairStrands/Content/Materials/HairGroupColors.uasset" 752
"../../../Engine/Plugins/Runtime/HairStrands/Content/Materials/HairGroupColors.uexp" 753
"../../../Engine/Plugins/Runtime/HairStrands/Content/Materials/HairDebugMaterial.uasset" 754
"../../../Engine/Plugins/Runtime/HairStrands/Content/Materials/HairDebugMaterial.uexp" 755
"../../../Engine/Plugins/Runtime/HairStrands/Content/Materials/HairDefaultMaterial.uasset" 756
"../../../Engine/Plugins/Runtime/HairStrands/Content/Materials/HairDefaultMaterial.uexp" 757
"../../../Engine/Plugins/Runtime/HairStrands/Content/Materials/HairMeshesDefaultMaterial.uasset" 758
"../../../Engine/Plugins/Runtime/HairStrands/Content/Materials/HairMeshesDefaultMaterial.uexp" 759
"../../../Engine/Content/ArtTools/RenderToTexture/Textures/127grey.uasset" 760
"../../../Engine/Content/ArtTools/RenderToTexture/Textures/127grey.uexp" 761
"C:/Users/mikel/Downloads/Paranoia/Content/Eric_Bp/Mats/M_Brush.uasset" 762
"C:/Users/mikel/Downloads/Paranoia/Content/Eric_Bp/Mats/M_Brush.uexp" 763
"C:/Users/mikel/Downloads/Paranoia/Content/Eric_Bp/Mats/M_Unwrap.uasset" 764
"C:/Users/mikel/Downloads/Paranoia/Content/Eric_Bp/Mats/M_Unwrap.uexp" 765
"C:/Users/mikel/Downloads/Paranoia/Content/Eric_Bp/A_Target.uasset" 766
"C:/Users/mikel/Downloads/Paranoia/Content/Eric_Bp/A_Target.uexp" 767
"C:/Users/mikel/Downloads/Paranoia/Content/Eric_Bp/Bpi_Interact.uasset" 768
"C:/Users/mikel/Downloads/Paranoia/Content/Eric_Bp/Bpi_Interact.uexp" 769
"C:/Users/mikel/Downloads/Paranoia/Content/Eric_Bp/Inventory/Fslotstuck.uasset" 770
"C:/Users/mikel/Downloads/Paranoia/Content/Eric_Bp/Inventory/Fslotstuck.uexp" 771
"C:/Users/mikel/Downloads/Paranoia/Content/Eric_Bp/Inventory/InventorySystem.uasset" 772
"C:/Users/mikel/Downloads/Paranoia/Content/Eric_Bp/Inventory/InventorySystem.uexp" 773
"C:/Users/mikel/Downloads/Paranoia/Content/Blueprints/Character/Inputs/IA_ControllerCamera.uasset" 774
"C:/Users/mikel/Downloads/Paranoia/Content/Blueprints/Character/Inputs/IA_ControllerCamera.uexp" 775
"C:/Users/mikel/Downloads/Paranoia/Content/Blueprints/Character/Inputs/IA_Jump.uasset" 776
"C:/Users/mikel/Downloads/Paranoia/Content/Blueprints/Character/Inputs/IA_Jump.uexp" 777
"C:/Users/mikel/Downloads/Paranoia/Content/Blueprints/Character/Inputs/IA_MouseCamera.uasset" 778
"C:/Users/mikel/Downloads/Paranoia/Content/Blueprints/Character/Inputs/IA_MouseCamera.uexp" 779
"C:/Users/mikel/Downloads/Paranoia/Content/Blueprints/Character/Inputs/IA_Move.uasset" 780
"C:/Users/mikel/Downloads/Paranoia/Content/Blueprints/Character/Inputs/IA_Move.uexp" 781
"C:/Users/mikel/Downloads/Paranoia/Content/Blueprints/Character/Inputs/IA_PauseMenu.uasset" 782
"C:/Users/mikel/Downloads/Paranoia/Content/Blueprints/Character/Inputs/IA_PauseMenu.uexp" 783
"C:/Users/mikel/Downloads/Paranoia/Content/Blueprints/Character/Inputs/IA_Sprint.uasset" 784
"C:/Users/mikel/Downloads/Paranoia/Content/Blueprints/Character/Inputs/IA_Sprint.uexp" 785
"C:/Users/mikel/Downloads/Paranoia/Content/Blueprints/Character/Inputs/Ia_Wash.uasset" 786
"C:/Users/mikel/Downloads/Paranoia/Content/Blueprints/Character/Inputs/Ia_Wash.uexp" 787
"C:/Users/mikel/Downloads/Paranoia/Content/Blueprints/Character/UI/UI_WidgetSwitcherTab.uasset" 788
"C:/Users/mikel/Downloads/Paranoia/Content/Blueprints/Character/UI/UI_WidgetSwitcherTab.uexp" 789
"C:/Users/mikel/Downloads/Paranoia/Content/Blueprints/Character/UI/UI_PauseMenu.uasset" 790
"C:/Users/mikel/Downloads/Paranoia/Content/Blueprints/Character/UI/UI_PauseMenu.uexp" 791
"C:/Users/mikel/Downloads/Paranoia/Content/Blueprints/Character/Inputs/IA_Crouch.uasset" 792
"C:/Users/mikel/Downloads/Paranoia/Content/Blueprints/Character/Inputs/IA_Crouch.uexp" 793
"C:/Users/mikel/Downloads/Paranoia/Content/Blueprints/Character/Inputs/Interact.uasset" 794
"C:/Users/mikel/Downloads/Paranoia/Content/Blueprints/Character/Inputs/Interact.uexp" 795
"C:/Users/mikel/Downloads/Paranoia/Content/Blueprints/Character/Inputs/IMC_PowerWash.uasset" 796
"C:/Users/mikel/Downloads/Paranoia/Content/Blueprints/Character/Inputs/IMC_PowerWash.uexp" 797
"C:/Users/mikel/Downloads/Paranoia/Content/Blueprints/Character/UI/ProgressGreen.uasset" 798
"C:/Users/mikel/Downloads/Paranoia/Content/Blueprints/Character/UI/ProgressGreen.uexp" 799
"C:/Users/mikel/Downloads/Paranoia/Content/Blueprints/Character/UI/ProgressTrash.uasset" 800
"C:/Users/mikel/Downloads/Paranoia/Content/Blueprints/Character/UI/ProgressTrash.uexp" 801
"C:/Users/mikel/Downloads/Paranoia/Content/Blueprints/Character/UI/ProgressTotal.uasset" 802
"C:/Users/mikel/Downloads/Paranoia/Content/Blueprints/Character/UI/ProgressTotal.uexp" 803
"C:/Users/mikel/Downloads/Paranoia/Content/Assets/SFX_and_Audio/Footsteps/Concrete.ubulk" 804
"C:/Users/mikel/Downloads/Paranoia/Content/Assets/SFX_and_Audio/Footsteps/Concrete.uasset" 805
"C:/Users/mikel/Downloads/Paranoia/Content/Assets/SFX_and_Audio/Footsteps/Concrete.uexp" 806
"C:/Users/mikel/Downloads/Paranoia/Content/Assets/SFX_and_Audio/Interactions/Dumpster_Sound.ubulk" 807
"C:/Users/mikel/Downloads/Paranoia/Content/Assets/SFX_and_Audio/Interactions/Dumpster_Sound.uasset" 808
"C:/Users/mikel/Downloads/Paranoia/Content/Assets/SFX_and_Audio/Interactions/Dumpster_Sound.uexp" 809
"C:/Users/mikel/Downloads/Paranoia/Content/Assets/SFX_and_Audio/Interactions/TrashSound.ubulk" 810
"C:/Users/mikel/Downloads/Paranoia/Content/Assets/SFX_and_Audio/Interactions/TrashSound.uasset" 811
"C:/Users/mikel/Downloads/Paranoia/Content/Assets/SFX_and_Audio/Interactions/TrashSound.uexp" 812
"C:/Users/mikel/Downloads/Paranoia/Content/Assets/SFX_and_Audio/Footsteps/Carpet/Carpet1.ubulk" 813
"C:/Users/mikel/Downloads/Paranoia/Content/Assets/SFX_and_Audio/Footsteps/Carpet/Carpet1.uasset" 814
"C:/Users/mikel/Downloads/Paranoia/Content/Assets/SFX_and_Audio/Footsteps/Carpet/Carpet1.uexp" 815
"C:/Users/mikel/Downloads/Paranoia/Content/Assets/SFX_and_Audio/Footsteps/Carpet/Carpet2.ubulk" 816
"C:/Users/mikel/Downloads/Paranoia/Content/Assets/SFX_and_Audio/Footsteps/Carpet/Carpet2.uasset" 817
"C:/Users/mikel/Downloads/Paranoia/Content/Assets/SFX_and_Audio/Footsteps/Carpet/Carpet2.uexp" 818
"C:/Users/mikel/Downloads/Paranoia/Content/Assets/SFX_and_Audio/Footsteps/Carpet/Carpet3.ubulk" 819
"C:/Users/mikel/Downloads/Paranoia/Content/Assets/SFX_and_Audio/Footsteps/Carpet/Carpet3.uasset" 820
"C:/Users/mikel/Downloads/Paranoia/Content/Assets/SFX_and_Audio/Footsteps/Carpet/Carpet3.uexp" 821
"C:/Users/mikel/Downloads/Paranoia/Content/Assets/SFX_and_Audio/Footsteps/Carpet/Carpet_Cue.uasset" 822
"C:/Users/mikel/Downloads/Paranoia/Content/Assets/SFX_and_Audio/Footsteps/Carpet/Carpet_Cue.uexp" 823
"C:/Users/mikel/Downloads/Paranoia/Content/Assets/SFX_and_Audio/Footsteps/Dirt/Dirt1.ubulk" 824
"C:/Users/mikel/Downloads/Paranoia/Content/Assets/SFX_and_Audio/Footsteps/Dirt/Dirt1.uasset" 825
"C:/Users/mikel/Downloads/Paranoia/Content/Assets/SFX_and_Audio/Footsteps/Dirt/Dirt1.uexp" 826
"C:/Users/mikel/Downloads/Paranoia/Content/Assets/SFX_and_Audio/Footsteps/Dirt/Dirt2.ubulk" 827
"C:/Users/mikel/Downloads/Paranoia/Content/Assets/SFX_and_Audio/Footsteps/Dirt/Dirt2.uasset" 828
"C:/Users/mikel/Downloads/Paranoia/Content/Assets/SFX_and_Audio/Footsteps/Dirt/Dirt2.uexp" 829
"C:/Users/mikel/Downloads/Paranoia/Content/Assets/SFX_and_Audio/Footsteps/Dirt/Dirt3.ubulk" 830
"C:/Users/mikel/Downloads/Paranoia/Content/Assets/SFX_and_Audio/Footsteps/Dirt/Dirt3.uasset" 831
"C:/Users/mikel/Downloads/Paranoia/Content/Assets/SFX_and_Audio/Footsteps/Dirt/Dirt3.uexp" 832
"C:/Users/mikel/Downloads/Paranoia/Content/Assets/SFX_and_Audio/Footsteps/Dirt/Dirt4.ubulk" 833
"C:/Users/mikel/Downloads/Paranoia/Content/Assets/SFX_and_Audio/Footsteps/Dirt/Dirt4.uasset" 834
"C:/Users/mikel/Downloads/Paranoia/Content/Assets/SFX_and_Audio/Footsteps/Dirt/Dirt4.uexp" 835
"C:/Users/mikel/Downloads/Paranoia/Content/Assets/SFX_and_Audio/Footsteps/Dirt/Dirt5.ubulk" 836
"C:/Users/mikel/Downloads/Paranoia/Content/Assets/SFX_and_Audio/Footsteps/Dirt/Dirt5.uasset" 837
"C:/Users/mikel/Downloads/Paranoia/Content/Assets/SFX_and_Audio/Footsteps/Dirt/Dirt5.uexp" 838
"C:/Users/mikel/Downloads/Paranoia/Content/Assets/SFX_and_Audio/Footsteps/Dirt/Dirt6.ubulk" 839
"C:/Users/mikel/Downloads/Paranoia/Content/Assets/SFX_and_Audio/Footsteps/Dirt/Dirt6.uasset" 840
"C:/Users/mikel/Downloads/Paranoia/Content/Assets/SFX_and_Audio/Footsteps/Dirt/Dirt6.uexp" 841
"C:/Users/mikel/Downloads/Paranoia/Content/Assets/SFX_and_Audio/Footsteps/Dirt/Dirt_Cue.uasset" 842
"C:/Users/mikel/Downloads/Paranoia/Content/Assets/SFX_and_Audio/Footsteps/Dirt/Dirt_Cue.uexp" 843
"C:/Users/mikel/Downloads/Paranoia/Content/Assets/SFX_and_Audio/Footsteps/Grass/grass1.ubulk" 844
"C:/Users/mikel/Downloads/Paranoia/Content/Assets/SFX_and_Audio/Footsteps/Grass/grass1.uasset" 845
"C:/Users/mikel/Downloads/Paranoia/Content/Assets/SFX_and_Audio/Footsteps/Grass/grass1.uexp" 846
"C:/Users/mikel/Downloads/Paranoia/Content/Assets/SFX_and_Audio/Footsteps/Grass/grass2.ubulk" 847
"C:/Users/mikel/Downloads/Paranoia/Content/Assets/SFX_and_Audio/Footsteps/Grass/grass2.uasset" 848
"C:/Users/mikel/Downloads/Paranoia/Content/Assets/SFX_and_Audio/Footsteps/Grass/grass2.uexp" 849
"C:/Users/mikel/Downloads/Paranoia/Content/Assets/SFX_and_Audio/Footsteps/Grass/grass3.ubulk" 850
"C:/Users/mikel/Downloads/Paranoia/Content/Assets/SFX_and_Audio/Footsteps/Grass/grass3.uasset" 851
"C:/Users/mikel/Downloads/Paranoia/Content/Assets/SFX_and_Audio/Footsteps/Grass/grass3.uexp" 852
"C:/Users/mikel/Downloads/Paranoia/Content/Assets/SFX_and_Audio/Footsteps/Grass/Grass_Cue.uasset" 853
"C:/Users/mikel/Downloads/Paranoia/Content/Assets/SFX_and_Audio/Footsteps/Grass/Grass_Cue.uexp" 854
"C:/Users/mikel/Downloads/Paranoia/Content/Assets/SFX_and_Audio/Footsteps/Wood/Wood1.ubulk" 855
"C:/Users/mikel/Downloads/Paranoia/Content/Assets/SFX_and_Audio/Footsteps/Wood/Wood1.uasset" 856
"C:/Users/mikel/Downloads/Paranoia/Content/Assets/SFX_and_Audio/Footsteps/Wood/Wood1.uexp" 857
"C:/Users/mikel/Downloads/Paranoia/Content/Assets/SFX_and_Audio/Footsteps/Wood/Wood2.ubulk" 858
"C:/Users/mikel/Downloads/Paranoia/Content/Assets/SFX_and_Audio/Footsteps/Wood/Wood2.uasset" 859
"C:/Users/mikel/Downloads/Paranoia/Content/Assets/SFX_and_Audio/Footsteps/Wood/Wood2.uexp" 860
"C:/Users/mikel/Downloads/Paranoia/Content/Assets/SFX_and_Audio/Footsteps/Wood/Wood3.ubulk" 861
"C:/Users/mikel/Downloads/Paranoia/Content/Assets/SFX_and_Audio/Footsteps/Wood/Wood3.uasset" 862
"C:/Users/mikel/Downloads/Paranoia/Content/Assets/SFX_and_Audio/Footsteps/Wood/Wood3.uexp" 863
"C:/Users/mikel/Downloads/Paranoia/Content/Assets/SFX_and_Audio/Footsteps/Wood/Wood4.ubulk" 864
"C:/Users/mikel/Downloads/Paranoia/Content/Assets/SFX_and_Audio/Footsteps/Wood/Wood4.uasset" 865
"C:/Users/mikel/Downloads/Paranoia/Content/Assets/SFX_and_Audio/Footsteps/Wood/Wood4.uexp" 866
"C:/Users/mikel/Downloads/Paranoia/Content/Assets/SFX_and_Audio/Footsteps/Wood/Wood5.ubulk" 867
"C:/Users/mikel/Downloads/Paranoia/Content/Assets/SFX_and_Audio/Footsteps/Wood/Wood5.uasset" 868
"C:/Users/mikel/Downloads/Paranoia/Content/Assets/SFX_and_Audio/Footsteps/Wood/Wood5.uexp" 869
"C:/Users/mikel/Downloads/Paranoia/Content/Assets/SFX_and_Audio/Footsteps/Wood/Wood6.ubulk" 870
"C:/Users/mikel/Downloads/Paranoia/Content/Assets/SFX_and_Audio/Footsteps/Wood/Wood6.uasset" 871
"C:/Users/mikel/Downloads/Paranoia/Content/Assets/SFX_and_Audio/Footsteps/Wood/Wood6.uexp" 872
"C:/Users/mikel/Downloads/Paranoia/Content/Assets/SFX_and_Audio/Footsteps/Wood/Wood_Cue.uasset" 873
"C:/Users/mikel/Downloads/Paranoia/Content/Assets/SFX_and_Audio/Footsteps/Wood/Wood_Cue.uexp" 874
"C:/Users/mikel/Downloads/Paranoia/Content/Blueprints/Character/BP_Character.uasset" 875
"C:/Users/mikel/Downloads/Paranoia/Content/Blueprints/Character/BP_Character.uexp" 876
"C:/Users/mikel/Downloads/Paranoia/Content/Blueprints/Character/Inputs/IA_CharacterMovement.uasset" 877
"C:/Users/mikel/Downloads/Paranoia/Content/Blueprints/Character/Inputs/IA_CharacterMovement.uexp" 878
"C:/Users/mikel/Downloads/Paranoia/Content/Blueprints/Character/UI/UI_SprintBar.uasset" 879
"C:/Users/mikel/Downloads/Paranoia/Content/Blueprints/Character/UI/UI_SprintBar.uexp" 880
"C:/Users/mikel/Downloads/Paranoia/Content/Blueprints/Character/BP_PlayerController.uasset" 881
"C:/Users/mikel/Downloads/Paranoia/Content/Blueprints/Character/BP_PlayerController.uexp" 882
"C:/Users/mikel/Downloads/Paranoia/Content/Blueprints/BP_GameMode.uasset" 883
"C:/Users/mikel/Downloads/Paranoia/Content/Blueprints/BP_GameMode.uexp" 884
"../../../Engine/Plugins/Runtime/AudioWidgets/Content/Resources/ScrubHandleDown_Clamped.uasset" 885
"../../../Engine/Plugins/Runtime/AudioWidgets/Content/Resources/ScrubHandleDown_Clamped.uexp" 886
"../../../Engine/Content/EngineMaterials/EnergyConservation/Diffuse_Energy.uasset" 887
"../../../Engine/Content/EngineMaterials/EnergyConservation/Diffuse_Energy.uexp" 888
"../../../Engine/Content/EngineMaterials/EnergyConservation/GGX_ReflectionEnergy.uasset" 889
"../../../Engine/Content/EngineMaterials/EnergyConservation/GGX_ReflectionEnergy.uexp" 890
"C:/Users/mikel/Downloads/Paranoia/Content/Serv_Work/Trash_Pile/Trash_Pile_Trash_BaseColor.ubulk" 891
"C:/Users/mikel/Downloads/Paranoia/Content/Serv_Work/Trash_Pile/Trash_Pile_Trash_BaseColor.uasset" 892
"C:/Users/mikel/Downloads/Paranoia/Content/Serv_Work/Trash_Pile/Trash_Pile_Trash_BaseColor.uexp" 893
"C:/Users/mikel/Downloads/Paranoia/Content/Serv_Work/Trash_Pile/Trash_Pile_Trash_Emissive.ubulk" 894
"C:/Users/mikel/Downloads/Paranoia/Content/Serv_Work/Trash_Pile/Trash_Pile_Trash_Emissive.uasset" 895
"C:/Users/mikel/Downloads/Paranoia/Content/Serv_Work/Trash_Pile/Trash_Pile_Trash_Emissive.uexp" 896
"C:/Users/mikel/Downloads/Paranoia/Content/Serv_Work/Trash_Pile/Trash_Pile_Trash_Normal.ubulk" 897
"C:/Users/mikel/Downloads/Paranoia/Content/Serv_Work/Trash_Pile/Trash_Pile_Trash_Normal.uasset" 898
"C:/Users/mikel/Downloads/Paranoia/Content/Serv_Work/Trash_Pile/Trash_Pile_Trash_Normal.uexp" 899
"C:/Users/mikel/Downloads/Paranoia/Content/Serv_Work/Trash_Pile/Trash_Pile_Trash_OcclusionRoughnessMetallic.ubulk" 900
"C:/Users/mikel/Downloads/Paranoia/Content/Serv_Work/Trash_Pile/Trash_Pile_Trash_OcclusionRoughnessMetallic.uasset" 901
"C:/Users/mikel/Downloads/Paranoia/Content/Serv_Work/Trash_Pile/Trash_Pile_Trash_OcclusionRoughnessMetallic.uexp" 902
"C:/Users/mikel/Downloads/Paranoia/Content/Serv_Work/Trash_Pile/Trash_Pile_Mat.uasset" 903
"C:/Users/mikel/Downloads/Paranoia/Content/Serv_Work/Trash_Pile/Trash_Pile_Mat.uexp" 904
"C:/Users/mikel/Downloads/Paranoia/Content/Serv_Work/Trash_Pile/Trash_Pile.ubulk" 905
"C:/Users/mikel/Downloads/Paranoia/Content/Serv_Work/Trash_Pile/Trash_Pile.uasset" 906
"C:/Users/mikel/Downloads/Paranoia/Content/Serv_Work/Trash_Pile/Trash_Pile.uexp" 907
"C:/Users/mikel/Downloads/Paranoia/Content/Eric_Bp/ActualTrash.uasset" 908
"C:/Users/mikel/Downloads/Paranoia/Content/Eric_Bp/ActualTrash.uexp" 909
"../../../Engine/Content/EngineMaterials/EnergyConservation/GGX_TransmissionEnergyArray.uasset" 910
"../../../Engine/Content/EngineMaterials/EnergyConservation/GGX_TransmissionEnergyArray.uexp" 911
"../../../Engine/Content/EngineMaterials/EnergyConservation/SheenLegacy_Energy.uasset" 912
"../../../Engine/Content/EngineMaterials/EnergyConservation/SheenLegacy_Energy.uexp" 913
"../../../Engine/Content/EngineMaterials/EnergyConservation/Sheen_Energy.uasset" 914
"../../../Engine/Content/EngineMaterials/EnergyConservation/Sheen_Energy.uexp" 915
"../../../Engine/Content/EngineMaterials/LTC/GGX_LTCAmp.uasset" 916
"../../../Engine/Content/EngineMaterials/LTC/GGX_LTCAmp.uexp" 917
"../../../Engine/Content/EngineMaterials/LTC/GGX_LTCMat.uasset" 918
"../../../Engine/Content/EngineMaterials/LTC/GGX_LTCMat.uexp" 919
"../../../Engine/Content/EngineMaterials/LTC/Sheen_LTC.uasset" 920
"../../../Engine/Content/EngineMaterials/LTC/Sheen_LTC.uexp" 921
"C:/Users/mikel/Downloads/Paranoia/Content/Bryans-Models/Models/Mats/Doors_and_Stairs/Stairs_And_Doors_Stairs_and_Doors_Mat_BaseColor.ubulk" 922
"C:/Users/mikel/Downloads/Paranoia/Content/Bryans-Models/Models/Mats/Doors_and_Stairs/Stairs_And_Doors_Stairs_and_Doors_Mat_BaseColor.uasset" 923
"C:/Users/mikel/Downloads/Paranoia/Content/Bryans-Models/Models/Mats/Doors_and_Stairs/Stairs_And_Doors_Stairs_and_Doors_Mat_BaseColor.uexp" 924
"C:/Users/mikel/Downloads/Paranoia/Content/Bryans-Models/Models/Mats/Doors_and_Stairs/Stairs_And_Doors_Stairs_and_Doors_Mat_Normal.ubulk" 925
"C:/Users/mikel/Downloads/Paranoia/Content/Bryans-Models/Models/Mats/Doors_and_Stairs/Stairs_And_Doors_Stairs_and_Doors_Mat_Normal.uasset" 926
"C:/Users/mikel/Downloads/Paranoia/Content/Bryans-Models/Models/Mats/Doors_and_Stairs/Stairs_And_Doors_Stairs_and_Doors_Mat_Normal.uexp" 927
"C:/Users/mikel/Downloads/Paranoia/Content/Bryans-Models/Models/Mats/Doors_and_Stairs/Stairs_And_Doors_Stairs_and_Doors_Mat_OcclusionRoughnessMetallic.ubulk" 928
"C:/Users/mikel/Downloads/Paranoia/Content/Bryans-Models/Models/Mats/Doors_and_Stairs/Stairs_And_Doors_Stairs_and_Doors_Mat_OcclusionRoughnessMetallic.uasset" 929
"C:/Users/mikel/Downloads/Paranoia/Content/Bryans-Models/Models/Mats/Doors_and_Stairs/Stairs_And_Doors_Stairs_and_Doors_Mat_OcclusionRoughnessMetallic.uexp" 930
"C:/Users/mikel/Downloads/Paranoia/Content/Bryans-Models/Models/Mats/Doors_and_Stairs/Doors_and_Stairs_Mats.uasset" 931
"C:/Users/mikel/Downloads/Paranoia/Content/Bryans-Models/Models/Mats/Doors_and_Stairs/Doors_and_Stairs_Mats.uexp" 932
"C:/Users/mikel/Downloads/Paranoia/Content/Bryans-Models/Models/Doors/Interior_Door.ubulk" 933
"C:/Users/mikel/Downloads/Paranoia/Content/Bryans-Models/Models/Doors/Interior_Door.uasset" 934
"C:/Users/mikel/Downloads/Paranoia/Content/Bryans-Models/Models/Doors/Interior_Door.uexp" 935
"C:/Users/mikel/Downloads/Paranoia/Content/Eric_Bp/Bp_InsideDoor.uasset" 936
"C:/Users/mikel/Downloads/Paranoia/Content/Eric_Bp/Bp_InsideDoor.uexp" 937
"../../../Engine/Content/EngineResources/Development/ZenLogo_64.uasset" 938
"../../../Engine/Content/EngineResources/Development/ZenLogo_64.uexp" 939
"C:/Users/mikel/Downloads/Paranoia/Content/Eric_Bp/Bpi_Door.uasset" 940
"C:/Users/mikel/Downloads/Paranoia/Content/Eric_Bp/Bpi_Door.uexp" 941
"C:/Users/mikel/Downloads/Paranoia/Content/Bryans-Models/Models/Doors/Exterior_Door.ubulk" 942
"C:/Users/mikel/Downloads/Paranoia/Content/Bryans-Models/Models/Doors/Exterior_Door.uasset" 943
"C:/Users/mikel/Downloads/Paranoia/Content/Bryans-Models/Models/Doors/Exterior_Door.uexp" 944
"C:/Users/mikel/Downloads/Paranoia/Content/Assets/SFX_and_Audio/Interactions/DoorClose.ubulk" 945
"C:/Users/mikel/Downloads/Paranoia/Content/Assets/SFX_and_Audio/Interactions/DoorClose.uasset" 946
"C:/Users/mikel/Downloads/Paranoia/Content/Assets/SFX_and_Audio/Interactions/DoorClose.uexp" 947
"C:/Users/mikel/Downloads/Paranoia/Content/Assets/SFX_and_Audio/Interactions/DoorOpen.ubulk" 948
"C:/Users/mikel/Downloads/Paranoia/Content/Assets/SFX_and_Audio/Interactions/DoorOpen.uasset" 949
"C:/Users/mikel/Downloads/Paranoia/Content/Assets/SFX_and_Audio/Interactions/DoorOpen.uexp" 950
"C:/Users/mikel/Downloads/Paranoia/Content/Assets/SFX_and_Audio/Interactions/DoorLocked.ubulk" 951
"C:/Users/mikel/Downloads/Paranoia/Content/Assets/SFX_and_Audio/Interactions/DoorLocked.uasset" 952
"C:/Users/mikel/Downloads/Paranoia/Content/Assets/SFX_and_Audio/Interactions/DoorLocked.uexp" 953
"C:/Users/mikel/Downloads/Paranoia/Content/Eric_Bp/Bp_Door.uasset" 954
"C:/Users/mikel/Downloads/Paranoia/Content/Eric_Bp/Bp_Door.uexp" 955
"C:/Users/mikel/Downloads/Paranoia/Content/Serv_Work/Key/Key_Key1_BaseColor.ubulk" 956
"C:/Users/mikel/Downloads/Paranoia/Content/Serv_Work/Key/Key_Key1_BaseColor.uasset" 957
"C:/Users/mikel/Downloads/Paranoia/Content/Serv_Work/Key/Key_Key1_BaseColor.uexp" 958
"C:/Users/mikel/Downloads/Paranoia/Content/Serv_Work/Key/Key_Key1_Emissive.ubulk" 959
"C:/Users/mikel/Downloads/Paranoia/Content/Serv_Work/Key/Key_Key1_Emissive.uasset" 960
"C:/Users/mikel/Downloads/Paranoia/Content/Serv_Work/Key/Key_Key1_Emissive.uexp" 961
"C:/Users/mikel/Downloads/Paranoia/Content/Serv_Work/Key/Key_Key1_Normal.ubulk" 962
"C:/Users/mikel/Downloads/Paranoia/Content/Serv_Work/Key/Key_Key1_Normal.uasset" 963
"C:/Users/mikel/Downloads/Paranoia/Content/Serv_Work/Key/Key_Key1_Normal.uexp" 964
"C:/Users/mikel/Downloads/Paranoia/Content/Serv_Work/Key/Key_Key1_OcclusionRoughnessMetallic.ubulk" 965
"C:/Users/mikel/Downloads/Paranoia/Content/Serv_Work/Key/Key_Key1_OcclusionRoughnessMetallic.uasset" 966
"C:/Users/mikel/Downloads/Paranoia/Content/Serv_Work/Key/Key_Key1_OcclusionRoughnessMetallic.uexp" 967
"C:/Users/mikel/Downloads/Paranoia/Content/Serv_Work/Key/Key_Mat.uasset" 968
"C:/Users/mikel/Downloads/Paranoia/Content/Serv_Work/Key/Key_Mat.uexp" 969
"C:/Users/mikel/Downloads/Paranoia/Content/Serv_Work/Key/Key.ubulk" 970
"C:/Users/mikel/Downloads/Paranoia/Content/Serv_Work/Key/Key.uasset" 971
"C:/Users/mikel/Downloads/Paranoia/Content/Serv_Work/Key/Key.uexp" 972
"C:/Users/mikel/Downloads/Paranoia/Content/Assets/SFX_and_Audio/Interactions/Keys_Pick_Up.ubulk" 973
"C:/Users/mikel/Downloads/Paranoia/Content/Assets/SFX_and_Audio/Interactions/Keys_Pick_Up.uasset" 974
"C:/Users/mikel/Downloads/Paranoia/Content/Assets/SFX_and_Audio/Interactions/Keys_Pick_Up.uexp" 975
"C:/Users/mikel/Downloads/Paranoia/Content/Eric_Bp/BP_Key.uasset" 976
"C:/Users/mikel/Downloads/Paranoia/Content/Eric_Bp/BP_Key.uexp" 977
"C:/Users/mikel/Downloads/Paranoia/Content/NatesWork/Exterior/Dumpster/Textures/Dumpster_openPBR_shader1_BaseColor.ubulk" 978
"C:/Users/mikel/Downloads/Paranoia/Content/NatesWork/Exterior/Dumpster/Textures/Dumpster_openPBR_shader1_BaseColor.uasset" 979
"C:/Users/mikel/Downloads/Paranoia/Content/NatesWork/Exterior/Dumpster/Textures/Dumpster_openPBR_shader1_BaseColor.uexp" 980
"C:/Users/mikel/Downloads/Paranoia/Content/NatesWork/Exterior/Dumpster/Textures/Dumpster_openPBR_shader1_Height.ubulk" 981
"C:/Users/mikel/Downloads/Paranoia/Content/NatesWork/Exterior/Dumpster/Textures/Dumpster_openPBR_shader1_Height.uasset" 982
"C:/Users/mikel/Downloads/Paranoia/Content/NatesWork/Exterior/Dumpster/Textures/Dumpster_openPBR_shader1_Height.uexp" 983
"C:/Users/mikel/Downloads/Paranoia/Content/NatesWork/Exterior/Dumpster/Textures/Dumpster_openPBR_shader1_Metallic.ubulk" 984
"C:/Users/mikel/Downloads/Paranoia/Content/NatesWork/Exterior/Dumpster/Textures/Dumpster_openPBR_shader1_Metallic.uasset" 985
"C:/Users/mikel/Downloads/Paranoia/Content/NatesWork/Exterior/Dumpster/Textures/Dumpster_openPBR_shader1_Metallic.uexp" 986
"C:/Users/mikel/Downloads/Paranoia/Content/NatesWork/Exterior/Dumpster/Textures/Dumpster_openPBR_shader1_Normal.ubulk" 987
"C:/Users/mikel/Downloads/Paranoia/Content/NatesWork/Exterior/Dumpster/Textures/Dumpster_openPBR_shader1_Normal.uasset" 988
"C:/Users/mikel/Downloads/Paranoia/Content/NatesWork/Exterior/Dumpster/Textures/Dumpster_openPBR_shader1_Normal.uexp" 989
"C:/Users/mikel/Downloads/Paranoia/Content/NatesWork/Exterior/Dumpster/Textures/Dumpster_openPBR_shader1_Roughness.ubulk" 990
"C:/Users/mikel/Downloads/Paranoia/Content/NatesWork/Exterior/Dumpster/Textures/Dumpster_openPBR_shader1_Roughness.uasset" 991
"C:/Users/mikel/Downloads/Paranoia/Content/NatesWork/Exterior/Dumpster/Textures/Dumpster_openPBR_shader1_Roughness.uexp" 992
"C:/Users/mikel/Downloads/Paranoia/Content/NatesWork/Exterior/Dumpster/Material/DumpsterMAT.uasset" 993
"C:/Users/mikel/Downloads/Paranoia/Content/NatesWork/Exterior/Dumpster/Material/DumpsterMAT.uexp" 994
"C:/Users/mikel/Downloads/Paranoia/Content/NatesWork/Exterior/Dumpster/Dumpster.ubulk" 995
"C:/Users/mikel/Downloads/Paranoia/Content/NatesWork/Exterior/Dumpster/Dumpster.uasset" 996
"C:/Users/mikel/Downloads/Paranoia/Content/NatesWork/Exterior/Dumpster/Dumpster.uexp" 997
"C:/Users/mikel/Downloads/Paranoia/Content/Eric_Bp/Dump.uasset" 998
"C:/Users/mikel/Downloads/Paranoia/Content/Eric_Bp/Dump.uexp" 999
"../../../Engine/Content/EditorMaterials/ParticleSystems/PSysThumbnail_NoImage.ubulk" 1000
"../../../Engine/Content/EditorMaterials/ParticleSystems/PSysThumbnail_NoImage.uasset" 1001
"../../../Engine/Content/EditorMaterials/ParticleSystems/PSysThumbnail_NoImage.uexp" 1002
"../../../Engine/Content/EditorMaterials/ParticleSystems/PSysThumbnail_OOD.ubulk" 1003
"../../../Engine/Content/EditorMaterials/ParticleSystems/PSysThumbnail_OOD.uasset" 1004
"../../../Engine/Content/EditorMaterials/ParticleSystems/PSysThumbnail_OOD.uexp" 1005
"../../../Engine/Content/EditorMaterials/Camera/CineMat.uasset" 1006
"../../../Engine/Content/EditorMaterials/Camera/CineMat.uexp" 1007
"../../../Engine/Content/EditorMaterials/Camera/MI_CineMat_Rig.uasset" 1008
"../../../Engine/Content/EditorMaterials/Camera/MI_CineMat_Rig.uexp" 1009
"../../../Engine/Content/EditorMeshes/Camera/SM_CraneRig_Arm.ubulk" 1010
"../../../Engine/Content/EditorMeshes/Camera/SM_CraneRig_Arm.uasset" 1011
"../../../Engine/Content/EditorMeshes/Camera/SM_CraneRig_Arm.uexp" 1012
"../../../Engine/Content/EditorMeshes/Camera/SM_CraneRig_Base.ubulk" 1013
"../../../Engine/Content/EditorMeshes/Camera/SM_CraneRig_Base.uasset" 1014
"../../../Engine/Content/EditorMeshes/Camera/SM_CraneRig_Base.uexp" 1015
"../../../Engine/Content/EditorMeshes/Camera/SM_CraneRig_Body.ubulk" 1016
"../../../Engine/Content/EditorMeshes/Camera/SM_CraneRig_Body.uasset" 1017
"../../../Engine/Content/EditorMeshes/Camera/SM_CraneRig_Body.uexp" 1018
"../../../Engine/Content/EditorMeshes/Camera/SM_CraneRig_Mount.ubulk" 1019
"../../../Engine/Content/EditorMeshes/Camera/SM_CraneRig_Mount.uasset" 1020
"../../../Engine/Content/EditorMeshes/Camera/SM_CraneRig_Mount.uexp" 1021
"../../../Engine/Content/EditorMeshes/Camera/SM_RailRig_Mount.ubulk" 1022
"../../../Engine/Content/EditorMeshes/Camera/SM_RailRig_Mount.uasset" 1023
"../../../Engine/Content/EditorMeshes/Camera/SM_RailRig_Mount.uexp" 1024
"../../../Engine/Content/EditorMeshes/Camera/SM_RailRig_Track.ubulk" 1025
"../../../Engine/Content/EditorMeshes/Camera/SM_RailRig_Track.uasset" 1026
"../../../Engine/Content/EditorMeshes/Camera/SM_RailRig_Track.uexp" 1027
"../../../Engine/Content/EngineMaterials/BlendFunc_DefBase.uasset" 1028
"../../../Engine/Content/EngineMaterials/BlendFunc_DefBase.uexp" 1029
"../../../Engine/Content/EngineMaterials/BlendFunc_DefBlend.uasset" 1030
"../../../Engine/Content/EngineMaterials/BlendFunc_DefBlend.uexp" 1031
"../../../Engine/Content/Functions/Engine_MaterialFunctions03/Blends/Blend_Overlay.uasset" 1032
"../../../Engine/Content/Functions/Engine_MaterialFunctions03/Blends/Blend_Overlay.uexp" 1033
"../../../Engine/Content/Functions/Engine_MaterialFunctions01/Gradient/LinearGradient.uasset" 1034
"../../../Engine/Content/Functions/Engine_MaterialFunctions01/Gradient/LinearGradient.uexp" 1035
"../../../Engine/Content/Functions/Engine_MaterialFunctions01/ImageAdjustment/CheapContrast.uasset" 1036
"../../../Engine/Content/Functions/Engine_MaterialFunctions01/ImageAdjustment/CheapContrast.uexp" 1037
"../../../Engine/Content/OpenWorldTemplate/LandscapeMaterial/T_GridChecker_A.ubulk" 1038
"../../../Engine/Content/OpenWorldTemplate/LandscapeMaterial/T_GridChecker_A.uasset" 1039
"../../../Engine/Content/OpenWorldTemplate/LandscapeMaterial/T_GridChecker_A.uexp" 1040
"../../../Engine/Content/OpenWorldTemplate/LandscapeMaterial/MF_ProcGrid.uasset" 1041
"../../../Engine/Content/OpenWorldTemplate/LandscapeMaterial/MF_ProcGrid.uexp" 1042
"../../../Engine/Content/OpenWorldTemplate/LandscapeMaterial/M_ProcGrid.uasset" 1043
"../../../Engine/Content/OpenWorldTemplate/LandscapeMaterial/M_ProcGrid.uexp" 1044
"../../../Engine/Content/VREditor/TransformGizmo/BoundingBoxCorner.ubulk" 1045
"../../../Engine/Content/VREditor/TransformGizmo/BoundingBoxCorner.uasset" 1046
"../../../Engine/Content/VREditor/TransformGizmo/BoundingBoxCorner.uexp" 1047
"../../../Engine/Content/VREditor/TransformGizmo/BoundingBoxEdge.ubulk" 1048
"../../../Engine/Content/VREditor/TransformGizmo/BoundingBoxEdge.uasset" 1049
"../../../Engine/Content/VREditor/TransformGizmo/BoundingBoxEdge.uexp" 1050
"../../../Engine/Content/VREditor/TransformGizmo/Main.uasset" 1051
"../../../Engine/Content/VREditor/TransformGizmo/Main.uexp" 1052
"../../../Engine/Content/VREditor/TransformGizmo/Xray.uasset" 1053
"../../../Engine/Content/VREditor/TransformGizmo/Xray.uexp" 1054
"../../../Engine/Content/VREditor/TransformGizmo/SM_Sequencer_Node.ubulk" 1055
"../../../Engine/Content/VREditor/TransformGizmo/SM_Sequencer_Node.uasset" 1056
"../../../Engine/Content/VREditor/TransformGizmo/SM_Sequencer_Node.uexp" 1057
"../../../Engine/Plugins/Animation/DeformerGraph/Content/DeformerFunctions/DG_Function_LinearBlendSkin_Morph_Cloth.uasset" 1058
"../../../Engine/Plugins/Animation/DeformerGraph/Content/DeformerFunctions/DG_Function_LinearBlendSkin_Morph_Cloth.uexp" 1059
"../../../Engine/Plugins/Animation/DeformerGraph/Content/Deformers/DG_LinearBlendSkin_Morph_Cloth.uasset" 1060
"../../../Engine/Plugins/Animation/DeformerGraph/Content/Deformers/DG_LinearBlendSkin_Morph_Cloth.uexp" 1061
"../../../Engine/Plugins/Animation/ControlRig/Content/Controls/ControlRig_QuarterCircle_1mm.ubulk" 1062
"../../../Engine/Plugins/Animation/ControlRig/Content/Controls/ControlRig_QuarterCircle_1mm.uasset" 1063
"../../../Engine/Plugins/Animation/ControlRig/Content/Controls/ControlRig_QuarterCircle_1mm.uexp" 1064
"../../../Engine/Plugins/Animation/DeformerGraph/Content/DeformerFunctions/DG_Function_ComputeNormalsTangents.uasset" 1065
"../../../Engine/Plugins/Animation/DeformerGraph/Content/DeformerFunctions/DG_Function_ComputeNormalsTangents.uexp" 1066
"../../../Engine/Plugins/Animation/DeformerGraph/Content/DeformerFunctions/DG_Function_LinearBlendSkin_Morph_Cloth_PositionOnly.uasset" 1067
"../../../Engine/Plugins/Animation/DeformerGraph/Content/DeformerFunctions/DG_Function_LinearBlendSkin_Morph_Cloth_PositionOnly.uexp" 1068
"../../../Engine/Plugins/Animation/DeformerGraph/Content/Deformers/DG_LinearBlendSkin_Morph_Cloth_RecomputeNormals.uasset" 1069
"../../../Engine/Plugins/Animation/DeformerGraph/Content/Deformers/DG_LinearBlendSkin_Morph_Cloth_RecomputeNormals.uexp" 1070
"../../../Engine/Plugins/Animation/ControlRig/Content/Controls/ControlRig_QuarterCircle_3mm.ubulk" 1071
"../../../Engine/Plugins/Animation/ControlRig/Content/Controls/ControlRig_QuarterCircle_3mm.uasset" 1072
"../../../Engine/Plugins/Animation/ControlRig/Content/Controls/ControlRig_QuarterCircle_3mm.uexp" 1073
"../../../Engine/Plugins/Experimental/Landmass/Content/Landscape/Meshes/S_SpritePlane.ubulk" 1074
"../../../Engine/Plugins/Experimental/Landmass/Content/Landscape/Meshes/S_SpritePlane.uasset" 1075
"../../../Engine/Plugins/Experimental/Landmass/Content/Landscape/Meshes/S_SpritePlane.uexp" 1076
"../../../Engine/Plugins/Animation/ControlRig/Content/Controls/ControlRig_QuarterCircle_solid.ubulk" 1077
"../../../Engine/Plugins/Animation/ControlRig/Content/Controls/ControlRig_QuarterCircle_solid.uasset" 1078
"../../../Engine/Plugins/Animation/ControlRig/Content/Controls/ControlRig_QuarterCircle_solid.uexp" 1079
"../../../Engine/Plugins/Animation/ControlRig/Content/Controls/ControlRig_RoundedSquare_1mm.ubulk" 1080
"../../../Engine/Plugins/Animation/ControlRig/Content/Controls/ControlRig_RoundedSquare_1mm.uasset" 1081
"../../../Engine/Plugins/Animation/ControlRig/Content/Controls/ControlRig_RoundedSquare_1mm.uexp" 1082
"../../../Engine/Plugins/Animation/ControlRig/Content/Controls/ControlRig_RoundedSquare_3mm.ubulk" 1083
"../../../Engine/Plugins/Animation/ControlRig/Content/Controls/ControlRig_RoundedSquare_3mm.uasset" 1084
"../../../Engine/Plugins/Animation/ControlRig/Content/Controls/ControlRig_RoundedSquare_3mm.uexp" 1085
"../../../Engine/Plugins/Animation/ControlRig/Content/Controls/ControlRig_RoundedSquare_solid.ubulk" 1086
"../../../Engine/Plugins/Animation/ControlRig/Content/Controls/ControlRig_RoundedSquare_solid.uasset" 1087
"../../../Engine/Plugins/Animation/ControlRig/Content/Controls/ControlRig_RoundedSquare_solid.uexp" 1088
"../../../Engine/Plugins/Animation/ControlRig/Content/Controls/ControlRig_RoundedTriangle_1mm.ubulk" 1089
"../../../Engine/Plugins/Animation/ControlRig/Content/Controls/ControlRig_RoundedTriangle_1mm.uasset" 1090
"../../../Engine/Plugins/Animation/ControlRig/Content/Controls/ControlRig_RoundedTriangle_1mm.uexp" 1091
"../../../Engine/Plugins/Animation/ControlRig/Content/Controls/ControlRig_RoundedTriangle_3mm.ubulk" 1092
"../../../Engine/Plugins/Animation/ControlRig/Content/Controls/ControlRig_RoundedTriangle_3mm.uasset" 1093
"../../../Engine/Plugins/Animation/ControlRig/Content/Controls/ControlRig_RoundedTriangle_3mm.uexp" 1094
"../../../Engine/Plugins/Interchange/Assets/Content/Substrate/MX_SimpleVolume.uasset" 1095
"../../../Engine/Plugins/Interchange/Assets/Content/Substrate/MX_SimpleVolume.uexp" 1096
"../../../Engine/Content/Functions/Engine_MaterialFunctions02/WorldPositionOffset/ObjectScale.uasset" 1097
"../../../Engine/Content/Functions/Engine_MaterialFunctions02/WorldPositionOffset/ObjectScale.uexp" 1098
"../../../Engine/Plugins/Editor/SpeedTreeImporter/Content/SpeedTree9/Empty.uasset" 1099
"../../../Engine/Plugins/Editor/SpeedTreeImporter/Content/SpeedTree9/Empty.uexp" 1100
"../../../Engine/Plugins/Editor/SpeedTreeImporter/Content/SpeedTree9/EmptyNormal.uasset" 1101
"../../../Engine/Plugins/Editor/SpeedTreeImporter/Content/SpeedTree9/EmptyNormal.uexp" 1102
"../../../Engine/Plugins/Editor/SpeedTreeImporter/Content/SpeedTree9/game_wind_noise.ubulk" 1103
"../../../Engine/Plugins/Editor/SpeedTreeImporter/Content/SpeedTree9/game_wind_noise.uasset" 1104
"../../../Engine/Plugins/Editor/SpeedTreeImporter/Content/SpeedTree9/game_wind_noise.uexp" 1105
"../../../Engine/Plugins/Editor/SpeedTreeImporter/Content/SpeedTree9/SpeedTreeBillboard.uasset" 1106
"../../../Engine/Plugins/Editor/SpeedTreeImporter/Content/SpeedTree9/SpeedTreeBillboard.uexp" 1107
"../../../Engine/Content/Functions/Engine_MaterialFunctions02/SafeNormalize.uasset" 1108
"../../../Engine/Content/Functions/Engine_MaterialFunctions02/SafeNormalize.uexp" 1109
"../../../Engine/Plugins/Editor/SpeedTreeImporter/Content/SpeedTree9/SpeedTreeWindMotion.uasset" 1110
"../../../Engine/Plugins/Editor/SpeedTreeImporter/Content/SpeedTree9/SpeedTreeWindMotion.uexp" 1111
"../../../Engine/Plugins/Editor/SpeedTreeImporter/Content/SpeedTree9/UnpackDirection.uasset" 1112
"../../../Engine/Plugins/Editor/SpeedTreeImporter/Content/SpeedTree9/UnpackDirection.uexp" 1113
"../../../Engine/Plugins/Editor/SpeedTreeImporter/Content/SpeedTree9/UnpackInteger3.uasset" 1114
"../../../Engine/Plugins/Editor/SpeedTreeImporter/Content/SpeedTree9/UnpackInteger3.uexp" 1115
"../../../Engine/Plugins/Editor/SpeedTreeImporter/Content/SpeedTree9/SpeedTreeBranchMotion.uasset" 1116
"../../../Engine/Plugins/Editor/SpeedTreeImporter/Content/SpeedTree9/SpeedTreeBranchMotion.uexp" 1117
"../../../Engine/Content/Functions/Engine_MaterialFunctions02/ObjectLocalBounds.uasset" 1118
"../../../Engine/Content/Functions/Engine_MaterialFunctions02/ObjectLocalBounds.uexp" 1119
"../../../Engine/Content/Functions/Engine_MaterialFunctions02/UVs/BoundingBoxBased_0-1_UVW.uasset" 1120
"../../../Engine/Content/Functions/Engine_MaterialFunctions02/UVs/BoundingBoxBased_0-1_UVW.uexp" 1121
"../../../Engine/Plugins/Editor/SpeedTreeImporter/Content/SpeedTree9/SpeedTreeWind.uasset" 1122
"../../../Engine/Plugins/Editor/SpeedTreeImporter/Content/SpeedTree9/SpeedTreeWind.uexp" 1123
"../../../Engine/Plugins/Editor/SpeedTreeImporter/Content/SpeedTree9/SpeedTreeBillboardMaster.uasset" 1124
"../../../Engine/Plugins/Editor/SpeedTreeImporter/Content/SpeedTree9/SpeedTreeBillboardMaster.uexp" 1125
"../../../Engine/Content/Functions/Engine_MaterialFunctions01/Texturing/ComputeMipLevel.uasset" 1126
"../../../Engine/Content/Functions/Engine_MaterialFunctions01/Texturing/ComputeMipLevel.uexp" 1127
"../../../Engine/Content/Functions/Engine_MaterialFunctions02/ExampleContent/Textures/DebugNumberPeriod.uasset" 1128
"../../../Engine/Content/Functions/Engine_MaterialFunctions02/ExampleContent/Textures/DebugNumberPeriod.uexp" 1129
"../../../Engine/Content/Functions/Engine_MaterialFunctions02/Utility/DebugScalarValues.uasset" 1130
"../../../Engine/Content/Functions/Engine_MaterialFunctions02/Utility/DebugScalarValues.uexp" 1131
"../../../Engine/Content/Functions/Engine_MaterialFunctions01/Volumetrics/SchlickPhase.uasset" 1132
"../../../Engine/Content/Functions/Engine_MaterialFunctions01/Volumetrics/SchlickPhase.uexp" 1133
"../../../Engine/Plugins/Experimental/Water/Content/Materials/MPC/MPC_Water.uasset" 1134
"../../../Engine/Plugins/Experimental/Water/Content/Materials/MPC/MPC_Water.uexp" 1135
"../../../Engine/Plugins/Experimental/Water/Content/Materials/Functions/GetWaterTime.uasset" 1136
"../../../Engine/Plugins/Experimental/Water/Content/Materials/Functions/GetWaterTime.uexp" 1137
"../../../Engine/Plugins/Experimental/Water/Content/Materials/Functions/ComputeWavesAttenuationFactor.uasset" 1138
"../../../Engine/Plugins/Experimental/Water/Content/Materials/Functions/ComputeWavesAttenuationFactor.uexp" 1139
"../../../Engine/Plugins/Experimental/Water/Content/Textures/BlackTexture2DArray.uasset" 1140
"../../../Engine/Plugins/Experimental/Water/Content/Textures/BlackTexture2DArray.uexp" 1141
"../../../Engine/Plugins/Experimental/Water/Content/Materials/Functions/HighQualityTextureFiltering.uasset" 1142
"../../../Engine/Plugins/Experimental/Water/Content/Materials/Functions/HighQualityTextureFiltering.uexp" 1143
"../../../Engine/Plugins/Experimental/Water/Content/Materials/Functions/WaterZoneData.uasset" 1144
"../../../Engine/Plugins/Experimental/Water/Content/Materials/Functions/WaterZoneData.uexp" 1145
"../../../Engine/Plugins/Experimental/Water/Content/Materials/Functions/SampleBakedFluidSimulation.uasset" 1146
"../../../Engine/Plugins/Experimental/Water/Content/Materials/Functions/SampleBakedFluidSimulation.uexp" 1147
"../../../Engine/Plugins/Experimental/Water/Content/Materials/Functions/WaterBodyData.uasset" 1148
"../../../Engine/Plugins/Experimental/Water/Content/Materials/Functions/WaterBodyData.uexp" 1149
"../../../Engine/Plugins/Experimental/Water/Content/Materials/Functions/WaveDepthFalloff_Overrides.uasset" 1150
"../../../Engine/Plugins/Experimental/Water/Content/Materials/Functions/WaveDepthFalloff_Overrides.uexp" 1151
"../../../Engine/Plugins/Experimental/Water/Content/Materials/Functions/ComputeGerstnerWaves.uasset" 1152
"../../../Engine/Plugins/Experimental/Water/Content/Materials/Functions/ComputeGerstnerWaves.uexp" 1153
"../../../Engine/Plugins/Experimental/Water/Content/Materials/PostProcessing/M_UnderWater_PostProcess_Volume.uasset" 1154
"../../../Engine/Plugins/Experimental/Water/Content/Materials/PostProcessing/M_UnderWater_PostProcess_Volume.uexp" 1155
"../../../Engine/Plugins/Editor/SpeedTreeImporter/Content/SpeedTree9/SpeedTreeCameraFacing.uasset" 1156
"../../../Engine/Plugins/Editor/SpeedTreeImporter/Content/SpeedTree9/SpeedTreeCameraFacing.uexp" 1157
"../../../Engine/Plugins/Editor/SpeedTreeImporter/Content/SpeedTree9/SpeedTreeMaster.uasset" 1158
"../../../Engine/Plugins/Editor/SpeedTreeImporter/Content/SpeedTree9/SpeedTreeMaster.uexp" 1159
"../../../Engine/Plugins/Experimental/Water/Content/Materials/WaterInfo/DrawWaterInfo.uasset" 1160
"../../../Engine/Plugins/Experimental/Water/Content/Materials/WaterInfo/DrawWaterInfo.uexp" 1161
"../../../Engine/Plugins/Experimental/Water/Content/Materials/Functions/ClipDynamicBounds.uasset" 1162
"../../../Engine/Plugins/Experimental/Water/Content/Materials/Functions/ClipDynamicBounds.uexp" 1163
"../../../Engine/Content/Functions/Engine_MaterialFunctions01/Opacity/AlphaOffset.uasset" 1164
"../../../Engine/Content/Functions/Engine_MaterialFunctions01/Opacity/AlphaOffset.uexp" 1165
"../../../Engine/Content/Functions/Engine_MaterialFunctions02/Math/TimeWithSpeedVariable.uasset" 1166
"../../../Engine/Content/Functions/Engine_MaterialFunctions02/Math/TimeWithSpeedVariable.uexp" 1167
"../../../Engine/Content/Functions/Engine_MaterialFunctions01/Gradient/BoxMask-2D.uasset" 1168
"../../../Engine/Content/Functions/Engine_MaterialFunctions01/Gradient/BoxMask-2D.uexp" 1169
"../../../Engine/Plugins/Experimental/Water/Content/FluidSimulation/WaveFoam/WaterDistanceField.uasset" 1170
"../../../Engine/Plugins/Experimental/Water/Content/FluidSimulation/WaveFoam/WaterDistanceField.uexp" 1171
"../../../Engine/Plugins/Experimental/Water/Content/Textures/Foam/T_WaterFlow_01_Foam_Tiled.ubulk" 1172
"../../../Engine/Plugins/Experimental/Water/Content/Textures/Foam/T_WaterFlow_01_Foam_Tiled.uasset" 1173
"../../../Engine/Plugins/Experimental/Water/Content/Textures/Foam/T_WaterFlow_01_Foam_Tiled.uexp" 1174
"../../../Engine/Plugins/Experimental/Water/Content/Textures/Foam/T_WaterFlow_01_Foam_Tiled_N.ubulk" 1175
"../../../Engine/Plugins/Experimental/Water/Content/Textures/Foam/T_WaterFlow_01_Foam_Tiled_N.uasset" 1176
"../../../Engine/Plugins/Experimental/Water/Content/Textures/Foam/T_WaterFlow_01_Foam_Tiled_N.uexp" 1177
"../../../Engine/Content/Functions/Engine_MaterialFunctions02/Utility/LinearSine.uasset" 1178
"../../../Engine/Content/Functions/Engine_MaterialFunctions02/Utility/LinearSine.uexp" 1179
"../../../Engine/Content/EngineMaterials/DefaultNormal.ubulk" 1180
"../../../Engine/Content/EngineMaterials/DefaultNormal.uasset" 1181
"../../../Engine/Content/EngineMaterials/DefaultNormal.uexp" 1182
"../../../Engine/Content/Functions/Engine_MaterialFunctions02/Math/MakeVectorsOrthogonal.uasset" 1183
"../../../Engine/Content/Functions/Engine_MaterialFunctions02/Math/MakeVectorsOrthogonal.uexp" 1184
"../../../Engine/Content/Functions/Engine_MaterialFunctions02/Utility/BlendAngleCorrectedNormals.uasset" 1185
"../../../Engine/Content/Functions/Engine_MaterialFunctions02/Utility/BlendAngleCorrectedNormals.uexp" 1186
"../../../Engine/Content/Functions/Engine_MaterialFunctions02/Math/AddComponents.uasset" 1187
"../../../Engine/Content/Functions/Engine_MaterialFunctions02/Math/AddComponents.uexp" 1188
"../../../Engine/Content/Functions/Engine_MaterialFunctions02/ExampleContent/Textures/LowResBlurredNoise.uasset" 1189
"../../../Engine/Content/Functions/Engine_MaterialFunctions02/ExampleContent/Textures/LowResBlurredNoise.uexp" 1190
"../../../Engine/Content/Functions/Engine_MaterialFunctions02/Texturing/Flowmaps.uasset" 1191
"../../../Engine/Content/Functions/Engine_MaterialFunctions02/Texturing/Flowmaps.uexp" 1192
"../../../Engine/Content/Functions/Engine_MaterialFunctions02/Texturing/HeightLerp.uasset" 1193
"../../../Engine/Content/Functions/Engine_MaterialFunctions02/Texturing/HeightLerp.uexp" 1194
"../../../Engine/Plugins/Experimental/Water/Content/FluidSimulation/Materials/Functions/Fluidsim_WorldPosition_to_UV.uasset" 1195
"../../../Engine/Plugins/Experimental/Water/Content/FluidSimulation/Materials/Functions/Fluidsim_WorldPosition_to_UV.uexp" 1196
"../../../Engine/Plugins/Experimental/Water/Content/Materials/Functions/SampleFluidSimulation.uasset" 1197
"../../../Engine/Plugins/Experimental/Water/Content/Materials/Functions/SampleFluidSimulation.uexp" 1198
"../../../Engine/Plugins/Experimental/Water/Content/Materials/Layers/WaterAttributes.uasset" 1199
"../../../Engine/Plugins/Experimental/Water/Content/Materials/Layers/WaterAttributes.uexp" 1200
"../../../Engine/Plugins/Experimental/Water/Content/Materials/Functions/SetWaveAttributes.uasset" 1201
"../../../Engine/Plugins/Experimental/Water/Content/Materials/Functions/SetWaveAttributes.uexp" 1202
"../../../Engine/Plugins/Experimental/Water/Content/Materials/Functions/WaterCoefficientMask.uasset" 1203
"../../../Engine/Plugins/Experimental/Water/Content/Materials/Functions/WaterCoefficientMask.uexp" 1204
"../../../Engine/Plugins/Experimental/Water/Content/Materials/Functions/WaterHeightMappingVS.uasset" 1205
"../../../Engine/Plugins/Experimental/Water/Content/Materials/Functions/WaterHeightMappingVS.uexp" 1206
"../../../Engine/Plugins/Experimental/Water/Content/Materials/Functions/WaterOpacityMaskFromDepth.uasset" 1207
"../../../Engine/Plugins/Experimental/Water/Content/Materials/Functions/WaterOpacityMaskFromDepth.uexp" 1208
"../../../Engine/Content/Functions/Engine_MaterialFunctions01/Texturing/FlattenNormal.uasset" 1209
"../../../Engine/Content/Functions/Engine_MaterialFunctions01/Texturing/FlattenNormal.uexp" 1210
"../../../Engine/Content/Functions/Engine_MaterialFunctions01/Coordinates/WorldPosition-XY.uasset" 1211
"../../../Engine/Content/Functions/Engine_MaterialFunctions01/Coordinates/WorldPosition-XY.uexp" 1212
"../../../Engine/Plugins/Experimental/Water/Content/Textures/Flowmaps/RiverFlowmap_Diffuse.ubulk" 1213
"../../../Engine/Plugins/Experimental/Water/Content/Textures/Flowmaps/RiverFlowmap_Diffuse.uasset" 1214
"../../../Engine/Plugins/Experimental/Water/Content/Textures/Flowmaps/RiverFlowmap_Diffuse.uexp" 1215
"../../../Engine/Plugins/Experimental/Water/Content/Textures/Flowmaps/RiverFlowmap_Normal.ubulk" 1216
"../../../Engine/Plugins/Experimental/Water/Content/Textures/Flowmaps/RiverFlowmap_Normal.uasset" 1217
"../../../Engine/Plugins/Experimental/Water/Content/Textures/Flowmaps/RiverFlowmap_Normal.uexp" 1218
"../../../Engine/Plugins/Experimental/Water/Content/Materials/Functions/WaterRiverFlowmaps.uasset" 1219
"../../../Engine/Plugins/Experimental/Water/Content/Materials/Functions/WaterRiverFlowmaps.uexp" 1220
"../../../Engine/Plugins/Experimental/Water/Content/Textures/Normals/T_Water_TilingNormal_With_Height_02_Softened.ubulk" 1221
"../../../Engine/Plugins/Experimental/Water/Content/Textures/Normals/T_Water_TilingNormal_With_Height_02_Softened.uasset" 1222
"../../../Engine/Plugins/Experimental/Water/Content/Textures/Normals/T_Water_TilingNormal_With_Height_02_Softened.uexp" 1223
"../../../Engine/Plugins/Experimental/Water/Content/Materials/Functions/WaterTextureWaves.uasset" 1224
"../../../Engine/Plugins/Experimental/Water/Content/Materials/Functions/WaterTextureWaves.uexp" 1225
"../../../Engine/Plugins/Experimental/Water/Content/Materials/Functions/WaterTextureSurface.uasset" 1226
"../../../Engine/Plugins/Experimental/Water/Content/Materials/Functions/WaterTextureSurface.uexp" 1227
"../../../Engine/Plugins/Experimental/Water/Content/Materials/Functions/Water_Underside.uasset" 1228
"../../../Engine/Plugins/Experimental/Water/Content/Materials/Functions/Water_Underside.uexp" 1229
"../../../Engine/Plugins/Experimental/Water/Content/Materials/Functions/WaveVelocityMask.uasset" 1230
"../../../Engine/Plugins/Experimental/Water/Content/Materials/Functions/WaveVelocityMask.uexp" 1231
"../../../Engine/Content/Functions/Engine_MaterialFunctions03/Procedurals/NormalFromHeightmap.uasset" 1232
"../../../Engine/Content/Functions/Engine_MaterialFunctions03/Procedurals/NormalFromHeightmap.uexp" 1233
"../../../Engine/Content/EngineSky/VolumetricClouds/T_VolumeNoiseShape128.uasset" 1234
"../../../Engine/Content/EngineSky/VolumetricClouds/T_VolumeNoiseShape128.uexp" 1235
"../../../Engine/Plugins/Experimental/Water/Content/FluidSimulation/WaveFoam/FoamRT.uasset" 1236
"../../../Engine/Plugins/Experimental/Water/Content/FluidSimulation/WaveFoam/FoamRT.uexp" 1237
"../../../Engine/Plugins/Experimental/Water/Content/Materials/Layers/BeachFoam.uasset" 1238
"../../../Engine/Plugins/Experimental/Water/Content/Materials/Layers/BeachFoam.uexp" 1239
"../../../Engine/Plugins/Experimental/Water/Content/Materials/Functions/WorldNormalBehindWater.uasset" 1240
"../../../Engine/Plugins/Experimental/Water/Content/Materials/Functions/WorldNormalBehindWater.uexp" 1241
"../../../Engine/Plugins/Experimental/Water/Content/Materials/Functions/WorldPositionBehindWater.uasset" 1242
"../../../Engine/Plugins/Experimental/Water/Content/Materials/Functions/WorldPositionBehindWater.uexp" 1243
"../../../Engine/Plugins/Experimental/Water/Content/Caustics/Materials/Functions/GetDistortionUV.uasset" 1244
"../../../Engine/Plugins/Experimental/Water/Content/Caustics/Materials/Functions/GetDistortionUV.uexp" 1245
"../../../Engine/Plugins/Experimental/Water/Content/Caustics/Materials/Functions/WaterCaustics_GerstnerWaves.uasset" 1246
"../../../Engine/Plugins/Experimental/Water/Content/Caustics/Materials/Functions/WaterCaustics_GerstnerWaves.uexp" 1247
"../../../Engine/Plugins/Experimental/Water/Content/Materials/WaterSurface/Water_Material.uasset" 1248
"../../../Engine/Plugins/Experimental/Water/Content/Materials/WaterSurface/Water_Material.uexp" 1249
"../../../Engine/Plugins/Experimental/Water/Content/Materials/WaterSurface/Water_FarMesh.uasset" 1250
"../../../Engine/Plugins/Experimental/Water/Content/Materials/WaterSurface/Water_FarMesh.uexp" 1251
"../../../Engine/Plugins/Interchange/Assets/Content/Functions/MX_BurleyDiffuseBSDF.uasset" 1252
"../../../Engine/Plugins/Interchange/Assets/Content/Functions/MX_BurleyDiffuseBSDF.uexp" 1253
"../../../Engine/Plugins/Interchange/Assets/Content/Functions/MX_ChiangHairBSDF.uasset" 1254
"../../../Engine/Plugins/Interchange/Assets/Content/Functions/MX_ChiangHairBSDF.uexp" 1255
"../../../Engine/Plugins/Interchange/Assets/Content/Functions/MX_ConductorBSDF.uasset" 1256
"../../../Engine/Plugins/Interchange/Assets/Content/Functions/MX_ConductorBSDF.uexp" 1257
"../../../Engine/Plugins/Interchange/Assets/Content/Functions/MX_ConicalEDF.uasset" 1258
"../../../Engine/Plugins/Interchange/Assets/Content/Functions/MX_ConicalEDF.uexp" 1259
"../../../Engine/Plugins/Interchange/Assets/Content/Functions/MX_DielectricBSDF.uasset" 1260
"../../../Engine/Plugins/Interchange/Assets/Content/Functions/MX_DielectricBSDF.uexp" 1261
"../../../Engine/Plugins/Interchange/Assets/Content/Functions/MX_Displacement.uasset" 1262
"../../../Engine/Plugins/Interchange/Assets/Content/Functions/MX_Displacement.uexp" 1263
"../../../Engine/Plugins/Interchange/Assets/Content/Functions/MX_GeneralizedSchlickBSDF.uasset" 1264
"../../../Engine/Plugins/Interchange/Assets/Content/Functions/MX_GeneralizedSchlickBSDF.uexp" 1265
"../../../Engine/Plugins/Interchange/Assets/Content/Functions/MX_MeasuredEDF.uasset" 1266
"../../../Engine/Plugins/Interchange/Assets/Content/Functions/MX_MeasuredEDF.uexp" 1267
"../../../Engine/Plugins/Interchange/Assets/Content/Functions/MF_IridescenceNoLUT.uasset" 1268
"../../../Engine/Plugins/Interchange/Assets/Content/Functions/MF_IridescenceNoLUT.uexp" 1269
"../../../Engine/Plugins/Interchange/Assets/Content/Functions/MX_StandardSurface.uasset" 1270
"../../../Engine/Plugins/Interchange/Assets/Content/Functions/MX_StandardSurface.uexp" 1271
"../../../Engine/Plugins/Interchange/Assets/Content/Functions/MX_OpenPBR_Opaque.uasset" 1272
"../../../Engine/Plugins/Interchange/Assets/Content/Functions/MX_OpenPBR_Opaque.uexp" 1273
"../../../Engine/Plugins/Interchange/Assets/Content/Utilities/New_LUT.uasset" 1274
"../../../Engine/Plugins/Interchange/Assets/Content/Utilities/New_LUT.uexp" 1275
"../../../Engine/Content/Functions/Engine_MaterialFunctions03/Math/RemapValueRange.uasset" 1276
"../../../Engine/Content/Functions/Engine_MaterialFunctions03/Math/RemapValueRange.uexp" 1277
"../../../Engine/Plugins/Interchange/Assets/Content/Functions/MF_Iridescence.uasset" 1278
"../../../Engine/Plugins/Interchange/Assets/Content/Functions/MF_Iridescence.uexp" 1279
"../../../Engine/Plugins/Interchange/Assets/Content/gltf/Textures/T_White_srgb.uasset" 1280
"../../../Engine/Plugins/Interchange/Assets/Content/gltf/Textures/T_White_srgb.uexp" 1281
"../../../Engine/Plugins/Interchange/Assets/Content/gltf/MaterialFunctions/MF_BaseColor.uasset" 1282
"../../../Engine/Plugins/Interchange/Assets/Content/gltf/MaterialFunctions/MF_BaseColor.uexp" 1283
"../../../Engine/Plugins/Interchange/Assets/Content/gltf/MaterialFunctions/MF_RotateNormals_TS.uasset" 1284
"../../../Engine/Plugins/Interchange/Assets/Content/gltf/MaterialFunctions/MF_RotateNormals_TS.uexp" 1285
"../../../Engine/Plugins/Interchange/Assets/Content/gltf/Textures/T_Generic_N.uasset" 1286
"../../../Engine/Plugins/Interchange/Assets/Content/gltf/Textures/T_Generic_N.uexp" 1287
"../../../Engine/Plugins/Interchange/Assets/Content/gltf/Textures/T_White_Linear.uasset" 1288
"../../../Engine/Plugins/Interchange/Assets/Content/gltf/Textures/T_White_Linear.uexp" 1289
"../../../Engine/Plugins/Interchange/Assets/Content/gltf/MaterialFunctions/MF_Clearcoat.uasset" 1290
"../../../Engine/Plugins/Interchange/Assets/Content/gltf/MaterialFunctions/MF_Clearcoat.uexp" 1291
"../../../Engine/Plugins/Interchange/Assets/Content/gltf/MaterialFunctions/MF_Emissive.uasset" 1292
"../../../Engine/Plugins/Interchange/Assets/Content/gltf/MaterialFunctions/MF_Emissive.uexp" 1293
"../../../Engine/Plugins/Interchange/Assets/Content/gltf/MaterialFunctions/MF_IOR.uasset" 1294
"../../../Engine/Plugins/Interchange/Assets/Content/gltf/MaterialFunctions/MF_IOR.uexp" 1295
"../../../Engine/Plugins/Interchange/Assets/Content/gltf/MaterialFunctions/MF_Iridescence.uasset" 1296
"../../../Engine/Plugins/Interchange/Assets/Content/gltf/MaterialFunctions/MF_Iridescence.uexp" 1297
"../../../Engine/Plugins/Interchange/Assets/Content/gltf/MaterialFunctions/MF_MetallicRoughness.uasset" 1298
"../../../Engine/Plugins/Interchange/Assets/Content/gltf/MaterialFunctions/MF_MetallicRoughness.uexp" 1299
"../../../Engine/Plugins/Interchange/Assets/Content/gltf/MaterialFunctions/MF_ScaleNormal.uasset" 1300
"../../../Engine/Plugins/Interchange/Assets/Content/gltf/MaterialFunctions/MF_ScaleNormal.uexp" 1301
"../../../Engine/Plugins/Interchange/Assets/Content/gltf/MaterialFunctions/MF_Normals.uasset" 1302
"../../../Engine/Plugins/Interchange/Assets/Content/gltf/MaterialFunctions/MF_Normals.uexp" 1303
"../../../Engine/Plugins/Interchange/Assets/Content/gltf/MaterialFunctions/MF_Occlusion.uasset" 1304
"../../../Engine/Plugins/Interchange/Assets/Content/gltf/MaterialFunctions/MF_Occlusion.uexp" 1305
"../../../Engine/Plugins/Interchange/Assets/Content/gltf/MaterialFunctions/MF_Specular.uasset" 1306
"../../../Engine/Plugins/Interchange/Assets/Content/gltf/MaterialFunctions/MF_Specular.uexp" 1307
"../../../Engine/Plugins/Interchange/Assets/Content/gltf/Textures/T_Anisotropy_Direction_Linear.uasset" 1308
"../../../Engine/Plugins/Interchange/Assets/Content/gltf/Textures/T_Anisotropy_Direction_Linear.uexp" 1309
"../../../Engine/Plugins/Interchange/Assets/Content/gltf/MaterialFunctions/MF_SpecularAnisotropy.uasset" 1310
"../../../Engine/Plugins/Interchange/Assets/Content/gltf/MaterialFunctions/MF_SpecularAnisotropy.uexp" 1311
"../../../Engine/Plugins/Interchange/Assets/Content/gltf/MaterialFunctions/MF_RotateV2.uasset" 1312
"../../../Engine/Plugins/Interchange/Assets/Content/gltf/MaterialFunctions/MF_RotateV2.uexp" 1313
"../../../Engine/Plugins/Interchange/Assets/Content/gltf/MaterialFunctions/MF_TransformUVs.uasset" 1314
"../../../Engine/Plugins/Interchange/Assets/Content/gltf/MaterialFunctions/MF_TransformUVs.uexp" 1315
"../../../Engine/Plugins/Interchange/Assets/Content/gltf/MaterialBodies/MF_ClearCoat_Body.uasset" 1316
"../../../Engine/Plugins/Interchange/Assets/Content/gltf/MaterialBodies/MF_ClearCoat_Body.uexp" 1317
"../../../Engine/Plugins/Interchange/Assets/Content/gltf/M_ClearCoat.uasset" 1318
"../../../Engine/Plugins/Interchange/Assets/Content/gltf/M_ClearCoat.uexp" 1319
"../../../Engine/Plugins/Interchange/Assets/Content/gltf/MaterialInstances/MI_ClearCoat_Blend.uasset" 1320
"../../../Engine/Plugins/Interchange/Assets/Content/gltf/MaterialInstances/MI_ClearCoat_Blend.uexp" 1321
"../../../Engine/Plugins/Interchange/Assets/Content/Functions/MX_TransmissionSurface.uasset" 1322
"../../../Engine/Plugins/Interchange/Assets/Content/Functions/MX_TransmissionSurface.uexp" 1323
"../../../Engine/Plugins/Interchange/Assets/Content/Functions/MX_OpenPBR_Translucent.uasset" 1324
"../../../Engine/Plugins/Interchange/Assets/Content/Functions/MX_OpenPBR_Translucent.uexp" 1325
"../../../Engine/Plugins/Interchange/Assets/Content/gltf/MaterialInstances/MI_ClearCoat_Blend_DS.uasset" 1326
"../../../Engine/Plugins/Interchange/Assets/Content/gltf/MaterialInstances/MI_ClearCoat_Blend_DS.uexp" 1327
"../../../Engine/Plugins/Interchange/Assets/Content/gltf/MaterialInstances/MI_ClearCoat_Mask.uasset" 1328
"../../../Engine/Plugins/Interchange/Assets/Content/gltf/MaterialInstances/MI_ClearCoat_Mask.uexp" 1329
"../../../Engine/Plugins/Interchange/Assets/Content/gltf/MaterialInstances/MI_ClearCoat_Mask_DS.uasset" 1330
"../../../Engine/Plugins/Interchange/Assets/Content/gltf/MaterialInstances/MI_ClearCoat_Mask_DS.uexp" 1331
"../../../Engine/Plugins/Interchange/Assets/Content/gltf/MaterialInstances/MI_ClearCoat_Opaque.uasset" 1332
"../../../Engine/Plugins/Interchange/Assets/Content/gltf/MaterialInstances/MI_ClearCoat_Opaque.uexp" 1333
"../../../Engine/Plugins/Interchange/Assets/Content/Functions/MX_OrenNayarBSDF.uasset" 1334
"../../../Engine/Plugins/Interchange/Assets/Content/Functions/MX_OrenNayarBSDF.uexp" 1335
"../../../Engine/Plugins/Interchange/Assets/Content/gltf/MaterialInstances/MI_ClearCoat_Opaque_DS.uasset" 1336
"../../../Engine/Plugins/Interchange/Assets/Content/gltf/MaterialInstances/MI_ClearCoat_Opaque_DS.uexp" 1337
"../../../Engine/Plugins/Interchange/Assets/Content/gltf/MaterialBodies/MF_Default_Body.uasset" 1338
"../../../Engine/Plugins/Interchange/Assets/Content/gltf/MaterialBodies/MF_Default_Body.uexp" 1339
"../../../Engine/Plugins/Interchange/Assets/Content/gltf/M_Default.uasset" 1340
"../../../Engine/Plugins/Interchange/Assets/Content/gltf/M_Default.uexp" 1341
"../../../Engine/Plugins/Interchange/Assets/Content/gltf/MaterialInstances/MI_Default_Blend.uasset" 1342
"../../../Engine/Plugins/Interchange/Assets/Content/gltf/MaterialInstances/MI_Default_Blend.uexp" 1343
"../../../Engine/Plugins/Interchange/Assets/Content/gltf/MaterialInstances/MI_Default_Blend_DS.uasset" 1344
"../../../Engine/Plugins/Interchange/Assets/Content/gltf/MaterialInstances/MI_Default_Blend_DS.uexp" 1345
"../../../Engine/Plugins/Interchange/Assets/Content/gltf/MaterialInstances/MI_Default_Mask.uasset" 1346
"../../../Engine/Plugins/Interchange/Assets/Content/gltf/MaterialInstances/MI_Default_Mask.uexp" 1347
"../../../Engine/Plugins/Interchange/Assets/Content/gltf/MaterialInstances/MI_Default_Mask_DS.uasset" 1348
"../../../Engine/Plugins/Interchange/Assets/Content/gltf/MaterialInstances/MI_Default_Mask_DS.uexp" 1349
"../../../Engine/Content/EngineResources/DefaultTexture.ubulk" 1350
"../../../Engine/Content/EngineResources/DefaultTexture.uasset" 1351
"../../../Engine/Content/EngineResources/DefaultTexture.uexp" 1352
"../../../Engine/Plugins/Interchange/Assets/Content/Functions/MF_PhongToMetalRoughness.uasset" 1353
"../../../Engine/Plugins/Interchange/Assets/Content/Functions/MF_PhongToMetalRoughness.uexp" 1354
"../../../Engine/Plugins/Interchange/Assets/Content/Materials/FBXLegacyPhongSurfaceMaterial.uasset" 1355
"../../../Engine/Plugins/Interchange/Assets/Content/Materials/FBXLegacyPhongSurfaceMaterial.uexp" 1356
"C:/Users/mikel/Downloads/Paranoia/Content/NatesWork/Extra/Wood.uasset" 1357
"C:/Users/mikel/Downloads/Paranoia/Content/NatesWork/Extra/Wood.uexp" 1358
"C:/Users/mikel/Downloads/Paranoia/Content/NatesWork/Extra/pCube1252.ubulk" 1359
"C:/Users/mikel/Downloads/Paranoia/Content/NatesWork/Extra/pCube1252.uasset" 1360
"C:/Users/mikel/Downloads/Paranoia/Content/NatesWork/Extra/pCube1252.uexp" 1361
"../../../Engine/Plugins/Interchange/Assets/Content/gltf/MaterialInstances/MI_Default_Opaque.uasset" 1362
"../../../Engine/Plugins/Interchange/Assets/Content/gltf/MaterialInstances/MI_Default_Opaque.uexp" 1363
"../../../Engine/Plugins/Interchange/Assets/Content/gltf/MaterialInstances/MI_Default_Opaque_DS.uasset" 1364
"../../../Engine/Plugins/Interchange/Assets/Content/gltf/MaterialInstances/MI_Default_Opaque_DS.uexp" 1365
"../../../Engine/Plugins/Interchange/Assets/Content/gltf/MaterialFunctions/MF_Sheen.uasset" 1366
"../../../Engine/Plugins/Interchange/Assets/Content/gltf/MaterialFunctions/MF_Sheen.uexp" 1367
"../../../Engine/Plugins/Interchange/Assets/Content/gltf/MaterialBodies/MF_Sheen_Body.uasset" 1368
"../../../Engine/Plugins/Interchange/Assets/Content/gltf/MaterialBodies/MF_Sheen_Body.uexp" 1369
"../../../Engine/Plugins/Interchange/Assets/Content/gltf/M_Sheen.uasset" 1370
"../../../Engine/Plugins/Interchange/Assets/Content/gltf/M_Sheen.uexp" 1371
"../../../Engine/Plugins/Interchange/Assets/Content/gltf/MaterialInstances/MI_Sheen_Blend.uasset" 1372
"../../../Engine/Plugins/Interchange/Assets/Content/gltf/MaterialInstances/MI_Sheen_Blend.uexp" 1373
"../../../Engine/Plugins/Interchange/Assets/Content/gltf/MaterialInstances/MI_Sheen_Blend_DS.uasset" 1374
"../../../Engine/Plugins/Interchange/Assets/Content/gltf/MaterialInstances/MI_Sheen_Blend_DS.uexp" 1375
"../../../Engine/Content/EngineResources/Black.uasset" 1376
"../../../Engine/Content/EngineResources/Black.uexp" 1377
"../../../Engine/Content/Functions/Engine_MaterialFunctions02/ExampleContent/Textures/water_n.ubulk" 1378
"../../../Engine/Content/Functions/Engine_MaterialFunctions02/ExampleContent/Textures/water_n.uasset" 1379
"../../../Engine/Content/Functions/Engine_MaterialFunctions02/ExampleContent/Textures/water_n.uexp" 1380
"../../../Engine/Content/Functions/Engine_MaterialFunctions02/ExampleContent/Textures/water_d.ubulk" 1381
"../../../Engine/Content/Functions/Engine_MaterialFunctions02/ExampleContent/Textures/water_d.uasset" 1382
"../../../Engine/Content/Functions/Engine_MaterialFunctions02/ExampleContent/Textures/water_d.uexp" 1383
"../../../Engine/Plugins/Experimental/Water/Content/Materials/WaterSurface/Water_Material_Inst.uasset" 1384
"../../../Engine/Plugins/Experimental/Water/Content/Materials/WaterSurface/Water_Material_Inst.uexp" 1385
"C:/Users/mikel/Downloads/Paranoia/Content/NatesWork/Water/Water_Material.uasset" 1386
"C:/Users/mikel/Downloads/Paranoia/Content/NatesWork/Water/Water_Material.uexp" 1387
"../../../Engine/Plugins/Interchange/Assets/Content/gltf/MaterialInstances/MI_Sheen_Mask.uasset" 1388
"../../../Engine/Plugins/Interchange/Assets/Content/gltf/MaterialInstances/MI_Sheen_Mask.uexp" 1389
"../../../Engine/Plugins/Interchange/Assets/Content/gltf/MaterialInstances/MI_Sheen_Mask_DS.uasset" 1390
"../../../Engine/Plugins/Interchange/Assets/Content/gltf/MaterialInstances/MI_Sheen_Mask_DS.uexp" 1391
"../../../Engine/Plugins/Interchange/Assets/Content/gltf/MaterialInstances/MI_Sheen_Opaque.uasset" 1392
"../../../Engine/Plugins/Interchange/Assets/Content/gltf/MaterialInstances/MI_Sheen_Opaque.uexp" 1393
"../../../Engine/Plugins/Interchange/Assets/Content/gltf/MaterialInstances/MI_Sheen_Opaque_DS.uasset" 1394
"../../../Engine/Plugins/Interchange/Assets/Content/gltf/MaterialInstances/MI_Sheen_Opaque_DS.uexp" 1395
"C:/Users/mikel/Downloads/Paranoia/Content/Serv_Work/Candle/Candle_Candle3_BaseColor.ubulk" 1396
"C:/Users/mikel/Downloads/Paranoia/Content/Serv_Work/Candle/Candle_Candle3_BaseColor.uasset" 1397
"C:/Users/mikel/Downloads/Paranoia/Content/Serv_Work/Candle/Candle_Candle3_BaseColor.uexp" 1398
"C:/Users/mikel/Downloads/Paranoia/Content/Serv_Work/Candle/Candle_Candle3_Emissive.ubulk" 1399
"C:/Users/mikel/Downloads/Paranoia/Content/Serv_Work/Candle/Candle_Candle3_Emissive.uasset" 1400
"C:/Users/mikel/Downloads/Paranoia/Content/Serv_Work/Candle/Candle_Candle3_Emissive.uexp" 1401
"C:/Users/mikel/Downloads/Paranoia/Content/Serv_Work/Candle/Candle_Candle3_Normal.ubulk" 1402
"C:/Users/mikel/Downloads/Paranoia/Content/Serv_Work/Candle/Candle_Candle3_Normal.uasset" 1403
"C:/Users/mikel/Downloads/Paranoia/Content/Serv_Work/Candle/Candle_Candle3_Normal.uexp" 1404
"C:/Users/mikel/Downloads/Paranoia/Content/Serv_Work/Candle/Candle_Candle3_OcclusionRoughnessMetallic.ubulk" 1405
"C:/Users/mikel/Downloads/Paranoia/Content/Serv_Work/Candle/Candle_Candle3_OcclusionRoughnessMetallic.uasset" 1406
"C:/Users/mikel/Downloads/Paranoia/Content/Serv_Work/Candle/Candle_Candle3_OcclusionRoughnessMetallic.uexp" 1407
"C:/Users/mikel/Downloads/Paranoia/Content/Serv_Work/Candle/Candle_Mat.uasset" 1408
"C:/Users/mikel/Downloads/Paranoia/Content/Serv_Work/Candle/Candle_Mat.uexp" 1409
"C:/Users/mikel/Downloads/Paranoia/Content/Serv_Work/Candle/Candle.ubulk" 1410
"C:/Users/mikel/Downloads/Paranoia/Content/Serv_Work/Candle/Candle.uasset" 1411
"C:/Users/mikel/Downloads/Paranoia/Content/Serv_Work/Candle/Candle.uexp" 1412
"../../../Engine/Plugins/Interchange/Assets/Content/gltf/MaterialFunctions/MF_DiffuseSpecGloss.uasset" 1413
"../../../Engine/Plugins/Interchange/Assets/Content/gltf/MaterialFunctions/MF_DiffuseSpecGloss.uexp" 1414
"../../../Engine/Plugins/Interchange/Assets/Content/gltf/MaterialFunctions/MF_MaxComponentValue.uasset" 1415
"../../../Engine/Plugins/Interchange/Assets/Content/gltf/MaterialFunctions/MF_MaxComponentValue.uexp" 1416
"../../../Engine/Plugins/Interchange/Assets/Content/gltf/MaterialFunctions/MF_PerceivedBrightness.uasset" 1417
"../../../Engine/Plugins/Interchange/Assets/Content/gltf/MaterialFunctions/MF_PerceivedBrightness.uexp" 1418
"../../../Engine/Plugins/Interchange/Assets/Content/gltf/MaterialFunctions/MF_SpecGlossToMetalRoughness.uasset" 1419
"../../../Engine/Plugins/Interchange/Assets/Content/gltf/MaterialFunctions/MF_SpecGlossToMetalRoughness.uexp" 1420
"../../../Engine/Plugins/Interchange/Assets/Content/gltf/MaterialBodies/MF_SpecularGlossiness_Body.uasset" 1421
"../../../Engine/Plugins/Interchange/Assets/Content/gltf/MaterialBodies/MF_SpecularGlossiness_Body.uexp" 1422
"../../../Engine/Plugins/Interchange/Assets/Content/gltf/M_SpecularGlossiness.uasset" 1423
"../../../Engine/Plugins/Interchange/Assets/Content/gltf/M_SpecularGlossiness.uexp" 1424
"../../../Engine/Plugins/Interchange/Assets/Content/gltf/MaterialInstances/MI_SpecularGlossiness_Blend.uasset" 1425
"../../../Engine/Plugins/Interchange/Assets/Content/gltf/MaterialInstances/MI_SpecularGlossiness_Blend.uexp" 1426
"../../../Engine/Plugins/Interchange/Assets/Content/Functions/MX_SheenBSDF.uasset" 1427
"../../../Engine/Plugins/Interchange/Assets/Content/Functions/MX_SheenBSDF.uexp" 1428
"../../../Engine/Plugins/Interchange/Assets/Content/gltf/MaterialInstances/MI_SpecularGlossiness_Blend_DS.uasset" 1429
"../../../Engine/Plugins/Interchange/Assets/Content/gltf/MaterialInstances/MI_SpecularGlossiness_Blend_DS.uexp" 1430
"../../../Engine/Plugins/Interchange/Assets/Content/Functions/MX_SubsurfaceBSDF.uasset" 1431
"../../../Engine/Plugins/Interchange/Assets/Content/Functions/MX_SubsurfaceBSDF.uexp" 1432
"../../../Engine/Plugins/Interchange/Assets/Content/Functions/MX_Surface.uasset" 1433
"../../../Engine/Plugins/Interchange/Assets/Content/Functions/MX_Surface.uexp" 1434
"../../../Engine/Plugins/Interchange/Assets/Content/Functions/MX_SurfaceUnlit.uasset" 1435
"../../../Engine/Plugins/Interchange/Assets/Content/Functions/MX_SurfaceUnlit.uexp" 1436
"../../../Engine/Content/ArtTools/RenderToTexture/Meshes/S_1_Unit_Plane.ubulk" 1437
"../../../Engine/Content/ArtTools/RenderToTexture/Meshes/S_1_Unit_Plane.uasset" 1438
"../../../Engine/Content/ArtTools/RenderToTexture/Meshes/S_1_Unit_Plane.uexp" 1439
"C:/Users/mikel/Downloads/Paranoia/Content/Bryans-Models/Models/Doors/Interior_Basement_Door.ubulk" 1440
"C:/Users/mikel/Downloads/Paranoia/Content/Bryans-Models/Models/Doors/Interior_Basement_Door.uasset" 1441
"C:/Users/mikel/Downloads/Paranoia/Content/Bryans-Models/Models/Doors/Interior_Basement_Door.uexp" 1442
"C:/Users/mikel/Downloads/Paranoia/Content/Bryans-Models/Basement_Door/BP_Basement_Door.uasset" 1443
"C:/Users/mikel/Downloads/Paranoia/Content/Bryans-Models/Basement_Door/BP_Basement_Door.uexp" 1444
"C:/Users/mikel/Downloads/Paranoia/Content/Serv_Work/Cardboard_Boxes/Cardboard_Boxes_standardSurface1_BaseColor.ubulk" 1445
"C:/Users/mikel/Downloads/Paranoia/Content/Serv_Work/Cardboard_Boxes/Cardboard_Boxes_standardSurface1_BaseColor.uasset" 1446
"C:/Users/mikel/Downloads/Paranoia/Content/Serv_Work/Cardboard_Boxes/Cardboard_Boxes_standardSurface1_BaseColor.uexp" 1447
"C:/Users/mikel/Downloads/Paranoia/Content/Serv_Work/Cardboard_Boxes/Cardboard_Boxes_standardSurface1_Emissive.ubulk" 1448
"C:/Users/mikel/Downloads/Paranoia/Content/Serv_Work/Cardboard_Boxes/Cardboard_Boxes_standardSurface1_Emissive.uasset" 1449
"C:/Users/mikel/Downloads/Paranoia/Content/Serv_Work/Cardboard_Boxes/Cardboard_Boxes_standardSurface1_Emissive.uexp" 1450
"C:/Users/mikel/Downloads/Paranoia/Content/Serv_Work/Cardboard_Boxes/Cardboard_Boxes_standardSurface1_Normal.ubulk" 1451
"C:/Users/mikel/Downloads/Paranoia/Content/Serv_Work/Cardboard_Boxes/Cardboard_Boxes_standardSurface1_Normal.uasset" 1452
"C:/Users/mikel/Downloads/Paranoia/Content/Serv_Work/Cardboard_Boxes/Cardboard_Boxes_standardSurface1_Normal.uexp" 1453
"C:/Users/mikel/Downloads/Paranoia/Content/Serv_Work/Cardboard_Boxes/Cardboard_Boxes_standardSurface1_OcclusionRoughnessMetallic.ubulk" 1454
"C:/Users/mikel/Downloads/Paranoia/Content/Serv_Work/Cardboard_Boxes/Cardboard_Boxes_standardSurface1_OcclusionRoughnessMetallic.uasset" 1455
"C:/Users/mikel/Downloads/Paranoia/Content/Serv_Work/Cardboard_Boxes/Cardboard_Boxes_standardSurface1_OcclusionRoughnessMetallic.uexp" 1456
"C:/Users/mikel/Downloads/Paranoia/Content/Serv_Work/Cardboard_Boxes/CardboardBoxes_Mat.uasset" 1457
"C:/Users/mikel/Downloads/Paranoia/Content/Serv_Work/Cardboard_Boxes/CardboardBoxes_Mat.uexp" 1458
"C:/Users/mikel/Downloads/Paranoia/Content/Serv_Work/Cardboard_Boxes/Cardboard_Box_Closed.ubulk" 1459
"C:/Users/mikel/Downloads/Paranoia/Content/Serv_Work/Cardboard_Boxes/Cardboard_Box_Closed.uasset" 1460
"C:/Users/mikel/Downloads/Paranoia/Content/Serv_Work/Cardboard_Boxes/Cardboard_Box_Closed.uexp" 1461
"C:/Users/mikel/Downloads/Paranoia/Content/Serv_Work/Sink/Sink_Sink1_BaseColor.ubulk" 1462
"C:/Users/mikel/Downloads/Paranoia/Content/Serv_Work/Sink/Sink_Sink1_BaseColor.uasset" 1463
"C:/Users/mikel/Downloads/Paranoia/Content/Serv_Work/Sink/Sink_Sink1_BaseColor.uexp" 1464
"C:/Users/mikel/Downloads/Paranoia/Content/Serv_Work/Sink/Sink_Sink1_Emissive.ubulk" 1465
"C:/Users/mikel/Downloads/Paranoia/Content/Serv_Work/Sink/Sink_Sink1_Emissive.uasset" 1466
"C:/Users/mikel/Downloads/Paranoia/Content/Serv_Work/Sink/Sink_Sink1_Emissive.uexp" 1467
"C:/Users/mikel/Downloads/Paranoia/Content/Serv_Work/Sink/Sink_Sink1_Normal.ubulk" 1468
"C:/Users/mikel/Downloads/Paranoia/Content/Serv_Work/Sink/Sink_Sink1_Normal.uasset" 1469
"C:/Users/mikel/Downloads/Paranoia/Content/Serv_Work/Sink/Sink_Sink1_Normal.uexp" 1470
"C:/Users/mikel/Downloads/Paranoia/Content/Serv_Work/Sink/Sink_Sink1_OcclusionRoughnessMetallic.ubulk" 1471
"C:/Users/mikel/Downloads/Paranoia/Content/Serv_Work/Sink/Sink_Sink1_OcclusionRoughnessMetallic.uasset" 1472
"C:/Users/mikel/Downloads/Paranoia/Content/Serv_Work/Sink/Sink_Sink1_OcclusionRoughnessMetallic.uexp" 1473
"C:/Users/mikel/Downloads/Paranoia/Content/Serv_Work/Sink/Sink_Mat.uasset" 1474
"C:/Users/mikel/Downloads/Paranoia/Content/Serv_Work/Sink/Sink_Mat.uexp" 1475
"C:/Users/mikel/Downloads/Paranoia/Content/Serv_Work/Cardboard_Boxes/Cardboard_Box_Open.ubulk" 1476
"C:/Users/mikel/Downloads/Paranoia/Content/Serv_Work/Cardboard_Boxes/Cardboard_Box_Open.uasset" 1477
"C:/Users/mikel/Downloads/Paranoia/Content/Serv_Work/Cardboard_Boxes/Cardboard_Box_Open.uexp" 1478
"../../../Engine/Content/EditorMaterials/Dataflow/DataflowTwoSidedVertexMaterial.uasset" 1479
"../../../Engine/Content/EditorMaterials/Dataflow/DataflowTwoSidedVertexMaterial.uexp" 1480
"../../../Engine/Content/EditorMaterials/Dataflow/DataflowVertexMaterial.uasset" 1481
"../../../Engine/Content/EditorMaterials/Dataflow/DataflowVertexMaterial.uexp" 1482
"../../../Engine/Content/EngineMaterials/Substrate/GLints/AGlintTex2dArray.uasset" 1483
"../../../Engine/Content/EngineMaterials/Substrate/GLints/AGlintTex2dArray.uexp" 1484
"C:/Users/mikel/Downloads/Paranoia/Content/Serv_Work/Cardboard_Boxes/Cardboard_Box_Small.ubulk" 1485
"C:/Users/mikel/Downloads/Paranoia/Content/Serv_Work/Cardboard_Boxes/Cardboard_Box_Small.uasset" 1486
"C:/Users/mikel/Downloads/Paranoia/Content/Serv_Work/Cardboard_Boxes/Cardboard_Box_Small.uexp" 1487
"C:/Users/mikel/Downloads/Paranoia/Content/Serv_Work/Ceiling_Fan/ceiling_fan_ceiling_fan_BaseColor.ubulk" 1488
"C:/Users/mikel/Downloads/Paranoia/Content/Serv_Work/Ceiling_Fan/ceiling_fan_ceiling_fan_BaseColor.uasset" 1489
"C:/Users/mikel/Downloads/Paranoia/Content/Serv_Work/Ceiling_Fan/ceiling_fan_ceiling_fan_BaseColor.uexp" 1490
"C:/Users/mikel/Downloads/Paranoia/Content/Serv_Work/Ceiling_Fan/ceiling_fan_ceiling_fan_Emissive.ubulk" 1491
"C:/Users/mikel/Downloads/Paranoia/Content/Serv_Work/Ceiling_Fan/ceiling_fan_ceiling_fan_Emissive.uasset" 1492
"C:/Users/mikel/Downloads/Paranoia/Content/Serv_Work/Ceiling_Fan/ceiling_fan_ceiling_fan_Emissive.uexp" 1493
"C:/Users/mikel/Downloads/Paranoia/Content/Serv_Work/Ceiling_Fan/ceiling_fan_ceiling_fan_Normal.ubulk" 1494
"C:/Users/mikel/Downloads/Paranoia/Content/Serv_Work/Ceiling_Fan/ceiling_fan_ceiling_fan_Normal.uasset" 1495
"C:/Users/mikel/Downloads/Paranoia/Content/Serv_Work/Ceiling_Fan/ceiling_fan_ceiling_fan_Normal.uexp" 1496
"C:/Users/mikel/Downloads/Paranoia/Content/Serv_Work/Ceiling_Fan/ceiling_fan_ceiling_fan_OcclusionRoughnessMetallic.ubulk" 1497
"C:/Users/mikel/Downloads/Paranoia/Content/Serv_Work/Ceiling_Fan/ceiling_fan_ceiling_fan_OcclusionRoughnessMetallic.uasset" 1498
"C:/Users/mikel/Downloads/Paranoia/Content/Serv_Work/Ceiling_Fan/ceiling_fan_ceiling_fan_OcclusionRoughnessMetallic.uexp" 1499
"C:/Users/mikel/Downloads/Paranoia/Content/Serv_Work/Ceiling_Fan/Ceiling_Fan_Mat.uasset" 1500
"C:/Users/mikel/Downloads/Paranoia/Content/Serv_Work/Ceiling_Fan/Ceiling_Fan_Mat.uexp" 1501
"C:/Users/mikel/Downloads/Paranoia/Content/Serv_Work/Ceiling_Fan/ceiling_fan.ubulk" 1502
"C:/Users/mikel/Downloads/Paranoia/Content/Serv_Work/Ceiling_Fan/ceiling_fan.uasset" 1503
"C:/Users/mikel/Downloads/Paranoia/Content/Serv_Work/Ceiling_Fan/ceiling_fan.uexp" 1504
"C:/Users/mikel/Downloads/Paranoia/Content/NatesWork/Extra/Brown.uasset" 1505
"C:/Users/mikel/Downloads/Paranoia/Content/NatesWork/Extra/Brown.uexp" 1506
"C:/Users/mikel/Downloads/Paranoia/Content/NatesWork/Extra/pCube150.ubulk" 1507
"C:/Users/mikel/Downloads/Paranoia/Content/NatesWork/Extra/pCube150.uasset" 1508
"C:/Users/mikel/Downloads/Paranoia/Content/NatesWork/Extra/pCube150.uexp" 1509
"C:/Users/mikel/Downloads/Paranoia/Content/NatesWork/Extra/pCube151.ubulk" 1510
"C:/Users/mikel/Downloads/Paranoia/Content/NatesWork/Extra/pCube151.uasset" 1511
"C:/Users/mikel/Downloads/Paranoia/Content/NatesWork/Extra/pCube151.uexp" 1512
"C:/Users/mikel/Downloads/Paranoia/Content/NatesWork/Extra/pCube152.ubulk" 1513
"C:/Users/mikel/Downloads/Paranoia/Content/NatesWork/Extra/pCube152.uasset" 1514
"C:/Users/mikel/Downloads/Paranoia/Content/NatesWork/Extra/pCube152.uexp" 1515
"C:/Users/mikel/Downloads/Paranoia/Content/NatesWork/Extra/pCube153.ubulk" 1516
"C:/Users/mikel/Downloads/Paranoia/Content/NatesWork/Extra/pCube153.uasset" 1517
"C:/Users/mikel/Downloads/Paranoia/Content/NatesWork/Extra/pCube153.uexp" 1518
"C:/Users/mikel/Downloads/Paranoia/Content/NatesWork/Extra/pCube154.ubulk" 1519
"C:/Users/mikel/Downloads/Paranoia/Content/NatesWork/Extra/pCube154.uasset" 1520
"C:/Users/mikel/Downloads/Paranoia/Content/NatesWork/Extra/pCube154.uexp" 1521
"C:/Users/mikel/Downloads/Paranoia/Content/NatesWork/Extra/pCube155.ubulk" 1522
"C:/Users/mikel/Downloads/Paranoia/Content/NatesWork/Extra/pCube155.uasset" 1523
"C:/Users/mikel/Downloads/Paranoia/Content/NatesWork/Extra/pCube155.uexp" 1524
"C:/Users/mikel/Downloads/Paranoia/Content/NatesWork/Extra/pCube156.ubulk" 1525
"C:/Users/mikel/Downloads/Paranoia/Content/NatesWork/Extra/pCube156.uasset" 1526
"C:/Users/mikel/Downloads/Paranoia/Content/NatesWork/Extra/pCube156.uexp" 1527
"C:/Users/mikel/Downloads/Paranoia/Content/NatesWork/Extra/pCube157.ubulk" 1528
"C:/Users/mikel/Downloads/Paranoia/Content/NatesWork/Extra/pCube157.uasset" 1529
"C:/Users/mikel/Downloads/Paranoia/Content/NatesWork/Extra/pCube157.uexp" 1530
"C:/Users/mikel/Downloads/Paranoia/Content/NatesWork/Extra/pCube158.ubulk" 1531
"C:/Users/mikel/Downloads/Paranoia/Content/NatesWork/Extra/pCube158.uasset" 1532
"C:/Users/mikel/Downloads/Paranoia/Content/NatesWork/Extra/pCube158.uexp" 1533
"C:/Users/mikel/Downloads/Paranoia/Content/NatesWork/Extra/pCube159.ubulk" 1534
"C:/Users/mikel/Downloads/Paranoia/Content/NatesWork/Extra/pCube159.uasset" 1535
"C:/Users/mikel/Downloads/Paranoia/Content/NatesWork/Extra/pCube159.uexp" 1536
"C:/Users/mikel/Downloads/Paranoia/Content/NatesWork/Extra/pCube160.ubulk" 1537
"C:/Users/mikel/Downloads/Paranoia/Content/NatesWork/Extra/pCube160.uasset" 1538
"C:/Users/mikel/Downloads/Paranoia/Content/NatesWork/Extra/pCube160.uexp" 1539
"C:/Users/mikel/Downloads/Paranoia/Content/NatesWork/Extra/pCube161.ubulk" 1540
"C:/Users/mikel/Downloads/Paranoia/Content/NatesWork/Extra/pCube161.uasset" 1541
"C:/Users/mikel/Downloads/Paranoia/Content/NatesWork/Extra/pCube161.uexp" 1542
"C:/Users/mikel/Downloads/Paranoia/Content/NatesWork/Extra/pCube162.ubulk" 1543
"C:/Users/mikel/Downloads/Paranoia/Content/NatesWork/Extra/pCube162.uasset" 1544
"C:/Users/mikel/Downloads/Paranoia/Content/NatesWork/Extra/pCube162.uexp" 1545
"C:/Users/mikel/Downloads/Paranoia/Content/NatesWork/Extra/pCube163.ubulk" 1546
"C:/Users/mikel/Downloads/Paranoia/Content/NatesWork/Extra/pCube163.uasset" 1547
"C:/Users/mikel/Downloads/Paranoia/Content/NatesWork/Extra/pCube163.uexp" 1548
"C:/Users/mikel/Downloads/Paranoia/Content/NatesWork/Extra/pCube164.ubulk" 1549
"C:/Users/mikel/Downloads/Paranoia/Content/NatesWork/Extra/pCube164.uasset" 1550
"C:/Users/mikel/Downloads/Paranoia/Content/NatesWork/Extra/pCube164.uexp" 1551
"C:/Users/mikel/Downloads/Paranoia/Content/NatesWork/Extra/pCube165.ubulk" 1552
"C:/Users/mikel/Downloads/Paranoia/Content/NatesWork/Extra/pCube165.uasset" 1553
"C:/Users/mikel/Downloads/Paranoia/Content/NatesWork/Extra/pCube165.uexp" 1554
"C:/Users/mikel/Downloads/Paranoia/Content/NatesWork/Extra/pCube166.ubulk" 1555
"C:/Users/mikel/Downloads/Paranoia/Content/NatesWork/Extra/pCube166.uasset" 1556
"C:/Users/mikel/Downloads/Paranoia/Content/NatesWork/Extra/pCube166.uexp" 1557
"C:/Users/mikel/Downloads/Paranoia/Content/Joshs_Stuff/Textures/Creepy_Statue_Textures/CreepyStatue_CreepyStatue_Mat_BaseColor.ubulk" 1558
"C:/Users/mikel/Downloads/Paranoia/Content/Joshs_Stuff/Textures/Creepy_Statue_Textures/CreepyStatue_CreepyStatue_Mat_BaseColor.uasset" 1559
"C:/Users/mikel/Downloads/Paranoia/Content/Joshs_Stuff/Textures/Creepy_Statue_Textures/CreepyStatue_CreepyStatue_Mat_BaseColor.uexp" 1560
"C:/Users/mikel/Downloads/Paranoia/Content/Joshs_Stuff/Textures/Creepy_Statue_Textures/CreepyStatue_CreepyStatue_Mat_OcclusionRoughnessMetallic.ubulk" 1561
"C:/Users/mikel/Downloads/Paranoia/Content/Joshs_Stuff/Textures/Creepy_Statue_Textures/CreepyStatue_CreepyStatue_Mat_OcclusionRoughnessMetallic.uasset" 1562
"C:/Users/mikel/Downloads/Paranoia/Content/Joshs_Stuff/Textures/Creepy_Statue_Textures/CreepyStatue_CreepyStatue_Mat_OcclusionRoughnessMetallic.uexp" 1563
"C:/Users/mikel/Downloads/Paranoia/Content/Joshs_Stuff/Textures/Creepy_Statue_Textures/CreepyStatue_Mat.uasset" 1564
"C:/Users/mikel/Downloads/Paranoia/Content/Joshs_Stuff/Textures/Creepy_Statue_Textures/CreepyStatue_Mat.uexp" 1565
"C:/Users/mikel/Downloads/Paranoia/Content/Joshs_Stuff/Models/CreepyStatue.ubulk" 1566
"C:/Users/mikel/Downloads/Paranoia/Content/Joshs_Stuff/Models/CreepyStatue.uasset" 1567
"C:/Users/mikel/Downloads/Paranoia/Content/Joshs_Stuff/Models/CreepyStatue.uexp" 1568
"C:/Users/mikel/Downloads/Paranoia/Content/Serv_Work/JumpscareStuff/ATT_Statue_Ambience.uasset" 1569
"C:/Users/mikel/Downloads/Paranoia/Content/Serv_Work/JumpscareStuff/ATT_Statue_Ambience.uexp" 1570
"C:/Users/mikel/Downloads/Paranoia/Content/Serv_Work/JumpscareStuff/CreepyAmbiance.ubulk" 1571
"C:/Users/mikel/Downloads/Paranoia/Content/Serv_Work/JumpscareStuff/CreepyAmbiance.uasset" 1572
"C:/Users/mikel/Downloads/Paranoia/Content/Serv_Work/JumpscareStuff/CreepyAmbiance.uexp" 1573
"C:/Users/mikel/Downloads/Paranoia/Content/Serv_Work/JumpscareStuff/Jumpscare_Sound.ubulk" 1574
"C:/Users/mikel/Downloads/Paranoia/Content/Serv_Work/JumpscareStuff/Jumpscare_Sound.uasset" 1575
"C:/Users/mikel/Downloads/Paranoia/Content/Serv_Work/JumpscareStuff/Jumpscare_Sound.uexp" 1576
"C:/Users/mikel/Downloads/Paranoia/Content/Serv_Work/JumpscareStuff/creepystatuepixalated.uasset" 1577
"C:/Users/mikel/Downloads/Paranoia/Content/Serv_Work/JumpscareStuff/creepystatuepixalated.uexp" 1578
"C:/Users/mikel/Downloads/Paranoia/Content/Serv_Work/JumpscareStuff/WBP_Jumpscare.uasset" 1579
"C:/Users/mikel/Downloads/Paranoia/Content/Serv_Work/JumpscareStuff/WBP_Jumpscare.uexp" 1580
"C:/Users/mikel/Downloads/Paranoia/Content/Serv_Work/JumpscareStuff/BP_CreepyStatue.uasset" 1581
"C:/Users/mikel/Downloads/Paranoia/Content/Serv_Work/JumpscareStuff/BP_CreepyStatue.uexp" 1582
"C:/Users/mikel/Downloads/Paranoia/Content/NatesWork/Extra/pCube167.ubulk" 1583
"C:/Users/mikel/Downloads/Paranoia/Content/NatesWork/Extra/pCube167.uasset" 1584
"C:/Users/mikel/Downloads/Paranoia/Content/NatesWork/Extra/pCube167.uexp" 1585
"C:/Users/mikel/Downloads/Paranoia/Content/NatesWork/Extra/pCube168.ubulk" 1586
"C:/Users/mikel/Downloads/Paranoia/Content/NatesWork/Extra/pCube168.uasset" 1587
"C:/Users/mikel/Downloads/Paranoia/Content/NatesWork/Extra/pCube168.uexp" 1588
"C:/Users/mikel/Downloads/Paranoia/Content/NatesWork/Extra/Path.uasset" 1589
"C:/Users/mikel/Downloads/Paranoia/Content/NatesWork/Extra/Path.uexp" 1590
"C:/Users/mikel/Downloads/Paranoia/Content/NatesWork/Extra/pPlane2.ubulk" 1591
"C:/Users/mikel/Downloads/Paranoia/Content/NatesWork/Extra/pPlane2.uasset" 1592
"C:/Users/mikel/Downloads/Paranoia/Content/NatesWork/Extra/pPlane2.uexp" 1593
"C:/Users/mikel/Downloads/Paranoia/Content/NatesWork/Extra/pCube169.ubulk" 1594
"C:/Users/mikel/Downloads/Paranoia/Content/NatesWork/Extra/pCube169.uasset" 1595
"C:/Users/mikel/Downloads/Paranoia/Content/NatesWork/Extra/pCube169.uexp" 1596
"C:/Users/mikel/Downloads/Paranoia/Content/NatesWork/Extra/pPlane3.ubulk" 1597
"C:/Users/mikel/Downloads/Paranoia/Content/NatesWork/Extra/pPlane3.uasset" 1598
"C:/Users/mikel/Downloads/Paranoia/Content/NatesWork/Extra/pPlane3.uexp" 1599
"C:/Users/mikel/Downloads/Paranoia/Content/Serv_Work/Lamp/Lamp_Lamp_BaseColor.ubulk" 1600
"C:/Users/mikel/Downloads/Paranoia/Content/Serv_Work/Lamp/Lamp_Lamp_BaseColor.uasset" 1601
"C:/Users/mikel/Downloads/Paranoia/Content/Serv_Work/Lamp/Lamp_Lamp_BaseColor.uexp" 1602
"C:/Users/mikel/Downloads/Paranoia/Content/Serv_Work/Lamp/Lamp_Lamp_Emissive.ubulk" 1603
"C:/Users/mikel/Downloads/Paranoia/Content/Serv_Work/Lamp/Lamp_Lamp_Emissive.uasset" 1604
"C:/Users/mikel/Downloads/Paranoia/Content/Serv_Work/Lamp/Lamp_Lamp_Emissive.uexp" 1605
"C:/Users/mikel/Downloads/Paranoia/Content/Serv_Work/Lamp/Lamp_Lamp_Normal.ubulk" 1606
"C:/Users/mikel/Downloads/Paranoia/Content/Serv_Work/Lamp/Lamp_Lamp_Normal.uasset" 1607
"C:/Users/mikel/Downloads/Paranoia/Content/Serv_Work/Lamp/Lamp_Lamp_Normal.uexp" 1608
"C:/Users/mikel/Downloads/Paranoia/Content/Serv_Work/Lamp/Lamp_Lamp_OcclusionRoughnessMetallic.ubulk" 1609
"C:/Users/mikel/Downloads/Paranoia/Content/Serv_Work/Lamp/Lamp_Lamp_OcclusionRoughnessMetallic.uasset" 1610
"C:/Users/mikel/Downloads/Paranoia/Content/Serv_Work/Lamp/Lamp_Lamp_OcclusionRoughnessMetallic.uexp" 1611
"C:/Users/mikel/Downloads/Paranoia/Content/Serv_Work/Lamp/Lamp_Mat.uasset" 1612
"C:/Users/mikel/Downloads/Paranoia/Content/Serv_Work/Lamp/Lamp_Mat.uexp" 1613
"C:/Users/mikel/Downloads/Paranoia/Content/Serv_Work/Lamp/Lamp.ubulk" 1614
"C:/Users/mikel/Downloads/Paranoia/Content/Serv_Work/Lamp/Lamp.uasset" 1615
"C:/Users/mikel/Downloads/Paranoia/Content/Serv_Work/Lamp/Lamp.uexp" 1616
"../../../Engine/Plugins/Interchange/Assets/Content/gltf/MaterialInstances/MI_SpecularGlossiness_Mask.uasset" 1617
"../../../Engine/Plugins/Interchange/Assets/Content/gltf/MaterialInstances/MI_SpecularGlossiness_Mask.uexp" 1618
"../../../Engine/Plugins/Interchange/Assets/Content/gltf/MaterialInstances/MI_SpecularGlossiness_Mask_DS.uasset" 1619
"../../../Engine/Plugins/Interchange/Assets/Content/gltf/MaterialInstances/MI_SpecularGlossiness_Mask_DS.uexp" 1620
"../../../Engine/Plugins/Interchange/Assets/Content/gltf/MaterialInstances/MI_SpecularGlossiness_Opaque.uasset" 1621
"../../../Engine/Plugins/Interchange/Assets/Content/gltf/MaterialInstances/MI_SpecularGlossiness_Opaque.uexp" 1622
"../../../Engine/Plugins/Interchange/Assets/Content/gltf/MaterialInstances/MI_SpecularGlossiness_Opaque_DS.uasset" 1623
"../../../Engine/Plugins/Interchange/Assets/Content/gltf/MaterialInstances/MI_SpecularGlossiness_Opaque_DS.uexp" 1624
"../../../Engine/Content/EngineMaterials/Good64x64TilingNoiseHighFreq.uasset" 1625
"../../../Engine/Content/EngineMaterials/Good64x64TilingNoiseHighFreq.uexp" 1626
"../../../Engine/Content/Functions/Engine_MaterialFunctions02/Texturing/ScreenAlignedPixelToPixelUVs.uasset" 1627
"../../../Engine/Content/Functions/Engine_MaterialFunctions02/Texturing/ScreenAlignedPixelToPixelUVs.uexp" 1628
"../../../Engine/Plugins/Interchange/Assets/Content/gltf/MaterialFunctions/MF_Fresnel_DS.uasset" 1629
"../../../Engine/Plugins/Interchange/Assets/Content/gltf/MaterialFunctions/MF_Fresnel_DS.uexp" 1630
"../../../Engine/Plugins/Interchange/Assets/Content/gltf/MaterialFunctions/MF_Temporal_Blur.uasset" 1631
"../../../Engine/Plugins/Interchange/Assets/Content/gltf/MaterialFunctions/MF_Temporal_Blur.uexp" 1632
"../../../Engine/Plugins/Interchange/Assets/Content/gltf/MaterialFunctions/MF_Transmission.uasset" 1633
"../../../Engine/Plugins/Interchange/Assets/Content/gltf/MaterialFunctions/MF_Transmission.uexp" 1634
"../../../Engine/Plugins/Interchange/Assets/Content/gltf/MaterialBodies/MF_Transmission_Body.uasset" 1635
"../../../Engine/Plugins/Interchange/Assets/Content/gltf/MaterialBodies/MF_Transmission_Body.uexp" 1636
"../../../Engine/Plugins/Interchange/Assets/Content/gltf/M_Transmission.uasset" 1637
"../../../Engine/Plugins/Interchange/Assets/Content/gltf/M_Transmission.uexp" 1638
"../../../Engine/Plugins/Interchange/Assets/Content/gltf/MaterialInstances/MI_Transmission.uasset" 1639
"../../../Engine/Plugins/Interchange/Assets/Content/gltf/MaterialInstances/MI_Transmission.uexp" 1640
"../../../Engine/Plugins/Interchange/Assets/Content/gltf/MaterialInstances/MI_Transmission_DS.uasset" 1641
"../../../Engine/Plugins/Interchange/Assets/Content/gltf/MaterialInstances/MI_Transmission_DS.uexp" 1642
"../../../Engine/Plugins/Interchange/Assets/Content/gltf/MaterialBodies/MF_Unlit_Body.uasset" 1643
"../../../Engine/Plugins/Interchange/Assets/Content/gltf/MaterialBodies/MF_Unlit_Body.uexp" 1644
"../../../Engine/Plugins/Interchange/Assets/Content/gltf/M_Unlit.uasset" 1645
"../../../Engine/Plugins/Interchange/Assets/Content/gltf/M_Unlit.uexp" 1646
"../../../Engine/Plugins/Interchange/Assets/Content/gltf/MaterialInstances/MI_Unlit_Blend.uasset" 1647
"../../../Engine/Plugins/Interchange/Assets/Content/gltf/MaterialInstances/MI_Unlit_Blend.uexp" 1648
"../../../Engine/Plugins/Interchange/Assets/Content/gltf/MaterialInstances/MI_Unlit_Blend_DS.uasset" 1649
"../../../Engine/Plugins/Interchange/Assets/Content/gltf/MaterialInstances/MI_Unlit_Blend_DS.uexp" 1650
"../../../Engine/Plugins/Interchange/Assets/Content/gltf/MaterialInstances/MI_Unlit_Mask.uasset" 1651
"../../../Engine/Plugins/Interchange/Assets/Content/gltf/MaterialInstances/MI_Unlit_Mask.uexp" 1652
"../../../Engine/Plugins/Interchange/Assets/Content/gltf/MaterialInstances/MI_Unlit_Mask_DS.uasset" 1653
"../../../Engine/Plugins/Interchange/Assets/Content/gltf/MaterialInstances/MI_Unlit_Mask_DS.uexp" 1654
"../../../Engine/Plugins/Interchange/Assets/Content/gltf/MaterialInstances/MI_Unlit_Opaque.uasset" 1655
"../../../Engine/Plugins/Interchange/Assets/Content/gltf/MaterialInstances/MI_Unlit_Opaque.uexp" 1656
"../../../Engine/Plugins/Interchange/Assets/Content/gltf/MaterialInstances/MI_Unlit_Opaque_DS.uasset" 1657
"../../../Engine/Plugins/Interchange/Assets/Content/gltf/MaterialInstances/MI_Unlit_Opaque_DS.uexp" 1658
"../../../Engine/Content/EngineMaterials/Substrate/Glints2/AGlintTex2dArray2.uasset" 1659
"../../../Engine/Content/EngineMaterials/Substrate/Glints2/AGlintTex2dArray2.uexp" 1660
"C:/Users/mikel/Downloads/Paranoia/Content/Assets/SFX_and_Audio/Footsteps/PM_Wood.uasset" 1661
"C:/Users/mikel/Downloads/Paranoia/Content/Assets/SFX_and_Audio/Footsteps/PM_Wood.uexp" 1662
"C:/Users/mikel/Downloads/Paranoia/Content/Serv_Work/Sawmill/Sawmill_Sawmill3_BaseColor.ubulk" 1663
"C:/Users/mikel/Downloads/Paranoia/Content/Serv_Work/Sawmill/Sawmill_Sawmill3_BaseColor.uasset" 1664
"C:/Users/mikel/Downloads/Paranoia/Content/Serv_Work/Sawmill/Sawmill_Sawmill3_BaseColor.uexp" 1665
"C:/Users/mikel/Downloads/Paranoia/Content/Serv_Work/Sawmill/Sawmill_Sawmill3_Normal.ubulk" 1666
"C:/Users/mikel/Downloads/Paranoia/Content/Serv_Work/Sawmill/Sawmill_Sawmill3_Normal.uasset" 1667
"C:/Users/mikel/Downloads/Paranoia/Content/Serv_Work/Sawmill/Sawmill_Sawmill3_Normal.uexp" 1668
"C:/Users/mikel/Downloads/Paranoia/Content/Serv_Work/Sawmill/Sawmill_Sawmill3_OcclusionRoughnessMetallic.ubulk" 1669
"C:/Users/mikel/Downloads/Paranoia/Content/Serv_Work/Sawmill/Sawmill_Sawmill3_OcclusionRoughnessMetallic.uasset" 1670
"C:/Users/mikel/Downloads/Paranoia/Content/Serv_Work/Sawmill/Sawmill_Sawmill3_OcclusionRoughnessMetallic.uexp" 1671
"C:/Users/mikel/Downloads/Paranoia/Content/Serv_Work/Sawmill/Sawmill_Mat.uasset" 1672
"C:/Users/mikel/Downloads/Paranoia/Content/Serv_Work/Sawmill/Sawmill_Mat.uexp" 1673
"C:/Users/mikel/Downloads/Paranoia/Content/Serv_Work/Sawmill/Sawmill.ubulk" 1674
"C:/Users/mikel/Downloads/Paranoia/Content/Serv_Work/Sawmill/Sawmill.uasset" 1675
"C:/Users/mikel/Downloads/Paranoia/Content/Serv_Work/Sawmill/Sawmill.uexp" 1676
"C:/Users/mikel/Downloads/Paranoia/Content/Joshs_Stuff/Textures/PrototypeUV1_PrototypeUVMat_1_BaseColor.ubulk" 1677
"C:/Users/mikel/Downloads/Paranoia/Content/Joshs_Stuff/Textures/PrototypeUV1_PrototypeUVMat_1_BaseColor.uasset" 1678
"C:/Users/mikel/Downloads/Paranoia/Content/Joshs_Stuff/Textures/PrototypeUV1_PrototypeUVMat_1_BaseColor.uexp" 1679
"C:/Users/mikel/Downloads/Paranoia/Content/Joshs_Stuff/Textures/PrototypeUV1_PrototypeUVMat_1_Normal.ubulk" 1680
"C:/Users/mikel/Downloads/Paranoia/Content/Joshs_Stuff/Textures/PrototypeUV1_PrototypeUVMat_1_Normal.uasset" 1681
"C:/Users/mikel/Downloads/Paranoia/Content/Joshs_Stuff/Textures/PrototypeUV1_PrototypeUVMat_1_Normal.uexp" 1682
"C:/Users/mikel/Downloads/Paranoia/Content/Joshs_Stuff/Textures/PrototypeUV1_PrototypeUVMat_1_OcclusionRoughnessMetallic.ubulk" 1683
"C:/Users/mikel/Downloads/Paranoia/Content/Joshs_Stuff/Textures/PrototypeUV1_PrototypeUVMat_1_OcclusionRoughnessMetallic.uasset" 1684
"C:/Users/mikel/Downloads/Paranoia/Content/Joshs_Stuff/Textures/PrototypeUV1_PrototypeUVMat_1_OcclusionRoughnessMetallic.uexp" 1685
"C:/Users/mikel/Downloads/Paranoia/Content/Joshs_Stuff/Mats/FrideOvenMAT.uasset" 1686
"C:/Users/mikel/Downloads/Paranoia/Content/Joshs_Stuff/Mats/FrideOvenMAT.uexp" 1687
"C:/Users/mikel/Downloads/Paranoia/Content/Joshs_Stuff/Models/Fridge_Combined.ubulk" 1688
"C:/Users/mikel/Downloads/Paranoia/Content/Joshs_Stuff/Models/Fridge_Combined.uasset" 1689
"C:/Users/mikel/Downloads/Paranoia/Content/Joshs_Stuff/Models/Fridge_Combined.uexp" 1690
"C:/Users/mikel/Downloads/Paranoia/Content/Joshs_Stuff/Models/Oven_Combined.ubulk" 1691
"C:/Users/mikel/Downloads/Paranoia/Content/Joshs_Stuff/Models/Oven_Combined.uasset" 1692
"C:/Users/mikel/Downloads/Paranoia/Content/Joshs_Stuff/Models/Oven_Combined.uexp" 1693
"C:/Users/mikel/Downloads/Paranoia/Content/NatesWork/Blueprints/BP_DayNightCycle.uasset" 1694
"C:/Users/mikel/Downloads/Paranoia/Content/NatesWork/Blueprints/BP_DayNightCycle.uexp" 1695
"C:/Users/mikel/Downloads/Paranoia/Content/NatesWork/Extra/Compost.ubulk" 1696
"C:/Users/mikel/Downloads/Paranoia/Content/NatesWork/Extra/Compost.uasset" 1697
"C:/Users/mikel/Downloads/Paranoia/Content/NatesWork/Extra/Compost.uexp" 1698
"../../../Engine/Content/Functions/Engine_MaterialFunctions01/Shading/ConvertFromDiffSpec.uasset" 1699
"../../../Engine/Content/Functions/Engine_MaterialFunctions01/Shading/ConvertFromDiffSpec.uexp" 1700
"../../../Engine/Content/Functions/Engine_MaterialFunctions01/Shading/PowerToRoughness.uasset" 1701
"../../../Engine/Content/Functions/Engine_MaterialFunctions01/Shading/PowerToRoughness.uexp" 1702
"../../../Engine/Content/EngineMaterials/Substrate/Volume/SubstrateSimpleVolumeEnvLUT3D.uasset" 1703
"../../../Engine/Content/EngineMaterials/Substrate/Volume/SubstrateSimpleVolumeEnvLUT3D.uexp" 1704
"../../../Engine/Content/EngineMaterials/Substrate/Volume/SubstrateSimpleVolumeLUT3D.uasset" 1705
"../../../Engine/Content/EngineMaterials/Substrate/Volume/SubstrateSimpleVolumeLUT3D.uexp" 1706
"C:/Users/mikel/Downloads/Paranoia/Content/Bryans-Models/Models/Mats/Glass_Mat/Glass-Attic/Roof-Walls_Roof_and_Attic_mat_BaseColor.ubulk" 1707
"C:/Users/mikel/Downloads/Paranoia/Content/Bryans-Models/Models/Mats/Glass_Mat/Glass-Attic/Roof-Walls_Roof_and_Attic_mat_BaseColor.uasset" 1708
"C:/Users/mikel/Downloads/Paranoia/Content/Bryans-Models/Models/Mats/Glass_Mat/Glass-Attic/Roof-Walls_Roof_and_Attic_mat_BaseColor.uexp" 1709
"C:/Users/mikel/Downloads/Paranoia/Content/Bryans-Models/Models/Mats/Glass_Mat/Glass-Attic/Roof-Walls_Roof_and_Attic_mat_Normal.ubulk" 1710
"C:/Users/mikel/Downloads/Paranoia/Content/Bryans-Models/Models/Mats/Glass_Mat/Glass-Attic/Roof-Walls_Roof_and_Attic_mat_Normal.uasset" 1711
"C:/Users/mikel/Downloads/Paranoia/Content/Bryans-Models/Models/Mats/Glass_Mat/Glass-Attic/Roof-Walls_Roof_and_Attic_mat_Normal.uexp" 1712
"C:/Users/mikel/Downloads/Paranoia/Content/Bryans-Models/Models/Mats/Glass_Mat/Glass-Attic/Roof-Walls_Roof_and_Attic_mat_OcclusionRoughnessMetallic.ubulk" 1713
"C:/Users/mikel/Downloads/Paranoia/Content/Bryans-Models/Models/Mats/Glass_Mat/Glass-Attic/Roof-Walls_Roof_and_Attic_mat_OcclusionRoughnessMetallic.uasset" 1714
"C:/Users/mikel/Downloads/Paranoia/Content/Bryans-Models/Models/Mats/Glass_Mat/Glass-Attic/Roof-Walls_Roof_and_Attic_mat_OcclusionRoughnessMetallic.uexp" 1715
"C:/Users/mikel/Downloads/Paranoia/Content/Bryans-Models/Models/Mats/Glass_Mat/Glass-Attic/Roof-Walls_Roof_and_Attic_mat_Opacity.ubulk" 1716
"C:/Users/mikel/Downloads/Paranoia/Content/Bryans-Models/Models/Mats/Glass_Mat/Glass-Attic/Roof-Walls_Roof_and_Attic_mat_Opacity.uasset" 1717
"C:/Users/mikel/Downloads/Paranoia/Content/Bryans-Models/Models/Mats/Glass_Mat/Glass-Attic/Roof-Walls_Roof_and_Attic_mat_Opacity.uexp" 1718
"C:/Users/mikel/Downloads/Paranoia/Content/Bryans-Models/Models/Mats/Glass_Mat/Glass-Attic/Glass-Attic.uasset" 1719
"C:/Users/mikel/Downloads/Paranoia/Content/Bryans-Models/Models/Mats/Glass_Mat/Glass-Attic/Glass-Attic.uexp" 1720
"C:/Users/mikel/Downloads/Paranoia/Content/Bryans-Models/Models/Glass/Glass_Attic.ubulk" 1721
"C:/Users/mikel/Downloads/Paranoia/Content/Bryans-Models/Models/Glass/Glass_Attic.uasset" 1722
"C:/Users/mikel/Downloads/Paranoia/Content/Bryans-Models/Models/Glass/Glass_Attic.uexp" 1723
"C:/Users/mikel/Downloads/Paranoia/Content/Bryans-Models/Models/Mats/Glass_Mat/Glass_First_and_Second/Outside_Walls_Outside_Walls_BaseColor.ubulk" 1724
"C:/Users/mikel/Downloads/Paranoia/Content/Bryans-Models/Models/Mats/Glass_Mat/Glass_First_and_Second/Outside_Walls_Outside_Walls_BaseColor.uasset" 1725
"C:/Users/mikel/Downloads/Paranoia/Content/Bryans-Models/Models/Mats/Glass_Mat/Glass_First_and_Second/Outside_Walls_Outside_Walls_BaseColor.uexp" 1726
"C:/Users/mikel/Downloads/Paranoia/Content/Bryans-Models/Models/Mats/Glass_Mat/Glass_First_and_Second/Outside_Walls_Outside_Walls_Normal.ubulk" 1727
"C:/Users/mikel/Downloads/Paranoia/Content/Bryans-Models/Models/Mats/Glass_Mat/Glass_First_and_Second/Outside_Walls_Outside_Walls_Normal.uasset" 1728
"C:/Users/mikel/Downloads/Paranoia/Content/Bryans-Models/Models/Mats/Glass_Mat/Glass_First_and_Second/Outside_Walls_Outside_Walls_Normal.uexp" 1729
"C:/Users/mikel/Downloads/Paranoia/Content/Bryans-Models/Models/Mats/Glass_Mat/Glass_First_and_Second/Outside_Walls_Outside_Walls_OcclusionRoughnessMetallic.ubulk" 1730
"C:/Users/mikel/Downloads/Paranoia/Content/Bryans-Models/Models/Mats/Glass_Mat/Glass_First_and_Second/Outside_Walls_Outside_Walls_OcclusionRoughnessMetallic.uasset" 1731
"C:/Users/mikel/Downloads/Paranoia/Content/Bryans-Models/Models/Mats/Glass_Mat/Glass_First_and_Second/Outside_Walls_Outside_Walls_OcclusionRoughnessMetallic.uexp" 1732
"C:/Users/mikel/Downloads/Paranoia/Content/Bryans-Models/Models/Mats/Glass_Mat/Glass_First_and_Second/Outside_Walls_Outside_Walls_Opacity.ubulk" 1733
"C:/Users/mikel/Downloads/Paranoia/Content/Bryans-Models/Models/Mats/Glass_Mat/Glass_First_and_Second/Outside_Walls_Outside_Walls_Opacity.uasset" 1734
"C:/Users/mikel/Downloads/Paranoia/Content/Bryans-Models/Models/Mats/Glass_Mat/Glass_First_and_Second/Outside_Walls_Outside_Walls_Opacity.uexp" 1735
"C:/Users/mikel/Downloads/Paranoia/Content/Bryans-Models/Models/Mats/Glass_Mat/Glass_First_and_Second/Glass_Mat.uasset" 1736
"C:/Users/mikel/Downloads/Paranoia/Content/Bryans-Models/Models/Mats/Glass_Mat/Glass_First_and_Second/Glass_Mat.uexp" 1737
"C:/Users/mikel/Downloads/Paranoia/Content/Bryans-Models/Models/Glass/Glass_First_Floor.ubulk" 1738
"C:/Users/mikel/Downloads/Paranoia/Content/Bryans-Models/Models/Glass/Glass_First_Floor.uasset" 1739
"C:/Users/mikel/Downloads/Paranoia/Content/Bryans-Models/Models/Glass/Glass_First_Floor.uexp" 1740
"C:/Users/mikel/Downloads/Paranoia/Content/Bryans-Models/Models/Glass/Glass_Second_Floor.ubulk" 1741
"C:/Users/mikel/Downloads/Paranoia/Content/Bryans-Models/Models/Glass/Glass_Second_Floor.uasset" 1742
"C:/Users/mikel/Downloads/Paranoia/Content/Bryans-Models/Models/Glass/Glass_Second_Floor.uexp" 1743
"C:/Users/mikel/Downloads/Paranoia/Content/Bryans-Models/Models/Hatch/Hatch_Entrance.ubulk" 1744
"C:/Users/mikel/Downloads/Paranoia/Content/Bryans-Models/Models/Hatch/Hatch_Entrance.uasset" 1745
"C:/Users/mikel/Downloads/Paranoia/Content/Bryans-Models/Models/Hatch/Hatch_Entrance.uexp" 1746
"C:/Users/mikel/Downloads/Paranoia/Content/Bryans-Models/Models/Hatch/Hatch_Left_Door.ubulk" 1747
"C:/Users/mikel/Downloads/Paranoia/Content/Bryans-Models/Models/Hatch/Hatch_Left_Door.uasset" 1748
"C:/Users/mikel/Downloads/Paranoia/Content/Bryans-Models/Models/Hatch/Hatch_Left_Door.uexp" 1749
"C:/Users/mikel/Downloads/Paranoia/Content/Bryans-Models/Models/Hatch/Hatch_Right_Door.ubulk" 1750
"C:/Users/mikel/Downloads/Paranoia/Content/Bryans-Models/Models/Hatch/Hatch_Right_Door.uasset" 1751
"C:/Users/mikel/Downloads/Paranoia/Content/Bryans-Models/Models/Hatch/Hatch_Right_Door.uexp" 1752
"C:/Users/mikel/Downloads/Paranoia/Content/Bryans-Models/Models/Hatch/Padlock.ubulk" 1753
"C:/Users/mikel/Downloads/Paranoia/Content/Bryans-Models/Models/Hatch/Padlock.uasset" 1754
"C:/Users/mikel/Downloads/Paranoia/Content/Bryans-Models/Models/Hatch/Padlock.uexp" 1755
"C:/Users/mikel/Downloads/Paranoia/Content/Bryans-Models/Models/Mats/Roof_Walls_textures/House_textures_Basement_Mat2_BaseColor.ubulk" 1756
"C:/Users/mikel/Downloads/Paranoia/Content/Bryans-Models/Models/Mats/Roof_Walls_textures/House_textures_Basement_Mat2_BaseColor.uasset" 1757
"C:/Users/mikel/Downloads/Paranoia/Content/Bryans-Models/Models/Mats/Roof_Walls_textures/House_textures_Basement_Mat2_BaseColor.uexp" 1758
"C:/Users/mikel/Downloads/Paranoia/Content/Bryans-Models/Models/Mats/Roof_Walls_textures/House_textures_Basement_Mat2_Normal.ubulk" 1759
"C:/Users/mikel/Downloads/Paranoia/Content/Bryans-Models/Models/Mats/Roof_Walls_textures/House_textures_Basement_Mat2_Normal.uasset" 1760
"C:/Users/mikel/Downloads/Paranoia/Content/Bryans-Models/Models/Mats/Roof_Walls_textures/House_textures_Basement_Mat2_Normal.uexp" 1761
"C:/Users/mikel/Downloads/Paranoia/Content/Bryans-Models/Models/Mats/Roof_Walls_textures/House_textures_Basement_Mat2_OcclusionRoughnessMetallic.ubulk" 1762
"C:/Users/mikel/Downloads/Paranoia/Content/Bryans-Models/Models/Mats/Roof_Walls_textures/House_textures_Basement_Mat2_OcclusionRoughnessMetallic.uasset" 1763
"C:/Users/mikel/Downloads/Paranoia/Content/Bryans-Models/Models/Mats/Roof_Walls_textures/House_textures_Basement_Mat2_OcclusionRoughnessMetallic.uexp" 1764
"C:/Users/mikel/Downloads/Paranoia/Content/Bryans-Models/Models/Mats/Roof_Walls_textures/Basement_Mat.uasset" 1765
"C:/Users/mikel/Downloads/Paranoia/Content/Bryans-Models/Models/Mats/Roof_Walls_textures/Basement_Mat.uexp" 1766
"C:/Users/mikel/Downloads/Paranoia/Content/Bryans-Models/Models/House/Basement.ubulk" 1767
"C:/Users/mikel/Downloads/Paranoia/Content/Bryans-Models/Models/House/Basement.uasset" 1768
"C:/Users/mikel/Downloads/Paranoia/Content/Bryans-Models/Models/House/Basement.uexp" 1769
"C:/Users/mikel/Downloads/Paranoia/Content/Bryans-Models/Models/Mats/Floor_And_Roof_Textures/House_textures_Floors_and_roof_Mat7_BaseColor.ubulk" 1770
"C:/Users/mikel/Downloads/Paranoia/Content/Bryans-Models/Models/Mats/Floor_And_Roof_Textures/House_textures_Floors_and_roof_Mat7_BaseColor.uasset" 1771
"C:/Users/mikel/Downloads/Paranoia/Content/Bryans-Models/Models/Mats/Floor_And_Roof_Textures/House_textures_Floors_and_roof_Mat7_BaseColor.uexp" 1772
"C:/Users/mikel/Downloads/Paranoia/Content/Bryans-Models/Models/Mats/Floor_And_Roof_Textures/House_textures_Floors_and_roof_Mat7_Normal.ubulk" 1773
"C:/Users/mikel/Downloads/Paranoia/Content/Bryans-Models/Models/Mats/Floor_And_Roof_Textures/House_textures_Floors_and_roof_Mat7_Normal.uasset" 1774
"C:/Users/mikel/Downloads/Paranoia/Content/Bryans-Models/Models/Mats/Floor_And_Roof_Textures/House_textures_Floors_and_roof_Mat7_Normal.uexp" 1775
"C:/Users/mikel/Downloads/Paranoia/Content/Bryans-Models/Models/Mats/Floor_And_Roof_Textures/House_textures_Floors_and_roof_Mat7_OcclusionRoughnessMetallic.ubulk" 1776
"C:/Users/mikel/Downloads/Paranoia/Content/Bryans-Models/Models/Mats/Floor_And_Roof_Textures/House_textures_Floors_and_roof_Mat7_OcclusionRoughnessMetallic.uasset" 1777
"C:/Users/mikel/Downloads/Paranoia/Content/Bryans-Models/Models/Mats/Floor_And_Roof_Textures/House_textures_Floors_and_roof_Mat7_OcclusionRoughnessMetallic.uexp" 1778
"C:/Users/mikel/Downloads/Paranoia/Content/Bryans-Models/Models/Mats/Floor_And_Roof_Textures/Floors_And_roof.uasset" 1779
"C:/Users/mikel/Downloads/Paranoia/Content/Bryans-Models/Models/Mats/Floor_And_Roof_Textures/Floors_And_roof.uexp" 1780
"C:/Users/mikel/Downloads/Paranoia/Content/Bryans-Models/Models/Mats/Outside_Walls_Textures/House_textures_Outside_First_Floor_Mat3_BaseColor.ubulk" 1781
"C:/Users/mikel/Downloads/Paranoia/Content/Bryans-Models/Models/Mats/Outside_Walls_Textures/House_textures_Outside_First_Floor_Mat3_BaseColor.uasset" 1782
"C:/Users/mikel/Downloads/Paranoia/Content/Bryans-Models/Models/Mats/Outside_Walls_Textures/House_textures_Outside_First_Floor_Mat3_BaseColor.uexp" 1783
"C:/Users/mikel/Downloads/Paranoia/Content/Bryans-Models/Models/Mats/Outside_Walls_Textures/House_textures_Outside_First_Floor_Mat3_OcclusionRoughnessMetallic.ubulk" 1784
"C:/Users/mikel/Downloads/Paranoia/Content/Bryans-Models/Models/Mats/Outside_Walls_Textures/House_textures_Outside_First_Floor_Mat3_OcclusionRoughnessMetallic.uasset" 1785
"C:/Users/mikel/Downloads/Paranoia/Content/Bryans-Models/Models/Mats/Outside_Walls_Textures/House_textures_Outside_First_Floor_Mat3_OcclusionRoughnessMetallic.uexp" 1786
"C:/Users/mikel/Downloads/Paranoia/Content/Bryans-Models/Models/Mats/Outside_Walls_Textures/Outside_Walls.uasset" 1787
"C:/Users/mikel/Downloads/Paranoia/Content/Bryans-Models/Models/Mats/Outside_Walls_Textures/Outside_Walls.uexp" 1788
"C:/Users/mikel/Downloads/Paranoia/Content/Bryans-Models/Models/Mats/Inside_Walls_Textures/House_textures_Inside_First_Floor_Mat3_BaseColor.ubulk" 1789
"C:/Users/mikel/Downloads/Paranoia/Content/Bryans-Models/Models/Mats/Inside_Walls_Textures/House_textures_Inside_First_Floor_Mat3_BaseColor.uasset" 1790
"C:/Users/mikel/Downloads/Paranoia/Content/Bryans-Models/Models/Mats/Inside_Walls_Textures/House_textures_Inside_First_Floor_Mat3_BaseColor.uexp" 1791
"C:/Users/mikel/Downloads/Paranoia/Content/Bryans-Models/Models/Mats/Inside_Walls_Textures/House_textures_Inside_First_Floor_Mat3_Normal.ubulk" 1792
"C:/Users/mikel/Downloads/Paranoia/Content/Bryans-Models/Models/Mats/Inside_Walls_Textures/House_textures_Inside_First_Floor_Mat3_Normal.uasset" 1793
"C:/Users/mikel/Downloads/Paranoia/Content/Bryans-Models/Models/Mats/Inside_Walls_Textures/House_textures_Inside_First_Floor_Mat3_Normal.uexp" 1794
"C:/Users/mikel/Downloads/Paranoia/Content/Bryans-Models/Models/Mats/Inside_Walls_Textures/House_textures_Inside_First_Floor_Mat3_OcclusionRoughnessMetallic.ubulk" 1795
"C:/Users/mikel/Downloads/Paranoia/Content/Bryans-Models/Models/Mats/Inside_Walls_Textures/House_textures_Inside_First_Floor_Mat3_OcclusionRoughnessMetallic.uasset" 1796
"C:/Users/mikel/Downloads/Paranoia/Content/Bryans-Models/Models/Mats/Inside_Walls_Textures/House_textures_Inside_First_Floor_Mat3_OcclusionRoughnessMetallic.uexp" 1797
"C:/Users/mikel/Downloads/Paranoia/Content/Bryans-Models/Models/Mats/Inside_Walls_Textures/Inside_Walls.uasset" 1798
"C:/Users/mikel/Downloads/Paranoia/Content/Bryans-Models/Models/Mats/Inside_Walls_Textures/Inside_Walls.uexp" 1799
"C:/Users/mikel/Downloads/Paranoia/Content/Bryans-Models/Models/House/First_Floor.ubulk" 1800
"C:/Users/mikel/Downloads/Paranoia/Content/Bryans-Models/Models/House/First_Floor.uasset" 1801
"C:/Users/mikel/Downloads/Paranoia/Content/Bryans-Models/Models/House/First_Floor.uexp" 1802
"C:/Users/mikel/Downloads/Paranoia/Content/Bryans-Models/Models/Mats/Roof_Walls_textures/House_textures_Roof_Attic_Mat2_BaseColor.ubulk" 1803
"C:/Users/mikel/Downloads/Paranoia/Content/Bryans-Models/Models/Mats/Roof_Walls_textures/House_textures_Roof_Attic_Mat2_BaseColor.uasset" 1804
"C:/Users/mikel/Downloads/Paranoia/Content/Bryans-Models/Models/Mats/Roof_Walls_textures/House_textures_Roof_Attic_Mat2_BaseColor.uexp" 1805
"C:/Users/mikel/Downloads/Paranoia/Content/Bryans-Models/Models/Mats/Roof_Walls_textures/House_textures_Roof_Attic_Mat2_Normal.ubulk" 1806
"C:/Users/mikel/Downloads/Paranoia/Content/Bryans-Models/Models/Mats/Roof_Walls_textures/House_textures_Roof_Attic_Mat2_Normal.uasset" 1807
"C:/Users/mikel/Downloads/Paranoia/Content/Bryans-Models/Models/Mats/Roof_Walls_textures/House_textures_Roof_Attic_Mat2_Normal.uexp" 1808
"C:/Users/mikel/Downloads/Paranoia/Content/Bryans-Models/Models/Mats/Roof_Walls_textures/House_textures_Roof_Attic_Mat2_OcclusionRoughnessMetallic.ubulk" 1809
"C:/Users/mikel/Downloads/Paranoia/Content/Bryans-Models/Models/Mats/Roof_Walls_textures/House_textures_Roof_Attic_Mat2_OcclusionRoughnessMetallic.uasset" 1810
"C:/Users/mikel/Downloads/Paranoia/Content/Bryans-Models/Models/Mats/Roof_Walls_textures/House_textures_Roof_Attic_Mat2_OcclusionRoughnessMetallic.uexp" 1811
"C:/Users/mikel/Downloads/Paranoia/Content/Bryans-Models/Models/Mats/Roof_Walls_textures/Roof-Walls.uasset" 1812
"C:/Users/mikel/Downloads/Paranoia/Content/Bryans-Models/Models/Mats/Roof_Walls_textures/Roof-Walls.uexp" 1813
"C:/Users/mikel/Downloads/Paranoia/Content/Bryans-Models/Models/House/Roof-Walls.ubulk" 1814
"C:/Users/mikel/Downloads/Paranoia/Content/Bryans-Models/Models/House/Roof-Walls.uasset" 1815
"C:/Users/mikel/Downloads/Paranoia/Content/Bryans-Models/Models/House/Roof-Walls.uexp" 1816
"C:/Users/mikel/Downloads/Paranoia/Content/Bryans-Models/Models/House/Roof.ubulk" 1817
"C:/Users/mikel/Downloads/Paranoia/Content/Bryans-Models/Models/House/Roof.uasset" 1818
"C:/Users/mikel/Downloads/Paranoia/Content/Bryans-Models/Models/House/Roof.uexp" 1819
"C:/Users/mikel/Downloads/Paranoia/Content/NatesWork/Interior/Cabinets/Textures/2/TexturingCabinet_CabinetSet2_BaseColor.ubulk" 1820
"C:/Users/mikel/Downloads/Paranoia/Content/NatesWork/Interior/Cabinets/Textures/2/TexturingCabinet_CabinetSet2_BaseColor.uasset" 1821
"C:/Users/mikel/Downloads/Paranoia/Content/NatesWork/Interior/Cabinets/Textures/2/TexturingCabinet_CabinetSet2_BaseColor.uexp" 1822
"C:/Users/mikel/Downloads/Paranoia/Content/NatesWork/Interior/Cabinets/Textures/2/TexturingCabinet_CabinetSet2_Height.ubulk" 1823
"C:/Users/mikel/Downloads/Paranoia/Content/NatesWork/Interior/Cabinets/Textures/2/TexturingCabinet_CabinetSet2_Height.uasset" 1824
"C:/Users/mikel/Downloads/Paranoia/Content/NatesWork/Interior/Cabinets/Textures/2/TexturingCabinet_CabinetSet2_Height.uexp" 1825
"C:/Users/mikel/Downloads/Paranoia/Content/NatesWork/Interior/Cabinets/Textures/2/TexturingCabinet_CabinetSet2_Metallic.ubulk" 1826
"C:/Users/mikel/Downloads/Paranoia/Content/NatesWork/Interior/Cabinets/Textures/2/TexturingCabinet_CabinetSet2_Metallic.uasset" 1827
"C:/Users/mikel/Downloads/Paranoia/Content/NatesWork/Interior/Cabinets/Textures/2/TexturingCabinet_CabinetSet2_Metallic.uexp" 1828
"C:/Users/mikel/Downloads/Paranoia/Content/NatesWork/Interior/Cabinets/Textures/2/TexturingCabinet_CabinetSet2_Normal.ubulk" 1829
"C:/Users/mikel/Downloads/Paranoia/Content/NatesWork/Interior/Cabinets/Textures/2/TexturingCabinet_CabinetSet2_Normal.uasset" 1830
"C:/Users/mikel/Downloads/Paranoia/Content/NatesWork/Interior/Cabinets/Textures/2/TexturingCabinet_CabinetSet2_Normal.uexp" 1831
"C:/Users/mikel/Downloads/Paranoia/Content/NatesWork/Interior/Cabinets/Textures/2/TexturingCabinet_CabinetSet2_Roughness.ubulk" 1832
"C:/Users/mikel/Downloads/Paranoia/Content/NatesWork/Interior/Cabinets/Textures/2/TexturingCabinet_CabinetSet2_Roughness.uasset" 1833
"C:/Users/mikel/Downloads/Paranoia/Content/NatesWork/Interior/Cabinets/Textures/2/TexturingCabinet_CabinetSet2_Roughness.uexp" 1834
"C:/Users/mikel/Downloads/Paranoia/Content/NatesWork/Interior/Cabinets/Materials/Cabinets2.uasset" 1835
"C:/Users/mikel/Downloads/Paranoia/Content/NatesWork/Interior/Cabinets/Materials/Cabinets2.uexp" 1836
"C:/Users/mikel/Downloads/Paranoia/Content/NatesWork/Interior/Cabinets/Models/CabinetSink.ubulk" 1837
"C:/Users/mikel/Downloads/Paranoia/Content/NatesWork/Interior/Cabinets/Models/CabinetSink.uasset" 1838
"C:/Users/mikel/Downloads/Paranoia/Content/NatesWork/Interior/Cabinets/Models/CabinetSink.uexp" 1839
"C:/Users/mikel/Downloads/Paranoia/Content/Bryans-Models/Models/Mats/Outside_Walls_Textures/House_textures_Outside_Second_Floor_Mat3_BaseColor.ubulk" 1840
"C:/Users/mikel/Downloads/Paranoia/Content/Bryans-Models/Models/Mats/Outside_Walls_Textures/House_textures_Outside_Second_Floor_Mat3_BaseColor.uasset" 1841
"C:/Users/mikel/Downloads/Paranoia/Content/Bryans-Models/Models/Mats/Outside_Walls_Textures/House_textures_Outside_Second_Floor_Mat3_BaseColor.uexp" 1842
"C:/Users/mikel/Downloads/Paranoia/Content/Bryans-Models/Models/Mats/Outside_Walls_Textures/House_textures_Outside_Second_Floor_Mat3_OcclusionRoughnessMetallic.ubulk" 1843
"C:/Users/mikel/Downloads/Paranoia/Content/Bryans-Models/Models/Mats/Outside_Walls_Textures/House_textures_Outside_Second_Floor_Mat3_OcclusionRoughnessMetallic.uasset" 1844
"C:/Users/mikel/Downloads/Paranoia/Content/Bryans-Models/Models/Mats/Outside_Walls_Textures/House_textures_Outside_Second_Floor_Mat3_OcclusionRoughnessMetallic.uexp" 1845
"C:/Users/mikel/Downloads/Paranoia/Content/Bryans-Models/Models/Mats/Outside_Walls_Textures/Outside_Walls1.uasset" 1846
"C:/Users/mikel/Downloads/Paranoia/Content/Bryans-Models/Models/Mats/Outside_Walls_Textures/Outside_Walls1.uexp" 1847
"C:/Users/mikel/Downloads/Paranoia/Content/Bryans-Models/Models/Mats/Inside_Walls_Textures/House_textures_Inside_Second_Floor_Mat3_BaseColor.ubulk" 1848
"C:/Users/mikel/Downloads/Paranoia/Content/Bryans-Models/Models/Mats/Inside_Walls_Textures/House_textures_Inside_Second_Floor_Mat3_BaseColor.uasset" 1849
"C:/Users/mikel/Downloads/Paranoia/Content/Bryans-Models/Models/Mats/Inside_Walls_Textures/House_textures_Inside_Second_Floor_Mat3_BaseColor.uexp" 1850
"C:/Users/mikel/Downloads/Paranoia/Content/Bryans-Models/Models/Mats/Inside_Walls_Textures/House_textures_Inside_Second_Floor_Mat3_Normal.ubulk" 1851
"C:/Users/mikel/Downloads/Paranoia/Content/Bryans-Models/Models/Mats/Inside_Walls_Textures/House_textures_Inside_Second_Floor_Mat3_Normal.uasset" 1852
"C:/Users/mikel/Downloads/Paranoia/Content/Bryans-Models/Models/Mats/Inside_Walls_Textures/House_textures_Inside_Second_Floor_Mat3_Normal.uexp" 1853
"C:/Users/mikel/Downloads/Paranoia/Content/Bryans-Models/Models/Mats/Inside_Walls_Textures/House_textures_Inside_Second_Floor_Mat3_OcclusionRoughnessMetallic.ubulk" 1854
"C:/Users/mikel/Downloads/Paranoia/Content/Bryans-Models/Models/Mats/Inside_Walls_Textures/House_textures_Inside_Second_Floor_Mat3_OcclusionRoughnessMetallic.uasset" 1855
"C:/Users/mikel/Downloads/Paranoia/Content/Bryans-Models/Models/Mats/Inside_Walls_Textures/House_textures_Inside_Second_Floor_Mat3_OcclusionRoughnessMetallic.uexp" 1856
"C:/Users/mikel/Downloads/Paranoia/Content/Bryans-Models/Models/Mats/Inside_Walls_Textures/Inside_Walls1.uasset" 1857
"C:/Users/mikel/Downloads/Paranoia/Content/Bryans-Models/Models/Mats/Inside_Walls_Textures/Inside_Walls1.uexp" 1858
"C:/Users/mikel/Downloads/Paranoia/Content/Bryans-Models/Models/House/Second_Floor.ubulk" 1859
"C:/Users/mikel/Downloads/Paranoia/Content/Bryans-Models/Models/House/Second_Floor.uasset" 1860
"C:/Users/mikel/Downloads/Paranoia/Content/Bryans-Models/Models/House/Second_Floor.uexp" 1861
"C:/Users/mikel/Downloads/Paranoia/Content/NatesWork/Interior/Cabinets/Textures/4/TexturingCabinet_StorageCabinets_BaseColor.ubulk" 1862
"C:/Users/mikel/Downloads/Paranoia/Content/NatesWork/Interior/Cabinets/Textures/4/TexturingCabinet_StorageCabinets_BaseColor.uasset" 1863
"C:/Users/mikel/Downloads/Paranoia/Content/NatesWork/Interior/Cabinets/Textures/4/TexturingCabinet_StorageCabinets_BaseColor.uexp" 1864
"C:/Users/mikel/Downloads/Paranoia/Content/NatesWork/Interior/Cabinets/Textures/4/TexturingCabinet_StorageCabinets_Height.ubulk" 1865
"C:/Users/mikel/Downloads/Paranoia/Content/NatesWork/Interior/Cabinets/Textures/4/TexturingCabinet_StorageCabinets_Height.uasset" 1866
"C:/Users/mikel/Downloads/Paranoia/Content/NatesWork/Interior/Cabinets/Textures/4/TexturingCabinet_StorageCabinets_Height.uexp" 1867
"C:/Users/mikel/Downloads/Paranoia/Content/NatesWork/Interior/Cabinets/Textures/4/TexturingCabinet_StorageCabinets_Metallic.ubulk" 1868
"C:/Users/mikel/Downloads/Paranoia/Content/NatesWork/Interior/Cabinets/Textures/4/TexturingCabinet_StorageCabinets_Metallic.uasset" 1869
"C:/Users/mikel/Downloads/Paranoia/Content/NatesWork/Interior/Cabinets/Textures/4/TexturingCabinet_StorageCabinets_Metallic.uexp" 1870
"C:/Users/mikel/Downloads/Paranoia/Content/NatesWork/Interior/Cabinets/Textures/4/TexturingCabinet_StorageCabinets_Normal.ubulk" 1871
"C:/Users/mikel/Downloads/Paranoia/Content/NatesWork/Interior/Cabinets/Textures/4/TexturingCabinet_StorageCabinets_Normal.uasset" 1872
"C:/Users/mikel/Downloads/Paranoia/Content/NatesWork/Interior/Cabinets/Textures/4/TexturingCabinet_StorageCabinets_Normal.uexp" 1873
"C:/Users/mikel/Downloads/Paranoia/Content/NatesWork/Interior/Cabinets/Textures/4/TexturingCabinet_StorageCabinets_Roughness.ubulk" 1874
"C:/Users/mikel/Downloads/Paranoia/Content/NatesWork/Interior/Cabinets/Textures/4/TexturingCabinet_StorageCabinets_Roughness.uasset" 1875
"C:/Users/mikel/Downloads/Paranoia/Content/NatesWork/Interior/Cabinets/Textures/4/TexturingCabinet_StorageCabinets_Roughness.uexp" 1876
"C:/Users/mikel/Downloads/Paranoia/Content/NatesWork/Interior/Cabinets/Materials/Cabinets4.uasset" 1877
"C:/Users/mikel/Downloads/Paranoia/Content/NatesWork/Interior/Cabinets/Materials/Cabinets4.uexp" 1878
"C:/Users/mikel/Downloads/Paranoia/Content/NatesWork/Interior/Cabinets/Models/StorageCabinetModel.ubulk" 1879
"C:/Users/mikel/Downloads/Paranoia/Content/NatesWork/Interior/Cabinets/Models/StorageCabinetModel.uasset" 1880
"C:/Users/mikel/Downloads/Paranoia/Content/NatesWork/Interior/Cabinets/Models/StorageCabinetModel.uexp" 1881
"C:/Users/mikel/Downloads/Paranoia/Content/Assets/3DModels/Interior/Carpet_LargeRound.ubulk" 1882
"C:/Users/mikel/Downloads/Paranoia/Content/Assets/3DModels/Interior/Carpet_LargeRound.uasset" 1883
"C:/Users/mikel/Downloads/Paranoia/Content/Assets/3DModels/Interior/Carpet_LargeRound.uexp" 1884
"C:/Users/mikel/Downloads/Paranoia/Content/Assets/Materials/Texture_Files/Carpet_Textures/Carpet_LargeRound/Carpets_LargeRound_1_BaseColor.ubulk" 1885
"C:/Users/mikel/Downloads/Paranoia/Content/Assets/Materials/Texture_Files/Carpet_Textures/Carpet_LargeRound/Carpets_LargeRound_1_BaseColor.uasset" 1886
"C:/Users/mikel/Downloads/Paranoia/Content/Assets/Materials/Texture_Files/Carpet_Textures/Carpet_LargeRound/Carpets_LargeRound_1_BaseColor.uexp" 1887
"C:/Users/mikel/Downloads/Paranoia/Content/Assets/Materials/Texture_Files/Carpet_Textures/Carpet_LargeRound/Carpets_LargeRound_1_OcclusionRoughnessMetallic.ubulk" 1888
"C:/Users/mikel/Downloads/Paranoia/Content/Assets/Materials/Texture_Files/Carpet_Textures/Carpet_LargeRound/Carpets_LargeRound_1_OcclusionRoughnessMetallic.uasset" 1889
"C:/Users/mikel/Downloads/Paranoia/Content/Assets/Materials/Texture_Files/Carpet_Textures/Carpet_LargeRound/Carpets_LargeRound_1_OcclusionRoughnessMetallic.uexp" 1890
"C:/Users/mikel/Downloads/Paranoia/Content/Assets/SFX_and_Audio/Footsteps/PM_Carpet.uasset" 1891
"C:/Users/mikel/Downloads/Paranoia/Content/Assets/SFX_and_Audio/Footsteps/PM_Carpet.uexp" 1892
"C:/Users/mikel/Downloads/Paranoia/Content/Assets/Materials/Carpet_Mats/Carpet_LargeRound_Mat.uasset" 1893
"C:/Users/mikel/Downloads/Paranoia/Content/Assets/Materials/Carpet_Mats/Carpet_LargeRound_Mat.uexp" 1894
"C:/Users/mikel/Downloads/Paranoia/Content/Blueprints/Furnishings/Carpets/Carpet_LargeRoundVariant1.uasset" 1895
"C:/Users/mikel/Downloads/Paranoia/Content/Blueprints/Furnishings/Carpets/Carpet_LargeRoundVariant1.uexp" 1896
"C:/Users/mikel/Downloads/Paranoia/Content/Bryans-Models/Models/Mats/Dirty_Textures/Texture_Set_2_Texture_Set_4_BaseColor.ubulk" 1897
"C:/Users/mikel/Downloads/Paranoia/Content/Bryans-Models/Models/Mats/Dirty_Textures/Texture_Set_2_Texture_Set_4_BaseColor.uasset" 1898
"C:/Users/mikel/Downloads/Paranoia/Content/Bryans-Models/Models/Mats/Dirty_Textures/Texture_Set_2_Texture_Set_4_BaseColor.uexp" 1899
"C:/Users/mikel/Downloads/Paranoia/Content/Bryans-Models/Models/Mats/Dirty_Textures/Texture_Set_2_Texture_Set_4_Normal.ubulk" 1900
"C:/Users/mikel/Downloads/Paranoia/Content/Bryans-Models/Models/Mats/Dirty_Textures/Texture_Set_2_Texture_Set_4_Normal.uasset" 1901
"C:/Users/mikel/Downloads/Paranoia/Content/Bryans-Models/Models/Mats/Dirty_Textures/Texture_Set_2_Texture_Set_4_Normal.uexp" 1902
"C:/Users/mikel/Downloads/Paranoia/Content/Bryans-Models/Models/Mats/Dirty_Textures/Texture_Set_2_Texture_Set_4_OcclusionRoughnessMetallic.ubulk" 1903
"C:/Users/mikel/Downloads/Paranoia/Content/Bryans-Models/Models/Mats/Dirty_Textures/Texture_Set_2_Texture_Set_4_OcclusionRoughnessMetallic.uasset" 1904
"C:/Users/mikel/Downloads/Paranoia/Content/Bryans-Models/Models/Mats/Dirty_Textures/Texture_Set_2_Texture_Set_4_OcclusionRoughnessMetallic.uexp" 1905
"C:/Users/mikel/Downloads/Paranoia/Content/Bryans-Models/Models/Mats/Dirty_Textures/Texture_Set_2_Texture_Set_4_Opacity.ubulk" 1906
"C:/Users/mikel/Downloads/Paranoia/Content/Bryans-Models/Models/Mats/Dirty_Textures/Texture_Set_2_Texture_Set_4_Opacity.uasset" 1907
"C:/Users/mikel/Downloads/Paranoia/Content/Bryans-Models/Models/Mats/Dirty_Textures/Texture_Set_2_Texture_Set_4_Opacity.uexp" 1908
"C:/Users/mikel/Downloads/Paranoia/Content/Bryans-Models/Models/Mats/Dirty_Textures/Dirty_Mat.uasset" 1909
"C:/Users/mikel/Downloads/Paranoia/Content/Bryans-Models/Models/Mats/Dirty_Textures/Dirty_Mat.uexp" 1910
"C:/Users/mikel/Downloads/Paranoia/Content/Bryans-Models/Models/Sofa/Chair.ubulk" 1911
"C:/Users/mikel/Downloads/Paranoia/Content/Bryans-Models/Models/Sofa/Chair.uasset" 1912
"C:/Users/mikel/Downloads/Paranoia/Content/Bryans-Models/Models/Sofa/Chair.uexp" 1913
"C:/Users/mikel/Downloads/Paranoia/Content/NatesWork/Interior/Cabinets/Models/StorageCabinetSmall.ubulk" 1914
"C:/Users/mikel/Downloads/Paranoia/Content/NatesWork/Interior/Cabinets/Models/StorageCabinetSmall.uasset" 1915
"C:/Users/mikel/Downloads/Paranoia/Content/NatesWork/Interior/Cabinets/Models/StorageCabinetSmall.uexp" 1916
"C:/Users/mikel/Downloads/Paranoia/Content/Bryans-Models/Models/Sofa/Sofa.ubulk" 1917
"C:/Users/mikel/Downloads/Paranoia/Content/Bryans-Models/Models/Sofa/Sofa.uasset" 1918
"C:/Users/mikel/Downloads/Paranoia/Content/Bryans-Models/Models/Sofa/Sofa.uexp" 1919
"C:/Users/mikel/Downloads/Paranoia/Content/NatesWork/Interior/Extra/Textures/Island/KitchenIsland_openPBR_shader1_BaseColor.ubulk" 1920
"C:/Users/mikel/Downloads/Paranoia/Content/NatesWork/Interior/Extra/Textures/Island/KitchenIsland_openPBR_shader1_BaseColor.uasset" 1921
"C:/Users/mikel/Downloads/Paranoia/Content/NatesWork/Interior/Extra/Textures/Island/KitchenIsland_openPBR_shader1_BaseColor.uexp" 1922
"C:/Users/mikel/Downloads/Paranoia/Content/NatesWork/Interior/Extra/Textures/Island/KitchenIsland_openPBR_shader1_Height.ubulk" 1923
"C:/Users/mikel/Downloads/Paranoia/Content/NatesWork/Interior/Extra/Textures/Island/KitchenIsland_openPBR_shader1_Height.uasset" 1924
"C:/Users/mikel/Downloads/Paranoia/Content/NatesWork/Interior/Extra/Textures/Island/KitchenIsland_openPBR_shader1_Height.uexp" 1925
"C:/Users/mikel/Downloads/Paranoia/Content/NatesWork/Interior/Extra/Textures/Island/KitchenIsland_openPBR_shader1_Normal.ubulk" 1926
"C:/Users/mikel/Downloads/Paranoia/Content/NatesWork/Interior/Extra/Textures/Island/KitchenIsland_openPBR_shader1_Normal.uasset" 1927
"C:/Users/mikel/Downloads/Paranoia/Content/NatesWork/Interior/Extra/Textures/Island/KitchenIsland_openPBR_shader1_Normal.uexp" 1928
"C:/Users/mikel/Downloads/Paranoia/Content/NatesWork/Interior/Extra/Textures/Island/KitchenIsland_openPBR_shader1_Roughness.ubulk" 1929
"C:/Users/mikel/Downloads/Paranoia/Content/NatesWork/Interior/Extra/Textures/Island/KitchenIsland_openPBR_shader1_Roughness.uasset" 1930
"C:/Users/mikel/Downloads/Paranoia/Content/NatesWork/Interior/Extra/Textures/Island/KitchenIsland_openPBR_shader1_Roughness.uexp" 1931
"C:/Users/mikel/Downloads/Paranoia/Content/NatesWork/Interior/Extra/Mats/KitchenIslandMAT.uasset" 1932
"C:/Users/mikel/Downloads/Paranoia/Content/NatesWork/Interior/Extra/Mats/KitchenIslandMAT.uexp" 1933
"C:/Users/mikel/Downloads/Paranoia/Content/NatesWork/Interior/Extra/Models/KitchenIsland.ubulk" 1934
"C:/Users/mikel/Downloads/Paranoia/Content/NatesWork/Interior/Extra/Models/KitchenIsland.uasset" 1935
"C:/Users/mikel/Downloads/Paranoia/Content/NatesWork/Interior/Extra/Models/KitchenIsland.uexp" 1936
"C:/Users/mikel/Downloads/Paranoia/Content/Assets/SFX_and_Audio/Ambience_Loops/Daytime_Base/DaytimeBase.ubulk" 1937
"C:/Users/mikel/Downloads/Paranoia/Content/Assets/SFX_and_Audio/Ambience_Loops/Daytime_Base/DaytimeBase.uasset" 1938
"C:/Users/mikel/Downloads/Paranoia/Content/Assets/SFX_and_Audio/Ambience_Loops/Daytime_Base/DaytimeBase.uexp" 1939
"C:/Users/mikel/Downloads/Paranoia/Content/NatesWork/Interior/Extra/Textures/OvenExtras_openPBR_shader1_BaseColor.ubulk" 1940
"C:/Users/mikel/Downloads/Paranoia/Content/NatesWork/Interior/Extra/Textures/OvenExtras_openPBR_shader1_BaseColor.uasset" 1941
"C:/Users/mikel/Downloads/Paranoia/Content/NatesWork/Interior/Extra/Textures/OvenExtras_openPBR_shader1_BaseColor.uexp" 1942
"C:/Users/mikel/Downloads/Paranoia/Content/NatesWork/Interior/Extra/Textures/OvenExtras_openPBR_shader1_Normal.ubulk" 1943
"C:/Users/mikel/Downloads/Paranoia/Content/NatesWork/Interior/Extra/Textures/OvenExtras_openPBR_shader1_Normal.uasset" 1944
"C:/Users/mikel/Downloads/Paranoia/Content/NatesWork/Interior/Extra/Textures/OvenExtras_openPBR_shader1_Normal.uexp" 1945
"C:/Users/mikel/Downloads/Paranoia/Content/NatesWork/Interior/Extra/Textures/OvenExtras_openPBR_shader1_Roughness.ubulk" 1946
"C:/Users/mikel/Downloads/Paranoia/Content/NatesWork/Interior/Extra/Textures/OvenExtras_openPBR_shader1_Roughness.uasset" 1947
"C:/Users/mikel/Downloads/Paranoia/Content/NatesWork/Interior/Extra/Textures/OvenExtras_openPBR_shader1_Roughness.uexp" 1948
"C:/Users/mikel/Downloads/Paranoia/Content/NatesWork/Interior/Extra/Mats/OvenExtrasMAT.uasset" 1949
"C:/Users/mikel/Downloads/Paranoia/Content/NatesWork/Interior/Extra/Mats/OvenExtrasMAT.uexp" 1950
"C:/Users/mikel/Downloads/Paranoia/Content/NatesWork/Interior/Extra/Models/OvenBurners.ubulk" 1951
"C:/Users/mikel/Downloads/Paranoia/Content/NatesWork/Interior/Extra/Models/OvenBurners.uasset" 1952
"C:/Users/mikel/Downloads/Paranoia/Content/NatesWork/Interior/Extra/Models/OvenBurners.uexp" 1953
"C:/Users/mikel/Downloads/Paranoia/Content/NatesWork/Interior/Extra/Models/OvenVent.ubulk" 1954
"C:/Users/mikel/Downloads/Paranoia/Content/NatesWork/Interior/Extra/Models/OvenVent.uasset" 1955
"C:/Users/mikel/Downloads/Paranoia/Content/NatesWork/Interior/Extra/Models/OvenVent.uexp" 1956
"C:/Users/mikel/Downloads/Paranoia/Content/Assets/3DModels/Interior/Carpet_Rectangle.ubulk" 1957
"C:/Users/mikel/Downloads/Paranoia/Content/Assets/3DModels/Interior/Carpet_Rectangle.uasset" 1958
"C:/Users/mikel/Downloads/Paranoia/Content/Assets/3DModels/Interior/Carpet_Rectangle.uexp" 1959
"C:/Users/mikel/Downloads/Paranoia/Content/Assets/Materials/Texture_Files/Carpet_Textures/Carpet_Rectangle/Carpets_Rectangle_1_BaseColor.ubulk" 1960
"C:/Users/mikel/Downloads/Paranoia/Content/Assets/Materials/Texture_Files/Carpet_Textures/Carpet_Rectangle/Carpets_Rectangle_1_BaseColor.uasset" 1961
"C:/Users/mikel/Downloads/Paranoia/Content/Assets/Materials/Texture_Files/Carpet_Textures/Carpet_Rectangle/Carpets_Rectangle_1_BaseColor.uexp" 1962
"C:/Users/mikel/Downloads/Paranoia/Content/Assets/Materials/Texture_Files/Carpet_Textures/Carpet_Rectangle/Carpets_Rectangle_1_OcclusionRoughnessMetallic.ubulk" 1963
"C:/Users/mikel/Downloads/Paranoia/Content/Assets/Materials/Texture_Files/Carpet_Textures/Carpet_Rectangle/Carpets_Rectangle_1_OcclusionRoughnessMetallic.uasset" 1964
"C:/Users/mikel/Downloads/Paranoia/Content/Assets/Materials/Texture_Files/Carpet_Textures/Carpet_Rectangle/Carpets_Rectangle_1_OcclusionRoughnessMetallic.uexp" 1965
"C:/Users/mikel/Downloads/Paranoia/Content/Assets/Materials/Carpet_Mats/Carpet_Rectangle_Mat.uasset" 1966
"C:/Users/mikel/Downloads/Paranoia/Content/Assets/Materials/Carpet_Mats/Carpet_Rectangle_Mat.uexp" 1967
"C:/Users/mikel/Downloads/Paranoia/Content/Blueprints/Furnishings/Carpets/Carpet_RectangleVariant1.uasset" 1968
"C:/Users/mikel/Downloads/Paranoia/Content/Blueprints/Furnishings/Carpets/Carpet_RectangleVariant1.uexp" 1969
"C:/Users/mikel/Downloads/Paranoia/Content/Bryans-Models/Models/Stairs/Basement_Stairs.ubulk" 1970
"C:/Users/mikel/Downloads/Paranoia/Content/Bryans-Models/Models/Stairs/Basement_Stairs.uasset" 1971
"C:/Users/mikel/Downloads/Paranoia/Content/Bryans-Models/Models/Stairs/Basement_Stairs.uexp" 1972
"C:/Users/mikel/Downloads/Paranoia/Content/Bryans-Models/Models/Stairs/First_Floor_Stairs.ubulk" 1973
"C:/Users/mikel/Downloads/Paranoia/Content/Bryans-Models/Models/Stairs/First_Floor_Stairs.uasset" 1974
"C:/Users/mikel/Downloads/Paranoia/Content/Bryans-Models/Models/Stairs/First_Floor_Stairs.uexp" 1975
"C:/Users/mikel/Downloads/Paranoia/Content/Assets/Materials/Texture_Files/Carpet_Textures/Carpet_Rectangle/Carpets_Rectangle_2_BaseColor.ubulk" 1976
"C:/Users/mikel/Downloads/Paranoia/Content/Assets/Materials/Texture_Files/Carpet_Textures/Carpet_Rectangle/Carpets_Rectangle_2_BaseColor.uasset" 1977
"C:/Users/mikel/Downloads/Paranoia/Content/Assets/Materials/Texture_Files/Carpet_Textures/Carpet_Rectangle/Carpets_Rectangle_2_BaseColor.uexp" 1978
"C:/Users/mikel/Downloads/Paranoia/Content/Assets/Materials/Texture_Files/Carpet_Textures/Carpet_Rectangle/Carpets_Rectangle_2_OcclusionRoughnessMetallic.ubulk" 1979
"C:/Users/mikel/Downloads/Paranoia/Content/Assets/Materials/Texture_Files/Carpet_Textures/Carpet_Rectangle/Carpets_Rectangle_2_OcclusionRoughnessMetallic.uasset" 1980
"C:/Users/mikel/Downloads/Paranoia/Content/Assets/Materials/Texture_Files/Carpet_Textures/Carpet_Rectangle/Carpets_Rectangle_2_OcclusionRoughnessMetallic.uexp" 1981
"C:/Users/mikel/Downloads/Paranoia/Content/Assets/Materials/Carpet_Mats/Carpet_Rectangle_Mat1.uasset" 1982
"C:/Users/mikel/Downloads/Paranoia/Content/Assets/Materials/Carpet_Mats/Carpet_Rectangle_Mat1.uexp" 1983
"C:/Users/mikel/Downloads/Paranoia/Content/Blueprints/Furnishings/Carpets/Carpet_RectangleVariant2.uasset" 1984
"C:/Users/mikel/Downloads/Paranoia/Content/Blueprints/Furnishings/Carpets/Carpet_RectangleVariant2.uexp" 1985
"C:/Users/mikel/Downloads/Paranoia/Content/Bryans-Models/Models/Stairs/Hatch_Stairs.ubulk" 1986
"C:/Users/mikel/Downloads/Paranoia/Content/Bryans-Models/Models/Stairs/Hatch_Stairs.uasset" 1987
"C:/Users/mikel/Downloads/Paranoia/Content/Bryans-Models/Models/Stairs/Hatch_Stairs.uexp" 1988
"C:/Users/mikel/Downloads/Paranoia/Content/Bryans-Models/Models/Study_Desk/Drawer_1.ubulk" 1989
"C:/Users/mikel/Downloads/Paranoia/Content/Bryans-Models/Models/Study_Desk/Drawer_1.uasset" 1990
"C:/Users/mikel/Downloads/Paranoia/Content/Bryans-Models/Models/Study_Desk/Drawer_1.uexp" 1991
"C:/Users/mikel/Downloads/Paranoia/Content/Bryans-Models/Models/Study_Desk/Drawer_2.ubulk" 1992
"C:/Users/mikel/Downloads/Paranoia/Content/Bryans-Models/Models/Study_Desk/Drawer_2.uasset" 1993
"C:/Users/mikel/Downloads/Paranoia/Content/Bryans-Models/Models/Study_Desk/Drawer_2.uexp" 1994
"C:/Users/mikel/Downloads/Paranoia/Content/Bryans-Models/Models/Study_Desk/Drawer_3.ubulk" 1995
"C:/Users/mikel/Downloads/Paranoia/Content/Bryans-Models/Models/Study_Desk/Drawer_3.uasset" 1996
"C:/Users/mikel/Downloads/Paranoia/Content/Bryans-Models/Models/Study_Desk/Drawer_3.uexp" 1997
"C:/Users/mikel/Downloads/Paranoia/Content/Bryans-Models/Models/Study_Desk/Drawer_4.ubulk" 1998
"C:/Users/mikel/Downloads/Paranoia/Content/Bryans-Models/Models/Study_Desk/Drawer_4.uasset" 1999
"C:/Users/mikel/Downloads/Paranoia/Content/Bryans-Models/Models/Study_Desk/Drawer_4.uexp" 2000
"C:/Users/mikel/Downloads/Paranoia/Content/Bryans-Models/Models/Study_Desk/Drawer_5.ubulk" 2001
"C:/Users/mikel/Downloads/Paranoia/Content/Bryans-Models/Models/Study_Desk/Drawer_5.uasset" 2002
"C:/Users/mikel/Downloads/Paranoia/Content/Bryans-Models/Models/Study_Desk/Drawer_5.uexp" 2003
"C:/Users/mikel/Downloads/Paranoia/Content/Bryans-Models/Models/Study_Desk/Drawer_6.ubulk" 2004
"C:/Users/mikel/Downloads/Paranoia/Content/Bryans-Models/Models/Study_Desk/Drawer_6.uasset" 2005
"C:/Users/mikel/Downloads/Paranoia/Content/Bryans-Models/Models/Study_Desk/Drawer_6.uexp" 2006
"C:/Users/mikel/Downloads/Paranoia/Content/Bryans-Models/Models/Study_Desk/Study-Desk.ubulk" 2007
"C:/Users/mikel/Downloads/Paranoia/Content/Bryans-Models/Models/Study_Desk/Study-Desk.uasset" 2008
"C:/Users/mikel/Downloads/Paranoia/Content/Bryans-Models/Models/Study_Desk/Study-Desk.uexp" 2009
"C:/Users/mikel/Downloads/Paranoia/Content/Bryans-Models/Models/Study_Desk/Study_Desk_Door.ubulk" 2010
"C:/Users/mikel/Downloads/Paranoia/Content/Bryans-Models/Models/Study_Desk/Study_Desk_Door.uasset" 2011
"C:/Users/mikel/Downloads/Paranoia/Content/Bryans-Models/Models/Study_Desk/Study_Desk_Door.uexp" 2012
"C:/Users/mikel/Downloads/Paranoia/Content/Bryans-Models/Models/Study_Desk/Desk.uasset" 2013
"C:/Users/mikel/Downloads/Paranoia/Content/Bryans-Models/Models/Study_Desk/Desk.uexp" 2014
"C:/Users/mikel/Downloads/Paranoia/Content/Assets/Materials/Texture_Files/Carpet_Textures/Carpet_Rectangle/Carpets_Rectangle_3_BaseColor.ubulk" 2015
"C:/Users/mikel/Downloads/Paranoia/Content/Assets/Materials/Texture_Files/Carpet_Textures/Carpet_Rectangle/Carpets_Rectangle_3_BaseColor.uasset" 2016
"C:/Users/mikel/Downloads/Paranoia/Content/Assets/Materials/Texture_Files/Carpet_Textures/Carpet_Rectangle/Carpets_Rectangle_3_BaseColor.uexp" 2017
"C:/Users/mikel/Downloads/Paranoia/Content/Assets/Materials/Texture_Files/Carpet_Textures/Carpet_Rectangle/Carpets_Rectangle_3_OcclusionRoughnessMetallic.ubulk" 2018
"C:/Users/mikel/Downloads/Paranoia/Content/Assets/Materials/Texture_Files/Carpet_Textures/Carpet_Rectangle/Carpets_Rectangle_3_OcclusionRoughnessMetallic.uasset" 2019
"C:/Users/mikel/Downloads/Paranoia/Content/Assets/Materials/Texture_Files/Carpet_Textures/Carpet_Rectangle/Carpets_Rectangle_3_OcclusionRoughnessMetallic.uexp" 2020
"C:/Users/mikel/Downloads/Paranoia/Content/Assets/Materials/Carpet_Mats/Carpet_Rectangle_Mat2.uasset" 2021
"C:/Users/mikel/Downloads/Paranoia/Content/Assets/Materials/Carpet_Mats/Carpet_Rectangle_Mat2.uexp" 2022
"C:/Users/mikel/Downloads/Paranoia/Content/Blueprints/Furnishings/Carpets/Carpet_RectangleVariant3.uasset" 2023
"C:/Users/mikel/Downloads/Paranoia/Content/Blueprints/Furnishings/Carpets/Carpet_RectangleVariant3.uexp" 2024
"../../../Engine/Content/Functions/Engine_MaterialFunctions03/Blends/Blend_Screen.uasset" 2025
"../../../Engine/Content/Functions/Engine_MaterialFunctions03/Blends/Blend_Screen.uexp" 2026
"../../../Engine/Content/EditorMaterials/TilingAALineIntegral.uasset" 2027
"../../../Engine/Content/EditorMaterials/TilingAALineIntegral.uexp" 2028
"../../../Engine/Content/EditorMaterials/TilingAALineBoxFiltered.uasset" 2029
"../../../Engine/Content/EditorMaterials/TilingAALineBoxFiltered.uexp" 2030
"../../../Engine/Content/Functions/Engine_MaterialFunctions03/Procedurals/ComputeFilterWidth.uasset" 2031
"../../../Engine/Content/Functions/Engine_MaterialFunctions03/Procedurals/ComputeFilterWidth.uexp" 2032
"../../../Engine/Content/EditorMaterials/TilingAAGrid.uasset" 2033
"../../../Engine/Content/EditorMaterials/TilingAAGrid.uexp" 2034
"../../../Engine/Content/EngineResources/Black_Low.uasset" 2035
"../../../Engine/Content/EngineResources/Black_Low.uexp" 2036
"../../../Engine/Plugins/Experimental/Landmass/Content/Landscape/BlueprintBrushes/MPC/MPC_Landscape.uasset" 2037
"../../../Engine/Plugins/Experimental/Landmass/Content/Landscape/BlueprintBrushes/MPC/MPC_Landscape.uexp" 2038
"../../../Engine/Plugins/Experimental/Landmass/Content/Landscape/BlueprintBrushes/MF/PointSampleLandscapeUVs.uasset" 2039
"../../../Engine/Plugins/Experimental/Landmass/Content/Landscape/BlueprintBrushes/MF/PointSampleLandscapeUVs.uexp" 2040
"../../../Engine/Content/Functions/Engine_MaterialFunctions01/ImageAdjustment/SCurve.uasset" 2041
"../../../Engine/Content/Functions/Engine_MaterialFunctions01/ImageAdjustment/SCurve.uexp" 2042
"../../../Engine/Plugins/Experimental/Landmass/Content/Landscape/OldPrototype_BP/Mats/MF/UnpackRG8Height.uasset" 2043
"../../../Engine/Plugins/Experimental/Landmass/Content/Landscape/OldPrototype_BP/Mats/MF/UnpackRG8Height.uexp" 2044
"../../../Engine/Content/ArtTools/RenderToTexture/Textures/T_EV_BlankWhite_01.uasset" 2045
"../../../Engine/Content/ArtTools/RenderToTexture/Textures/T_EV_BlankWhite_01.uexp" 2046
"../../../Engine/Plugins/Experimental/Landmass/Content/Landscape/BlueprintBrushes/MF/LandmassBrush_UVs.uasset" 2047
"../../../Engine/Plugins/Experimental/Landmass/Content/Landscape/BlueprintBrushes/MF/LandmassBrush_UVs.uexp" 2048
"../../../Engine/Plugins/Experimental/Landmass/Content/Landscape/BlueprintBrushes/MF/LandmassBrush_EdgeFalloff.uasset" 2049
"../../../Engine/Plugins/Experimental/Landmass/Content/Landscape/BlueprintBrushes/MF/LandmassBrush_EdgeFalloff.uexp" 2050
"../../../Engine/Plugins/Experimental/Landmass/Content/Landscape/BlueprintBrushes/MF/LandmassBrush_Noise.uasset" 2051
"../../../Engine/Plugins/Experimental/Landmass/Content/Landscape/BlueprintBrushes/MF/LandmassBrush_Noise.uexp" 2052
"../../../Engine/Plugins/Experimental/Landmass/Content/Landscape/BlueprintBrushes/MF/Landmass_BrushTilt.uasset" 2053
"../../../Engine/Plugins/Experimental/Landmass/Content/Landscape/BlueprintBrushes/MF/Landmass_BrushTilt.uexp" 2054
"../../../Engine/Plugins/Experimental/Landmass/Content/Landscape/BlueprintBrushes/Materials/BrushMaterials/BasicFunctions/LandmassBrush_ShapeMask.uasset" 2055
"../../../Engine/Plugins/Experimental/Landmass/Content/Landscape/BlueprintBrushes/Materials/BrushMaterials/BasicFunctions/LandmassBrush_ShapeMask.uexp" 2056
"../../../Engine/Plugins/Experimental/Landmass/Content/Landscape/BlueprintBrushes/Materials/Internal/BrushBounds.uasset" 2057
"../../../Engine/Plugins/Experimental/Landmass/Content/Landscape/BlueprintBrushes/Materials/Internal/BrushBounds.uexp" 2058
"C:/Users/mikel/Downloads/Paranoia/Content/Assets/3DModels/Interior/Carpet_SmallRound.ubulk" 2059
"C:/Users/mikel/Downloads/Paranoia/Content/Assets/3DModels/Interior/Carpet_SmallRound.uasset" 2060
"C:/Users/mikel/Downloads/Paranoia/Content/Assets/3DModels/Interior/Carpet_SmallRound.uexp" 2061
"C:/Users/mikel/Downloads/Paranoia/Content/Assets/Materials/Texture_Files/Carpet_Textures/Carpet_SmallRound/Carpets_SmallRound2_OcclusionRoughnessMetallic.ubulk" 2062
"C:/Users/mikel/Downloads/Paranoia/Content/Assets/Materials/Texture_Files/Carpet_Textures/Carpet_SmallRound/Carpets_SmallRound2_OcclusionRoughnessMetallic.uasset" 2063
"C:/Users/mikel/Downloads/Paranoia/Content/Assets/Materials/Texture_Files/Carpet_Textures/Carpet_SmallRound/Carpets_SmallRound2_OcclusionRoughnessMetallic.uexp" 2064
"C:/Users/mikel/Downloads/Paranoia/Content/Assets/Materials/Texture_Files/Carpet_Textures/Carpet_SmallRound/Carpets_SmallRound_2_BaseColor.ubulk" 2065
"C:/Users/mikel/Downloads/Paranoia/Content/Assets/Materials/Texture_Files/Carpet_Textures/Carpet_SmallRound/Carpets_SmallRound_2_BaseColor.uasset" 2066
"C:/Users/mikel/Downloads/Paranoia/Content/Assets/Materials/Texture_Files/Carpet_Textures/Carpet_SmallRound/Carpets_SmallRound_2_BaseColor.uexp" 2067
"C:/Users/mikel/Downloads/Paranoia/Content/Assets/Materials/Carpet_Mats/Carpet_SmallRound_Mat1.uasset" 2068
"C:/Users/mikel/Downloads/Paranoia/Content/Assets/Materials/Carpet_Mats/Carpet_SmallRound_Mat1.uexp" 2069
"C:/Users/mikel/Downloads/Paranoia/Content/Blueprints/Furnishings/Carpets/Carpet_SmallRoundVariant2.uasset" 2070
"C:/Users/mikel/Downloads/Paranoia/Content/Blueprints/Furnishings/Carpets/Carpet_SmallRoundVariant2.uexp" 2071
"C:/Users/mikel/Downloads/Paranoia/Content/Assets/3DModels/Interior/Carpet_Square.ubulk" 2072
"C:/Users/mikel/Downloads/Paranoia/Content/Assets/3DModels/Interior/Carpet_Square.uasset" 2073
"C:/Users/mikel/Downloads/Paranoia/Content/Assets/3DModels/Interior/Carpet_Square.uexp" 2074
"C:/Users/mikel/Downloads/Paranoia/Content/Assets/Materials/Texture_Files/Carpet_Textures/Carpet_Square/Carpet_Square_1_BaseColor.ubulk" 2075
"C:/Users/mikel/Downloads/Paranoia/Content/Assets/Materials/Texture_Files/Carpet_Textures/Carpet_Square/Carpet_Square_1_BaseColor.uasset" 2076
"C:/Users/mikel/Downloads/Paranoia/Content/Assets/Materials/Texture_Files/Carpet_Textures/Carpet_Square/Carpet_Square_1_BaseColor.uexp" 2077
"C:/Users/mikel/Downloads/Paranoia/Content/Assets/Materials/Texture_Files/Carpet_Textures/Carpet_Square/Carpet_Square_1_OcclusionRoughnessMetallic.ubulk" 2078
"C:/Users/mikel/Downloads/Paranoia/Content/Assets/Materials/Texture_Files/Carpet_Textures/Carpet_Square/Carpet_Square_1_OcclusionRoughnessMetallic.uasset" 2079
"C:/Users/mikel/Downloads/Paranoia/Content/Assets/Materials/Texture_Files/Carpet_Textures/Carpet_Square/Carpet_Square_1_OcclusionRoughnessMetallic.uexp" 2080
"C:/Users/mikel/Downloads/Paranoia/Content/Assets/Materials/Carpet_Mats/Carpet_Square_Mat.uasset" 2081
"C:/Users/mikel/Downloads/Paranoia/Content/Assets/Materials/Carpet_Mats/Carpet_Square_Mat.uexp" 2082
"C:/Users/mikel/Downloads/Paranoia/Content/Blueprints/Furnishings/Carpets/Carpet_SquareVariant1.uasset" 2083
"C:/Users/mikel/Downloads/Paranoia/Content/Blueprints/Furnishings/Carpets/Carpet_SquareVariant1.uexp" 2084
"C:/Users/mikel/Downloads/Paranoia/Content/NatesWork/Exterior/Garden/GardenRow/Textures/GardenRow_openPBR_shader1_BaseColor.ubulk" 2085
"C:/Users/mikel/Downloads/Paranoia/Content/NatesWork/Exterior/Garden/GardenRow/Textures/GardenRow_openPBR_shader1_BaseColor.uasset" 2086
"C:/Users/mikel/Downloads/Paranoia/Content/NatesWork/Exterior/Garden/GardenRow/Textures/GardenRow_openPBR_shader1_BaseColor.uexp" 2087
"C:/Users/mikel/Downloads/Paranoia/Content/NatesWork/Exterior/Garden/GardenRow/Textures/GardenRow_openPBR_shader1_Height.ubulk" 2088
"C:/Users/mikel/Downloads/Paranoia/Content/NatesWork/Exterior/Garden/GardenRow/Textures/GardenRow_openPBR_shader1_Height.uasset" 2089
"C:/Users/mikel/Downloads/Paranoia/Content/NatesWork/Exterior/Garden/GardenRow/Textures/GardenRow_openPBR_shader1_Height.uexp" 2090
"C:/Users/mikel/Downloads/Paranoia/Content/NatesWork/Exterior/Garden/GardenRow/Textures/GardenRow_openPBR_shader1_Normal.ubulk" 2091
"C:/Users/mikel/Downloads/Paranoia/Content/NatesWork/Exterior/Garden/GardenRow/Textures/GardenRow_openPBR_shader1_Normal.uasset" 2092
"C:/Users/mikel/Downloads/Paranoia/Content/NatesWork/Exterior/Garden/GardenRow/Textures/GardenRow_openPBR_shader1_Normal.uexp" 2093
"C:/Users/mikel/Downloads/Paranoia/Content/NatesWork/Exterior/Garden/GardenRow/Textures/GardenRow_openPBR_shader1_Roughness.ubulk" 2094
"C:/Users/mikel/Downloads/Paranoia/Content/NatesWork/Exterior/Garden/GardenRow/Textures/GardenRow_openPBR_shader1_Roughness.uasset" 2095
"C:/Users/mikel/Downloads/Paranoia/Content/NatesWork/Exterior/Garden/GardenRow/Textures/GardenRow_openPBR_shader1_Roughness.uexp" 2096
"C:/Users/mikel/Downloads/Paranoia/Content/NatesWork/Exterior/Garden/GardenRow/Mats/GardenRowMAT.uasset" 2097
"C:/Users/mikel/Downloads/Paranoia/Content/NatesWork/Exterior/Garden/GardenRow/Mats/GardenRowMAT.uexp" 2098
"C:/Users/mikel/Downloads/Paranoia/Content/NatesWork/Exterior/Garden/GardenRow/Models/GardenRow.ubulk" 2099
"C:/Users/mikel/Downloads/Paranoia/Content/NatesWork/Exterior/Garden/GardenRow/Models/GardenRow.uasset" 2100
"C:/Users/mikel/Downloads/Paranoia/Content/NatesWork/Exterior/Garden/GardenRow/Models/GardenRow.uexp" 2101
"C:/Users/mikel/Downloads/Paranoia/Content/Assets/Materials/Texture_Files/Carpet_Textures/Carpet_Square/Carpet_Square_2_BaseColor.ubulk" 2102
"C:/Users/mikel/Downloads/Paranoia/Content/Assets/Materials/Texture_Files/Carpet_Textures/Carpet_Square/Carpet_Square_2_BaseColor.uasset" 2103
"C:/Users/mikel/Downloads/Paranoia/Content/Assets/Materials/Texture_Files/Carpet_Textures/Carpet_Square/Carpet_Square_2_BaseColor.uexp" 2104
"C:/Users/mikel/Downloads/Paranoia/Content/Assets/Materials/Texture_Files/Carpet_Textures/Carpet_Square/Carpet_Square_2_OcclusionRoughnessMetallic.ubulk" 2105
"C:/Users/mikel/Downloads/Paranoia/Content/Assets/Materials/Texture_Files/Carpet_Textures/Carpet_Square/Carpet_Square_2_OcclusionRoughnessMetallic.uasset" 2106
"C:/Users/mikel/Downloads/Paranoia/Content/Assets/Materials/Texture_Files/Carpet_Textures/Carpet_Square/Carpet_Square_2_OcclusionRoughnessMetallic.uexp" 2107
"C:/Users/mikel/Downloads/Paranoia/Content/Assets/Materials/Carpet_Mats/Carpet_Square_Mat1.uasset" 2108
"C:/Users/mikel/Downloads/Paranoia/Content/Assets/Materials/Carpet_Mats/Carpet_Square_Mat1.uexp" 2109
"C:/Users/mikel/Downloads/Paranoia/Content/Blueprints/Furnishings/Carpets/Carpet_SquareVariant2.uasset" 2110
"C:/Users/mikel/Downloads/Paranoia/Content/Blueprints/Furnishings/Carpets/Carpet_SquareVariant2.uexp" 2111
"C:/Users/mikel/Downloads/Paranoia/Content/Assets/Materials/Texture_Files/PrimaryBed_Texs/Desk/Desk_Variant_standardSurface1_BaseColor.ubulk" 2112
"C:/Users/mikel/Downloads/Paranoia/Content/Assets/Materials/Texture_Files/PrimaryBed_Texs/Desk/Desk_Variant_standardSurface1_BaseColor.uasset" 2113
"C:/Users/mikel/Downloads/Paranoia/Content/Assets/Materials/Texture_Files/PrimaryBed_Texs/Desk/Desk_Variant_standardSurface1_BaseColor.uexp" 2114
"C:/Users/mikel/Downloads/Paranoia/Content/Assets/Materials/Texture_Files/PrimaryBed_Texs/Desk/Desk_Variant_standardSurface1_OcclusionRoughnessMetallic.ubulk" 2115
"C:/Users/mikel/Downloads/Paranoia/Content/Assets/Materials/Texture_Files/PrimaryBed_Texs/Desk/Desk_Variant_standardSurface1_OcclusionRoughnessMetallic.uasset" 2116
"C:/Users/mikel/Downloads/Paranoia/Content/Assets/Materials/Texture_Files/PrimaryBed_Texs/Desk/Desk_Variant_standardSurface1_OcclusionRoughnessMetallic.uexp" 2117
"C:/Users/mikel/Downloads/Paranoia/Content/Assets/Materials/PrimaryBed_Mats/Desk.uasset" 2118
"C:/Users/mikel/Downloads/Paranoia/Content/Assets/Materials/PrimaryBed_Mats/Desk.uexp" 2119
"C:/Users/mikel/Downloads/Paranoia/Content/Blueprints/Furnishings/Primary_Bedroom/Desk_Variant.ubulk" 2120
"C:/Users/mikel/Downloads/Paranoia/Content/Blueprints/Furnishings/Primary_Bedroom/Desk_Variant.uasset" 2121
"C:/Users/mikel/Downloads/Paranoia/Content/Blueprints/Furnishings/Primary_Bedroom/Desk_Variant.uexp" 2122
"C:/Users/mikel/Downloads/Paranoia/Content/Eric_Bp/Mats/Intances/M_Master.uasset" 2123
"C:/Users/mikel/Downloads/Paranoia/Content/Eric_Bp/Mats/Intances/M_Master.uexp" 2124
"C:/Users/mikel/Downloads/Paranoia/Content/Assets/Materials/Texture_Files/PrimaryBed_Texs/Nightstand/Nightstand_standardSurface1_BaseColor.ubulk" 2125
"C:/Users/mikel/Downloads/Paranoia/Content/Assets/Materials/Texture_Files/PrimaryBed_Texs/Nightstand/Nightstand_standardSurface1_BaseColor.uasset" 2126
"C:/Users/mikel/Downloads/Paranoia/Content/Assets/Materials/Texture_Files/PrimaryBed_Texs/Nightstand/Nightstand_standardSurface1_BaseColor.uexp" 2127
"C:/Users/mikel/Downloads/Paranoia/Content/Assets/Materials/Texture_Files/PrimaryBed_Texs/Nightstand/Nightstand_standardSurface1_OcclusionRoughnessMetallic.ubulk" 2128
"C:/Users/mikel/Downloads/Paranoia/Content/Assets/Materials/Texture_Files/PrimaryBed_Texs/Nightstand/Nightstand_standardSurface1_OcclusionRoughnessMetallic.uasset" 2129
"C:/Users/mikel/Downloads/Paranoia/Content/Assets/Materials/Texture_Files/PrimaryBed_Texs/Nightstand/Nightstand_standardSurface1_OcclusionRoughnessMetallic.uexp" 2130
"C:/Users/mikel/Downloads/Paranoia/Content/Assets/Materials/PrimaryBed_Mats/NightstandMat.uasset" 2131
"C:/Users/mikel/Downloads/Paranoia/Content/Assets/Materials/PrimaryBed_Mats/NightstandMat.uexp" 2132
"C:/Users/mikel/Downloads/Paranoia/Content/Assets/3DModels/Interior/2nd_Floor/Primary_Room/Nightstand.ubulk" 2133
"C:/Users/mikel/Downloads/Paranoia/Content/Assets/3DModels/Interior/2nd_Floor/Primary_Room/Nightstand.uasset" 2134
"C:/Users/mikel/Downloads/Paranoia/Content/Assets/3DModels/Interior/2nd_Floor/Primary_Room/Nightstand.uexp" 2135
"C:/Users/mikel/Downloads/Paranoia/Content/Blueprints/Furnishings/Primary_Bedroom/Nightstand.uasset" 2136
"C:/Users/mikel/Downloads/Paranoia/Content/Blueprints/Furnishings/Primary_Bedroom/Nightstand.uexp" 2137
"C:/Users/mikel/Downloads/Paranoia/Content/Assets/Materials/Texture_Files/PrimaryBed_Texs/PrimaryBed/Bed_Combined_BedMat1_BaseColor.ubulk" 2138
"C:/Users/mikel/Downloads/Paranoia/Content/Assets/Materials/Texture_Files/PrimaryBed_Texs/PrimaryBed/Bed_Combined_BedMat1_BaseColor.uasset" 2139
"C:/Users/mikel/Downloads/Paranoia/Content/Assets/Materials/Texture_Files/PrimaryBed_Texs/PrimaryBed/Bed_Combined_BedMat1_BaseColor.uexp" 2140
"C:/Users/mikel/Downloads/Paranoia/Content/Assets/Materials/Texture_Files/PrimaryBed_Texs/PrimaryBed/Bed_Combined_BedMat1_OcclusionRoughnessMetallic.ubulk" 2141
"C:/Users/mikel/Downloads/Paranoia/Content/Assets/Materials/Texture_Files/PrimaryBed_Texs/PrimaryBed/Bed_Combined_BedMat1_OcclusionRoughnessMetallic.uasset" 2142
"C:/Users/mikel/Downloads/Paranoia/Content/Assets/Materials/Texture_Files/PrimaryBed_Texs/PrimaryBed/Bed_Combined_BedMat1_OcclusionRoughnessMetallic.uexp" 2143
"C:/Users/mikel/Downloads/Paranoia/Content/Assets/Materials/PrimaryBed_Mats/BedMat1.uasset" 2144
"C:/Users/mikel/Downloads/Paranoia/Content/Assets/Materials/PrimaryBed_Mats/BedMat1.uexp" 2145
"C:/Users/mikel/Downloads/Paranoia/Content/Assets/Materials/Texture_Files/PrimaryBed_Texs/PrimaryBed/Bed_Combined_BedMat2_BaseColor.ubulk" 2146
"C:/Users/mikel/Downloads/Paranoia/Content/Assets/Materials/Texture_Files/PrimaryBed_Texs/PrimaryBed/Bed_Combined_BedMat2_BaseColor.uasset" 2147
"C:/Users/mikel/Downloads/Paranoia/Content/Assets/Materials/Texture_Files/PrimaryBed_Texs/PrimaryBed/Bed_Combined_BedMat2_BaseColor.uexp" 2148
"C:/Users/mikel/Downloads/Paranoia/Content/Assets/Materials/Texture_Files/PrimaryBed_Texs/PrimaryBed/Bed_Combined_BedMat2_OcclusionRoughnessMetallic.ubulk" 2149
"C:/Users/mikel/Downloads/Paranoia/Content/Assets/Materials/Texture_Files/PrimaryBed_Texs/PrimaryBed/Bed_Combined_BedMat2_OcclusionRoughnessMetallic.uasset" 2150
"C:/Users/mikel/Downloads/Paranoia/Content/Assets/Materials/Texture_Files/PrimaryBed_Texs/PrimaryBed/Bed_Combined_BedMat2_OcclusionRoughnessMetallic.uexp" 2151
"C:/Users/mikel/Downloads/Paranoia/Content/Assets/Materials/PrimaryBed_Mats/BedMat2.uasset" 2152
"C:/Users/mikel/Downloads/Paranoia/Content/Assets/Materials/PrimaryBed_Mats/BedMat2.uexp" 2153
"C:/Users/mikel/Downloads/Paranoia/Content/Assets/3DModels/Interior/2nd_Floor/Primary_Room/Bed_Combined.ubulk" 2154
"C:/Users/mikel/Downloads/Paranoia/Content/Assets/3DModels/Interior/2nd_Floor/Primary_Room/Bed_Combined.uasset" 2155
"C:/Users/mikel/Downloads/Paranoia/Content/Assets/3DModels/Interior/2nd_Floor/Primary_Room/Bed_Combined.uexp" 2156
"C:/Users/mikel/Downloads/Paranoia/Content/Blueprints/Furnishings/Primary_Bedroom/PrimaryBed.uasset" 2157
"C:/Users/mikel/Downloads/Paranoia/Content/Blueprints/Furnishings/Primary_Bedroom/PrimaryBed.uexp" 2158
"C:/Users/mikel/Downloads/Paranoia/Content/Assets/Materials/Texture_Files/PrimaryBed_Texs/PrimaryBed/Variant/Bed_Combined_BedMat1_BaseColor.ubulk" 2159
"C:/Users/mikel/Downloads/Paranoia/Content/Assets/Materials/Texture_Files/PrimaryBed_Texs/PrimaryBed/Variant/Bed_Combined_BedMat1_BaseColor.uasset" 2160
"C:/Users/mikel/Downloads/Paranoia/Content/Assets/Materials/Texture_Files/PrimaryBed_Texs/PrimaryBed/Variant/Bed_Combined_BedMat1_BaseColor.uexp" 2161
"C:/Users/mikel/Downloads/Paranoia/Content/Assets/Materials/Texture_Files/PrimaryBed_Texs/PrimaryBed/Variant/Bed_Combined_BedMat1_OcclusionRoughnessMetallic.ubulk" 2162
"C:/Users/mikel/Downloads/Paranoia/Content/Assets/Materials/Texture_Files/PrimaryBed_Texs/PrimaryBed/Variant/Bed_Combined_BedMat1_OcclusionRoughnessMetallic.uasset" 2163
"C:/Users/mikel/Downloads/Paranoia/Content/Assets/Materials/Texture_Files/PrimaryBed_Texs/PrimaryBed/Variant/Bed_Combined_BedMat1_OcclusionRoughnessMetallic.uexp" 2164
"C:/Users/mikel/Downloads/Paranoia/Content/Assets/Materials/PrimaryBed_Mats/BedMat3.uasset" 2165
"C:/Users/mikel/Downloads/Paranoia/Content/Assets/Materials/PrimaryBed_Mats/BedMat3.uexp" 2166
"C:/Users/mikel/Downloads/Paranoia/Content/Assets/Materials/Texture_Files/PrimaryBed_Texs/PrimaryBed/Variant/Bed_Combined_BedMat2_BaseColor.ubulk" 2167
"C:/Users/mikel/Downloads/Paranoia/Content/Assets/Materials/Texture_Files/PrimaryBed_Texs/PrimaryBed/Variant/Bed_Combined_BedMat2_BaseColor.uasset" 2168
"C:/Users/mikel/Downloads/Paranoia/Content/Assets/Materials/Texture_Files/PrimaryBed_Texs/PrimaryBed/Variant/Bed_Combined_BedMat2_BaseColor.uexp" 2169
"C:/Users/mikel/Downloads/Paranoia/Content/Assets/Materials/Texture_Files/PrimaryBed_Texs/PrimaryBed/Variant/Bed_Combined_BedMat2_OcclusionRoughnessMetallic.ubulk" 2170
"C:/Users/mikel/Downloads/Paranoia/Content/Assets/Materials/Texture_Files/PrimaryBed_Texs/PrimaryBed/Variant/Bed_Combined_BedMat2_OcclusionRoughnessMetallic.uasset" 2171
"C:/Users/mikel/Downloads/Paranoia/Content/Assets/Materials/Texture_Files/PrimaryBed_Texs/PrimaryBed/Variant/Bed_Combined_BedMat2_OcclusionRoughnessMetallic.uexp" 2172
"C:/Users/mikel/Downloads/Paranoia/Content/Assets/Materials/PrimaryBed_Mats/BedMat4.uasset" 2173
"C:/Users/mikel/Downloads/Paranoia/Content/Assets/Materials/PrimaryBed_Mats/BedMat4.uexp" 2174
"C:/Users/mikel/Downloads/Paranoia/Content/Blueprints/Furnishings/Primary_Bedroom/PrimaryBed1.uasset" 2175
"C:/Users/mikel/Downloads/Paranoia/Content/Blueprints/Furnishings/Primary_Bedroom/PrimaryBed1.uexp" 2176
"C:/Users/mikel/Downloads/Paranoia/Content/Assets/3DModels/Interior/2nd_Floor/Primary_Room/SafeDoor.ubulk" 2177
"C:/Users/mikel/Downloads/Paranoia/Content/Assets/3DModels/Interior/2nd_Floor/Primary_Room/SafeDoor.uasset" 2178
"C:/Users/mikel/Downloads/Paranoia/Content/Assets/3DModels/Interior/2nd_Floor/Primary_Room/SafeDoor.uexp" 2179
"C:/Users/mikel/Downloads/Paranoia/Content/Assets/Materials/Texture_Files/PrimaryBed_Texs/WallSafe/_Wall_S_Updates_lambert16_BaseColor.ubulk" 2180
"C:/Users/mikel/Downloads/Paranoia/Content/Assets/Materials/Texture_Files/PrimaryBed_Texs/WallSafe/_Wall_S_Updates_lambert16_BaseColor.uasset" 2181
"C:/Users/mikel/Downloads/Paranoia/Content/Assets/Materials/Texture_Files/PrimaryBed_Texs/WallSafe/_Wall_S_Updates_lambert16_BaseColor.uexp" 2182
"C:/Users/mikel/Downloads/Paranoia/Content/Assets/Materials/Texture_Files/PrimaryBed_Texs/WallSafe/_Wall_S_Updates_lambert16_OcclusionRoughnessMetallic.ubulk" 2183
"C:/Users/mikel/Downloads/Paranoia/Content/Assets/Materials/Texture_Files/PrimaryBed_Texs/WallSafe/_Wall_S_Updates_lambert16_OcclusionRoughnessMetallic.uasset" 2184
"C:/Users/mikel/Downloads/Paranoia/Content/Assets/Materials/Texture_Files/PrimaryBed_Texs/WallSafe/_Wall_S_Updates_lambert16_OcclusionRoughnessMetallic.uexp" 2185
"C:/Users/mikel/Downloads/Paranoia/Content/Assets/Materials/PrimaryBed_Mats/Safewall_Mat.uasset" 2186
"C:/Users/mikel/Downloads/Paranoia/Content/Assets/Materials/PrimaryBed_Mats/Safewall_Mat.uexp" 2187
"C:/Users/mikel/Downloads/Paranoia/Content/Assets/3DModels/Interior/2nd_Floor/Primary_Room/WallSafe_PrimBed.ubulk" 2188
"C:/Users/mikel/Downloads/Paranoia/Content/Assets/3DModels/Interior/2nd_Floor/Primary_Room/WallSafe_PrimBed.uasset" 2189
"C:/Users/mikel/Downloads/Paranoia/Content/Assets/3DModels/Interior/2nd_Floor/Primary_Room/WallSafe_PrimBed.uexp" 2190
"C:/Users/mikel/Downloads/Paranoia/Content/Assets/Materials/Texture_Files/PrimaryBed_Texs/WallSafe/SafeDoor_openPBR_shader1_BaseColor.ubulk" 2191
"C:/Users/mikel/Downloads/Paranoia/Content/Assets/Materials/Texture_Files/PrimaryBed_Texs/WallSafe/SafeDoor_openPBR_shader1_BaseColor.uasset" 2192
"C:/Users/mikel/Downloads/Paranoia/Content/Assets/Materials/Texture_Files/PrimaryBed_Texs/WallSafe/SafeDoor_openPBR_shader1_BaseColor.uexp" 2193
"C:/Users/mikel/Downloads/Paranoia/Content/Assets/Materials/Texture_Files/PrimaryBed_Texs/WallSafe/SafeDoor_openPBR_shader1_OcclusionRoughnessMetallic.ubulk" 2194
"C:/Users/mikel/Downloads/Paranoia/Content/Assets/Materials/Texture_Files/PrimaryBed_Texs/WallSafe/SafeDoor_openPBR_shader1_OcclusionRoughnessMetallic.uasset" 2195
"C:/Users/mikel/Downloads/Paranoia/Content/Assets/Materials/Texture_Files/PrimaryBed_Texs/WallSafe/SafeDoor_openPBR_shader1_OcclusionRoughnessMetallic.uexp" 2196
"C:/Users/mikel/Downloads/Paranoia/Content/Assets/Materials/PrimaryBed_Mats/SafeDoorMat.uasset" 2197
"C:/Users/mikel/Downloads/Paranoia/Content/Assets/Materials/PrimaryBed_Mats/SafeDoorMat.uexp" 2198
"C:/Users/mikel/Downloads/Paranoia/Content/Assets/Materials/Texture_Files/PrimaryBed_Texs/WallSafe/SafePainting_openPBR_shader1_BaseColor.ubulk" 2199
"C:/Users/mikel/Downloads/Paranoia/Content/Assets/Materials/Texture_Files/PrimaryBed_Texs/WallSafe/SafePainting_openPBR_shader1_BaseColor.uasset" 2200
"C:/Users/mikel/Downloads/Paranoia/Content/Assets/Materials/Texture_Files/PrimaryBed_Texs/WallSafe/SafePainting_openPBR_shader1_BaseColor.uexp" 2201
"C:/Users/mikel/Downloads/Paranoia/Content/Assets/Materials/Texture_Files/PrimaryBed_Texs/WallSafe/SafePainting_openPBR_shader1_OcclusionRoughnessMetallic.ubulk" 2202
"C:/Users/mikel/Downloads/Paranoia/Content/Assets/Materials/Texture_Files/PrimaryBed_Texs/WallSafe/SafePainting_openPBR_shader1_OcclusionRoughnessMetallic.uasset" 2203
"C:/Users/mikel/Downloads/Paranoia/Content/Assets/Materials/Texture_Files/PrimaryBed_Texs/WallSafe/SafePainting_openPBR_shader1_OcclusionRoughnessMetallic.uexp" 2204
"C:/Users/mikel/Downloads/Paranoia/Content/Assets/Materials/PrimaryBed_Mats/SafePaintingMat.uasset" 2205
"C:/Users/mikel/Downloads/Paranoia/Content/Assets/Materials/PrimaryBed_Mats/SafePaintingMat.uexp" 2206
"C:/Users/mikel/Downloads/Paranoia/Content/Assets/3DModels/Interior/2nd_Floor/Primary_Room/SafePainting.ubulk" 2207
"C:/Users/mikel/Downloads/Paranoia/Content/Assets/3DModels/Interior/2nd_Floor/Primary_Room/SafePainting.uasset" 2208
"C:/Users/mikel/Downloads/Paranoia/Content/Assets/3DModels/Interior/2nd_Floor/Primary_Room/SafePainting.uexp" 2209
"C:/Users/mikel/Downloads/Paranoia/Content/Blueprints/Furnishings/Primary_Bedroom/WallSafe.uasset" 2210
"C:/Users/mikel/Downloads/Paranoia/Content/Blueprints/Furnishings/Primary_Bedroom/WallSafe.uexp" 2211
"C:/Users/mikel/Downloads/Paranoia/Content/NatesWork/Exterior/Bench/Textures/Bench_openPBR_shader1_BaseColor.ubulk" 2212
"C:/Users/mikel/Downloads/Paranoia/Content/NatesWork/Exterior/Bench/Textures/Bench_openPBR_shader1_BaseColor.uasset" 2213
"C:/Users/mikel/Downloads/Paranoia/Content/NatesWork/Exterior/Bench/Textures/Bench_openPBR_shader1_BaseColor.uexp" 2214
"C:/Users/mikel/Downloads/Paranoia/Content/NatesWork/Exterior/Bench/Textures/Bench_openPBR_shader1_Height.ubulk" 2215
"C:/Users/mikel/Downloads/Paranoia/Content/NatesWork/Exterior/Bench/Textures/Bench_openPBR_shader1_Height.uasset" 2216
"C:/Users/mikel/Downloads/Paranoia/Content/NatesWork/Exterior/Bench/Textures/Bench_openPBR_shader1_Height.uexp" 2217
"C:/Users/mikel/Downloads/Paranoia/Content/NatesWork/Exterior/Bench/Textures/Bench_openPBR_shader1_Metallic.ubulk" 2218
"C:/Users/mikel/Downloads/Paranoia/Content/NatesWork/Exterior/Bench/Textures/Bench_openPBR_shader1_Metallic.uasset" 2219
"C:/Users/mikel/Downloads/Paranoia/Content/NatesWork/Exterior/Bench/Textures/Bench_openPBR_shader1_Metallic.uexp" 2220
"C:/Users/mikel/Downloads/Paranoia/Content/NatesWork/Exterior/Bench/Textures/Bench_openPBR_shader1_Normal.ubulk" 2221
"C:/Users/mikel/Downloads/Paranoia/Content/NatesWork/Exterior/Bench/Textures/Bench_openPBR_shader1_Normal.uasset" 2222
"C:/Users/mikel/Downloads/Paranoia/Content/NatesWork/Exterior/Bench/Textures/Bench_openPBR_shader1_Normal.uexp" 2223
"C:/Users/mikel/Downloads/Paranoia/Content/NatesWork/Exterior/Bench/Textures/Bench_openPBR_shader1_Roughness.ubulk" 2224
"C:/Users/mikel/Downloads/Paranoia/Content/NatesWork/Exterior/Bench/Textures/Bench_openPBR_shader1_Roughness.uasset" 2225
"C:/Users/mikel/Downloads/Paranoia/Content/NatesWork/Exterior/Bench/Textures/Bench_openPBR_shader1_Roughness.uexp" 2226
"C:/Users/mikel/Downloads/Paranoia/Content/NatesWork/Exterior/Bench/Mats/BenchMAT.uasset" 2227
"C:/Users/mikel/Downloads/Paranoia/Content/NatesWork/Exterior/Bench/Mats/BenchMAT.uexp" 2228
"C:/Users/mikel/Downloads/Paranoia/Content/NatesWork/Exterior/Bench/Models/Bench.ubulk" 2229
"C:/Users/mikel/Downloads/Paranoia/Content/NatesWork/Exterior/Bench/Models/Bench.uasset" 2230
"C:/Users/mikel/Downloads/Paranoia/Content/NatesWork/Exterior/Bench/Models/Bench.uexp" 2231
"C:/Users/mikel/Downloads/Paranoia/Content/Bryans-Models/Models/Mats/Bookshelf_Mat/Bookshelf_Bookshelf_Mat_BaseColor.ubulk" 2232
"C:/Users/mikel/Downloads/Paranoia/Content/Bryans-Models/Models/Mats/Bookshelf_Mat/Bookshelf_Bookshelf_Mat_BaseColor.uasset" 2233
"C:/Users/mikel/Downloads/Paranoia/Content/Bryans-Models/Models/Mats/Bookshelf_Mat/Bookshelf_Bookshelf_Mat_BaseColor.uexp" 2234
"C:/Users/mikel/Downloads/Paranoia/Content/Bryans-Models/Models/Mats/Bookshelf_Mat/Bookshelf_Bookshelf_Mat_Normal.ubulk" 2235
"C:/Users/mikel/Downloads/Paranoia/Content/Bryans-Models/Models/Mats/Bookshelf_Mat/Bookshelf_Bookshelf_Mat_Normal.uasset" 2236
"C:/Users/mikel/Downloads/Paranoia/Content/Bryans-Models/Models/Mats/Bookshelf_Mat/Bookshelf_Bookshelf_Mat_Normal.uexp" 2237
"C:/Users/mikel/Downloads/Paranoia/Content/Bryans-Models/Models/Mats/Bookshelf_Mat/Bookshelf_Bookshelf_Mat_OcclusionRoughnessMetallic.ubulk" 2238
"C:/Users/mikel/Downloads/Paranoia/Content/Bryans-Models/Models/Mats/Bookshelf_Mat/Bookshelf_Bookshelf_Mat_OcclusionRoughnessMetallic.uasset" 2239
"C:/Users/mikel/Downloads/Paranoia/Content/Bryans-Models/Models/Mats/Bookshelf_Mat/Bookshelf_Bookshelf_Mat_OcclusionRoughnessMetallic.uexp" 2240
"C:/Users/mikel/Downloads/Paranoia/Content/Bryans-Models/Models/Mats/Bookshelf_Mat/Bookshelf_Mat.uasset" 2241
"C:/Users/mikel/Downloads/Paranoia/Content/Bryans-Models/Models/Mats/Bookshelf_Mat/Bookshelf_Mat.uexp" 2242
"C:/Users/mikel/Downloads/Paranoia/Content/Bryans-Models/Models/Bookshelf/BookShelf_Model.ubulk" 2243
"C:/Users/mikel/Downloads/Paranoia/Content/Bryans-Models/Models/Bookshelf/BookShelf_Model.uasset" 2244
"C:/Users/mikel/Downloads/Paranoia/Content/Bryans-Models/Models/Bookshelf/BookShelf_Model.uexp" 2245
"C:/Users/mikel/Downloads/Paranoia/Content/Bryans-Models/Models/Bookshelf/Left_Bookshelf_Door.ubulk" 2246
"C:/Users/mikel/Downloads/Paranoia/Content/Bryans-Models/Models/Bookshelf/Left_Bookshelf_Door.uasset" 2247
"C:/Users/mikel/Downloads/Paranoia/Content/Bryans-Models/Models/Bookshelf/Left_Bookshelf_Door.uexp" 2248
"C:/Users/mikel/Downloads/Paranoia/Content/Bryans-Models/Models/Bookshelf/Right_Bookshelf_Door.ubulk" 2249
"C:/Users/mikel/Downloads/Paranoia/Content/Bryans-Models/Models/Bookshelf/Right_Bookshelf_Door.uasset" 2250
"C:/Users/mikel/Downloads/Paranoia/Content/Bryans-Models/Models/Bookshelf/Right_Bookshelf_Door.uexp" 2251
"C:/Users/mikel/Downloads/Paranoia/Content/Bryans-Models/Models/Bookshelf/Bookshelf.uasset" 2252
"C:/Users/mikel/Downloads/Paranoia/Content/Bryans-Models/Models/Bookshelf/Bookshelf.uexp" 2253
"C:/Users/mikel/Downloads/Paranoia/Content/NatesWork/Exterior/Bridge/Textures/Bridge_openPBR_shader1_BaseColor.ubulk" 2254
"C:/Users/mikel/Downloads/Paranoia/Content/NatesWork/Exterior/Bridge/Textures/Bridge_openPBR_shader1_BaseColor.uasset" 2255
"C:/Users/mikel/Downloads/Paranoia/Content/NatesWork/Exterior/Bridge/Textures/Bridge_openPBR_shader1_BaseColor.uexp" 2256
"C:/Users/mikel/Downloads/Paranoia/Content/NatesWork/Exterior/Bridge/Textures/Bridge_openPBR_shader1_Height.ubulk" 2257
"C:/Users/mikel/Downloads/Paranoia/Content/NatesWork/Exterior/Bridge/Textures/Bridge_openPBR_shader1_Height.uasset" 2258
"C:/Users/mikel/Downloads/Paranoia/Content/NatesWork/Exterior/Bridge/Textures/Bridge_openPBR_shader1_Height.uexp" 2259
"C:/Users/mikel/Downloads/Paranoia/Content/NatesWork/Exterior/Bridge/Textures/Bridge_openPBR_shader1_Normal.ubulk" 2260
"C:/Users/mikel/Downloads/Paranoia/Content/NatesWork/Exterior/Bridge/Textures/Bridge_openPBR_shader1_Normal.uasset" 2261
"C:/Users/mikel/Downloads/Paranoia/Content/NatesWork/Exterior/Bridge/Textures/Bridge_openPBR_shader1_Normal.uexp" 2262
"C:/Users/mikel/Downloads/Paranoia/Content/NatesWork/Exterior/Bridge/Textures/Bridge_openPBR_shader1_Roughness.ubulk" 2263
"C:/Users/mikel/Downloads/Paranoia/Content/NatesWork/Exterior/Bridge/Textures/Bridge_openPBR_shader1_Roughness.uasset" 2264
"C:/Users/mikel/Downloads/Paranoia/Content/NatesWork/Exterior/Bridge/Textures/Bridge_openPBR_shader1_Roughness.uexp" 2265
"C:/Users/mikel/Downloads/Paranoia/Content/NatesWork/Exterior/Bridge/Materials/BridgeMat.uasset" 2266
"C:/Users/mikel/Downloads/Paranoia/Content/NatesWork/Exterior/Bridge/Materials/BridgeMat.uexp" 2267
"C:/Users/mikel/Downloads/Paranoia/Content/NatesWork/Exterior/Bridge/Bridge.ubulk" 2268
"C:/Users/mikel/Downloads/Paranoia/Content/NatesWork/Exterior/Bridge/Bridge.uasset" 2269
"C:/Users/mikel/Downloads/Paranoia/Content/NatesWork/Exterior/Bridge/Bridge.uexp" 2270
"../../../Engine/Content/EditorResources/S_Terrain.ubulk" 2271
"../../../Engine/Content/EditorResources/S_Terrain.uasset" 2272
"../../../Engine/Content/EditorResources/S_Terrain.uexp" 2273
"../../../Engine/Content/Functions/Engine_MaterialFunctions02/WorldPositionOffset/ComponentPivotLocation.uasset" 2274
"../../../Engine/Content/Functions/Engine_MaterialFunctions02/WorldPositionOffset/ComponentPivotLocation.uexp" 2275
"../../../Engine/Content/Functions/Engine_MaterialFunctions02/WorldPositionOffset/Sprite.uasset" 2276
"../../../Engine/Content/Functions/Engine_MaterialFunctions02/WorldPositionOffset/Sprite.uexp" 2277
"../../../Engine/Plugins/Experimental/Landmass/Content/Landscape/BlueprintBrushes/Materials/Sprite/M_BrushSprite_01.uasset" 2278
"../../../Engine/Plugins/Experimental/Landmass/Content/Landscape/BlueprintBrushes/Materials/Sprite/M_BrushSprite_01.uexp" 2279
"C:/Users/mikel/Downloads/Paranoia/Content/Bryans-Models/Models/Mats/Chair_Mat/Chair_Models_Chairs_Mat_BaseColor.ubulk" 2280
"C:/Users/mikel/Downloads/Paranoia/Content/Bryans-Models/Models/Mats/Chair_Mat/Chair_Models_Chairs_Mat_BaseColor.uasset" 2281
"C:/Users/mikel/Downloads/Paranoia/Content/Bryans-Models/Models/Mats/Chair_Mat/Chair_Models_Chairs_Mat_BaseColor.uexp" 2282
"C:/Users/mikel/Downloads/Paranoia/Content/Bryans-Models/Models/Mats/Chair_Mat/Chair_Models_Chairs_Mat_Normal.ubulk" 2283
"C:/Users/mikel/Downloads/Paranoia/Content/Bryans-Models/Models/Mats/Chair_Mat/Chair_Models_Chairs_Mat_Normal.uasset" 2284
"C:/Users/mikel/Downloads/Paranoia/Content/Bryans-Models/Models/Mats/Chair_Mat/Chair_Models_Chairs_Mat_Normal.uexp" 2285
"C:/Users/mikel/Downloads/Paranoia/Content/Bryans-Models/Models/Mats/Chair_Mat/Chair_Models_Chairs_Mat_OcclusionRoughnessMetallic.ubulk" 2286
"C:/Users/mikel/Downloads/Paranoia/Content/Bryans-Models/Models/Mats/Chair_Mat/Chair_Models_Chairs_Mat_OcclusionRoughnessMetallic.uasset" 2287
"C:/Users/mikel/Downloads/Paranoia/Content/Bryans-Models/Models/Mats/Chair_Mat/Chair_Models_Chairs_Mat_OcclusionRoughnessMetallic.uexp" 2288
"C:/Users/mikel/Downloads/Paranoia/Content/Bryans-Models/Models/Mats/Chair_Mat/Chair_Mat.uasset" 2289
"C:/Users/mikel/Downloads/Paranoia/Content/Bryans-Models/Models/Mats/Chair_Mat/Chair_Mat.uexp" 2290
"C:/Users/mikel/Downloads/Paranoia/Content/Bryans-Models/Models/Chairs/Leather_Chair.ubulk" 2291
"C:/Users/mikel/Downloads/Paranoia/Content/Bryans-Models/Models/Chairs/Leather_Chair.uasset" 2292
"C:/Users/mikel/Downloads/Paranoia/Content/Bryans-Models/Models/Chairs/Leather_Chair.uexp" 2293
"C:/Users/mikel/Downloads/Paranoia/Content/Bryans-Models/Models/Chairs/Wooden_Chair.ubulk" 2294
"C:/Users/mikel/Downloads/Paranoia/Content/Bryans-Models/Models/Chairs/Wooden_Chair.uasset" 2295
"C:/Users/mikel/Downloads/Paranoia/Content/Bryans-Models/Models/Chairs/Wooden_Chair.uexp" 2296
"C:/Users/mikel/Downloads/Paranoia/Content/NatesWork/Exterior/Fences/Textures/Fences_openPBR_shader1_BaseColor.ubulk" 2297
"C:/Users/mikel/Downloads/Paranoia/Content/NatesWork/Exterior/Fences/Textures/Fences_openPBR_shader1_BaseColor.uasset" 2298
"C:/Users/mikel/Downloads/Paranoia/Content/NatesWork/Exterior/Fences/Textures/Fences_openPBR_shader1_BaseColor.uexp" 2299
"C:/Users/mikel/Downloads/Paranoia/Content/NatesWork/Exterior/Fences/Textures/Fences_openPBR_shader1_Height.ubulk" 2300
"C:/Users/mikel/Downloads/Paranoia/Content/NatesWork/Exterior/Fences/Textures/Fences_openPBR_shader1_Height.uasset" 2301
"C:/Users/mikel/Downloads/Paranoia/Content/NatesWork/Exterior/Fences/Textures/Fences_openPBR_shader1_Height.uexp" 2302
"C:/Users/mikel/Downloads/Paranoia/Content/NatesWork/Exterior/Fences/Textures/Fences_openPBR_shader1_Metallic.ubulk" 2303
"C:/Users/mikel/Downloads/Paranoia/Content/NatesWork/Exterior/Fences/Textures/Fences_openPBR_shader1_Metallic.uasset" 2304
"C:/Users/mikel/Downloads/Paranoia/Content/NatesWork/Exterior/Fences/Textures/Fences_openPBR_shader1_Metallic.uexp" 2305
"C:/Users/mikel/Downloads/Paranoia/Content/NatesWork/Exterior/Fences/Textures/Fences_openPBR_shader1_Normal.ubulk" 2306
"C:/Users/mikel/Downloads/Paranoia/Content/NatesWork/Exterior/Fences/Textures/Fences_openPBR_shader1_Normal.uasset" 2307
"C:/Users/mikel/Downloads/Paranoia/Content/NatesWork/Exterior/Fences/Textures/Fences_openPBR_shader1_Normal.uexp" 2308
"C:/Users/mikel/Downloads/Paranoia/Content/NatesWork/Exterior/Fences/Textures/Fences_openPBR_shader1_Roughness.ubulk" 2309
"C:/Users/mikel/Downloads/Paranoia/Content/NatesWork/Exterior/Fences/Textures/Fences_openPBR_shader1_Roughness.uasset" 2310
"C:/Users/mikel/Downloads/Paranoia/Content/NatesWork/Exterior/Fences/Textures/Fences_openPBR_shader1_Roughness.uexp" 2311
"C:/Users/mikel/Downloads/Paranoia/Content/NatesWork/Exterior/Fences/Materials/Fences.uasset" 2312
"C:/Users/mikel/Downloads/Paranoia/Content/NatesWork/Exterior/Fences/Materials/Fences.uexp" 2313
"C:/Users/mikel/Downloads/Paranoia/Content/NatesWork/Exterior/Fences/AllFences.ubulk" 2314
"C:/Users/mikel/Downloads/Paranoia/Content/NatesWork/Exterior/Fences/AllFences.uasset" 2315
"C:/Users/mikel/Downloads/Paranoia/Content/NatesWork/Exterior/Fences/AllFences.uexp" 2316
"C:/Users/mikel/Downloads/Paranoia/Content/Bryans-Models/Models/Dining_Cabinet/Cabinet1.ubulk" 2317
"C:/Users/mikel/Downloads/Paranoia/Content/Bryans-Models/Models/Dining_Cabinet/Cabinet1.uasset" 2318
"C:/Users/mikel/Downloads/Paranoia/Content/Bryans-Models/Models/Dining_Cabinet/Cabinet1.uexp" 2319
"C:/Users/mikel/Downloads/Paranoia/Content/Bryans-Models/Models/Dining_Cabinet/Cabinet_Turn_Left.ubulk" 2320
"C:/Users/mikel/Downloads/Paranoia/Content/Bryans-Models/Models/Dining_Cabinet/Cabinet_Turn_Left.uasset" 2321
"C:/Users/mikel/Downloads/Paranoia/Content/Bryans-Models/Models/Dining_Cabinet/Cabinet_Turn_Left.uexp" 2322
"C:/Users/mikel/Downloads/Paranoia/Content/Bryans-Models/Models/Dining_Cabinet/Cabinet_Turn_Left_1.ubulk" 2323
"C:/Users/mikel/Downloads/Paranoia/Content/Bryans-Models/Models/Dining_Cabinet/Cabinet_Turn_Left_1.uasset" 2324
"C:/Users/mikel/Downloads/Paranoia/Content/Bryans-Models/Models/Dining_Cabinet/Cabinet_Turn_Left_1.uexp" 2325
"C:/Users/mikel/Downloads/Paranoia/Content/Bryans-Models/Models/Dining_Cabinet/Cabinet_Turn_Left1.ubulk" 2326
"C:/Users/mikel/Downloads/Paranoia/Content/Bryans-Models/Models/Dining_Cabinet/Cabinet_Turn_Left1.uasset" 2327
"C:/Users/mikel/Downloads/Paranoia/Content/Bryans-Models/Models/Dining_Cabinet/Cabinet_Turn_Left1.uexp" 2328
"C:/Users/mikel/Downloads/Paranoia/Content/Bryans-Models/Models/Dining_Cabinet/Cabinet_Turn_Right2.ubulk" 2329
"C:/Users/mikel/Downloads/Paranoia/Content/Bryans-Models/Models/Dining_Cabinet/Cabinet_Turn_Right2.uasset" 2330
"C:/Users/mikel/Downloads/Paranoia/Content/Bryans-Models/Models/Dining_Cabinet/Cabinet_Turn_Right2.uexp" 2331
"C:/Users/mikel/Downloads/Paranoia/Content/Bryans-Models/Models/Dining_Cabinet/Dining_Cabinet_Drawer_1.ubulk" 2332
"C:/Users/mikel/Downloads/Paranoia/Content/Bryans-Models/Models/Dining_Cabinet/Dining_Cabinet_Drawer_1.uasset" 2333
"C:/Users/mikel/Downloads/Paranoia/Content/Bryans-Models/Models/Dining_Cabinet/Dining_Cabinet_Drawer_1.uexp" 2334
"C:/Users/mikel/Downloads/Paranoia/Content/Bryans-Models/Models/Dining_Cabinet/Dining_Cabinet_Drawer_2.ubulk" 2335
"C:/Users/mikel/Downloads/Paranoia/Content/Bryans-Models/Models/Dining_Cabinet/Dining_Cabinet_Drawer_2.uasset" 2336
"C:/Users/mikel/Downloads/Paranoia/Content/Bryans-Models/Models/Dining_Cabinet/Dining_Cabinet_Drawer_2.uexp" 2337
"C:/Users/mikel/Downloads/Paranoia/Content/Bryans-Models/Models/Dining_Cabinet/Dining_Cabinet_Drawer_3.ubulk" 2338
"C:/Users/mikel/Downloads/Paranoia/Content/Bryans-Models/Models/Dining_Cabinet/Dining_Cabinet_Drawer_3.uasset" 2339
"C:/Users/mikel/Downloads/Paranoia/Content/Bryans-Models/Models/Dining_Cabinet/Dining_Cabinet_Drawer_3.uexp" 2340
"C:/Users/mikel/Downloads/Paranoia/Content/Bryans-Models/Models/Dining_Cabinet/DiningShelf.uasset" 2341
"C:/Users/mikel/Downloads/Paranoia/Content/Bryans-Models/Models/Dining_Cabinet/DiningShelf.uexp" 2342
"C:/Users/mikel/Downloads/Paranoia/Content/NatesWork/Exterior/Mailbox/Textures/Mailbox_openPBR_shader1_BaseColor.ubulk" 2343
"C:/Users/mikel/Downloads/Paranoia/Content/NatesWork/Exterior/Mailbox/Textures/Mailbox_openPBR_shader1_BaseColor.uasset" 2344
"C:/Users/mikel/Downloads/Paranoia/Content/NatesWork/Exterior/Mailbox/Textures/Mailbox_openPBR_shader1_BaseColor.uexp" 2345
"C:/Users/mikel/Downloads/Paranoia/Content/NatesWork/Exterior/Mailbox/Textures/Mailbox_openPBR_shader1_Height.ubulk" 2346
"C:/Users/mikel/Downloads/Paranoia/Content/NatesWork/Exterior/Mailbox/Textures/Mailbox_openPBR_shader1_Height.uasset" 2347
"C:/Users/mikel/Downloads/Paranoia/Content/NatesWork/Exterior/Mailbox/Textures/Mailbox_openPBR_shader1_Height.uexp" 2348
"C:/Users/mikel/Downloads/Paranoia/Content/NatesWork/Exterior/Mailbox/Textures/Mailbox_openPBR_shader1_Metallic.ubulk" 2349
"C:/Users/mikel/Downloads/Paranoia/Content/NatesWork/Exterior/Mailbox/Textures/Mailbox_openPBR_shader1_Metallic.uasset" 2350
"C:/Users/mikel/Downloads/Paranoia/Content/NatesWork/Exterior/Mailbox/Textures/Mailbox_openPBR_shader1_Metallic.uexp" 2351
"C:/Users/mikel/Downloads/Paranoia/Content/NatesWork/Exterior/Mailbox/Textures/Mailbox_openPBR_shader1_Normal.ubulk" 2352
"C:/Users/mikel/Downloads/Paranoia/Content/NatesWork/Exterior/Mailbox/Textures/Mailbox_openPBR_shader1_Normal.uasset" 2353
"C:/Users/mikel/Downloads/Paranoia/Content/NatesWork/Exterior/Mailbox/Textures/Mailbox_openPBR_shader1_Normal.uexp" 2354
"C:/Users/mikel/Downloads/Paranoia/Content/NatesWork/Exterior/Mailbox/Textures/Mailbox_openPBR_shader1_Roughness.ubulk" 2355
"C:/Users/mikel/Downloads/Paranoia/Content/NatesWork/Exterior/Mailbox/Textures/Mailbox_openPBR_shader1_Roughness.uasset" 2356
"C:/Users/mikel/Downloads/Paranoia/Content/NatesWork/Exterior/Mailbox/Textures/Mailbox_openPBR_shader1_Roughness.uexp" 2357
"C:/Users/mikel/Downloads/Paranoia/Content/NatesWork/Exterior/Mailbox/Materials/MailboxMAT.uasset" 2358
"C:/Users/mikel/Downloads/Paranoia/Content/NatesWork/Exterior/Mailbox/Materials/MailboxMAT.uexp" 2359
"C:/Users/mikel/Downloads/Paranoia/Content/NatesWork/Exterior/Mailbox/Mailbox.ubulk" 2360
"C:/Users/mikel/Downloads/Paranoia/Content/NatesWork/Exterior/Mailbox/Mailbox.uasset" 2361
"C:/Users/mikel/Downloads/Paranoia/Content/NatesWork/Exterior/Mailbox/Mailbox.uexp" 2362
"../../../Engine/Content/EngineMaterials/WeightMapPlaceholderTexture.uasset" 2363
"../../../Engine/Content/EngineMaterials/WeightMapPlaceholderTexture.uexp" 2364
"../../../Engine/Content/EngineMaterials/WeightMapArrayPlaceholderTexture.uasset" 2365
"../../../Engine/Content/EngineMaterials/WeightMapArrayPlaceholderTexture.uexp" 2366
"C:/Users/mikel/Downloads/Paranoia/Content/Assets/SFX_and_Audio/Footsteps/PM_Dirt.uasset" 2367
"C:/Users/mikel/Downloads/Paranoia/Content/Assets/SFX_and_Audio/Footsteps/PM_Dirt.uexp" 2368
"C:/Users/mikel/Downloads/Paranoia/Content/NatesWork/Terrain/Textures/HighSquare_openPBR_shader1_BaseColor.ubulk" 2369
"C:/Users/mikel/Downloads/Paranoia/Content/NatesWork/Terrain/Textures/HighSquare_openPBR_shader1_BaseColor.uasset" 2370
"C:/Users/mikel/Downloads/Paranoia/Content/NatesWork/Terrain/Textures/HighSquare_openPBR_shader1_BaseColor.uexp" 2371
"C:/Users/mikel/Downloads/Paranoia/Content/NatesWork/Terrain/Textures/HighSquare_openPBR_shader1_Height.ubulk" 2372
"C:/Users/mikel/Downloads/Paranoia/Content/NatesWork/Terrain/Textures/HighSquare_openPBR_shader1_Height.uasset" 2373
"C:/Users/mikel/Downloads/Paranoia/Content/NatesWork/Terrain/Textures/HighSquare_openPBR_shader1_Height.uexp" 2374
"C:/Users/mikel/Downloads/Paranoia/Content/NatesWork/Terrain/Textures/HighSquare_openPBR_shader1_Normal.ubulk" 2375
"C:/Users/mikel/Downloads/Paranoia/Content/NatesWork/Terrain/Textures/HighSquare_openPBR_shader1_Normal.uasset" 2376
"C:/Users/mikel/Downloads/Paranoia/Content/NatesWork/Terrain/Textures/HighSquare_openPBR_shader1_Normal.uexp" 2377
"C:/Users/mikel/Downloads/Paranoia/Content/NatesWork/Terrain/Textures/HighSquare_openPBR_shader1_Roughness.ubulk" 2378
"C:/Users/mikel/Downloads/Paranoia/Content/NatesWork/Terrain/Textures/HighSquare_openPBR_shader1_Roughness.uasset" 2379
"C:/Users/mikel/Downloads/Paranoia/Content/NatesWork/Terrain/Textures/HighSquare_openPBR_shader1_Roughness.uexp" 2380
"C:/Users/mikel/Downloads/Paranoia/Content/NatesWork/Terrain/Materials/GroundMAT1.uasset" 2381
"C:/Users/mikel/Downloads/Paranoia/Content/NatesWork/Terrain/Materials/GroundMAT1.uexp" 2382
"C:/Users/mikel/Downloads/Paranoia/Content/NatesWork/Vegetation/Bush/Textures/Pixelated_Base_color.ubulk" 2383
"C:/Users/mikel/Downloads/Paranoia/Content/NatesWork/Vegetation/Bush/Textures/Pixelated_Base_color.uasset" 2384
"C:/Users/mikel/Downloads/Paranoia/Content/NatesWork/Vegetation/Bush/Textures/Pixelated_Base_color.uexp" 2385
"C:/Users/mikel/Downloads/Paranoia/Content/NatesWork/Vegetation/Bush/Textures/Pixelated_Normal_DirectX.ubulk" 2386
"C:/Users/mikel/Downloads/Paranoia/Content/NatesWork/Vegetation/Bush/Textures/Pixelated_Normal_DirectX.uasset" 2387
"C:/Users/mikel/Downloads/Paranoia/Content/NatesWork/Vegetation/Bush/Textures/Pixelated_Normal_DirectX.uexp" 2388
"C:/Users/mikel/Downloads/Paranoia/Content/NatesWork/Vegetation/Bush/Textures/Pixelated_Roughness.ubulk" 2389
"C:/Users/mikel/Downloads/Paranoia/Content/NatesWork/Vegetation/Bush/Textures/Pixelated_Roughness.uasset" 2390
"C:/Users/mikel/Downloads/Paranoia/Content/NatesWork/Vegetation/Bush/Textures/Pixelated_Roughness.uexp" 2391
"C:/Users/mikel/Downloads/Paranoia/Content/NatesWork/Vegetation/Bush/Materials/BushMat.uasset" 2392
"C:/Users/mikel/Downloads/Paranoia/Content/NatesWork/Vegetation/Bush/Materials/BushMat.uexp" 2393
"C:/Users/mikel/Downloads/Paranoia/Content/NatesWork/Vegetation/Bush/Models/ModularBush.ubulk" 2394
"C:/Users/mikel/Downloads/Paranoia/Content/NatesWork/Vegetation/Bush/Models/ModularBush.uasset" 2395
"C:/Users/mikel/Downloads/Paranoia/Content/NatesWork/Vegetation/Bush/Models/ModularBush.uexp" 2396
"C:/Users/mikel/Downloads/Paranoia/Content/NatesWork/Trees/BirchTree/Textures/HighSquare_PixelatedBark_BaseColor.ubulk" 2397
"C:/Users/mikel/Downloads/Paranoia/Content/NatesWork/Trees/BirchTree/Textures/HighSquare_PixelatedBark_BaseColor.uasset" 2398
"C:/Users/mikel/Downloads/Paranoia/Content/NatesWork/Trees/BirchTree/Textures/HighSquare_PixelatedBark_BaseColor.uexp" 2399
"C:/Users/mikel/Downloads/Paranoia/Content/NatesWork/Trees/BirchTree/Textures/HighSquare_PixelatedBark_Height.ubulk" 2400
"C:/Users/mikel/Downloads/Paranoia/Content/NatesWork/Trees/BirchTree/Textures/HighSquare_PixelatedBark_Height.uasset" 2401
"C:/Users/mikel/Downloads/Paranoia/Content/NatesWork/Trees/BirchTree/Textures/HighSquare_PixelatedBark_Height.uexp" 2402
"C:/Users/mikel/Downloads/Paranoia/Content/NatesWork/Trees/BirchTree/Textures/HighSquare_PixelatedBark_Normal.ubulk" 2403
"C:/Users/mikel/Downloads/Paranoia/Content/NatesWork/Trees/BirchTree/Textures/HighSquare_PixelatedBark_Normal.uasset" 2404
"C:/Users/mikel/Downloads/Paranoia/Content/NatesWork/Trees/BirchTree/Textures/HighSquare_PixelatedBark_Normal.uexp" 2405
"C:/Users/mikel/Downloads/Paranoia/Content/NatesWork/Trees/BirchTree/Textures/HighSquare_PixelatedBark_Roughness.ubulk" 2406
"C:/Users/mikel/Downloads/Paranoia/Content/NatesWork/Trees/BirchTree/Textures/HighSquare_PixelatedBark_Roughness.uasset" 2407
"C:/Users/mikel/Downloads/Paranoia/Content/NatesWork/Trees/BirchTree/Textures/HighSquare_PixelatedBark_Roughness.uexp" 2408
"C:/Users/mikel/Downloads/Paranoia/Content/NatesWork/Trees/BirchTree/Materials/BirchBark.uasset" 2409
"C:/Users/mikel/Downloads/Paranoia/Content/NatesWork/Trees/BirchTree/Materials/BirchBark.uexp" 2410
"C:/Users/mikel/Downloads/Paranoia/Content/NatesWork/Trees/BirchTree/Textures/Branch/Pixelated_Base_color.ubulk" 2411
"C:/Users/mikel/Downloads/Paranoia/Content/NatesWork/Trees/BirchTree/Textures/Branch/Pixelated_Base_color.uasset" 2412
"C:/Users/mikel/Downloads/Paranoia/Content/NatesWork/Trees/BirchTree/Textures/Branch/Pixelated_Base_color.uexp" 2413
"C:/Users/mikel/Downloads/Paranoia/Content/NatesWork/Trees/BirchTree/Textures/Branch/Pixelated_Height.ubulk" 2414
"C:/Users/mikel/Downloads/Paranoia/Content/NatesWork/Trees/BirchTree/Textures/Branch/Pixelated_Height.uasset" 2415
"C:/Users/mikel/Downloads/Paranoia/Content/NatesWork/Trees/BirchTree/Textures/Branch/Pixelated_Height.uexp" 2416
"C:/Users/mikel/Downloads/Paranoia/Content/NatesWork/Trees/BirchTree/Textures/Branch/Pixelated_Normal_DirectX.ubulk" 2417
"C:/Users/mikel/Downloads/Paranoia/Content/NatesWork/Trees/BirchTree/Textures/Branch/Pixelated_Normal_DirectX.uasset" 2418
"C:/Users/mikel/Downloads/Paranoia/Content/NatesWork/Trees/BirchTree/Textures/Branch/Pixelated_Normal_DirectX.uexp" 2419
"C:/Users/mikel/Downloads/Paranoia/Content/NatesWork/Trees/BirchTree/Textures/Branch/Pixelated_Roughness.ubulk" 2420
"C:/Users/mikel/Downloads/Paranoia/Content/NatesWork/Trees/BirchTree/Textures/Branch/Pixelated_Roughness.uasset" 2421
"C:/Users/mikel/Downloads/Paranoia/Content/NatesWork/Trees/BirchTree/Textures/Branch/Pixelated_Roughness.uexp" 2422
"C:/Users/mikel/Downloads/Paranoia/Content/NatesWork/Trees/BirchTree/Materials/BirchBranch1.uasset" 2423
"C:/Users/mikel/Downloads/Paranoia/Content/NatesWork/Trees/BirchTree/Materials/BirchBranch1.uexp" 2424
"C:/Users/mikel/Downloads/Paranoia/Content/NatesWork/Trees/BirchTree/Textures/Branch2/Pixelated_Base_color.ubulk" 2425
"C:/Users/mikel/Downloads/Paranoia/Content/NatesWork/Trees/BirchTree/Textures/Branch2/Pixelated_Base_color.uasset" 2426
"C:/Users/mikel/Downloads/Paranoia/Content/NatesWork/Trees/BirchTree/Textures/Branch2/Pixelated_Base_color.uexp" 2427
"C:/Users/mikel/Downloads/Paranoia/Content/NatesWork/Trees/BirchTree/Textures/Branch2/Pixelated_Height.ubulk" 2428
"C:/Users/mikel/Downloads/Paranoia/Content/NatesWork/Trees/BirchTree/Textures/Branch2/Pixelated_Height.uasset" 2429
"C:/Users/mikel/Downloads/Paranoia/Content/NatesWork/Trees/BirchTree/Textures/Branch2/Pixelated_Height.uexp" 2430
"C:/Users/mikel/Downloads/Paranoia/Content/NatesWork/Trees/BirchTree/Textures/Branch2/Pixelated_Normal_DirectX.ubulk" 2431
"C:/Users/mikel/Downloads/Paranoia/Content/NatesWork/Trees/BirchTree/Textures/Branch2/Pixelated_Normal_DirectX.uasset" 2432
"C:/Users/mikel/Downloads/Paranoia/Content/NatesWork/Trees/BirchTree/Textures/Branch2/Pixelated_Normal_DirectX.uexp" 2433
"C:/Users/mikel/Downloads/Paranoia/Content/NatesWork/Trees/BirchTree/Textures/Branch2/Pixelated_Roughness.ubulk" 2434
"C:/Users/mikel/Downloads/Paranoia/Content/NatesWork/Trees/BirchTree/Textures/Branch2/Pixelated_Roughness.uasset" 2435
"C:/Users/mikel/Downloads/Paranoia/Content/NatesWork/Trees/BirchTree/Textures/Branch2/Pixelated_Roughness.uexp" 2436
"C:/Users/mikel/Downloads/Paranoia/Content/NatesWork/Trees/BirchTree/Materials/BirchBranch2.uasset" 2437
"C:/Users/mikel/Downloads/Paranoia/Content/NatesWork/Trees/BirchTree/Materials/BirchBranch2.uexp" 2438
"C:/Users/mikel/Downloads/Paranoia/Content/NatesWork/Trees/BirchTree/BirchTree.ubulk" 2439
"C:/Users/mikel/Downloads/Paranoia/Content/NatesWork/Trees/BirchTree/BirchTree.uasset" 2440
"C:/Users/mikel/Downloads/Paranoia/Content/NatesWork/Trees/BirchTree/BirchTree.uexp" 2441
"C:/Users/mikel/Downloads/Paranoia/Content/NatesWork/Trees/OakTree/Textures/HighSquare_PixelatedBark_BaseColor.ubulk" 2442
"C:/Users/mikel/Downloads/Paranoia/Content/NatesWork/Trees/OakTree/Textures/HighSquare_PixelatedBark_BaseColor.uasset" 2443
"C:/Users/mikel/Downloads/Paranoia/Content/NatesWork/Trees/OakTree/Textures/HighSquare_PixelatedBark_BaseColor.uexp" 2444
"C:/Users/mikel/Downloads/Paranoia/Content/NatesWork/Trees/OakTree/Textures/HighSquare_PixelatedBark_Height.ubulk" 2445
"C:/Users/mikel/Downloads/Paranoia/Content/NatesWork/Trees/OakTree/Textures/HighSquare_PixelatedBark_Height.uasset" 2446
"C:/Users/mikel/Downloads/Paranoia/Content/NatesWork/Trees/OakTree/Textures/HighSquare_PixelatedBark_Height.uexp" 2447
"C:/Users/mikel/Downloads/Paranoia/Content/NatesWork/Trees/OakTree/Textures/HighSquare_PixelatedBark_Metallic.ubulk" 2448
"C:/Users/mikel/Downloads/Paranoia/Content/NatesWork/Trees/OakTree/Textures/HighSquare_PixelatedBark_Metallic.uasset" 2449
"C:/Users/mikel/Downloads/Paranoia/Content/NatesWork/Trees/OakTree/Textures/HighSquare_PixelatedBark_Metallic.uexp" 2450
"C:/Users/mikel/Downloads/Paranoia/Content/NatesWork/Trees/OakTree/Textures/HighSquare_PixelatedBark_Normal.ubulk" 2451
"C:/Users/mikel/Downloads/Paranoia/Content/NatesWork/Trees/OakTree/Textures/HighSquare_PixelatedBark_Normal.uasset" 2452
"C:/Users/mikel/Downloads/Paranoia/Content/NatesWork/Trees/OakTree/Textures/HighSquare_PixelatedBark_Normal.uexp" 2453
"C:/Users/mikel/Downloads/Paranoia/Content/NatesWork/Trees/OakTree/Textures/HighSquare_PixelatedBark_Roughness.ubulk" 2454
"C:/Users/mikel/Downloads/Paranoia/Content/NatesWork/Trees/OakTree/Textures/HighSquare_PixelatedBark_Roughness.uasset" 2455
"C:/Users/mikel/Downloads/Paranoia/Content/NatesWork/Trees/OakTree/Textures/HighSquare_PixelatedBark_Roughness.uexp" 2456
"C:/Users/mikel/Downloads/Paranoia/Content/NatesWork/Trees/OakTree/Materials/Bark.uasset" 2457
"C:/Users/mikel/Downloads/Paranoia/Content/NatesWork/Trees/OakTree/Materials/Bark.uexp" 2458
"C:/Users/mikel/Downloads/Paranoia/Content/NatesWork/Trees/OakTree/Textures/PixelBranch/Pixelated_Base_color.ubulk" 2459
"C:/Users/mikel/Downloads/Paranoia/Content/NatesWork/Trees/OakTree/Textures/PixelBranch/Pixelated_Base_color.uasset" 2460
"C:/Users/mikel/Downloads/Paranoia/Content/NatesWork/Trees/OakTree/Textures/PixelBranch/Pixelated_Base_color.uexp" 2461
"C:/Users/mikel/Downloads/Paranoia/Content/NatesWork/Trees/OakTree/Textures/PixelBranch/Pixelated_Height.ubulk" 2462
"C:/Users/mikel/Downloads/Paranoia/Content/NatesWork/Trees/OakTree/Textures/PixelBranch/Pixelated_Height.uasset" 2463
"C:/Users/mikel/Downloads/Paranoia/Content/NatesWork/Trees/OakTree/Textures/PixelBranch/Pixelated_Height.uexp" 2464
"C:/Users/mikel/Downloads/Paranoia/Content/NatesWork/Trees/OakTree/Textures/PixelBranch/Pixelated_Normal_DirectX.ubulk" 2465
"C:/Users/mikel/Downloads/Paranoia/Content/NatesWork/Trees/OakTree/Textures/PixelBranch/Pixelated_Normal_DirectX.uasset" 2466
"C:/Users/mikel/Downloads/Paranoia/Content/NatesWork/Trees/OakTree/Textures/PixelBranch/Pixelated_Normal_DirectX.uexp" 2467
"C:/Users/mikel/Downloads/Paranoia/Content/NatesWork/Trees/OakTree/Textures/PixelBranch/Pixelated_Roughness.ubulk" 2468
"C:/Users/mikel/Downloads/Paranoia/Content/NatesWork/Trees/OakTree/Textures/PixelBranch/Pixelated_Roughness.uasset" 2469
"C:/Users/mikel/Downloads/Paranoia/Content/NatesWork/Trees/OakTree/Textures/PixelBranch/Pixelated_Roughness.uexp" 2470
"C:/Users/mikel/Downloads/Paranoia/Content/NatesWork/Trees/OakTree/Materials/Branch1.uasset" 2471
"C:/Users/mikel/Downloads/Paranoia/Content/NatesWork/Trees/OakTree/Materials/Branch1.uexp" 2472
"C:/Users/mikel/Downloads/Paranoia/Content/NatesWork/Trees/OakTree/Textures/PixelBranch2/Pixelated_Base_color.ubulk" 2473
"C:/Users/mikel/Downloads/Paranoia/Content/NatesWork/Trees/OakTree/Textures/PixelBranch2/Pixelated_Base_color.uasset" 2474
"C:/Users/mikel/Downloads/Paranoia/Content/NatesWork/Trees/OakTree/Textures/PixelBranch2/Pixelated_Base_color.uexp" 2475
"C:/Users/mikel/Downloads/Paranoia/Content/NatesWork/Trees/OakTree/Textures/PixelBranch2/Pixelated_Height.ubulk" 2476
"C:/Users/mikel/Downloads/Paranoia/Content/NatesWork/Trees/OakTree/Textures/PixelBranch2/Pixelated_Height.uasset" 2477
"C:/Users/mikel/Downloads/Paranoia/Content/NatesWork/Trees/OakTree/Textures/PixelBranch2/Pixelated_Height.uexp" 2478
"C:/Users/mikel/Downloads/Paranoia/Content/NatesWork/Trees/OakTree/Textures/PixelBranch2/Pixelated_Normal_DirectX.ubulk" 2479
"C:/Users/mikel/Downloads/Paranoia/Content/NatesWork/Trees/OakTree/Textures/PixelBranch2/Pixelated_Normal_DirectX.uasset" 2480
"C:/Users/mikel/Downloads/Paranoia/Content/NatesWork/Trees/OakTree/Textures/PixelBranch2/Pixelated_Normal_DirectX.uexp" 2481
"C:/Users/mikel/Downloads/Paranoia/Content/NatesWork/Trees/OakTree/Textures/PixelBranch2/Pixelated_Roughness.ubulk" 2482
"C:/Users/mikel/Downloads/Paranoia/Content/NatesWork/Trees/OakTree/Textures/PixelBranch2/Pixelated_Roughness.uasset" 2483
"C:/Users/mikel/Downloads/Paranoia/Content/NatesWork/Trees/OakTree/Textures/PixelBranch2/Pixelated_Roughness.uexp" 2484
"C:/Users/mikel/Downloads/Paranoia/Content/NatesWork/Trees/OakTree/Materials/Branch2.uasset" 2485
"C:/Users/mikel/Downloads/Paranoia/Content/NatesWork/Trees/OakTree/Materials/Branch2.uexp" 2486
"C:/Users/mikel/Downloads/Paranoia/Content/NatesWork/Trees/OakTree/OakTree1.ubulk" 2487
"C:/Users/mikel/Downloads/Paranoia/Content/NatesWork/Trees/OakTree/OakTree1.uasset" 2488
"C:/Users/mikel/Downloads/Paranoia/Content/NatesWork/Trees/OakTree/OakTree1.uexp" 2489
"C:/Users/mikel/Downloads/Paranoia/Content/NatesWork/Trees/WillowTree/Textures/HighSquare_PixelatedBark_BaseColor.ubulk" 2490
"C:/Users/mikel/Downloads/Paranoia/Content/NatesWork/Trees/WillowTree/Textures/HighSquare_PixelatedBark_BaseColor.uasset" 2491
"C:/Users/mikel/Downloads/Paranoia/Content/NatesWork/Trees/WillowTree/Textures/HighSquare_PixelatedBark_BaseColor.uexp" 2492
"C:/Users/mikel/Downloads/Paranoia/Content/NatesWork/Trees/WillowTree/Textures/HighSquare_PixelatedBark_Height.ubulk" 2493
"C:/Users/mikel/Downloads/Paranoia/Content/NatesWork/Trees/WillowTree/Textures/HighSquare_PixelatedBark_Height.uasset" 2494
"C:/Users/mikel/Downloads/Paranoia/Content/NatesWork/Trees/WillowTree/Textures/HighSquare_PixelatedBark_Height.uexp" 2495
"C:/Users/mikel/Downloads/Paranoia/Content/NatesWork/Trees/WillowTree/Textures/HighSquare_PixelatedBark_Metallic.ubulk" 2496
"C:/Users/mikel/Downloads/Paranoia/Content/NatesWork/Trees/WillowTree/Textures/HighSquare_PixelatedBark_Metallic.uasset" 2497
"C:/Users/mikel/Downloads/Paranoia/Content/NatesWork/Trees/WillowTree/Textures/HighSquare_PixelatedBark_Metallic.uexp" 2498
"C:/Users/mikel/Downloads/Paranoia/Content/NatesWork/Trees/WillowTree/Textures/HighSquare_PixelatedBark_Normal.ubulk" 2499
"C:/Users/mikel/Downloads/Paranoia/Content/NatesWork/Trees/WillowTree/Textures/HighSquare_PixelatedBark_Normal.uasset" 2500
"C:/Users/mikel/Downloads/Paranoia/Content/NatesWork/Trees/WillowTree/Textures/HighSquare_PixelatedBark_Normal.uexp" 2501
"C:/Users/mikel/Downloads/Paranoia/Content/NatesWork/Trees/WillowTree/Textures/HighSquare_PixelatedBark_Roughness.ubulk" 2502
"C:/Users/mikel/Downloads/Paranoia/Content/NatesWork/Trees/WillowTree/Textures/HighSquare_PixelatedBark_Roughness.uasset" 2503
"C:/Users/mikel/Downloads/Paranoia/Content/NatesWork/Trees/WillowTree/Textures/HighSquare_PixelatedBark_Roughness.uexp" 2504
"C:/Users/mikel/Downloads/Paranoia/Content/NatesWork/Trees/WillowTree/Mats/WillowBark.uasset" 2505
"C:/Users/mikel/Downloads/Paranoia/Content/NatesWork/Trees/WillowTree/Mats/WillowBark.uexp" 2506
"C:/Users/mikel/Downloads/Paranoia/Content/NatesWork/Trees/WillowTree/Textures/Pixelated_Base_color.ubulk" 2507
"C:/Users/mikel/Downloads/Paranoia/Content/NatesWork/Trees/WillowTree/Textures/Pixelated_Base_color.uasset" 2508
"C:/Users/mikel/Downloads/Paranoia/Content/NatesWork/Trees/WillowTree/Textures/Pixelated_Base_color.uexp" 2509
"C:/Users/mikel/Downloads/Paranoia/Content/NatesWork/Trees/WillowTree/Textures/Pixelated_Height.ubulk" 2510
"C:/Users/mikel/Downloads/Paranoia/Content/NatesWork/Trees/WillowTree/Textures/Pixelated_Height.uasset" 2511
"C:/Users/mikel/Downloads/Paranoia/Content/NatesWork/Trees/WillowTree/Textures/Pixelated_Height.uexp" 2512
"C:/Users/mikel/Downloads/Paranoia/Content/NatesWork/Trees/WillowTree/Textures/Pixelated_Normal_DirectX.ubulk" 2513
"C:/Users/mikel/Downloads/Paranoia/Content/NatesWork/Trees/WillowTree/Textures/Pixelated_Normal_DirectX.uasset" 2514
"C:/Users/mikel/Downloads/Paranoia/Content/NatesWork/Trees/WillowTree/Textures/Pixelated_Normal_DirectX.uexp" 2515
"C:/Users/mikel/Downloads/Paranoia/Content/NatesWork/Trees/WillowTree/Textures/Pixelated_Roughness.ubulk" 2516
"C:/Users/mikel/Downloads/Paranoia/Content/NatesWork/Trees/WillowTree/Textures/Pixelated_Roughness.uasset" 2517
"C:/Users/mikel/Downloads/Paranoia/Content/NatesWork/Trees/WillowTree/Textures/Pixelated_Roughness.uexp" 2518
"C:/Users/mikel/Downloads/Paranoia/Content/NatesWork/Trees/WillowTree/Mats/WillowLeaves.uasset" 2519
"C:/Users/mikel/Downloads/Paranoia/Content/NatesWork/Trees/WillowTree/Mats/WillowLeaves.uexp" 2520
"C:/Users/mikel/Downloads/Paranoia/Content/NatesWork/Trees/WillowTree/WillowTree1.ubulk" 2521
"C:/Users/mikel/Downloads/Paranoia/Content/NatesWork/Trees/WillowTree/WillowTree1.uasset" 2522
"C:/Users/mikel/Downloads/Paranoia/Content/NatesWork/Trees/WillowTree/WillowTree1.uexp" 2523
"C:/Users/mikel/Downloads/Paranoia/Content/Assets/SFX_and_Audio/Footsteps/PM_Grass.uasset" 2524
"C:/Users/mikel/Downloads/Paranoia/Content/Assets/SFX_and_Audio/Footsteps/PM_Grass.uexp" 2525
"C:/Users/mikel/Downloads/Paranoia/Content/NatesWork/Vegetation/Grass/Textures/CutGrass/Pixelated_Base_color.ubulk" 2526
"C:/Users/mikel/Downloads/Paranoia/Content/NatesWork/Vegetation/Grass/Textures/CutGrass/Pixelated_Base_color.uasset" 2527
"C:/Users/mikel/Downloads/Paranoia/Content/NatesWork/Vegetation/Grass/Textures/CutGrass/Pixelated_Base_color.uexp" 2528
"C:/Users/mikel/Downloads/Paranoia/Content/NatesWork/Vegetation/Grass/Textures/CutGrass/Pixelated_Height.ubulk" 2529
"C:/Users/mikel/Downloads/Paranoia/Content/NatesWork/Vegetation/Grass/Textures/CutGrass/Pixelated_Height.uasset" 2530
"C:/Users/mikel/Downloads/Paranoia/Content/NatesWork/Vegetation/Grass/Textures/CutGrass/Pixelated_Height.uexp" 2531
"C:/Users/mikel/Downloads/Paranoia/Content/NatesWork/Vegetation/Grass/Textures/CutGrass/Pixelated_Normal_DirectX.ubulk" 2532
"C:/Users/mikel/Downloads/Paranoia/Content/NatesWork/Vegetation/Grass/Textures/CutGrass/Pixelated_Normal_DirectX.uasset" 2533
"C:/Users/mikel/Downloads/Paranoia/Content/NatesWork/Vegetation/Grass/Textures/CutGrass/Pixelated_Normal_DirectX.uexp" 2534
"C:/Users/mikel/Downloads/Paranoia/Content/NatesWork/Vegetation/Grass/Textures/CutGrass/Pixelated_Roughness.ubulk" 2535
"C:/Users/mikel/Downloads/Paranoia/Content/NatesWork/Vegetation/Grass/Textures/CutGrass/Pixelated_Roughness.uasset" 2536
"C:/Users/mikel/Downloads/Paranoia/Content/NatesWork/Vegetation/Grass/Textures/CutGrass/Pixelated_Roughness.uexp" 2537
"C:/Users/mikel/Downloads/Paranoia/Content/NatesWork/Vegetation/Grass/Materials/CutGrass.uasset" 2538
"C:/Users/mikel/Downloads/Paranoia/Content/NatesWork/Vegetation/Grass/Materials/CutGrass.uexp" 2539
"C:/Users/mikel/Downloads/Paranoia/Content/NatesWork/Vegetation/Grass/Models/CutGrass.ubulk" 2540
"C:/Users/mikel/Downloads/Paranoia/Content/NatesWork/Vegetation/Grass/Models/CutGrass.uasset" 2541
"C:/Users/mikel/Downloads/Paranoia/Content/NatesWork/Vegetation/Grass/Models/CutGrass.uexp" 2542
"C:/Users/mikel/Downloads/Paranoia/Content/NatesWork/Vegetation/Grass/Textures/Pixelated_Base_color.ubulk" 2543
"C:/Users/mikel/Downloads/Paranoia/Content/NatesWork/Vegetation/Grass/Textures/Pixelated_Base_color.uasset" 2544
"C:/Users/mikel/Downloads/Paranoia/Content/NatesWork/Vegetation/Grass/Textures/Pixelated_Base_color.uexp" 2545
"C:/Users/mikel/Downloads/Paranoia/Content/NatesWork/Vegetation/Grass/Textures/Pixelated_Height.ubulk" 2546
"C:/Users/mikel/Downloads/Paranoia/Content/NatesWork/Vegetation/Grass/Textures/Pixelated_Height.uasset" 2547
"C:/Users/mikel/Downloads/Paranoia/Content/NatesWork/Vegetation/Grass/Textures/Pixelated_Height.uexp" 2548
"C:/Users/mikel/Downloads/Paranoia/Content/NatesWork/Vegetation/Grass/Textures/Pixelated_Normal_DirectX.ubulk" 2549
"C:/Users/mikel/Downloads/Paranoia/Content/NatesWork/Vegetation/Grass/Textures/Pixelated_Normal_DirectX.uasset" 2550
"C:/Users/mikel/Downloads/Paranoia/Content/NatesWork/Vegetation/Grass/Textures/Pixelated_Normal_DirectX.uexp" 2551
"C:/Users/mikel/Downloads/Paranoia/Content/NatesWork/Vegetation/Grass/Textures/Pixelated_Roughness.ubulk" 2552
"C:/Users/mikel/Downloads/Paranoia/Content/NatesWork/Vegetation/Grass/Textures/Pixelated_Roughness.uasset" 2553
"C:/Users/mikel/Downloads/Paranoia/Content/NatesWork/Vegetation/Grass/Textures/Pixelated_Roughness.uexp" 2554
"C:/Users/mikel/Downloads/Paranoia/Content/NatesWork/Vegetation/Grass/Materials/DeadLongGrass.uasset" 2555
"C:/Users/mikel/Downloads/Paranoia/Content/NatesWork/Vegetation/Grass/Materials/DeadLongGrass.uexp" 2556
"C:/Users/mikel/Downloads/Paranoia/Content/NatesWork/Vegetation/Grass/Models/DeadLongGrass.ubulk" 2557
"C:/Users/mikel/Downloads/Paranoia/Content/NatesWork/Vegetation/Grass/Models/DeadLongGrass.uasset" 2558
"C:/Users/mikel/Downloads/Paranoia/Content/NatesWork/Vegetation/Grass/Models/DeadLongGrass.uexp" 2559
"C:/Users/mikel/Downloads/Paranoia/Content/Assets/SFX_and_Audio/Interactions/CutGrassSound.ubulk" 2560
"C:/Users/mikel/Downloads/Paranoia/Content/Assets/SFX_and_Audio/Interactions/CutGrassSound.uasset" 2561
"C:/Users/mikel/Downloads/Paranoia/Content/Assets/SFX_and_Audio/Interactions/CutGrassSound.uexp" 2562
"C:/Users/mikel/Downloads/Paranoia/Content/Eric_Bp/Grass.uasset" 2563
"C:/Users/mikel/Downloads/Paranoia/Content/Eric_Bp/Grass.uexp" 2564
"C:/Users/mikel/Downloads/Paranoia/Content/NatesWork/Vegetation/Bush/Models/Bush.ubulk" 2565
"C:/Users/mikel/Downloads/Paranoia/Content/NatesWork/Vegetation/Bush/Models/Bush.uasset" 2566
"C:/Users/mikel/Downloads/Paranoia/Content/NatesWork/Vegetation/Bush/Models/Bush.uexp" 2567
"C:/Users/mikel/Downloads/Paranoia/Content/NatesWork/Vegetation/Bush/Bush.uasset" 2568
"C:/Users/mikel/Downloads/Paranoia/Content/NatesWork/Vegetation/Bush/Bush.uexp" 2569
"C:/Users/mikel/Downloads/Paranoia/Content/NatesWork/Interior/Cabinets/Models/CabinetBoth.ubulk" 2570
"C:/Users/mikel/Downloads/Paranoia/Content/NatesWork/Interior/Cabinets/Models/CabinetBoth.uasset" 2571
"C:/Users/mikel/Downloads/Paranoia/Content/NatesWork/Interior/Cabinets/Models/CabinetBoth.uexp" 2572
"C:/Users/mikel/Downloads/Paranoia/Content/NatesWork/Vegetation/Bush/Textures/DeadBush/Pixelated_Base_color.ubulk" 2573
"C:/Users/mikel/Downloads/Paranoia/Content/NatesWork/Vegetation/Bush/Textures/DeadBush/Pixelated_Base_color.uasset" 2574
"C:/Users/mikel/Downloads/Paranoia/Content/NatesWork/Vegetation/Bush/Textures/DeadBush/Pixelated_Base_color.uexp" 2575
"C:/Users/mikel/Downloads/Paranoia/Content/NatesWork/Vegetation/Bush/Textures/DeadBush/Pixelated_Height.ubulk" 2576
"C:/Users/mikel/Downloads/Paranoia/Content/NatesWork/Vegetation/Bush/Textures/DeadBush/Pixelated_Height.uasset" 2577
"C:/Users/mikel/Downloads/Paranoia/Content/NatesWork/Vegetation/Bush/Textures/DeadBush/Pixelated_Height.uexp" 2578
"C:/Users/mikel/Downloads/Paranoia/Content/NatesWork/Vegetation/Bush/Textures/DeadBush/Pixelated_Normal_DirectX.ubulk" 2579
"C:/Users/mikel/Downloads/Paranoia/Content/NatesWork/Vegetation/Bush/Textures/DeadBush/Pixelated_Normal_DirectX.uasset" 2580
"C:/Users/mikel/Downloads/Paranoia/Content/NatesWork/Vegetation/Bush/Textures/DeadBush/Pixelated_Normal_DirectX.uexp" 2581
"C:/Users/mikel/Downloads/Paranoia/Content/NatesWork/Vegetation/Bush/Textures/DeadBush/Pixelated_Roughness.ubulk" 2582
"C:/Users/mikel/Downloads/Paranoia/Content/NatesWork/Vegetation/Bush/Textures/DeadBush/Pixelated_Roughness.uasset" 2583
"C:/Users/mikel/Downloads/Paranoia/Content/NatesWork/Vegetation/Bush/Textures/DeadBush/Pixelated_Roughness.uexp" 2584
"C:/Users/mikel/Downloads/Paranoia/Content/NatesWork/Vegetation/Bush/Materials/DeadBushMAT.uasset" 2585
"C:/Users/mikel/Downloads/Paranoia/Content/NatesWork/Vegetation/Bush/Materials/DeadBushMAT.uexp" 2586
"C:/Users/mikel/Downloads/Paranoia/Content/NatesWork/Vegetation/Bush/Models/DeadBush.ubulk" 2587
"C:/Users/mikel/Downloads/Paranoia/Content/NatesWork/Vegetation/Bush/Models/DeadBush.uasset" 2588
"C:/Users/mikel/Downloads/Paranoia/Content/NatesWork/Vegetation/Bush/Models/DeadBush.uexp" 2589
"C:/Users/mikel/Downloads/Paranoia/Content/NatesWork/Vegetation/Bush/DeadBush.uasset" 2590
"C:/Users/mikel/Downloads/Paranoia/Content/NatesWork/Vegetation/Bush/DeadBush.uexp" 2591
"C:/Users/mikel/Downloads/Paranoia/Content/NatesWork/Interior/Cabinets/Textures/3/TexturingCabinet_CabinetSet3_BaseColor.ubulk" 2592
"C:/Users/mikel/Downloads/Paranoia/Content/NatesWork/Interior/Cabinets/Textures/3/TexturingCabinet_CabinetSet3_BaseColor.uasset" 2593
"C:/Users/mikel/Downloads/Paranoia/Content/NatesWork/Interior/Cabinets/Textures/3/TexturingCabinet_CabinetSet3_BaseColor.uexp" 2594
"C:/Users/mikel/Downloads/Paranoia/Content/NatesWork/Interior/Cabinets/Textures/3/TexturingCabinet_CabinetSet3_Height.ubulk" 2595
"C:/Users/mikel/Downloads/Paranoia/Content/NatesWork/Interior/Cabinets/Textures/3/TexturingCabinet_CabinetSet3_Height.uasset" 2596
"C:/Users/mikel/Downloads/Paranoia/Content/NatesWork/Interior/Cabinets/Textures/3/TexturingCabinet_CabinetSet3_Height.uexp" 2597
"C:/Users/mikel/Downloads/Paranoia/Content/NatesWork/Interior/Cabinets/Textures/3/TexturingCabinet_CabinetSet3_Metallic.ubulk" 2598
"C:/Users/mikel/Downloads/Paranoia/Content/NatesWork/Interior/Cabinets/Textures/3/TexturingCabinet_CabinetSet3_Metallic.uasset" 2599
"C:/Users/mikel/Downloads/Paranoia/Content/NatesWork/Interior/Cabinets/Textures/3/TexturingCabinet_CabinetSet3_Metallic.uexp" 2600
"C:/Users/mikel/Downloads/Paranoia/Content/NatesWork/Interior/Cabinets/Textures/3/TexturingCabinet_CabinetSet3_Normal.ubulk" 2601
"C:/Users/mikel/Downloads/Paranoia/Content/NatesWork/Interior/Cabinets/Textures/3/TexturingCabinet_CabinetSet3_Normal.uasset" 2602
"C:/Users/mikel/Downloads/Paranoia/Content/NatesWork/Interior/Cabinets/Textures/3/TexturingCabinet_CabinetSet3_Normal.uexp" 2603
"C:/Users/mikel/Downloads/Paranoia/Content/NatesWork/Interior/Cabinets/Textures/3/TexturingCabinet_CabinetSet3_Roughness.ubulk" 2604
"C:/Users/mikel/Downloads/Paranoia/Content/NatesWork/Interior/Cabinets/Textures/3/TexturingCabinet_CabinetSet3_Roughness.uasset" 2605
"C:/Users/mikel/Downloads/Paranoia/Content/NatesWork/Interior/Cabinets/Textures/3/TexturingCabinet_CabinetSet3_Roughness.uexp" 2606
"C:/Users/mikel/Downloads/Paranoia/Content/NatesWork/Interior/Cabinets/Materials/Cabinets3.uasset" 2607
"C:/Users/mikel/Downloads/Paranoia/Content/NatesWork/Interior/Cabinets/Materials/Cabinets3.uexp" 2608
"C:/Users/mikel/Downloads/Paranoia/Content/NatesWork/Interior/Cabinets/Models/CabinetCorner.ubulk" 2609
"C:/Users/mikel/Downloads/Paranoia/Content/NatesWork/Interior/Cabinets/Models/CabinetCorner.uasset" 2610
"C:/Users/mikel/Downloads/Paranoia/Content/NatesWork/Interior/Cabinets/Models/CabinetCorner.uexp" 2611
"C:/Users/mikel/Downloads/Paranoia/Content/Serv_Work/Painting/Painting_1/Painting_Painting1_BaseColor.ubulk" 2612
"C:/Users/mikel/Downloads/Paranoia/Content/Serv_Work/Painting/Painting_1/Painting_Painting1_BaseColor.uasset" 2613
"C:/Users/mikel/Downloads/Paranoia/Content/Serv_Work/Painting/Painting_1/Painting_Painting1_BaseColor.uexp" 2614
"C:/Users/mikel/Downloads/Paranoia/Content/Serv_Work/Painting/Painting_1/Painting_Painting1_Emissive.ubulk" 2615
"C:/Users/mikel/Downloads/Paranoia/Content/Serv_Work/Painting/Painting_1/Painting_Painting1_Emissive.uasset" 2616
"C:/Users/mikel/Downloads/Paranoia/Content/Serv_Work/Painting/Painting_1/Painting_Painting1_Emissive.uexp" 2617
"C:/Users/mikel/Downloads/Paranoia/Content/Serv_Work/Painting/Painting_1/Painting_Painting1_Normal.ubulk" 2618
"C:/Users/mikel/Downloads/Paranoia/Content/Serv_Work/Painting/Painting_1/Painting_Painting1_Normal.uasset" 2619
"C:/Users/mikel/Downloads/Paranoia/Content/Serv_Work/Painting/Painting_1/Painting_Painting1_Normal.uexp" 2620
"C:/Users/mikel/Downloads/Paranoia/Content/Serv_Work/Painting/Painting_1/Painting_Painting1_OcclusionRoughnessMetallic.ubulk" 2621
"C:/Users/mikel/Downloads/Paranoia/Content/Serv_Work/Painting/Painting_1/Painting_Painting1_OcclusionRoughnessMetallic.uasset" 2622
"C:/Users/mikel/Downloads/Paranoia/Content/Serv_Work/Painting/Painting_1/Painting_Painting1_OcclusionRoughnessMetallic.uexp" 2623
"C:/Users/mikel/Downloads/Paranoia/Content/Serv_Work/Painting/Painting_1/Painting_Mat_1.uasset" 2624
"C:/Users/mikel/Downloads/Paranoia/Content/Serv_Work/Painting/Painting_1/Painting_Mat_1.uexp" 2625
"C:/Users/mikel/Downloads/Paranoia/Content/Serv_Work/Painting/Painting_1/Painting.ubulk" 2626
"C:/Users/mikel/Downloads/Paranoia/Content/Serv_Work/Painting/Painting_1/Painting.uasset" 2627
"C:/Users/mikel/Downloads/Paranoia/Content/Serv_Work/Painting/Painting_1/Painting.uexp" 2628
"C:/Users/mikel/Downloads/Paranoia/Content/NatesWork/Interior/Cabinets/Textures/1/TexturingCabinet_CabinetSet1_BaseColor.ubulk" 2629
"C:/Users/mikel/Downloads/Paranoia/Content/NatesWork/Interior/Cabinets/Textures/1/TexturingCabinet_CabinetSet1_BaseColor.uasset" 2630
"C:/Users/mikel/Downloads/Paranoia/Content/NatesWork/Interior/Cabinets/Textures/1/TexturingCabinet_CabinetSet1_BaseColor.uexp" 2631
"C:/Users/mikel/Downloads/Paranoia/Content/NatesWork/Interior/Cabinets/Textures/1/TexturingCabinet_CabinetSet1_Height.ubulk" 2632
"C:/Users/mikel/Downloads/Paranoia/Content/NatesWork/Interior/Cabinets/Textures/1/TexturingCabinet_CabinetSet1_Height.uasset" 2633
"C:/Users/mikel/Downloads/Paranoia/Content/NatesWork/Interior/Cabinets/Textures/1/TexturingCabinet_CabinetSet1_Height.uexp" 2634
"C:/Users/mikel/Downloads/Paranoia/Content/NatesWork/Interior/Cabinets/Textures/1/TexturingCabinet_CabinetSet1_Metallic.ubulk" 2635
"C:/Users/mikel/Downloads/Paranoia/Content/NatesWork/Interior/Cabinets/Textures/1/TexturingCabinet_CabinetSet1_Metallic.uasset" 2636
"C:/Users/mikel/Downloads/Paranoia/Content/NatesWork/Interior/Cabinets/Textures/1/TexturingCabinet_CabinetSet1_Metallic.uexp" 2637
"C:/Users/mikel/Downloads/Paranoia/Content/NatesWork/Interior/Cabinets/Textures/1/TexturingCabinet_CabinetSet1_Normal.ubulk" 2638
"C:/Users/mikel/Downloads/Paranoia/Content/NatesWork/Interior/Cabinets/Textures/1/TexturingCabinet_CabinetSet1_Normal.uasset" 2639
"C:/Users/mikel/Downloads/Paranoia/Content/NatesWork/Interior/Cabinets/Textures/1/TexturingCabinet_CabinetSet1_Normal.uexp" 2640
"C:/Users/mikel/Downloads/Paranoia/Content/NatesWork/Interior/Cabinets/Textures/1/TexturingCabinet_CabinetSet1_Roughness.ubulk" 2641
"C:/Users/mikel/Downloads/Paranoia/Content/NatesWork/Interior/Cabinets/Textures/1/TexturingCabinet_CabinetSet1_Roughness.uasset" 2642
"C:/Users/mikel/Downloads/Paranoia/Content/NatesWork/Interior/Cabinets/Textures/1/TexturingCabinet_CabinetSet1_Roughness.uexp" 2643
"C:/Users/mikel/Downloads/Paranoia/Content/NatesWork/Interior/Cabinets/Materials/Cabinets1.uasset" 2644
"C:/Users/mikel/Downloads/Paranoia/Content/NatesWork/Interior/Cabinets/Materials/Cabinets1.uexp" 2645
"C:/Users/mikel/Downloads/Paranoia/Content/NatesWork/Interior/Cabinets/Models/CabinetDoubleDoor.ubulk" 2646
"C:/Users/mikel/Downloads/Paranoia/Content/NatesWork/Interior/Cabinets/Models/CabinetDoubleDoor.uasset" 2647
"C:/Users/mikel/Downloads/Paranoia/Content/NatesWork/Interior/Cabinets/Models/CabinetDoubleDoor.uexp" 2648
"C:/Users/mikel/Downloads/Paranoia/Content/NatesWork/Interior/Cabinets/Models/CabinetDrawers.ubulk" 2649
"C:/Users/mikel/Downloads/Paranoia/Content/NatesWork/Interior/Cabinets/Models/CabinetDrawers.uasset" 2650
"C:/Users/mikel/Downloads/Paranoia/Content/NatesWork/Interior/Cabinets/Models/CabinetDrawers.uexp" 2651
"C:/Users/mikel/Downloads/Paranoia/Content/Serv_Work/Painting/Painting_2/Painting_Painting2_BaseColor.ubulk" 2652
"C:/Users/mikel/Downloads/Paranoia/Content/Serv_Work/Painting/Painting_2/Painting_Painting2_BaseColor.uasset" 2653
"C:/Users/mikel/Downloads/Paranoia/Content/Serv_Work/Painting/Painting_2/Painting_Painting2_BaseColor.uexp" 2654
"C:/Users/mikel/Downloads/Paranoia/Content/Serv_Work/Painting/Painting_2/Painting_Painting2_Emissive.ubulk" 2655
"C:/Users/mikel/Downloads/Paranoia/Content/Serv_Work/Painting/Painting_2/Painting_Painting2_Emissive.uasset" 2656
"C:/Users/mikel/Downloads/Paranoia/Content/Serv_Work/Painting/Painting_2/Painting_Painting2_Emissive.uexp" 2657
"C:/Users/mikel/Downloads/Paranoia/Content/Serv_Work/Painting/Painting_2/Painting_Painting2_Normal.ubulk" 2658
"C:/Users/mikel/Downloads/Paranoia/Content/Serv_Work/Painting/Painting_2/Painting_Painting2_Normal.uasset" 2659
"C:/Users/mikel/Downloads/Paranoia/Content/Serv_Work/Painting/Painting_2/Painting_Painting2_Normal.uexp" 2660
"C:/Users/mikel/Downloads/Paranoia/Content/Serv_Work/Painting/Painting_2/Painting_Painting2_OcclusionRoughnessMetallic.ubulk" 2661
"C:/Users/mikel/Downloads/Paranoia/Content/Serv_Work/Painting/Painting_2/Painting_Painting2_OcclusionRoughnessMetallic.uasset" 2662
"C:/Users/mikel/Downloads/Paranoia/Content/Serv_Work/Painting/Painting_2/Painting_Painting2_OcclusionRoughnessMetallic.uexp" 2663
"C:/Users/mikel/Downloads/Paranoia/Content/Serv_Work/Painting/Painting_2/Painting_Mat_2.uasset" 2664
"C:/Users/mikel/Downloads/Paranoia/Content/Serv_Work/Painting/Painting_2/Painting_Mat_2.uexp" 2665
"C:/Users/mikel/Downloads/Paranoia/Content/Serv_Work/Painting/Painting_2/Painting.ubulk" 2666
"C:/Users/mikel/Downloads/Paranoia/Content/Serv_Work/Painting/Painting_2/Painting.uasset" 2667
"C:/Users/mikel/Downloads/Paranoia/Content/Serv_Work/Painting/Painting_2/Painting.uexp" 2668
"C:/Users/mikel/Downloads/Paranoia/Content/Serv_Work/Painting/Painting_3/Painting_Painting3_BaseColor.ubulk" 2669
"C:/Users/mikel/Downloads/Paranoia/Content/Serv_Work/Painting/Painting_3/Painting_Painting3_BaseColor.uasset" 2670
"C:/Users/mikel/Downloads/Paranoia/Content/Serv_Work/Painting/Painting_3/Painting_Painting3_BaseColor.uexp" 2671
"C:/Users/mikel/Downloads/Paranoia/Content/Serv_Work/Painting/Painting_3/Painting_Painting3_Emissive.ubulk" 2672
"C:/Users/mikel/Downloads/Paranoia/Content/Serv_Work/Painting/Painting_3/Painting_Painting3_Emissive.uasset" 2673
"C:/Users/mikel/Downloads/Paranoia/Content/Serv_Work/Painting/Painting_3/Painting_Painting3_Emissive.uexp" 2674
"C:/Users/mikel/Downloads/Paranoia/Content/Serv_Work/Painting/Painting_3/Painting_Painting3_Normal.ubulk" 2675
"C:/Users/mikel/Downloads/Paranoia/Content/Serv_Work/Painting/Painting_3/Painting_Painting3_Normal.uasset" 2676
"C:/Users/mikel/Downloads/Paranoia/Content/Serv_Work/Painting/Painting_3/Painting_Painting3_Normal.uexp" 2677
"C:/Users/mikel/Downloads/Paranoia/Content/Serv_Work/Painting/Painting_3/Painting_Painting3_OcclusionRoughnessMetallic.ubulk" 2678
"C:/Users/mikel/Downloads/Paranoia/Content/Serv_Work/Painting/Painting_3/Painting_Painting3_OcclusionRoughnessMetallic.uasset" 2679
"C:/Users/mikel/Downloads/Paranoia/Content/Serv_Work/Painting/Painting_3/Painting_Painting3_OcclusionRoughnessMetallic.uexp" 2680
"C:/Users/mikel/Downloads/Paranoia/Content/Serv_Work/Painting/Painting_3/Painting_Mat_3.uasset" 2681
"C:/Users/mikel/Downloads/Paranoia/Content/Serv_Work/Painting/Painting_3/Painting_Mat_3.uexp" 2682
"C:/Users/mikel/Downloads/Paranoia/Content/Serv_Work/Painting/Painting_3/Painting.ubulk" 2683
"C:/Users/mikel/Downloads/Paranoia/Content/Serv_Work/Painting/Painting_3/Painting.uasset" 2684
"C:/Users/mikel/Downloads/Paranoia/Content/Serv_Work/Painting/Painting_3/Painting.uexp" 2685
"../../../Engine/Plugins/Interchange/Runtime/Content/Pipelines/DefaultMaterialXPipeline.uasset" 2686
"../../../Engine/Plugins/Interchange/Runtime/Content/Pipelines/DefaultMaterialXPipeline.uexp" 2687
"../../../Engine/Plugins/Interchange/Runtime/Content/Pipelines/DefaultSceneAssetsPipeline.uasset" 2688
"../../../Engine/Plugins/Interchange/Runtime/Content/Pipelines/DefaultSceneAssetsPipeline.uexp" 2689
"../../../Engine/Plugins/Interchange/Runtime/Content/Pipelines/DefaultSceneLevelPipeline.uasset" 2690
"../../../Engine/Plugins/Interchange/Runtime/Content/Pipelines/DefaultSceneLevelPipeline.uexp" 2691
"../../../Engine/Plugins/Interchange/Runtime/Content/Pipelines/DefaultTexturePipeline.uasset" 2692
"../../../Engine/Plugins/Interchange/Runtime/Content/Pipelines/DefaultTexturePipeline.uexp" 2693
"../../../Engine/Content/Maps/Entry_BuiltData.uasset" 2694
"../../../Engine/Content/Maps/Entry_BuiltData.uexp" 2695
"../../../Engine/Content/Maps/Entry.uexp" 2696
"../../../Engine/Content/Maps/Entry.umap" 2697
"C:/Users/mikel/Downloads/Paranoia/Content/Levels/TestScene.uexp" 2698
"C:/Users/mikel/Downloads/Paranoia/Content/Levels/TestScene.umap" 2699
"C:/Users/mikel/Downloads/Paranoia/Content/Assets/SFX_and_Audio/MainTheme/Paranoia_theme__1_.ubulk" 2700
"C:/Users/mikel/Downloads/Paranoia/Content/Assets/SFX_and_Audio/MainTheme/Paranoia_theme__1_.uasset" 2701
"C:/Users/mikel/Downloads/Paranoia/Content/Assets/SFX_and_Audio/MainTheme/Paranoia_theme__1_.uexp" 2702
"C:/Users/mikel/Downloads/Paranoia/Content/Assets/SFX_and_Audio/MainTheme/Paranoia_theme__1__Cue.uasset" 2703
"C:/Users/mikel/Downloads/Paranoia/Content/Assets/SFX_and_Audio/MainTheme/Paranoia_theme__1__Cue.uexp" 2704
"C:/Users/mikel/Downloads/Paranoia/Content/Blueprints/Character/UI/Assets/MenuBackground.uasset" 2705
"C:/Users/mikel/Downloads/Paranoia/Content/Blueprints/Character/UI/Assets/MenuBackground.uexp" 2706
"C:/Users/mikel/Downloads/Paranoia/Content/Blueprints/Character/UI/Assets/mainbuttonoutline.uasset" 2707
"C:/Users/mikel/Downloads/Paranoia/Content/Blueprints/Character/UI/Assets/mainbuttonoutline.uexp" 2708
"C:/Users/mikel/Downloads/Paranoia/Content/Blueprints/Character/UI/Assets/MainSettingsBox.uasset" 2709
"C:/Users/mikel/Downloads/Paranoia/Content/Blueprints/Character/UI/Assets/MainSettingsBox.uexp" 2710
"C:/Users/mikel/Downloads/Paranoia/Content/Blueprints/Character/UI/MainMenu/UI_Audio.uasset" 2711
"C:/Users/mikel/Downloads/Paranoia/Content/Blueprints/Character/UI/MainMenu/UI_Audio.uexp" 2712
"C:/Users/mikel/Downloads/Paranoia/Content/Blueprints/Character/UI/MainMenu/UI_Controls.uasset" 2713
"C:/Users/mikel/Downloads/Paranoia/Content/Blueprints/Character/UI/MainMenu/UI_Controls.uexp" 2714
"C:/Users/mikel/Downloads/Paranoia/Content/Blueprints/Character/UI/MainMenu/UI_Graphics.uasset" 2715
"C:/Users/mikel/Downloads/Paranoia/Content/Blueprints/Character/UI/MainMenu/UI_Graphics.uexp" 2716
"C:/Users/mikel/Downloads/Paranoia/Content/Blueprints/Character/UI/MainMenu/UI_MenuMainSettings.uasset" 2717
"C:/Users/mikel/Downloads/Paranoia/Content/Blueprints/Character/UI/MainMenu/UI_MenuMainSettings.uexp" 2718
"C:/Users/mikel/Downloads/Paranoia/Content/Blueprints/Character/UI/MainMenu/UI_MenuMain.uasset" 2719
"C:/Users/mikel/Downloads/Paranoia/Content/Blueprints/Character/UI/MainMenu/UI_MenuMain.uexp" 2720
"C:/Users/mikel/Downloads/Paranoia/Content/Blueprints/Character/UI/BP_UIManager.uasset" 2721
"C:/Users/mikel/Downloads/Paranoia/Content/Blueprints/Character/UI/BP_UIManager.uexp" 2722
"C:/Users/mikel/Downloads/Paranoia/Content/Levels/UI_Levels/MenuMain.uexp" 2723
"C:/Users/mikel/Downloads/Paranoia/Content/Levels/UI_Levels/MenuMain.umap" 2724
"C:/Users/mikel/Downloads/Paranoia/Content/Levels/TestScene/_Generated_/4PYPKH109O4REVXOZR288SM61.uexp" 2725
"C:/Users/mikel/Downloads/Paranoia/Content/Levels/TestScene/_Generated_/4PYPKH109O4REVXOZR288SM61.umap" 2726
"C:/Users/mikel/Downloads/Paranoia/Content/Levels/TestScene/_Generated_/CR7WADA3FA01AZ5DXQG0GXZAD.uexp" 2727
"C:/Users/mikel/Downloads/Paranoia/Content/Levels/TestScene/_Generated_/CR7WADA3FA01AZ5DXQG0GXZAD.umap" 2728
"C:/Users/mikel/Downloads/Paranoia/Content/Levels/TestScene/_Generated_/D0UA9OXVV5CKQ6S1LFQ5VSB18.uexp" 2729
"C:/Users/mikel/Downloads/Paranoia/Content/Levels/TestScene/_Generated_/D0UA9OXVV5CKQ6S1LFQ5VSB18.ubulk" 2730
"C:/Users/mikel/Downloads/Paranoia/Content/Levels/TestScene/_Generated_/D0UA9OXVV5CKQ6S1LFQ5VSB18.umap" 2731
"C:/Users/mikel/Downloads/Paranoia/Content/Levels/TestScene/_Generated_/2J16PXBB0GXRFXMCL5ZK82WCN.uexp" 2732
"C:/Users/mikel/Downloads/Paranoia/Content/Levels/TestScene/_Generated_/2J16PXBB0GXRFXMCL5ZK82WCN.ubulk" 2733
"C:/Users/mikel/Downloads/Paranoia/Content/Levels/TestScene/_Generated_/2J16PXBB0GXRFXMCL5ZK82WCN.umap" 2734
"C:/Users/mikel/Downloads/Paranoia/Content/Levels/TestScene/_Generated_/9VCRE56R3FC50RPMRGXKJT1NB.uexp" 2735
"C:/Users/mikel/Downloads/Paranoia/Content/Levels/TestScene/_Generated_/9VCRE56R3FC50RPMRGXKJT1NB.ubulk" 2736
"C:/Users/mikel/Downloads/Paranoia/Content/Levels/TestScene/_Generated_/9VCRE56R3FC50RPMRGXKJT1NB.umap" 2737
"C:/Users/mikel/Downloads/Paranoia/Content/Levels/TestScene/_Generated_/2IN6P0V642EPQ4NW974EUTOK1.uexp" 2738
"C:/Users/mikel/Downloads/Paranoia/Content/Levels/TestScene/_Generated_/2IN6P0V642EPQ4NW974EUTOK1.ubulk" 2739
"C:/Users/mikel/Downloads/Paranoia/Content/Levels/TestScene/_Generated_/2IN6P0V642EPQ4NW974EUTOK1.umap" 2740
"C:/Users/mikel/Downloads/Paranoia/Content/Levels/TestScene/_Generated_/EMGYYA7ZH907ZKZCIQKSHDH2D.uexp" 2741
"C:/Users/mikel/Downloads/Paranoia/Content/Levels/TestScene/_Generated_/EMGYYA7ZH907ZKZCIQKSHDH2D.ubulk" 2742
"C:/Users/mikel/Downloads/Paranoia/Content/Levels/TestScene/_Generated_/EMGYYA7ZH907ZKZCIQKSHDH2D.umap" 2743
