"C:/Users/mikel/Downloads/Paranoia/Paranoia.uproject" 1
"../../../Engine/Plugins/AudioGameplay/AudioGameplay.uplugin" 2
"../../../Engine/Plugins/AudioGameplayVolume/AudioGameplayVolume.uplugin" 3
"../../../Engine/Plugins/AudioInsights/AudioInsights.uplugin" 4
"../../../Engine/Plugins/BlueprintFileUtils/BlueprintFileUtils.uplugin" 5
"../../../Engine/Plugins/Bridge/Bridge.uplugin" 6
"../../../Engine/Plugins/BaseMaterial/BaseMaterial.uplugin" 7
"../../../Engine/Plugins/ChaosCloth/ChaosCloth.uplugin" 8
"../../../Engine/Plugins/ChaosClothAsset/ChaosClothAsset.uplugin" 9
"../../../Engine/Plugins/ChaosClothAssetEditor/ChaosClothAssetEditor.uplugin" 10
"../../../Engine/Plugins/ChaosInsights/ChaosInsights.uplugin" 11
"../../../Engine/Plugins/CmdLinkServer/CmdLinkServer.uplugin" 12
"../../../Engine/Plugins/DiscoveryBeaconReceiver/DiscoveryBeaconReceiver.uplugin" 13
"../../../Engine/Plugins/EnhancedInput/EnhancedInput.uplugin" 14
"../../../Engine/Plugins/Fab/Fab.uplugin" 15
"../../../Engine/Plugins/FastBuildController/FastBuildController.uplugin" 16
"../../../Engine/Plugins/Chooser/Chooser.uplugin" 17
"../../../Engine/Plugins/JsonBlueprintUtilities/JsonBlueprintUtilities.uplugin" 18
"../../../Engine/Plugins/ChaosVD/ChaosVD.uplugin" 19
"../../../Engine/Plugins/MassInsights/MassInsights.uplugin" 20
"../../../Engine/Plugins/MeshPainting/MeshPainting.uplugin" 21
"../../../Engine/Plugins/IoStoreInsights/IoStoreInsights.uplugin" 22
"../../../Engine/Plugins/Mutable/Mutable.uplugin" 23
"../../../Engine/Plugins/PCG/PCG.uplugin" 24
"../../../Engine/Plugins/LightWeightInstancesEditor/LightWeightInstancesEditor.uplugin" 25
"../../../Engine/Plugins/RenderGraphInsights/RenderGraphInsights.uplugin" 26
"../../../Engine/Plugins/Importers/USDImporter/USDImporter.uplugin" 27
"../../../Engine/Plugins/MemoryUsageQueries/MemoryUsageQueries.uplugin" 28
"../../../Engine/Plugins/ScriptPlugin/ScriptPlugin.uplugin" 29
"../../../Engine/Plugins/Importers/USDImporterMDL/USDImporterMDL.uplugin" 30
"../../../Engine/Plugins/WorldMetrics/WorldMetrics.uplugin" 31
"../../../Engine/Plugins/UbaController/UbaController.uplugin" 32
"../../../Engine/Plugins/Importers/USDMultiUser/USDMultiUser.uplugin" 33
"../../../Engine/Plugins/Importers/AlembicImporter/AlembicImporter.uplugin" 34
"../../../Engine/Plugins/Media/AjaMedia/AjaMedia.uplugin" 35
"../../../Engine/Plugins/Media/AndroidCamera/AndroidCamera.uplugin" 36
"../../../Engine/Plugins/Media/AndroidMedia/AndroidMedia.uplugin" 37
"../../../Engine/Plugins/Media/AppleProResDecoderElectra/AppleProResDecoderElectra.uplugin" 38
"../../../Engine/Plugins/Media/AppleProResMedia/AppleProResMedia.uplugin" 39
"../../../Engine/Plugins/Media/AvfMedia/AvfMedia.uplugin" 40
"../../../Engine/Plugins/Media/AvidDNxHDDecoderElectra/AvidDNxHDDecoderElectra.uplugin" 41
"../../../Engine/Plugins/Media/AudioCaptureTimecodeProvider/AudioCaptureTimecodeProvider.uplugin" 42
"../../../Engine/Plugins/Media/BinkMedia/BinkMedia.uplugin" 43
"../../../Engine/Plugins/Media/BlackmagicMedia/BlackmagicMedia.uplugin" 44
"../../../Engine/Plugins/Media/D3D12VideoDecodersElectra/D3D12VideoDecodersElectra.uplugin" 45
"../../../Engine/Plugins/TextureGraph/TextureGraph.uplugin" 46
"../../../Engine/Plugins/Media/AvidDNxMedia/AvidDNxMedia.uplugin" 47
"../../../Engine/Plugins/Media/ElectraUtil/ElectraUtil.uplugin" 48
"../../../Engine/Plugins/Media/FlacDecoderElectra/FlacDecoderElectra.uplugin" 49
"../../../Engine/Plugins/FX/CascadeToNiagaraConverter/CascadeToNiagaraConverter.uplugin" 50
"../../../Engine/Plugins/FX/Cascade/Cascade.uplugin" 51
"../../../Engine/Plugins/FX/NiagaraMRQ/NiagaraMRQ.uplugin" 52
"../../../Engine/Plugins/Media/HAPDecoderElectra/HAPDecoderElectra.uplugin" 53
"../../../Engine/Plugins/Media/HardwareEncoders/HardwareEncoders.uplugin" 54
"../../../Engine/Plugins/Media/HAPMedia/HAPMedia.uplugin" 55
"../../../Engine/Plugins/Media/ImgMedia/ImgMedia.uplugin" 56
"../../../Engine/Plugins/FX/Niagara/Niagara.uplugin" 57
"../../../Engine/Plugins/Media/LinearTimecode/LinearTimecode.uplugin" 58
"../../../Engine/Plugins/Media/MediaCompositing/MediaCompositing.uplugin" 59
"../../../Engine/Plugins/Media/MediaMovieStreamer/MediaMovieStreamer.uplugin" 60
"../../../Engine/Plugins/Media/MediaViewer/MediaViewer.uplugin" 61
"../../../Engine/Plugins/Media/MfMedia/MfMedia.uplugin" 62
"../../../Engine/Plugins/Media/MJPEGDecoderElectra/MJPEGDecoderElectra.uplugin" 63
"../../../Engine/Plugins/FX/NiagaraFluids/NiagaraFluids.uplugin" 64
"../../../Engine/Plugins/Media/MediaPlayerEditor/MediaPlayerEditor.uplugin" 65
"../../../Engine/Plugins/FX/ExampleCustomDataInterface/ExampleCustomDataInterface.uplugin" 66
"../../../Engine/Plugins/Media/MediaPlate/MediaPlate.uplugin" 67
"../../../Engine/Plugins/Media/NDIMedia/NDIMedia.uplugin" 68
"../../../Engine/Plugins/Media/OpusDecoderElectra/OpusDecoderElectra.uplugin" 69
"../../../Engine/Plugins/Media/TimecodeSynchronizer/TimecodeSynchronizer.uplugin" 70
"../../../Engine/Plugins/Media/PixelCapture/PixelCapture.uplugin" 71
"../../../Engine/Plugins/TraceUtilities/TraceUtilities.uplugin" 72
"../../../Engine/Plugins/FX/NiagaraSimCaching/NiagaraSimCaching.uplugin" 73
"../../../Engine/Plugins/Media/WebMMedia/WebMMedia.uplugin" 74
"../../../Engine/Plugins/Media/VPxDecoderElectra/VPxDecoderElectra.uplugin" 75
"../../../Engine/Plugins/Media/PixelStreaming/PixelStreaming.uplugin" 76
"../../../Engine/Plugins/Importers/AlembicHairImporter/AlembicHairImporter.uplugin" 77
"../../../Engine/Plugins/Media/WmfMedia/WmfMedia.uplugin" 78
"../../../Engine/Plugins/MetaHuman/MetaHumanCalibrationProcessing/MetaHumanCalibrationProcessing.uplugin" 79
"../../../Engine/Plugins/MetaHuman/MetaHumanCharacter/MetaHumanCharacter.uplugin" 80
"../../../Engine/Plugins/MetaHuman/MetaHumanCoreTechLib/MetaHumanCoreTech.uplugin" 81
"../../../Engine/Plugins/MetaHuman/MetaHumanLiveLink/MetaHumanLiveLink.uplugin" 82
"../../../Engine/Plugins/NNE/NNEDenoiser/NNEDenoiser.uplugin" 83
"../../../Engine/Plugins/Media/PixelStreaming2/PixelStreaming2.uplugin" 84
"../../../Engine/Plugins/Protocols/MQTT/MQTT.uplugin" 85
"../../../Engine/Plugins/Performance/AutomatedPerfTesting/AutomatedPerfTesting.uplugin" 86
"../../../Engine/Plugins/MetaHuman/MetaHumanAnimator/MetaHuman.uplugin" 87
"../../../Engine/Plugins/Runtime/ADM/ADM.uplugin" 88
"../../../Engine/Plugins/NNE/NNERuntimeORT/NNERuntimeORT.uplugin" 89
"../../../Engine/Plugins/MetaHuman/MetaHumanSDK/MetaHumanSDK.uplugin" 90
"../../../Engine/Plugins/Media/ElectraCodecs/ElectraCodecs.uplugin" 91
"../../../Engine/Plugins/Runtime/AndroidBackgroundService/AndroidBackgroundService.uplugin" 92
"../../../Engine/Plugins/Media/ElectraCDM/ElectraCDM.uplugin" 93
"../../../Engine/Plugins/Runtime/AndroidFileServer/AndroidFileServer.uplugin" 94
"../../../Engine/Plugins/Runtime/ApexDestruction/ApexDestruction.uplugin" 95
"../../../Engine/Plugins/Runtime/AppleImageUtils/AppleImageUtils.uplugin" 96
"../../../Engine/Plugins/Media/ElectraSubtitles/ElectraSubtitles.uplugin" 97
"../../../Engine/Plugins/Runtime/AppleMoviePlayer/AppleMoviePlayer.uplugin" 98
"../../../Engine/Plugins/Runtime/ActorLayerUtilities/ActorLayerUtilities.uplugin" 99
"../../../Engine/Plugins/Media/MediaIOFramework/MediaIOFramework.uplugin" 100
"../../../Engine/Plugins/Runtime/AudioModulation/AudioModulation.uplugin" 101
"../../../Engine/Plugins/Runtime/AndroidDeviceProfileSelector/AndroidDeviceProfileSelector.uplugin" 102
"../../../Engine/Plugins/Runtime/AudioWidgets/AudioWidgets.uplugin" 103
"../../../Engine/Plugins/Runtime/AudioSynesthesia/AudioSynesthesia.uplugin" 104
"../../../Engine/Plugins/FX/NiagaraPreviewContent/NiagaraPreviewContent.uplugin" 105
"../../../Engine/Plugins/Media/ElectraPlayer/ElectraPlayer.uplugin" 106
"../../../Engine/Plugins/Runtime/ChunkDownloader/ChunkDownloader.uplugin" 107
"../../../Engine/Plugins/Media/MediaFrameworkUtilities/MediaFrameworkUtilities.uplugin" 108
"../../../Engine/Plugins/Runtime/AudioCapture/AudioCapture.uplugin" 109
"../../../Engine/Plugins/FX/NiagaraNanite/NiagaraNanite.uplugin" 110
"../../../Engine/Plugins/Runtime/DataRegistry/DataRegistry.uplugin" 111
"../../../Engine/Plugins/Runtime/ComputeFramework/ComputeFramework.uplugin" 112
"../../../Engine/Plugins/Runtime/AndroidPermission/AndroidPermission.uplugin" 113
"../../../Engine/Plugins/Runtime/ExampleDeviceProfileSelector/ExampleDeviceProfileSelector.uplugin" 114
"../../../Engine/Plugins/Runtime/ExternalGPUStatistics/ExternalGPUStatistics.uplugin" 115
"../../../Engine/Plugins/Runtime/GameFeatures/GameFeatures.uplugin" 116
"../../../Engine/Plugins/Runtime/CommonUI/CommonUI.uplugin" 117
"../../../Engine/Plugins/Runtime/GameplayAbilities/GameplayAbilities.uplugin" 118
"../../../Engine/Plugins/Runtime/Firebase/Firebase.uplugin" 119
"../../../Engine/Plugins/Runtime/AudioMotorSim/AudioMotorSim.uplugin" 120
"../../../Engine/Plugins/Runtime/GameplayInteractions/GameplayInteractions.uplugin" 121
"../../../Engine/Plugins/Runtime/AnimationBudgetAllocator/AnimationBudgetAllocator.uplugin" 122
"../../../Engine/Plugins/Runtime/GameInput/GameInput.uplugin" 123
"../../../Engine/Plugins/Runtime/GameplayStateTree/GameplayStateTree.uplugin" 124
"../../../Engine/Plugins/Runtime/GeometryProcessing/GeometryProcessing.uplugin" 125
"../../../Engine/Plugins/Runtime/GooglePAD/GooglePAD.uplugin" 126
"../../../Engine/Plugins/Runtime/GeometryCache/GeometryCache.uplugin" 127
"../../../Engine/Plugins/Runtime/AssetTags/AssetTags.uplugin" 128
"../../../Engine/Plugins/Runtime/Harmonix/Harmonix.uplugin" 129
"../../../Engine/Plugins/Runtime/HDRIBackdrop/HDRIBackdrop.uplugin" 130
"../../../Engine/Plugins/Runtime/HTTPChunkInstaller/HTTPChunkInstaller.uplugin" 131
"../../../Engine/Plugins/Runtime/CableComponent/CableComponent.uplugin" 132
"../../../Engine/Plugins/Performance/PerformanceMonitor/PerformanceMonitor.uplugin" 133
"../../../Engine/Plugins/Runtime/IOSReplayKit/IOSReplayKit.uplugin" 134
"../../../Engine/Plugins/Runtime/GeoReferencing/GeoReferencing.uplugin" 135
"../../../Engine/Plugins/Runtime/LevelStreamingPersistence/LevelStreamingPersistence.uplugin" 136
"../../../Engine/Plugins/Runtime/GeometryScripting/GeometryScripting.uplugin" 137
"../../../Engine/Plugins/Runtime/IOSDeviceProfileSelector/IOSDeviceProfileSelector.uplugin" 138
"../../../Engine/Plugins/Runtime/ArchVisCharacter/ArchVisCharacter.uplugin" 139
"../../../Engine/Plugins/Runtime/LinuxDeviceProfileSelector/LinuxDeviceProfileSelector.uplugin" 140
"../../../Engine/Plugins/Runtime/GoogleCloudMessaging/GoogleCloudMessaging.uplugin" 141
"../../../Engine/Plugins/Runtime/GameplayBehaviorSmartObjects/GameplayBehaviorSmartObjects.uplugin" 142
"../../../Engine/Plugins/Runtime/InstancedActors/InstancedActors.uplugin" 143
"../../../Engine/Plugins/Runtime/MassGameplay/MassGameplay.uplugin" 144
"../../../Engine/Plugins/Runtime/AndroidMoviePlayer/AndroidMoviePlayer.uplugin" 145
"../../../Engine/Plugins/Runtime/MixedRealityCaptureFramework/MixedRealityCaptureFramework.uplugin" 146
"../../../Engine/Plugins/Runtime/MassEntity/MassEntity.uplugin" 147
"../../../Engine/Plugins/Runtime/LocationServicesIOSImpl/LocationServicesIOSImpl.uplugin" 148
"../../../Engine/Plugins/Runtime/MIDIDevice/MIDIDevice.uplugin" 149
"../../../Engine/Plugins/XGEController/XGEController.uplugin" 150
"../../../Engine/Plugins/Runtime/Metasound/Metasound.uplugin" 151
"../../../Engine/Plugins/Runtime/InputDebugging/InputDebugging.uplugin" 152
"../../../Engine/Plugins/Runtime/MeshModelingToolset/MeshModelingToolset.uplugin" 153
"../../../Engine/Plugins/Runtime/HPMotionController/HPMotionController.uplugin" 154
"../../../Engine/Plugins/Runtime/HairStrands/HairStrands.uplugin" 155
"../../../Engine/Plugins/Runtime/MobilePatchingUtils/MobilePatchingUtils.uplugin" 156
"../../../Engine/Plugins/Runtime/LocationServicesBPLibrary/LocationServicesBPLibrary.uplugin" 157
"../../../Engine/Plugins/Runtime/OpenXR/OpenXR.uplugin" 158
"../../../Engine/Plugins/Runtime/ModularGameplay/ModularGameplay.uplugin" 159
"../../../Engine/Plugins/Runtime/MultiServerReplication/MultiServerReplication.uplugin" 160
"../../../Engine/Plugins/Runtime/nDisplay/nDisplay.uplugin" 161
"../../../Engine/Plugins/Runtime/CustomMeshComponent/CustomMeshComponent.uplugin" 162
"../../../Engine/Plugins/Runtime/NavCorridor/NavCorridor.uplugin" 163
"../../../Engine/Plugins/Runtime/OpenXREyeTracker/OpenXREyeTracker.uplugin" 164
"../../../Engine/Plugins/Runtime/MsQuic/MsQuic.uplugin" 165
"../../../Engine/Plugins/Runtime/OpenXRHandTracking/OpenXRHandTracking.uplugin" 166
"../../../Engine/Plugins/Runtime/OpenXRMsftHandInteraction/OpenXRMsftHandInteraction.uplugin" 167
"../../../Engine/Plugins/Runtime/LocationServicesAndroidImpl/LocationServicesAndroidImpl.uplugin" 168
"../../../Engine/Plugins/Runtime/nDisplayModularFeatures/nDisplayModularFeatures.uplugin" 169
"../../../Engine/Plugins/Runtime/OSC/OSC.uplugin" 170
"../../../Engine/Plugins/Runtime/NetworkPredictionExtras/NetworkPredictionExtras.uplugin" 171
"../../../Engine/Plugins/Runtime/OptionalMobileFeaturesBPLibrary/OptionalMobileFeaturesBPLibrary.uplugin" 172
"../../../Engine/Plugins/Runtime/OpenXRViveTracker/OpenXRViveTracker.uplugin" 173
"../../../Engine/Plugins/Runtime/ModelViewViewModel/ModelViewViewModel.uplugin" 174
"../../../Engine/Plugins/Runtime/ResonanceAudio/ResonanceAudio.uplugin" 175
"../../../Engine/Plugins/Runtime/NetworkPrediction/NetworkPrediction.uplugin" 176
"../../../Engine/Plugins/Runtime/MicrosoftSpatialAudio/MicroSoftSpatialSound.uplugin" 177
"../../../Engine/Plugins/Runtime/ScriptableToolsFramework/ScriptableToolsFramework.uplugin" 178
"../../../Engine/Plugins/Runtime/SkeletalMerging/SkeletalMerging.uplugin" 179
"../../../Engine/Plugins/Runtime/SignificanceManager/SignificanceManager.uplugin" 180
"../../../Engine/Plugins/Runtime/SoundCueTemplates/SoundCueTemplates.uplugin" 181
"../../../Engine/Plugins/Runtime/SoundFields/SoundFields.uplugin" 182
"../../../Engine/Plugins/Runtime/ReplicationSystemTestPlugin/ReplicationSystemTestPlugin.uplugin" 183
"../../../Engine/Plugins/Runtime/LiveLinkOvernDisplay/LiveLinkOverNDisplay.uplugin" 184
"../../../Engine/Plugins/Runtime/PropertyAccess/PropertyAccessEditor.uplugin" 185
"../../../Engine/Plugins/Runtime/ReplicationGraph/ReplicationGraph.uplugin" 186
"../../../Engine/Plugins/Runtime/Soundscape/Soundscape.uplugin" 187
"../../../Engine/Plugins/Runtime/OpenCV/OpenCV.uplugin" 188
"../../../Engine/Plugins/Runtime/RenderTrace/RenderTrace.uplugin" 189
"../../../Engine/Plugins/Runtime/SmartObjects/SmartObjects.uplugin" 190
"../../../Engine/Plugins/Runtime/ProceduralMeshComponent/ProceduralMeshComponent.uplugin" 191
"../../../Engine/Plugins/Runtime/PropertyBindingUtils/PropertyBindingUtils.uplugin" 192
"../../../Engine/Plugins/Runtime/USDCore/USDCore.uplugin" 193
"../../../Engine/Plugins/Runtime/MusicEnvironment/MusicEnvironment.uplugin" 194
"../../../Engine/Plugins/Runtime/WaveTable/WaveTable.uplugin" 195
"../../../Engine/Plugins/Runtime/WarpUtils/WarpUtils.uplugin" 196
"../../../Engine/Plugins/Runtime/RigVM/RigVM.uplugin" 197
"../../../Engine/Plugins/Runtime/WindowsMoviePlayer/WindowsMoviePlayer.uplugin" 198
"../../../Engine/Plugins/Runtime/WorldConditions/WorldConditions.uplugin" 199
"../../../Engine/Plugins/Runtime/PreLoadScreenMoviePlayer/PreLoadScreenMoviePlayer.uplugin" 200
"../../../Engine/Plugins/Runtime/XRBase/XRBase.uplugin" 201
"../../../Engine/Plugins/Runtime/WebBrowserWidget/WebBrowserWidget.uplugin" 202
"../../../Engine/Plugins/Runtime/ZoneGraphAnnotations/ZoneGraphAnnotations.uplugin" 203
"../../../Engine/Plugins/Runtime/NetworkPredictionInsights/NetworkPredictionInsights.uplugin" 204
"../../../Engine/Plugins/Runtime/WebMMoviePlayer/WebMMoviePlayer.uplugin" 205
"../../../Engine/Plugins/AI/EnvironmentQueryEditor/EnvironmentQueryEditor.uplugin" 206
"../../../Engine/Plugins/Runtime/Synthesis/Synthesis.uplugin" 207
"../../../Engine/Plugins/Web/HttpBlueprint/HttpBlueprint.uplugin" 208
"../../../Engine/Plugins/AI/HTNPlanner/HTNPlanner.uplugin" 209
"../../../Engine/Plugins/Runtime/SoundMod/SoundMod.uplugin" 210
"../../../Engine/Plugins/AI/AISupport/AISupport.uplugin" 211
"../../../Engine/Plugins/Runtime/Spatialization/Spatialization.uplugin" 212
"../../../Engine/Plugins/Runtime/ZoneGraph/ZoneGraph.uplugin" 213
"../../../Engine/Plugins/Runtime/SunPosition/SunPosition.uplugin" 214
"../../../Engine/Plugins/Animation/ControlRig/ControlRig.uplugin" 215
"../../../Engine/Plugins/Animation/AnimationLocomotionLibrary/AnimationLocomotionLibrary.uplugin" 216
"../../../Engine/Plugins/Animation/ControlRigModules/ControlRigModules.uplugin" 217
"../../../Engine/Plugins/Animation/BlendSpaceMotionAnalysis/BlendSpaceMotionAnalysis.uplugin" 218
"../../../Engine/Plugins/Runtime/WindowsDeviceProfileSelector/WindowsDeviceProfileSelector.uplugin" 219
"../../../Engine/Plugins/Runtime/SoundUtilities/SoundUtilities.uplugin" 220
"../../../Engine/Plugins/PCGInterops/PCGPythonInterop/PCGPythonInterop.uplugin" 221
"../../../Engine/Plugins/PCGInterops/PCGExternalDataInterop/PCGExternalDataInterop.uplugin" 222
"../../../Engine/Plugins/PCGInterops/PCGGeometryScriptInterop/PCGGeometryScriptInterop.uplugin" 223
"../../../Engine/Plugins/Animation/LiveLinkCurveDebugUI/LiveLinkCurveDebugUI.uplugin" 224
"../../../Engine/Plugins/Animation/LiveLinkHub/LiveLinkHub.uplugin" 225
"../../../Engine/Plugins/Animation/LiveLink/LiveLink.uplugin" 226
"../../../Engine/Plugins/Runtime/WebBrowserNativeProxy/WebBrowserNativeProxy.uplugin" 227
"../../../Engine/Plugins/Runtime/StateTree/StateTree.uplugin" 228
"../../../Engine/Plugins/Animation/GeneSplicer/GeneSplicer.uplugin" 229
"../../../Engine/Plugins/AI/MLAdapter/MLAdapter.uplugin" 230
"../../../Engine/Plugins/Animation/PerformanceCaptureCore/PerformanceCaptureCore.uplugin" 231
"../../../Engine/Plugins/Animation/PoseSearch/PoseSearch.uplugin" 232
"../../../Engine/Plugins/Animation/BlendStack/BlendStack.uplugin" 233
"../../../Engine/Plugins/Animation/AnimationWarping/AnimationWarping.uplugin" 234
"../../../Engine/Plugins/Animation/AnimatorKit/AnimatorKit.uplugin" 235
"../../../Engine/Plugins/Animation/MotionWarping/MotionWarping.uplugin" 236
"../../../Engine/Plugins/Animation/GameplayInsights/GameplayInsights.uplugin" 237
"../../../Engine/Plugins/Animation/TweeningUtils/TweeningUtils.uplugin" 238
"../../../Engine/Plugins/Cameras/CameraShakePreviewer/CameraShakePreviewer.uplugin" 239
"../../../Engine/Plugins/Cameras/EngineCameras/EngineCameras.uplugin" 240
"../../../Engine/Plugins/Animation/AnimationData/AnimationData.uplugin" 241
"../../../Engine/Plugins/Compositing/Composite/Composite.uplugin" 242
"../../../Engine/Plugins/Compositing/OpenColorIO/OpenColorIO.uplugin" 243
"../../../Engine/Plugins/Compositing/CompositeCore/CompositeCore.uplugin" 244
"../../../Engine/Plugins/Animation/LiveLinkDevice/LiveLinkDevice.uplugin" 245
"../../../Engine/Plugins/Animation/RigLogic/RigLogic.uplugin" 246
"../../../Engine/Plugins/Compositing/OpenCVLensDistortion/OpenCVLensDistortion.uplugin" 247
"../../../Engine/Plugins/Animation/ControlRigSpline/ControlRigSpline.uplugin" 248
"../../../Engine/Plugins/Compositing/LensDistortion/LensDistortion.uplugin" 249
"../../../Engine/Plugins/Animation/DeformerGraph/DeformerGraph.uplugin" 250
"../../../Engine/Plugins/Animation/LiveLinkExampleDevice/LiveLinkExampleDevice.uplugin" 251
"../../../Engine/Plugins/Developer/DirectoryPlaceholder/DirectoryPlaceholder.uplugin" 252
"../../../Engine/Plugins/Compression/OodleNetwork/OodleNetwork.uplugin" 253
"../../../Engine/Plugins/Animation/SkeletalMeshModelingTools/SkeletalMeshModelingTools.uplugin" 254
"../../../Engine/Plugins/Developer/BlankPlugin/BlankPlugin.uplugin" 255
"../../../Engine/Plugins/Cameras/GameplayCameras/GameplayCameras.uplugin" 256
"../../../Engine/Plugins/Animation/IKRig/IKRig.uplugin" 257
"../../../Engine/Plugins/Developer/FieldNotificationTrace/FieldNotificationTrace.uplugin" 258
"../../../Engine/Plugins/Developer/KDevelopSourceCodeAccess/KDevelopSourceCodeAccess.uplugin" 259
"../../../Engine/Plugins/Developer/N10XSourceCodeAccess/N10XSourceCodeAccess.uplugin" 260
"../../../Engine/Plugins/Animation/DNACalib/DNACalib.uplugin" 261
"../../../Engine/Plugins/Developer/GitSourceControl/GitSourceControl.uplugin" 262
"../../../Engine/Plugins/Compositing/Composure/Composure.uplugin" 263
"../../../Engine/Plugins/Animation/AnimationModifierLibrary/AnimationModifierLibrary.uplugin" 264
"../../../Engine/Plugins/Developer/PixWinPlugin/PixWinPlugin.uplugin" 265
"../../../Engine/Plugins/Developer/NamingTokens/NamingTokens.uplugin" 266
"../../../Engine/Plugins/Compositing/HoldoutComposite/HoldoutComposite.uplugin" 267
"../../../Engine/Plugins/Developer/CLionSourceCodeAccess/CLionSourceCodeAccess.uplugin" 268
"../../../Engine/Plugins/Developer/PlasticSourceControl/PlasticSourceControl.uplugin" 269
"../../../Engine/Plugins/Developer/PropertyAccessNode/PropertyAccessNode.uplugin" 270
"../../../Engine/Plugins/Developer/PluginUtils/PluginUtils.uplugin" 271
"../../../Engine/Plugins/Developer/RiderSourceCodeAccess/RiderSourceCodeAccess.uplugin" 272
"../../../Engine/Plugins/Developer/OneSkyLocalizationService/OneSkyLocalizationService.uplugin" 273
"../../../Engine/Plugins/Developer/TraceSourceFiltering/TraceSourceFilters.uplugin" 274
"../../../Engine/Plugins/Developer/UObjectPlugin/UObjectPlugin.uplugin" 275
"../../../Engine/Plugins/Developer/SubversionSourceControl/SubversionSourceControl.uplugin" 276
"../../../Engine/Plugins/Developer/NullSourceCodeAccess/NullSourceCodeAccess.uplugin" 277
"../../../Engine/Plugins/Developer/VisualStudioCodeSourceCodeAccess/VisualStudioCodeSourceCodeAccess.uplugin" 278
"../../../Engine/Plugins/Developer/RenderDocPlugin/RenderDocPlugin.uplugin" 279
"../../../Engine/Plugins/AI/MassAI/MassAI.uplugin" 280
"../../../Engine/Plugins/Developer/XcodeGPUDebuggerPlugin/XcodeGPUDebuggerPlugin.uplugin" 281
"../../../Engine/Plugins/Developer/CodeLiteSourceCodeAccess/CodeLiteSourceCodeAccess.uplugin" 282
"../../../Engine/Plugins/Editor/AssetSearch/AssetSearch.uplugin" 283
"../../../Engine/Plugins/Animation/EaseCurveTool/EaseCurveTool.uplugin" 284
"../../../Engine/Plugins/Editor/AssetManagerEditor/AssetManagerEditor.uplugin" 285
"../../../Engine/Plugins/Developer/XCodeSourceCodeAccess/XCodeSourceCodeAccess.uplugin" 286
"../../../Engine/Plugins/Editor/ChangelistReview/ChangelistReview.uplugin" 287
"../../../Engine/Plugins/Editor/ConsoleVariablesEditor/ConsoleVariables.uplugin" 288
"../../../Engine/Plugins/Editor/CurveEditorTools/CurveEditorTools.uplugin" 289
"../../../Engine/Plugins/Editor/AssetReferenceRestrictions/AssetReferenceRestrictions.uplugin" 290
"../../../Engine/Plugins/Editor/DisplayClusterLaunch/DisplayClusterLaunch.uplugin" 291
"../../../Engine/Plugins/AI/MassCrowd/MassCrowd.uplugin" 292
"../../../Engine/Plugins/Editor/EditorScriptingUtilities/EditorScriptingUtilities.uplugin" 293
"../../../Engine/Plugins/Developer/PerforceSourceControl/PerforceSourceControl.uplugin" 294
"../../../Engine/Plugins/Editor/EditorDebugTools/EditorDebugTools.uplugin" 295
"../../../Engine/Plugins/Editor/EditorSysConfigAssistant/EditorSysConfigAssistant.uplugin" 296
"../../../Engine/Plugins/Developer/AnimationSharing/AnimationSharing.uplugin" 297
"../../../Engine/Plugins/Editor/GameplayTagsEditor/GameplayTagsEditor.uplugin" 298
"../../../Engine/Plugins/Editor/GeometryMode/GeometryMode.uplugin" 299
"../../../Engine/Plugins/Editor/FacialAnimation/FacialAnimation.uplugin" 300
"../../../Engine/Plugins/Editor/LandscapePatch/LandscapePatch.uplugin" 301
"../../../Engine/Plugins/Editor/MacGraphicsSwitching/MacGraphicsSwitching.uplugin" 302
"../../../Engine/Plugins/Editor/GuidedTutorials/GuidedTutorials.uplugin" 303
"../../../Engine/Plugins/Developer/DumpGPUServices/DumpGPUServices.uplugin" 304
"../../../Engine/Plugins/Editor/MeshLODToolset/MeshLODToolset.uplugin" 305
"../../../Engine/Plugins/Editor/MaterialAnalyzer/MaterialAnalyzer.uplugin" 306
"../../../Engine/Plugins/Developer/ProjectLauncher/ProjectLauncher.uplugin" 307
"../../../Engine/Plugins/Editor/EngineAssetDefinitions/EngineAssetDefinitions.uplugin" 308
"../../../Engine/Plugins/Editor/MobileLauncherProfileWizard/MobileLauncherProfileWizard.uplugin" 309
"../../../Engine/Plugins/Animation/LiveLinkUnrealDevice/LiveLinkUnrealDevice.uplugin" 310
"../../../Engine/Plugins/Editor/ColorGrading/ColorGrading.uplugin" 311
"../../../Engine/Plugins/Editor/ModelingToolsEditorMode/ModelingToolsEditorMode.uplugin" 312
"../../../Engine/Plugins/Editor/SampleToolsEditorMode/SampleToolsEditorMode.uplugin" 313
"../../../Engine/Plugins/Editor/PluginBrowser/PluginBrowser.uplugin" 314
"../../../Engine/Plugins/Editor/AssetRegistryExport/AssetRegistryExport.uplugin" 315
"../../../Engine/Plugins/Editor/LiveUpdateForSlate/LiveUpdateForSlate.uplugin" 316
"../../../Engine/Plugins/Editor/SpeedTreeImporter/SpeedTreeImporter.uplugin" 317
"../../../Engine/Plugins/Editor/UVEditor/UVEditor.uplugin" 318
"../../../Engine/Plugins/Editor/BlueprintHeaderView/BlueprintHeaderView.uplugin" 319
"../../../Engine/Plugins/Editor/WaveformEditor/WaveformEditor.uplugin" 320
"../../../Engine/Plugins/Enterprise/AxFImporter/AxFImporter.uplugin" 321
"../../../Engine/Plugins/Editor/ModelViewViewModelPreview/ModelViewViewModelPreview.uplugin" 322
"../../../Engine/Plugins/Editor/ProxyLODPlugin/ProxyLODPlugin.uplugin" 323
"../../../Engine/Plugins/Editor/MakeCookedEditorAsDLC/MakeCookedEditorAsDLC.uplugin" 324
"../../../Engine/Plugins/Enterprise/DatasmithC4DImporter/DatasmithC4DImporter.uplugin" 325
"../../../Engine/Plugins/Editor/WorldPartitionHLODUtilities/WorldPartitionHLODUtilities.uplugin" 326
"../../../Engine/Plugins/Editor/ScriptableToolsEditorMode/ScriptableToolsEditorMode.uplugin" 327
"../../../Engine/Plugins/Enterprise/DatasmithImporter/DatasmithImporter.uplugin" 328
"../../../Engine/Plugins/Enterprise/DatasmithFBXImporter/DatasmithFBXImporter.uplugin" 329
"../../../Engine/Plugins/Developer/VisualStudioSourceCodeAccess/VisualStudioSourceCodeAccess.uplugin" 330
"../../../Engine/Plugins/Enterprise/MDLImporter/MDLImporter.uplugin" 331
"../../../Engine/Plugins/Editor/StaticMeshEditorModeling/StaticMeshEditorModeling.uplugin" 332
"../../../Engine/Plugins/Enterprise/DatasmithCADImporter/DatasmithCADImporter.uplugin" 333
"../../../Engine/Plugins/Editor/SequencerAnimTools/SequencerAnimTools.uplugin" 334
"../../../Engine/Plugins/Enterprise/VariantManager/VariantManager.uplugin" 335
"../../../Engine/Plugins/Experimental/ActorPalette/ActorPalette.uplugin" 336
"../../../Engine/Plugins/Editor/DataValidation/DataValidation.uplugin" 337
"../../../Engine/Plugins/Experimental/AIAssistant/AIAssistant.uplugin" 338
"../../../Engine/Plugins/Animation/ACLPlugin/ACLPlugin.uplugin" 339
"../../../Engine/Plugins/Experimental/AdvancedRenamer/AdvancedRenamer.uplugin" 340
"../../../Engine/Plugins/Experimental/AsyncMessageSystem/AsyncMessageSystem.uplugin" 341
"../../../Engine/Plugins/Editor/BlueprintMaterialTextureNodes/BlueprintMaterialTextureNodes.uplugin" 342
"../../../Engine/Plugins/Experimental/BlueprintSnapNodes/BlueprintSnapNodes.uplugin" 343
"../../../Engine/Plugins/Experimental/BackChannel/BackChannel.uplugin" 344
"../../../Engine/Plugins/Editor/StylusInput/StylusInput.uplugin" 345
"../../../Engine/Plugins/Editor/CryptoKeys/CryptoKeys.uplugin" 346
"../../../Engine/Plugins/Experimental/Buoyancy/Buoyancy.uplugin" 347
"../../../Engine/Plugins/Experimental/BlueprintStats/BlueprintStats.uplugin" 348
"../../../Engine/Plugins/Enterprise/DataprepEditor/DataprepEditor.uplugin" 349
"../../../Engine/Plugins/Experimental/ChaosCachingUSD/ChaosCachingUSD.uplugin" 350
"../../../Engine/Plugins/Enterprise/VariantManagerContent/VariantManagerContent.uplugin" 351
"../../../Engine/Plugins/Experimental/AvalancheSequenceNavigator/AvalancheSequenceNavigator.uplugin" 352
"../../../Engine/Plugins/Experimental/ChaosFlesh/ChaosFlesh.uplugin" 353
"../../../Engine/Plugins/Experimental/ChaosEditor/ChaosEditor.uplugin" 354
"../../../Engine/Plugins/Experimental/AvalancheDisplayCluster/AvalancheDisplayCluster.uplugin" 355
"../../../Engine/Plugins/Experimental/ChaosModularVehicle/ChaosModularVehicle.uplugin" 356
"../../../Engine/Plugins/Experimental/CelestialVault/CelestialVault.uplugin" 357
"../../../Engine/Plugins/Developer/GPUReshape/GPUReshape.uplugin" 358
"../../../Engine/Plugins/Experimental/ChaosMover/ChaosMover.uplugin" 359
"../../../Engine/Plugins/Experimental/CineCameraSceneCapture/CineCameraSceneCapture.uplugin" 360
"../../../Engine/Plugins/Experimental/AbilitySystemGameFeatureActions/AbilitySystemGameFeatureActions.uplugin" 361
"../../../Engine/Plugins/Enterprise/LidarPointCloud/LidarPointCloud.uplugin" 362
"../../../Engine/Plugins/Experimental/ChaosNiagara/ChaosNiagara.uplugin" 363
"../../../Engine/Plugins/2D/Paper2D/Paper2D.uplugin" 364
"../../../Engine/Plugins/Experimental/ChaosVehiclesPlugin/ChaosVehiclesPlugin.uplugin" 365
"../../../Engine/Plugins/Experimental/ChaosRigidAsset/ChaosRigidAsset.uplugin" 366
"../../../Engine/Plugins/Experimental/CodeEditor/CodeEditor.uplugin" 367
"../../../Engine/Plugins/Experimental/ChaosCaching/ChaosCaching.uplugin" 368
"../../../Engine/Plugins/Experimental/ColorCorrectRegions/ColorCorrectRegions.uplugin" 369
"../../../Engine/Plugins/Experimental/ControlFlows/ControlFlows.uplugin" 370
"../../../Engine/Plugins/Experimental/AutomationUtils/AutomationUtils.uplugin" 371
"../../../Engine/Plugins/Experimental/CommonConversation/CommonConversation.uplugin" 372
"../../../Engine/Plugins/Enterprise/DatasmithContent/DatasmithContent.uplugin" 373
"../../../Engine/Plugins/Experimental/CinematicSequenceNavigator/CinematicSequenceNavigator.uplugin" 374
"../../../Engine/Plugins/Experimental/CineCameraRigs/CineCameraRigs.uplugin" 375
"../../../Engine/Plugins/Experimental/DefaultInstallBundleManager/DefaultInstallBundleManager.uplugin" 376
"../../../Engine/Plugins/Experimental/ControlRigPhysics/ControlRigPhysics.uplugin" 377
"../../../Engine/Plugins/Experimental/CharacterAI/CharacterAI.uplugin" 378
"../../../Engine/Plugins/Experimental/ChaosSolverPlugin/ChaosSolverPlugin.uplugin" 379
"../../../Engine/Plugins/Experimental/DrawDebugLibrary/DrawDebugLibrary.uplugin" 380
"../../../Engine/Plugins/Experimental/CinematicPrestreaming/CinematicPrestreaming.uplugin" 381
"../../../Engine/Plugins/Experimental/EditorPerformance/EditorPerformance.uplugin" 382
"../../../Engine/Plugins/Experimental/EvaluationNotifies/EvaluationNotifies.uplugin" 383
"../../../Engine/Plugins/Experimental/Fracture/Fracture.uplugin" 384
"../../../Engine/Plugins/Enterprise/GLTFExporter/GLTFExporter.uplugin" 385
"../../../Engine/Plugins/Experimental/DaySequence/DaySequence.uplugin" 386
"../../../Engine/Plugins/Experimental/FastGeoStreaming/FastGeoStreaming.uplugin" 387
"../../../Engine/Plugins/Experimental/ChaosClothEditor/ChaosClothEditor.uplugin" 388
"../../../Engine/Plugins/Experimental/FloatingProperties/FloatingProperties.uplugin" 389
"../../../Engine/Plugins/Experimental/GameplayTargetingSystem/TargetingSystem.uplugin" 390
"../../../Engine/Plugins/Experimental/Gauntlet/Gauntlet.uplugin" 391
"../../../Engine/Plugins/Experimental/AsyncMessageSystemTests/AsyncMessageSystemTests.uplugin" 392
"../../../Engine/Plugins/Experimental/EditorDataStorageFeatures/EditorDataStorageFeatures.uplugin" 393
"../../../Engine/Plugins/Experimental/FullBodyIK/FullBodyIK.uplugin" 394
"../../../Engine/Plugins/Experimental/GeometryCacheAbcFile/GeometryCacheAbcFile.uplugin" 395
"../../../Engine/Plugins/Experimental/GeometryCollectionPlugin/GeometryCollectionPlugin.uplugin" 396
"../../../Engine/Plugins/Experimental/ChaosModularVehicleExamples/ChaosModularVehicleExamples.uplugin" 397
"../../../Engine/Plugins/Experimental/GizmoEdMode/GizmoEdMode.uplugin" 398
"../../../Engine/Plugins/Experimental/GeometryFlow/GeometryFlow.uplugin" 399
"../../../Engine/Plugins/Experimental/EditorTelemetry/EditorTelemetry.uplugin" 400
"../../../Engine/Plugins/Experimental/GizmoFramework/GizmoFramework.uplugin" 401
"../../../Engine/Plugins/Experimental/ImageWidgets/ImageWidgets.uplugin" 402
"../../../Engine/Plugins/Developer/TextureFormatOodle/TextureFormatOodle.uplugin" 403
"../../../Engine/Plugins/Experimental/HairModelingToolset/HairModelingToolset.uplugin" 404
"../../../Engine/Plugins/Experimental/ImpostorBaker/ImpostorBaker.uplugin" 405
"../../../Engine/Plugins/Experimental/ImagePlate/ImagePlate.uplugin" 406
"../../../Engine/Plugins/Experimental/GeometryDataflow/GeometryDataflow.uplugin" 407
"../../../Engine/Plugins/Experimental/CodeView/CodeView.uplugin" 408
"../../../Engine/Plugins/Experimental/InteractionInterface/InteractionInterface.uplugin" 409
"../../../Engine/Plugins/Experimental/InEditorDocumentation/InEditorDocumentation.uplugin" 410
"../../../Engine/Plugins/Experimental/EditorDataStorage/EditorDataStorage.uplugin" 411
"../../../Engine/Plugins/Experimental/HairCardGenerator/HairCardGenerator.uplugin" 412
"../../../Engine/Plugins/Experimental/GlobalConfigurationData/GlobalConfigurationData.uplugin" 413
"../../../Engine/Plugins/Experimental/ChaosUserDataPT/ChaosUserDataPT.uplugin" 414
"../../../Engine/Plugins/Experimental/Landmass/Landmass.uplugin" 415
"../../../Engine/Plugins/Experimental/MediaStream/MediaStream.uplugin" 416
"../../../Engine/Plugins/Experimental/LiveLinkControlRig/LiveLinkControlRig.uplugin" 417
"../../../Engine/Plugins/Experimental/LiveLinkFaceImporter/LiveLinkFaceImporter.uplugin" 418
"../../../Engine/Plugins/Experimental/ChaosOutfitAsset/ChaosOutfitAsset.uplugin" 419
"../../../Engine/Plugins/Experimental/MetasoundExperimental/MetasoundExperimental.uplugin" 420
"../../../Engine/Plugins/Experimental/InstanceDataObjectFixupTool/InstanceDataObjectFixupTool.uplugin" 421
"../../../Engine/Plugins/Experimental/AnimToTexture/AnimToTexture.uplugin" 422
"../../../Engine/Plugins/Experimental/GeometryCacheLevelSequenceBaker/GeometryCacheLevelSequenceBaker.uplugin" 423
"../../../Engine/Plugins/Experimental/MeshModelingToolsetExp/MeshModelingToolsetExp.uplugin" 424
"../../../Engine/Plugins/Experimental/LowLevelNetTrace/LowLevelNetTrace.uplugin" 425
"../../../Engine/Plugins/Experimental/MLflow/MLflow.uplugin" 426
"../../../Engine/Plugins/Experimental/Dataflow/Dataflow.uplugin" 427
"../../../Engine/Plugins/Experimental/Mover/Mover.uplugin" 428
"../../../Engine/Plugins/Experimental/LiveLinkOpenVR/LiveLinkOpenVR.uplugin" 429
"../../../Engine/Plugins/Experimental/MoverExamples/MoverExamples.uplugin" 430
"../../../Engine/Plugins/Experimental/GameplayBehaviors/GameplayBehaviors.uplugin" 431
"../../../Engine/Plugins/Experimental/MoverAnimNext/MoverAnimNext.uplugin" 432
"../../../Engine/Plugins/Experimental/MotorSimOutputMotoSynth/MotorSimOutputMotoSynth.uplugin" 433
"../../../Engine/Plugins/Experimental/MutableDataflow/MutableDataflow.uplugin" 434
"../../../Engine/Plugins/Experimental/DynamicWind/DynamicWind.uplugin" 435
"../../../Engine/Plugins/Experimental/MeshResizing/MeshResizing.uplugin" 436
"../../../Engine/Plugins/Experimental/MoverTests/MoverTests.uplugin" 437
"../../../Engine/Plugins/Experimental/MutablePopulation/MutablePopulation.uplugin" 438
"../../../Engine/Plugins/Experimental/MotoSynth/MotoSynth.uplugin" 439
"../../../Engine/Plugins/Experimental/HairStrandsMutable/HairStrandsMutable.uplugin" 440
"../../../Engine/Plugins/Experimental/MovieScenePoseSearchTracks/MovieScenePoseSearchTracks.uplugin" 441
"../../../Engine/Plugins/Experimental/NFORDenoise/NFORDenoise.uplugin" 442
"../../../Engine/Plugins/Experimental/NeuralRendering/NeuralRendering.uplugin" 443
"../../../Engine/Plugins/Experimental/LearningAgents/LearningAgents.uplugin" 444
"../../../Engine/Plugins/Experimental/GameplayGraph/GameplayGraph.uplugin" 445
"../../../Engine/Plugins/Experimental/DynamicMaterialMediaStreamBridge/DynamicMaterialMediaStreamBridge.uplugin" 446
"../../../Engine/Plugins/Experimental/NNERuntimeIREE/NNERuntimeIREE.uplugin" 447
"../../../Engine/Plugins/Experimental/FieldSystemPlugin/FieldSystemPlugin.uplugin" 448
"../../../Engine/Plugins/Experimental/NNERuntimeBasicCpu/NNERuntimeBasicCpu.uplugin" 449
"../../../Engine/Plugins/Experimental/OpenImageDenoise/OpenImageDenoise.uplugin" 450
"../../../Engine/Plugins/Experimental/PCGBiomeSample/PCGBiomeSample.uplugin" 451
"../../../Engine/Plugins/Experimental/NaniteAssemblyEditorUtils/NaniteAssemblyEditorUtils.uplugin" 452
"../../../Engine/Plugins/Experimental/LevelSequenceNavigatorBridge/LevelSequenceNavigatorBridge.uplugin" 453
"../../../Engine/Plugins/Experimental/OptiXDenoise/OptiXDenoise.uplugin" 454
"../../../Engine/Plugins/Experimental/PlainPropsEngine/PlainPropsEngine.uplugin" 455
"../../../Engine/Plugins/Experimental/PanoramicCapture/PanoramicCapture.uplugin" 456
"../../../Engine/Plugins/Experimental/GPULightmass/GPULightmass.uplugin" 457
"../../../Engine/Plugins/Experimental/PluginAudit/PluginAudit.uplugin" 458
"../../../Engine/Plugins/Experimental/PlatformCrypto/PlatformCrypto.uplugin" 459
"../../../Engine/Plugins/Experimental/MutableClothing/MutableClothing.uplugin" 460
"../../../Engine/Plugins/Experimental/PlainProps/PlainProps.uplugin" 461
"../../../Engine/Plugins/Experimental/MovieSceneAnimMixer/MovieSceneAnimMixer.uplugin" 462
"../../../Engine/Plugins/Experimental/PCGBiomeCore/PCGBiomeCore.uplugin" 463
"../../../Engine/Plugins/Experimental/ProceduralVegetationEditor/ProceduralVegetationEditor.uplugin" 464
"../../../Engine/Plugins/Experimental/MoverIntegrations/MoverIntegrations.uplugin" 465
"../../../Engine/Plugins/Experimental/GameInputWindows/GameInputWindows.uplugin" 466
"../../../Engine/Plugins/Editor/UMGWidgetPreview/UMGWidgetPreview.uplugin" 467
"../../../Engine/Plugins/Experimental/PythonMLPackages/PythonMLPackages.uplugin" 468
"../../../Engine/Plugins/Experimental/PostProcessMaterialChainGraph/PostProcessMaterialChainGraph.uplugin" 469
"../../../Engine/Plugins/Experimental/PluginTemplateTool/PluginTemplateTool.uplugin" 470
"../../../Engine/Plugins/Experimental/PluginReferenceViewer/PluginReferenceViewer.uplugin" 471
"../../../Engine/Plugins/Experimental/QuicMessaging/QuicMessaging.uplugin" 472
"../../../Engine/Plugins/Experimental/PSDImporter/PSDImporter.uplugin" 473
"../../../Engine/Plugins/Experimental/PhysicsControl/PhysicsControl.uplugin" 474
"../../../Engine/Plugins/Experimental/LocalizableMessage/LocalizableMessage.uplugin" 475
"../../../Engine/Plugins/Experimental/PSDImporterMaterialDesignerBridge/PSDImporterMaterialDesignerBridge.uplugin" 476
"../../../Engine/Plugins/Experimental/RuntimeTelemetry/RuntimeTelemetry.uplugin" 477
"../../../Engine/Plugins/Experimental/NaniteDisplacedMesh/NaniteDisplacedMesh.uplugin" 478
"../../../Engine/Plugins/Experimental/PythonScriptPlugin/PythonScriptPlugin.uplugin" 479
"../../../Engine/Plugins/Experimental/SecuritySandbox/SecuritySandbox.uplugin" 480
"../../../Engine/Plugins/Experimental/RemoteControlComponents/RemoteControlComponents.uplugin" 481
"../../../Engine/Plugins/Experimental/SimpleHMD/SimpleHMD.uplugin" 482
"../../../Engine/Plugins/Experimental/Shotgrid/Shotgrid.uplugin" 483
"../../../Engine/Plugins/Experimental/NNERuntimeRDG/NNERuntimeRDG.uplugin" 484
"../../../Engine/Plugins/Experimental/RazerChromaDevices/RazerChromaDevices.uplugin" 485
"../../../Engine/Plugins/Experimental/RawInput/RawInput.uplugin" 486
"../../../Engine/Plugins/Experimental/PlainPropsUObject/PlainPropsUObject.uplugin" 487
"../../../Engine/Plugins/Experimental/RigLogicMutable/RigLogicMutable.uplugin" 488
"../../../Engine/Plugins/Experimental/SlateModelViewViewModel/SlateModelViewViewModel.uplugin" 489
"../../../Engine/Plugins/Experimental/SpatialReadiness/SpatialReadiness.uplugin" 490
"../../../Engine/Plugins/Experimental/SubtitlesAndClosedCaptions/SubtitlesAndClosedCaptions.uplugin" 491
"../../../Engine/Plugins/Experimental/SlateScreenReader/SlateScreenReader.uplugin" 492
"../../../Engine/Plugins/Experimental/ScreenReader/ScreenReader.uplugin" 493
"../../../Engine/Plugins/Experimental/TargetDeviceServicesScripting/TargetDeviceServicesScripting.uplugin" 494
"../../../Engine/Plugins/Experimental/RenderGrid/RenderGrid.uplugin" 495
"../../../Engine/Plugins/Experimental/SlateIM/SlateIM.uplugin" 496
"../../../Engine/Plugins/Experimental/StateGraph/StateGraph.uplugin" 497
"../../../Engine/Plugins/Experimental/SurfaceEffects/SurfaceEffects.uplugin" 498
"../../../Engine/Plugins/Experimental/UserToolBoxCore/UserToolBoxCore.uplugin" 499
"../../../Engine/Plugins/Experimental/SequenceNavigator/SequenceNavigator.uplugin" 500
"../../../Engine/Plugins/Experimental/ToolPresets/ToolPresets.uplugin" 501
"../../../Engine/Plugins/Experimental/StructUtils/StructUtils.uplugin" 502
"../../../Engine/Plugins/Experimental/Iris/Iris.uplugin" 503
"../../../Engine/Plugins/Experimental/WaterExtras/WaterExtras.uplugin" 504
"../../../Engine/Plugins/Experimental/SkeletalReduction/SkeletalReduction.uplugin" 505
"../../../Engine/Plugins/Experimental/PythonFoundationPackages/PythonFoundationPackages.uplugin" 506
"../../../Engine/Plugins/Experimental/TextToSpeech/TextToSpeech.uplugin" 507
"../../../Engine/Plugins/Experimental/WaterAdvanced/WaterAdvanced.uplugin" 508
"../../../Engine/Plugins/Experimental/UIFramework/UIFramework.uplugin" 509
"../../../Engine/Plugins/Experimental/WebSocketMessaging/WebSocketMessaging.uplugin" 510
"../../../Engine/Plugins/Experimental/Workspace/Workspace.uplugin" 511
"../../../Engine/Plugins/Experimental/PlanarCutPlugin/PlanarCut.uplugin" 512
"../../../Engine/Plugins/Interchange/Assets/InterchangeAssets.uplugin" 513
"../../../Engine/Plugins/Interchange/Editor/InterchangeEditor.uplugin" 514
"../../../Engine/Plugins/Experimental/PixelStreamingPlayer/PixelStreamingPlayer.uplugin" 515
"../../../Engine/Plugins/Experimental/Volumetrics/Volumetrics.uplugin" 516
"../../../Engine/Plugins/Messaging/TcpMessaging/TcpMessaging.uplugin" 517
"../../../Engine/Plugins/Experimental/UserToolBoxBasicCommand/UserToolBoxBasicCommand.uplugin" 518
"../../../Engine/Plugins/Experimental/InlineMaterialInstance/InlineMaterialInstance.uplugin" 519
"../../../Engine/Plugins/Experimental/Water/Water.uplugin" 520
"../../../Engine/Plugins/MovieScene/CustomizableSequencerTracks/CustomizableSequencerTracks.uplugin" 521
"../../../Engine/Plugins/Experimental/SerializationUtils/SerializationUtils.uplugin" 522
"../../../Engine/Plugins/Experimental/WebSocketNetworking/WebSocketNetworking.uplugin" 523
"../../../Engine/Plugins/Experimental/RemoteControlActorModifierBridge/RemoteControlActorModifierBridge.uplugin" 524
"../../../Engine/Plugins/MovieScene/ActorSequence/ActorSequence.uplugin" 525
"../../../Engine/Plugins/Experimental/XRCreativeFramework/XRCreativeFramework.uplugin" 526
"../../../Engine/Plugins/MovieScene/MovieRenderPipeline/MovieRenderPipeline.uplugin" 527
"../../../Engine/Plugins/MovieScene/MoviePipelineMaskRenderPass/MoviePipelineMaskRenderPass.uplugin" 528
"../../../Engine/Plugins/Experimental/RemoteSession/RemoteSession.uplugin" 529
"../../../Engine/Plugins/Experimental/TechAudioTools/TechAudioTools.uplugin" 530
"../../../Engine/Plugins/MovieScene/LevelSequenceEditor/LevelSequenceEditor.uplugin" 531
"../../../Engine/Plugins/Interchange/Runtime/Interchange.uplugin" 532
"../../../Engine/Plugins/NetcodeUnitTest/NetcodeUnitTest/NetcodeUnitTest.uplugin" 533
"../../../Engine/Plugins/MovieScene/TemplateSequence/TemplateSequence.uplugin" 534
"../../../Engine/Plugins/Online/OnlineBase/OnlineBase.uplugin" 535
"../../../Engine/Plugins/Online/OnlineFrameworkCommon/OnlineFrameworkCommon.uplugin" 536
"../../../Engine/Plugins/MovieScene/SequencerScripting/SequencerScripting.uplugin" 537
"../../../Engine/Plugins/Messaging/UdpMessaging/UdpMessaging.uplugin" 538
"../../../Engine/Plugins/NetcodeUnitTest/NUTUnrealEngine/NUTUnrealEngine.uplugin" 539
"../../../Engine/Plugins/MovieScene/MovieSceneTextTrack/MovieSceneTextTrack.uplugin" 540
"../../../Engine/Plugins/Messaging/MessagingDebugger/MessagingDebugger.uplugin" 541
"../../../Engine/Plugins/Online/OnlineServicesNull/OnlineServicesNull.uplugin" 542
"../../../Engine/Plugins/Experimental/Tensorboard/Tensorboard.uplugin" 543
"../../../Engine/Plugins/Experimental/WidgetEditorToolPalette/WidgetEditorToolPalette.uplugin" 544
"../../../Engine/Plugins/Experimental/WaveFunctionCollapse/WaveFunctionCollapse.uplugin" 545
"../../../Engine/Plugins/Online/EOSOverlayInputProvider/EOSOverlayInputProvider.uplugin" 546
"../../../Engine/Plugins/Online/OnlineServicesOSSAdapter/OnlineServicesOSSAdapter.uplugin" 547
"../../../Engine/Plugins/Online/OnlineServicesEpicCommon/OnlineServicesEpicCommon.uplugin" 548
"../../../Engine/Plugins/Experimental/VirtualHeightfieldMesh/VirtualHeightfieldMesh.uplugin" 549
"../../../Engine/Plugins/Online/OnlineFramework/OnlineFramework.uplugin" 550
"../../../Engine/Plugins/Online/OnlineSubsystemTencent/OnlineSubsystemTencent.uplugin" 551
"../../../Engine/Plugins/Online/OnlineSubsystemEOS/OnlineSubsystemEOS.uplugin" 552
"../../../Engine/Plugins/Experimental/TetMeshing/TetMeshing.uplugin" 553
"../../../Engine/Plugins/Online/SocketSubsystemSteamIP/SocketSubsystemSteamIP.uplugin" 554
"../../../Engine/Plugins/Online/OnlineServicesEOS/OnlineServicesEOS.uplugin" 555
"../../../Engine/Plugins/Slate/SlateInsights/SlateInsights.uplugin" 556
"../../../Engine/Plugins/Experimental/JWT/JWT.uplugin" 557
"../../../Engine/Plugins/Online/EOSShared/EOSShared.uplugin" 558
"../../../Engine/Plugins/Experimental/SubmitToolEditor/SubmitToolEditor.uplugin" 559
"../../../Engine/Plugins/Online/OnlineSubsystem/OnlineSubsystem.uplugin" 560
"../../../Engine/Plugins/Online/SocketSubsystemEOS/SocketSubsystemEOS.uplugin" 561
"../../../Engine/Plugins/Tests/CQTestEnhancedInput/CQTestEnhancedInput.uplugin" 562
"../../../Engine/Plugins/MovieScene/ReplayTracks/ReplayTracks.uplugin" 563
"../../../Engine/Plugins/Online/OnlineSubsystemUtils/OnlineSubsystemUtils.uplugin" 564
"../../../Engine/Plugins/Experimental/VirtualProductionUtilities/VirtualProductionUtilities.uplugin" 565
"../../../Engine/Plugins/Tests/AutomationDriverTests/AutomationDriverTests.uplugin" 566
"../../../Engine/Plugins/Portal/LauncherChunkInstaller/LauncherChunkInstaller.uplugin" 567
"../../../Engine/Plugins/MovieScene/SequenceValidator/SequenceValidator.uplugin" 568
"../../../Engine/Plugins/Tests/RuntimeTests/RuntimeTests.uplugin" 569
"../../../Engine/Plugins/Slate/SlateScripting/SlateScripting.uplugin" 570
"../../../Engine/Plugins/Online/OnlineSubsystemAmazon/OnlineSubsystemAmazon.uplugin" 571
"../../../Engine/Plugins/Tests/CQTestExperimental/CQTestExperimental.uplugin" 572
"../../../Engine/Plugins/Tests/TestSamples/TestSamples.uplugin" 573
"../../../Engine/Plugins/Online/OnlineSubsystemApple/OnlineSubsystemApple.uplugin" 574
"../../../Engine/Plugins/Tests/InterchangeTests/InterchangeTests.uplugin" 575
"../../../Engine/Plugins/Tests/TestFramework/TestFramework.uplugin" 576
"../../../Engine/Plugins/VirtualProduction/ActorModifierCore/ActorModifierCore.uplugin" 577
"../../../Engine/Plugins/Tests/CQTest/CQTest.uplugin" 578
"../../../Engine/Plugins/Tests/RHITests/RHITests.uplugin" 579
"../../../Engine/Plugins/Tests/FbxAutomationTestBuilder/FbxAutomationTestBuilder.uplugin" 580
"../../../Engine/Plugins/Online/OnlineServices/OnlineServices.uplugin" 581
"../../../Engine/Plugins/Tests/FunctionalTestingEditor/FunctionalTestingEditor.uplugin" 582
"../../../Engine/Plugins/VirtualProduction/AvalancheSceneState/AvalancheSceneState.uplugin" 583
"../../../Engine/Plugins/VirtualProduction/CinematicAssemblyTools/CinematicAssemblyTools.uplugin" 584
"../../../Engine/Plugins/Online/OnlineServicesEOSGS/OnlineServicesEOSGS.uplugin" 585
"../../../Engine/Plugins/Tests/EditorTests/EditorTests.uplugin" 586
"../../../Engine/Plugins/VirtualProduction/DataLinkOAuth/DataLinkOAuth.uplugin" 587
"../../../Engine/Plugins/VirtualProduction/DynamicMaterial/DynamicMaterial.uplugin" 588
"../../../Engine/Plugins/VirtualProduction/EpicStageApp/EpicStageApp.uplugin" 589
"../../../Engine/Plugins/VirtualProduction/GeometryMask/GeometryMask.uplugin" 590
"../../../Engine/Plugins/VirtualProduction/ActorModifier/ActorModifier.uplugin" 591
"../../../Engine/Plugins/Tests/PythonAutomationTest/PythonAutomationTest.uplugin" 592
"../../../Engine/Plugins/VirtualProduction/ICVFXTesting/ICVFXTesting.uplugin" 593
"../../../Engine/Plugins/VirtualProduction/CameraCalibrationML/CameraCalibrationML.uplugin" 594
"../../../Engine/Plugins/Experimental/NNERuntimeCoreML/NNERuntimeCoreML.uplugin" 595
"../../../Engine/Plugins/VirtualProduction/LensComponent/LensComponent.uplugin" 596
"../../../Engine/Plugins/Online/OnlineSubsystemSteam/OnlineSubsystemSteam.uplugin" 597
"../../../Engine/Plugins/VirtualProduction/LiveLinkCamera/LiveLinkCamera.uplugin" 598
"../../../Engine/Plugins/VirtualProduction/ClonerEffector/ClonerEffector.uplugin" 599
"../../../Engine/Plugins/VirtualProduction/LiveLinkLens/LiveLinkLens.uplugin" 600
"../../../Engine/Plugins/Online/OnlineSubsystemNull/OnlineSubsystemNull.uplugin" 601
"../../../Engine/Plugins/VirtualProduction/ICVFX/ICVFX.uplugin" 602
"../../../Engine/Plugins/VirtualProduction/LiveLinkMasterLockit/LiveLinkMasterLockit.uplugin" 603
"../../../Engine/Plugins/VirtualProduction/LiveLinkInputDevice/LiveLinkInputDevice.uplugin" 604
"../../../Engine/Plugins/VirtualProduction/LiveLinkVRPN/LiveLinkVRPN.uplugin" 605
"../../../Engine/Plugins/VirtualProduction/LiveLinkXR/LiveLinkXR.uplugin" 606
"../../../Engine/Plugins/VirtualProduction/CaptureData/CaptureData.uplugin" 607
"../../../Engine/Plugins/VirtualProduction/PropertyAnimator/PropertyAnimator.uplugin" 608
"../../../Engine/Plugins/Online/OnlineSubsystemFacebook/OnlineSubsystemFacebook.uplugin" 609
"../../../Engine/Plugins/VirtualProduction/PropertyAnimatorCore/PropertyAnimatorCore.uplugin" 610
"../../../Engine/Plugins/VirtualProduction/LevelSnapshots/LevelSnapshots.uplugin" 611
"../../../Engine/Plugins/VirtualProduction/CameraCalibration/CameraCalibration.uplugin" 612
"../../../Engine/Plugins/Online/WebAuth/WebAuth.uplugin" 613
"../../../Engine/Plugins/VirtualProduction/RemoteControl/RemoteControl.uplugin" 614
"../../../Engine/Plugins/VirtualProduction/CompositePlane/CompositePlane.uplugin" 615
"../../../Engine/Plugins/VirtualProduction/RemoteControlProtocolOSC/RemoteControlProtocolOSC.uplugin" 616
"../../../Engine/Plugins/VirtualProduction/LiveLinkOpenTrackIO/LiveLinkOpenTrackIO.uplugin" 617
"../../../Engine/Plugins/VirtualProduction/PerformanceCaptureWorkflow/PerformanceCaptureWorkflow.uplugin" 618
"../../../Engine/Plugins/VirtualProduction/SceneStateDataLink/SceneStateDataLink.uplugin" 619
"../../../Engine/Plugins/VirtualProduction/RemoteControlWebInterface/RemoteControlWebInterface.uplugin" 620
"../../../Engine/Plugins/Tests/WidgetAutomationTests/WidgetAutomationTests.uplugin" 621
"../../../Engine/Plugins/VirtualProduction/RemoteControlInterception/RemoteControlInterception.uplugin" 622
"../../../Engine/Plugins/VirtualProduction/SceneState/SceneState.uplugin" 623
"../../../Engine/Plugins/VirtualProduction/LiveLinkFreeD/LiveLinkFreeD.uplugin" 624
"../../../Engine/Plugins/VirtualProduction/StageMonitoring/StageMonitoring.uplugin" 625
"../../../Engine/Plugins/VirtualProduction/CameraCalibrationCore/CameraCalibrationCore.uplugin" 626
"../../../Engine/Plugins/VirtualProduction/SVGImporter/SVGImporter.uplugin" 627
"../../../Engine/Plugins/VirtualProduction/OperatorStack/OperatorStack.uplugin" 628
"../../../Engine/Plugins/VirtualProduction/Switchboard/Switchboard.uplugin" 629
"../../../Engine/Plugins/VirtualProduction/DataLink/DataLink.uplugin" 630
"../../../Engine/Plugins/Experimental/RigLogicUAF/RigLogicUAF.uplugin" 631
"../../../Engine/Plugins/VirtualProduction/RemoteControlProtocolDMX/RemoteControlProtocolDMX.uplugin" 632
"../../../Engine/Plugins/VirtualProduction/Takes/Takes.uplugin" 633
"../../../Engine/Plugins/VirtualProduction/SequencerPlaylists/SequencerPlaylists.uplugin" 634
"../../../Engine/Plugins/VirtualProduction/RemoteControlProtocolMIDI/RemoteControlProtocolMIDI.uplugin" 635
"../../../Engine/Plugins/VirtualProduction/VirtualCameraCore/VirtualCameraCore.uplugin" 636
"../../../Engine/Plugins/VirtualProduction/StormSyncAvalancheBridge/StormSyncAvalancheBridge.uplugin" 637
"../../../Engine/Plugins/VirtualProduction/Text3D/Text3D.uplugin" 638
"../../../Engine/Plugins/VirtualProduction/VirtualCamera/VirtualCamera.uplugin" 639
"../../../Engine/Plugins/VirtualProduction/TimedDataMonitor/TimedDataMonitor.uplugin" 640
"../../../Engine/Plugins/VirtualProduction/AvalancheDataLink/AvalancheDataLink.uplugin" 641
"../../../Engine/Plugins/VirtualProduction/VirtualScouting/VirtualScouting.uplugin" 642
"../../../Engine/Plugins/Interchange/Extensions/OpenVDB/InterchangeOpenVDB.uplugin" 643
"../../../Engine/Plugins/Runtime/Windows/XInputDevice/XInputDevice.uplugin" 644
"../../../Engine/Plugins/Interchange/Extensions/OpenUSD/InterchangeOpenUSD.uplugin" 645
"../../../Engine/Plugins/Tests/AudioCQTests/AudioCQTests.uplugin" 646
"../../../Engine/Plugins/Online/IOS/OnlineSubsystemIOS/OnlineSubsystemIOS.uplugin" 647
"../../../Engine/Plugins/VirtualProduction/CustomDetailsView/CustomDetailsView.uplugin" 648
"../../../Engine/Plugins/Runtime/Windows/WinDualShock/WinDualShock.uplugin" 649
"../../../Engine/Plugins/VirtualProduction/Avalanche/Avalanche.uplugin" 650
"../../../Engine/Plugins/Runtime/Analytics/Adjust/Adjust.uplugin" 651
"../../../Engine/Plugins/Runtime/Analytics/AnalyticsMulticast/AnalyticsMulticast.uplugin" 652
"../../../Engine/Plugins/Runtime/Database/ADOSupport/ADOSupport.uplugin" 653
"../../../Engine/Plugins/VirtualProduction/LiveLinkPrestonMDR/LiveLinkPrestonMDR.uplugin" 654
"../../../Engine/Plugins/Experimental/MetaHuman/MetaHumanRuntime/MetaHumanRuntime.uplugin" 655
"../../../Engine/Plugins/Runtime/Steam/SteamSockets/SteamSockets.uplugin" 656
"../../../Engine/Plugins/Runtime/Database/RemoteDatabaseSupport/RemoteDatabaseSupport.uplugin" 657
"../../../Engine/Plugins/Runtime/XR/XRVisualization/XRVisualization.uplugin" 658
"../../../Engine/Plugins/VirtualProduction/DataCharts/DataCharts.uplugin" 659
"../../../Engine/Plugins/Runtime/Database/SQLiteSupport/SQLiteSupport.uplugin" 660
"../../../Engine/Plugins/Runtime/Steam/SteamController/SteamController.uplugin" 661
"../../../Engine/Plugins/VirtualProduction/TextureShare/TextureShare.uplugin" 662
"../../../Engine/Plugins/Runtime/Database/SQLiteCore/SQLiteCore.uplugin" 663
"../../../Engine/Plugins/Developer/Concert/ConcertMain/ConcertMain.uplugin" 664
"../../../Engine/Plugins/Runtime/Database/DatabaseSupport/DatabaseSupport.uplugin" 665
"../../../Engine/Plugins/Runtime/Steam/SteamAudio/SteamAudio.uplugin" 666
"../../../Engine/Plugins/Experimental/Animation/HierarchyTableAnimation/HierarchyTableAnimation.uplugin" 667
"../../../Engine/Plugins/Experimental/Animation/Locomotor/Locomotor.uplugin" 668
"../../../Engine/Plugins/VirtualProduction/MultiUserTakes/MultiUserTakes.uplugin" 669
"../../../Engine/Plugins/Editor/ContentBrowser/ContentBrowserAssetDataSource/ContentBrowserAssetDataSource.uplugin" 670
"../../../Engine/Plugins/Experimental/Animation/Optimus/Optimus.uplugin" 671
"../../../Engine/Plugins/Experimental/MetaHuman/MetaHumanCalibrationDiagnostics/MetaHumanCalibrationDiagnostics.uplugin" 672
"../../../Engine/Plugins/Experimental/Animation/RelativeIKOp/RelativeIKOp.uplugin" 673
"../../../Engine/Plugins/Experimental/Animation/RigMapper/RigMapper.uplugin" 674
"../../../Engine/Plugins/Online/OnlineSubsystemGoogle/OnlineSubsystemGoogle.uplugin" 675
"../../../Engine/Plugins/Experimental/Animation/TrajectoryTools/TrajectoryTools.uplugin" 676
"../../../Engine/Plugins/Online/Android/AndroidFetchBackgroundDownload/AndroidFetchBackgroundDownload.uplugin" 677
"../../../Engine/Plugins/Experimental/Animation/PackedAttributes/PackedAttributes.uplugin" 678
"../../../Engine/Plugins/Runtime/Windows/WinVirtualKeyboard/WinVirtualKeyboard.uplugin" 679
"../../../Engine/Plugins/Experimental/Animation/CurveExpression/CurveExpression.uplugin" 680
"../../../Engine/Plugins/Experimental/UAF/UAFAnimGraph/UAFAnimGraph.uplugin" 681
"../../../Engine/Plugins/Editor/ContentBrowser/ContentBrowserFileDataSource/ContentBrowserFileDataSource.uplugin" 682
"../../../Engine/Plugins/Runtime/MeshReconstruction/DummyMeshReconstructor/DummyMeshReconstructor.uplugin" 683
"../../../Engine/Plugins/Runtime/XR/XRScribe/XRScribe.uplugin" 684
"../../../Engine/Plugins/Online/Android/OnlineSubsystemGooglePlay/OnlineSubsystemGooglePlay.uplugin" 685
"../../../Engine/Plugins/Runtime/AR/ARUtilities/ARUtilities.uplugin" 686
"../../../Engine/Plugins/Experimental/Animation/HierarchyTable/HierarchyTable.uplugin" 687
"../../../Engine/Plugins/VirtualProduction/StormSync/StormSync.uplugin" 688
"../../../Engine/Plugins/Experimental/UAF/UAFChooser/UAFChooser.uplugin" 689
"../../../Engine/Plugins/Experimental/UAF/UAFWarping/UAFWarping.uplugin" 690
"../../../Engine/Plugins/Editor/ContentBrowser/ContentBrowserClassDataSource/ContentBrowserClassDataSource.uplugin" 691
"../../../Engine/Plugins/Runtime/Advertising/IOSTapJoy/IOSTapJoy.uplugin" 692
"../../../Engine/Plugins/Runtime/Steam/SteamShared/SteamShared.uplugin" 693
"../../../Engine/Plugins/Animation/MLDeformer/NearestNeighborModel/NearestNeighborModel.uplugin" 694
"../../../Engine/Plugins/Animation/MLDeformer/MLDeformerFramework/MLDeformerFramework.uplugin" 695
"../../../Engine/Plugins/Experimental/UAF/UAFMirroring/UAFMirroring.uplugin" 696
"../../../Engine/Plugins/Animation/MLDeformer/ChaosClothGenerator/ChaosClothGenerator.uplugin" 697
"../../../Engine/Plugins/Experimental/UAF/UAFControlRig/UAFControlRig.uplugin" 698
"../../../Engine/Plugins/Animation/MLDeformer/ChaosFleshGenerator/ChaosFleshGenerator.uplugin" 699
"../../../Engine/Plugins/Runtime/PacketHandlers/DTLSHandlerComponent/DTLSHandlerComponent.uplugin" 700
"../../../Engine/Plugins/Experimental/PCGInterops/PCGWaterInterop/PCGWaterInterop.uplugin" 701
"../../../Engine/Plugins/Runtime/PacketHandlers/AESGCMHandlerComponent/AESGCMHandlerComponent.uplugin" 702
"../../../Engine/Plugins/Experimental/UAF/UAFStateTree/UAFStateTree.uplugin" 703
"../../../Engine/Plugins/Experimental/Web/WebAPI/WebAPI.uplugin" 704
"../../../Engine/Plugins/Editor/ObjectMixer/LightMixer/LightMixer.uplugin" 705
"../../../Engine/Plugins/Experimental/UAF/UAFTests/UAFTests.uplugin" 706
"../../../Engine/Plugins/Experimental/Animation/MotionTrajectory/MotionTrajectory.uplugin" 707
"../../../Engine/Plugins/Editor/Localization/PortableObjectFileDataSource/PortableObjectFileDataSource.uplugin" 708
"../../../Engine/Plugins/Experimental/UAF/UAFPoseSearch/UAFPoseSearch.uplugin" 709
"../../../Engine/Plugins/Experimental/UAF/UAF/UAF.uplugin" 710
"../../../Engine/Plugins/VirtualProduction/DMX/DatasmithMVR/DatasmithMVR.uplugin" 711
"../../../Engine/Plugins/VirtualProduction/DMX/DMXEngine/DMXEngine.uplugin" 712
"../../../Engine/Plugins/Experimental/Animation/ContextualAnimation/ContextualAnimation.uplugin" 713
"../../../Engine/Plugins/Experimental/Animation/RigMapperOp/RigMapperOp.uplugin" 714
"../../../Engine/Plugins/VirtualProduction/DMX/DMXFixtures/DMXFixtures.uplugin" 715
"../../../Engine/Plugins/Experimental/PCGInterops/PCGNiagaraInterop/PCGNiagaraInterop.uplugin" 716
"../../../Engine/Plugins/VirtualProduction/DMX/DMXGDTF/DMXGDTF.uplugin" 717
"../../../Engine/Plugins/VirtualProduction/DMX/DMXControlConsole/DMXControlConsole.uplugin" 718
"../../../Engine/Plugins/Experimental/Animation/SkeletalMeshMorphTargetEditingTools/SkeletalMeshMorphTargetEditingTools.uplugin" 719
"../../../Engine/Plugins/VirtualProduction/DMX/DMXProtocol/DMXProtocol.uplugin" 720
"../../../Engine/Plugins/Experimental/PCGInterops/PCGInstancedActorsInterop/PCGInstancedActorsInterop.uplugin" 721
"../../../Engine/Plugins/Experimental/Enterprise/DatasmithRuntime/DatasmithRuntime.uplugin" 722
"../../../Engine/Plugins/Online/VoiceChat/VoiceChat/VoiceChat.uplugin" 723
"../../../Engine/Plugins/Editor/ObjectMixer/ObjectMixer/ObjectMixer.uplugin" 724
"../../../Engine/Plugins/Experimental/CharacterFXEditor/ExampleCharacterFXEditor/ExampleCharacterFXEditor.uplugin" 725
"../../../Engine/Plugins/Experimental/CharacterFXEditor/BaseCharacterFXEditor/BaseCharacterFXEditor.uplugin" 726
"../../../Engine/Plugins/VirtualProduction/DMX/DMXPixelMapping/DMXPixelMapping.uplugin" 727
"../../../Engine/Plugins/VirtualProduction/CaptureManager/CaptureManagerCore/CaptureManagerCore.uplugin" 728
"../../../Engine/Plugins/VirtualProduction/DMX/DMXDisplayCluster/DMXDisplayCluster.uplugin" 729
"../../../Engine/Plugins/Runtime/Analytics/AnalyticsBlueprintLibrary/AnalyticsBlueprintLibrary.uplugin" 730
"../../../Engine/Plugins/Experimental/AVCodecs/AMFCodecs/AMFCodecs.uplugin" 731
"../../../Engine/Plugins/Experimental/AVCodecs/NVCodecs/NVCodecs.uplugin" 732
"../../../Engine/Plugins/Experimental/Enterprise/DatasmithInterchange/DatasmithInterchange.uplugin" 733
"../../../Engine/Plugins/VirtualProduction/CaptureManager/CaptureManagerDevices/CaptureManagerDevices.uplugin" 734
"../../../Engine/Plugins/VirtualProduction/Rivermax/RivermaxCore/RivermaxCore.uplugin" 735
"../../../Engine/Plugins/VirtualProduction/DMX/DMXModularFeatures/DMXModularFeatures.uplugin" 736
"../../../Engine/Plugins/Experimental/VirtualProduction/VPSettings/VPSettings.uplugin" 737
"../../../Engine/Plugins/Animation/MLDeformer/VertexDeltaModel/VertexDeltaModel.uplugin" 738
"../../../Engine/Plugins/Runtime/Nvidia/GeForceNOWWrapper/GeForceNOWWrapper.uplugin" 739
"../../../Engine/Plugins/Experimental/VirtualProduction/LedWallCalibration/LedWallCalibration.uplugin" 740
"../../../Engine/Plugins/Experimental/MetaHuman/MetaHumanCharacterUAF/MetaHumanCharacterUAF.uplugin" 741
"../../../Engine/Plugins/Experimental/AVCodecs/AVCodecsCore/AVCodecsCore.uplugin" 742
"../../../Engine/Plugins/Animation/MLDeformer/NeuralMorphModel/NeuralMorphModel.uplugin" 743
"../../../Engine/Plugins/VirtualProduction/Rivermax/RivermaxMedia/RivermaxMedia.uplugin" 744
"../../../Engine/Plugins/Experimental/AVCodecs/WMFCodecs/WMFCodecs.uplugin" 745
"../../../Engine/Plugins/Runtime/AR/AppleAR/AppleARKit/AppleARKit.uplugin" 746
"../../../Engine/Plugins/VirtualProduction/Rivermax/RivermaxSync/RivermaxSync.uplugin" 747
"../../../Engine/Plugins/Developer/Concert/ConcertUI/ConcertClientSharedSlate/ConcertClientSharedSlate.uplugin" 748
"../../../Engine/Plugins/Experimental/AVCodecs/LibVpxCodecs/LibVpxCodecs.uplugin" 749
"../../../Engine/Plugins/Experimental/Animation/MLDeformer/DetailPoseModel/DetailPoseModel.uplugin" 750
"../../../Engine/Plugins/Experimental/AVCodecs/VTCodecs/VTCodecs.uplugin" 751
"../../../Engine/Plugins/Online/VoiceChat/EOSVoiceChat/EOSVoiceChat.uplugin" 752
"../../../Engine/Plugins/Developer/Concert/ConcertUI/ConcertSharedSlate/ConcertSharedSlate.uplugin" 753
"../../../Engine/Plugins/Editor/ContentBrowser/ContentBrowserAliasDataSource/ContentBrowserAliasDataSource.uplugin" 754
"../../../Engine/Plugins/Runtime/PacketHandlers/AESHandlerComponent/AESHandlerComponent.uplugin" 755
"../../../Engine/Plugins/Developer/Concert/ConcertApp/DisasterRecoveryClient/DisasterRecoveryClient.uplugin" 756
"../../../Engine/Plugins/Developer/Concert/ConcertInsights/ConcertInsightsServer/ConcertInsightsServer.uplugin" 757
"../../../Engine/Plugins/Experimental/VirtualProduction/VPRoles/VPRoles.uplugin" 758
"../../../Engine/Plugins/Developer/Concert/ConcertApp/MultiUserServer/MultiUserServer.uplugin" 759
"../../../Engine/Plugins/Experimental/PCGInterops/PCGNaniteAssembliesInterop/PCGNaniteAssembliesInterop.uplugin" 760
"../../../Engine/Plugins/Developer/Concert/ConcertInsights/ConcertInsightsCore/ConcertInsightsCore.uplugin" 761
"../../../Engine/Plugins/Runtime/AR/Google/GoogleARCore/GoogleARCore.uplugin" 762
"../../../Engine/Plugins/Developer/Concert/ConcertSync/ConcertSyncClient/ConcertSyncClient.uplugin" 763
"../../../Engine/Plugins/Developer/Concert/ConcertSync/ConcertSyncServer/ConcertSyncServer.uplugin" 764
"../../../Engine/Plugins/Runtime/AR/Google/GoogleARCoreServices/GoogleARCoreServices.uplugin" 765
"../../../Engine/Plugins/Developer/Concert/ConcertInsights/ConcertInsightsClient/ConcertInsightsClient.uplugin" 766
"../../../Engine/Plugins/VirtualProduction/CaptureManager/CaptureManagerEditor/CaptureManagerEditor.uplugin" 767
"../../../Engine/Plugins/VirtualProduction/CaptureManager/CaptureManagerApp/CaptureManagerApp.uplugin" 768
"../../../Engine/Plugins/Developer/Concert/ConcertInsights/ConcertInsightsVisualizer/ConcertInsightsVisualizer.uplugin" 769
"../../../Engine/Plugins/Developer/Concert/ConcertSync/ConcertSyncTest/ConcertSyncTest.uplugin" 770
"../../../Engine/Plugins/Experimental/PCGInterops/PCGFastGeoInterop/PCGFastGeoInterop.uplugin" 771
"../../../Engine/Plugins/Experimental/Enterprise/DataprepGeometryOperations/DataprepGeometryOperations.uplugin" 772
"../../../Engine/Plugins/Developer/Concert/ConcertApp/MultiUserClient/MultiUserClient.uplugin" 773
"../../../Engine/Plugins/Runtime/AR/AppleAR/AppleARKitFaceSupport/AppleARKitFaceSupport.uplugin" 774
"../../../Engine/Plugins/Runtime/Nvidia/Reflex/Reflex.uplugin" 775
"../../../Engine/Plugins/Developer/Concert/ConcertSync/ConcertSyncCore/ConcertSyncCore.uplugin" 776
"../../../Engine/Plugins/Developer/Concert/ConcertScripting/ConcertReplicationScripting/ConcertReplicationScripting.uplugin" 777
"../../../Engine/Plugins/Runtime/Analytics/FileLogging/FileLogging.uplugin" 778
"../../../Engine/Platforms/Android/Plugins/Animation/ACLPlugin/ACLPlugin_Android.uplugin" 779
"../../../Engine/Platforms/Android/Plugins/Animation/RigLogic/RigLogic_Android.uplugin" 780
"../../../Engine/Platforms/IOS/Plugins/Animation/RigLogic/RigLogic_IOS.uplugin" 781
"../../../Engine/Content/Internationalization/icudt64l/cnvalias.icu" 782
"../../../Engine/Content/Internationalization/icudt64l/res_index.res" 783
"../../../Engine/Content/Internationalization/icudt64l/plurals.res" 784
"../../../Engine/Content/Internationalization/icudt64l/lang/en.res" 785
"../../../Engine/Content/Internationalization/icudt64l/lang/pool.res" 786
"../../../Engine/Content/Internationalization/icudt64l/lang/root.res" 787
"../../../Engine/Content/Internationalization/icudt64l/region/en.res" 788
"../../../Engine/Content/Internationalization/icudt64l/region/pool.res" 789
"../../../Engine/Content/Internationalization/icudt64l/region/root.res" 790
"../../../Engine/Content/Internationalization/icudt64l/windowsZones.res" 791
"../../../Engine/Content/Internationalization/icudt64l/zoneinfo64.res" 792
"../../../Engine/Content/Internationalization/icudt64l/keyTypeData.res" 793
"../../../Engine/Content/Internationalization/icudt64l/timezoneTypes.res" 794
"../../../Engine/Content/Internationalization/icudt64l/likelySubtags.res" 795
"../../../Engine/Content/Internationalization/icudt64l/en_US.res" 796
"../../../Engine/Content/Internationalization/icudt64l/pool.res" 797
"../../../Engine/Content/Internationalization/icudt64l/en.res" 798
"../../../Engine/Content/Internationalization/icudt64l/root.res" 799
"../../../Engine/Content/Internationalization/icudt64l/supplementalData.res" 800
"../../../Engine/Config/ConfigRedirects.ini" 801
"C:/Users/mikel/AppData/Local/UnrealEngine/5.7/Saved/Config/WindowsEditor/Manifest.ini" 802
"../../../Engine/Config/BaseEngine.ini" 803
"../../../Engine/Config/Windows/BaseWindowsEngine.ini" 804
"../../../../../../Users/mikel/Downloads/Paranoia/Config/DefaultEngine.ini" 805
"../../../Engine/Config/BaseGame.ini" 806
"../../../../../../Users/mikel/Downloads/Paranoia/Config/DefaultGame.ini" 807
"../../../Engine/Config/Windows/WindowsGame.ini" 808
"C:/Users/mikel/Downloads/Paranoia/Saved/Config/WindowsEditor/Game.ini" 809
"../../../Engine/Config/BaseInput.ini" 810
"../../../Engine/Config/Windows/BaseWindowsInput.ini" 811
"../../../../../../Users/mikel/Downloads/Paranoia/Config/DefaultInput.ini" 812
"../../../Engine/Config/Windows/WindowsInput.ini" 813
"../../../Engine/Config/BaseDeviceProfiles.ini" 814
"../../../Engine/Config/BaseGameUserSettings.ini" 815
"C:/Users/mikel/Downloads/Paranoia/Saved/Config/WindowsEditor/GameUserSettings.ini" 816
"../../../Engine/Config/BaseScalability.ini" 817
"../../../Engine/Config/BaseRuntimeOptions.ini" 818
"../../../Engine/Config/BaseInstallBundle.ini" 819
"../../../Engine/Config/BaseHardware.ini" 820
"../../../../../../Users/mikel/Downloads/Paranoia/Config/DefaultGameplayTags.ini" 821
"../../../Engine/Config/BaseCompat.ini" 822
"../../../Engine/Config/BaseLightmass.ini" 823
"../../../Engine/Config/BaseEditor.ini" 824
"../../../../../../Users/mikel/Downloads/Paranoia/Config/DefaultEditor.ini" 825
"C:/Users/mikel/Downloads/Paranoia/Saved/Config/WindowsEditor/Editor.ini" 826
"../../../Engine/Config/BaseMaterialExpressions.ini" 827
"../../../Engine/Config/BaseEditorPerProjectUserSettings.ini" 828
"../../../../../../Users/mikel/Downloads/Paranoia/Config/DefaultEditorPerProjectUserSettings.ini" 829
"../../../Engine/Config/Windows/WindowsEditorPerProjectUserSettings.ini" 830
"C:/Users/mikel/Downloads/Paranoia/Saved/Config/WindowsEditor/EditorPerProjectUserSettings.ini" 831
"../../../Engine/Config/BaseEditorSettings.ini" 832
"../../../Engine/Config/Windows/WindowsEditorSettings.ini" 833
"C:/Users/mikel/AppData/Local/UnrealEngine/5.7/Saved/Config/WindowsEditor/EditorSettings.ini" 834
"../../../Engine/Config/BaseEditorKeyBindings.ini" 835
"C:/Users/mikel/AppData/Local/UnrealEngine/5.7/Saved/Config/WindowsEditor/EditorLayout.ini" 836
"../../../../../../Users/mikel/Downloads/Paranoia/Binaries/Win64/Paranoia.target" 837
"../../../../../../Users/mikel/Downloads/Paranoia/Intermediate/CachedAssetRegistryDiscovery.bin" 838
"../../../Engine/Config/Mac/BaseMacEngine.ini" 839
"../../../Engine/Config/IOS/BaseIOSEngine.ini" 840
"../../../Engine/Binaries/Win64/BootstrapPackagedGame-Win64-Shipping.target" 841
"../../../Engine/Binaries/Win64/BuildPatchTool-Win64-Shipping.target" 842
"../../../Engine/Binaries/Win64/CrashReportClient-Win64-Shipping.target" 843
"../../../Engine/Config/Android/BaseAndroidEngine.ini" 844
"../../../Engine/Binaries/Win64/CrashReportClientEditor-Win64-Shipping.target" 845
"../../../Engine/Config/Linux/BaseLinuxEngine.ini" 846
"../../../Engine/Binaries/Win64/DatasmithCADWorker.target" 847
"../../../Engine/Binaries/Win64/EpicWebHelper-Win64-Shipping.target" 848
"../../../Engine/Binaries/Win64/InterchangeWorker.target" 849
"../../../Engine/Config/Unix/UnixEngine.ini" 850
"../../../Engine/Binaries/Win64/LiveCodingConsole.target" 851
"../../../Engine/Binaries/Win64/LiveLinkHub.target" 852
"../../../Engine/Platforms/VisionOS/Config/BaseVisionOSEngine.ini" 853
"../../../Engine/Config/Android/AndroidEngine.ini" 854
"../../../Engine/Config/IOS/BaseIOSGame.ini" 855
"../../../Engine/Config/Linux/LinuxEngine.ini" 856
"../../../Engine/Config/TVOS/TVOSEngine.ini" 857
"../../../Engine/Config/Android/BaseAndroidGame.ini" 858
"../../../Engine/Config/IOS/IOSGame.ini" 859
"../../../Engine/Platforms/VisionOS/Config/VisionOSEngine.ini" 860
"../../../Engine/Config/Mac/MacGame.ini" 861
"../../../Engine/Config/IOS/BaseIOSInput.ini" 862
"../../../Engine/Config/Mac/BaseMacInput.ini" 863
"../../../Engine/Config/Android/BaseAndroidInput.ini" 864
"../../../Engine/Config/Linux/LinuxGame.ini" 865
"../../../Engine/Config/IOS/IOSScalability.ini" 866
"../../../Engine/Config/Android/AndroidScalability.ini" 867
"../../../Engine/Config/IOS/BaseIOSInstallBundle.ini" 868
"../../../Engine/Config/Android/BaseAndroidInstallBundle.ini" 869
"../../../Engine/Binaries/Win64/ShaderCompileWorker.target" 870
"../../../Engine/Binaries/Win64/SwitchboardListener.target" 871
"../../../Engine/Binaries/Win64/SwitchboardListenerHelper.target" 872
"../../../Engine/Binaries/Win64/UnrealEditor-Win64-DebugGame.target" 873
"../../../Engine/Binaries/Win64/UnrealEditor.target" 874
"../../../Engine/Config/PluginBase.ini" 875
"../../../Engine/Plugins/ChaosVD/Config/DefaultChaosVD.ini" 876
"../../../Engine/Plugins/EnhancedInput/Config/BaseEnhancedInput.ini" 877
"../../../Engine/Plugins/Fab/Config/BaseFab.ini" 878
"../../../Engine/Plugins/TraceUtilities/Config/BaseTraceUtilities.ini" 879
"../../../Engine/Plugins/FX/Niagara/Config/BaseNiagara.ini" 880
"../../../Engine/Plugins/MetaHuman/MetaHumanSDK/Config/BaseMetaHumanSDK.ini" 881
"../../../Engine/Plugins/Runtime/GameplayStateTree/Config/BaseGameplayStateTree.ini" 882
"../../../Engine/Plugins/Runtime/HairStrands/Config/BaseHairStrands.ini" 883
"../../../Engine/Plugins/Runtime/Metasound/Config/BaseMetasound.ini" 884
"../../../Engine/Plugins/Runtime/Metasound/Config/DefaultMetasound.ini" 885
"../../../Engine/Plugins/Runtime/PropertyBindingUtils/Config/BasePropertyBindingUtils.ini" 886
"../../../Engine/Plugins/Runtime/RigVM/Config/BaseRigVM.ini" 887
"../../../Engine/Plugins/Runtime/StateTree/Config/BaseStateTree.ini" 888
"../../../Engine/Plugins/Runtime/Synthesis/Config/BaseSynthesis.ini" 889
"../../../Engine/Plugins/2D/Paper2D/Config/BasePaper2D.ini" 890
"../../../Engine/Plugins/Animation/ControlRig/Config/BaseControlRig.ini" 891
"../../../Engine/Plugins/Animation/DeformerGraph/Config/BaseDeformerGraph.ini" 892
"../../../Engine/Plugins/Animation/IKRig/Config/BaseIKRig.ini" 893
"../../../Engine/Plugins/Cameras/GameplayCameras/Config/BaseGameplayCameras.ini" 894
"../../../Engine/Plugins/Compositing/CompositeCore/Config/BaseCompositeCore.ini" 895
"../../../Engine/Plugins/Editor/EditorScriptingUtilities/Config/BaseEditorScriptingUtilities.ini" 896
"../../../Engine/Plugins/Enterprise/DatasmithContent/Config/BaseDatasmithContent.ini" 897
"../../../Engine/Plugins/Enterprise/GLTFExporter/Config/BaseGLTFExporter.ini" 898
"../../../Engine/Plugins/Enterprise/GLTFExporter/Config/DefaultGLTFExporter.ini" 899
"../../../Engine/Plugins/Enterprise/VariantManagerContent/Config/BaseVariantManagerContent.ini" 900
"../../../Engine/Plugins/Experimental/FullBodyIK/Config/BaseFullBodyIK.ini" 901
"../../../Engine/Plugins/Experimental/ToolPresets/Config/BaseToolPresets.ini" 902
"../../../Engine/Plugins/Interchange/Assets/Config/BaseInterchangeAssets.ini" 903
"../../../Engine/Plugins/Interchange/Runtime/Config/BaseInterchange.ini" 904
"../../../Engine/Plugins/VirtualProduction/Takes/Config/BaseTakes.ini" 905
"../../../Engine/Plugins/ChaosVD/Config/Engine.ini" 906
"../../../Engine/Plugins/EnhancedInput/Config/Input.ini" 907
"../../../Engine/Plugins/Runtime/InputDebugging/Config/Input.ini" 908
"../../../Engine/Plugins/Runtime/Windows/XInputDevice/Config/Input.ini" 909
"../../../Engine/Plugins/NNE/NNEDenoiser/Config/Game.ini" 910
"../../../Engine/Plugins/Runtime/RigVM/Config/Editor.ini" 911
"../../../Engine/Plugins/Online/OnlineSubsystemUtils/Config/Editor.ini" 912
"../../../Engine/Plugins/Editor/ModelingToolsEditorMode/Binaries/Win64/UnrealEditor.modules" 913
"../../../Engine/Plugins/Runtime/MeshModelingToolset/Binaries/Win64/UnrealEditor.modules" 914
"../../../Engine/Plugins/Experimental/MeshModelingToolsetExp/Binaries/Win64/UnrealEditor.modules" 915
"../../../Engine/Plugins/Editor/MeshLODToolset/Binaries/Win64/UnrealEditor.modules" 916
"../../../Engine/Plugins/Experimental/ToolPresets/Binaries/Win64/UnrealEditor.modules" 917
"../../../Engine/Plugins/Editor/StylusInput/Binaries/Win64/UnrealEditor.modules" 918
"../../../Engine/Plugins/Runtime/GeometryProcessing/Binaries/Win64/UnrealEditor.modules" 919
"../../../Engine/Plugins/Editor/ProxyLODPlugin/Binaries/Win64/UnrealEditor.modules" 920
"../../../Engine/Plugins/Experimental/PlanarCutPlugin/Binaries/Win64/UnrealEditor.modules" 921
"../../../Engine/Plugins/Runtime/GeometryCache/Binaries/Win64/UnrealEditor.modules" 922
"../../../Engine/Plugins/Experimental/GeometryFlow/Binaries/Win64/UnrealEditor.modules" 923
"../../../Engine/Plugins/Editor/EditorScriptingUtilities/Binaries/Win64/UnrealEditor.modules" 924
"../../../Engine/Plugins/FX/Niagara/Binaries/Win64/UnrealEditor.modules" 925
"../../../Engine/Plugins/Experimental/PythonScriptPlugin/Binaries/Win64/UnrealEditor.modules" 926
"../../../Engine/Plugins/Editor/ContentBrowser/ContentBrowserFileDataSource/Binaries/Win64/UnrealEditor.modules" 927
"../../../Engine/Plugins/Runtime/GameplayStateTree/Binaries/Win64/UnrealEditor.modules" 928
"../../../Engine/Plugins/Runtime/StateTree/Binaries/Win64/UnrealEditor.modules" 929
"../../../Engine/Plugins/Animation/GameplayInsights/Binaries/Win64/UnrealEditor.modules" 930
"../../../Engine/Plugins/Runtime/PropertyAccess/Binaries/Win64/UnrealEditor.modules" 931
"../../../Engine/Plugins/Runtime/PropertyBindingUtils/Binaries/Win64/UnrealEditor.modules" 932
"../../../Engine/Plugins/Experimental/Water/Binaries/Win64/UnrealEditor.modules" 933
"../../../Engine/Plugins/Experimental/Landmass/Binaries/Win64/UnrealEditor.modules" 934
"../../../Engine/Plugins/Editor/BlueprintMaterialTextureNodes/Binaries/Win64/UnrealEditor.modules" 935
"../../../Engine/Plugins/AudioInsights/Binaries/Win64/UnrealEditor.modules" 936
"../../../Engine/Plugins/Runtime/AudioWidgets/Binaries/Win64/UnrealEditor.modules" 937
"../../../Engine/Plugins/Runtime/AudioSynesthesia/Binaries/Win64/UnrealEditor.modules" 938
"../../../Engine/Plugins/Bridge/Binaries/Win64/UnrealEditor.modules" 939
"../../../Engine/Plugins/MetaHuman/MetaHumanSDK/Binaries/Win64/UnrealEditor.modules" 940
"../../../Engine/Plugins/Animation/ControlRig/Binaries/Win64/UnrealEditor.modules" 941
"../../../Engine/Plugins/Runtime/HairStrands/Binaries/Win64/UnrealEditor.modules" 942
"../../../Engine/Plugins/Animation/RigLogic/Binaries/Win64/UnrealEditor.modules" 943
"../../../Engine/Plugins/Interchange/Runtime/Binaries/Win64/UnrealEditor.modules" 944
"../../../Engine/Plugins/Online/EOSShared/Binaries/Win64/UnrealEditor.modules" 945
"../../../Engine/Plugins/Runtime/RigVM/Binaries/Win64/UnrealEditor.modules" 946
"../../../Engine/Plugins/MovieScene/LevelSequenceEditor/Binaries/Win64/UnrealEditor.modules" 947
"../../../Engine/Plugins/MovieScene/SequencerScripting/Binaries/Win64/UnrealEditor.modules" 948
"../../../Engine/Plugins/Animation/TweeningUtils/Binaries/Win64/UnrealEditor.modules" 949
"../../../Engine/Plugins/Animation/DeformerGraph/Binaries/Win64/UnrealEditor.modules" 950
"../../../Engine/Plugins/Experimental/Dataflow/Binaries/Win64/UnrealEditor.modules" 951
"../../../Engine/Plugins/Runtime/ComputeFramework/Binaries/Win64/UnrealEditor.modules" 952
"../../../Engine/Plugins/Enterprise/VariantManagerContent/Binaries/Win64/UnrealEditor.modules" 953
"../../../Engine/Plugins/Enterprise/VariantManager/Binaries/Win64/UnrealEditor.modules" 954
"../../../Engine/Plugins/Interchange/Assets/Binaries/Win64/UnrealEditor.modules" 955
"../../../Engine/Plugins/Experimental/CharacterFXEditor/BaseCharacterFXEditor/Binaries/Win64/UnrealEditor.modules" 956
"../../../Engine/Plugins/Runtime/ProceduralMeshComponent/Binaries/Win64/UnrealEditor.modules" 957
"../../../Engine/Plugins/Experimental/ChaosCaching/Binaries/Win64/UnrealEditor.modules" 958
"../../../Engine/Plugins/Experimental/EditorDataStorage/Binaries/Win64/UnrealEditor.modules" 959
"../../../Engine/Plugins/Experimental/EditorDataStorageFeatures/Binaries/Win64/UnrealEditor.modules" 960
"../../../Engine/Plugins/Animation/SkeletalMeshModelingTools/Binaries/Win64/UnrealEditor.modules" 961
"../../../Engine/Plugins/VirtualProduction/Takes/Binaries/Win64/UnrealEditor.modules" 962
"../../../Engine/Plugins/Runtime/AudioCapture/Binaries/Win64/UnrealEditor.modules" 963
"../../../Engine/Plugins/Developer/NamingTokens/Binaries/Win64/UnrealEditor.modules" 964
"../../../Engine/Plugins/Editor/EngineAssetDefinitions/Binaries/Win64/UnrealEditor.modules" 965
"../../../Engine/Plugins/ChaosCloth/Binaries/Win64/UnrealEditor.modules" 966
"../../../Engine/Plugins/ChaosInsights/Binaries/Win64/UnrealEditor.modules" 967
"../../../Engine/Plugins/ChaosVD/Binaries/Win64/UnrealEditor.modules" 968
"../../../Engine/Plugins/CmdLinkServer/Binaries/Win64/UnrealEditor.modules" 969
"../../../Engine/Plugins/EnhancedInput/Binaries/Win64/UnrealEditor.modules" 970
"../../../Engine/Plugins/Editor/DataValidation/Binaries/Win64/UnrealEditor.modules" 971
"../../../Engine/Plugins/Fab/Binaries/Win64/UnrealEditor.modules" 972
"../../../Engine/Plugins/IoStoreInsights/Binaries/Win64/UnrealEditor.modules" 973
"../../../Engine/Plugins/MassInsights/Binaries/Win64/UnrealEditor.modules" 974
"../../../Engine/Plugins/MeshPainting/Binaries/Win64/UnrealEditor.modules" 975
"../../../Engine/Plugins/Interchange/Editor/Binaries/Win64/UnrealEditor.modules" 976
"../../../Engine/Plugins/RenderGraphInsights/Binaries/Win64/UnrealEditor.modules" 977
"../../../Engine/Plugins/TraceUtilities/Binaries/Win64/UnrealEditor.modules" 978
"../../../Engine/Plugins/UbaController/Binaries/Win64/UnrealEditor.modules" 979
"../../../Engine/Plugins/WorldMetrics/Binaries/Win64/UnrealEditor.modules" 980
"../../../Engine/Plugins/XGEController/Binaries/Win64/UnrealEditor.modules" 981
"../../../Engine/Plugins/FX/Cascade/Binaries/Win64/UnrealEditor.modules" 982
"../../../Engine/Plugins/FX/NiagaraPreviewContent/Binaries/Win64/UnrealEditor.modules" 983
"../../../Engine/Plugins/FX/NiagaraSimCaching/Binaries/Win64/UnrealEditor.modules" 984
"../../../Engine/Plugins/Importers/AlembicImporter/Binaries/Win64/UnrealEditor.modules" 985
"../../../Engine/Plugins/Media/AndroidMedia/Binaries/Win64/UnrealEditor.modules" 986
"../../../Engine/Plugins/Media/AvfMedia/Binaries/Win64/UnrealEditor.modules" 987
"../../../Engine/Plugins/Media/ImgMedia/Binaries/Win64/UnrealEditor.modules" 988
"../../../Engine/Plugins/Media/MediaPlayerEditor/Binaries/Win64/UnrealEditor.modules" 989
"../../../Engine/Plugins/Media/MediaCompositing/Binaries/Win64/UnrealEditor.modules" 990
"../../../Engine/Plugins/Media/MediaPlate/Binaries/Win64/UnrealEditor.modules" 991
"../../../Engine/Plugins/Compositing/CompositeCore/Binaries/Win64/UnrealEditor.modules" 992
"../../../Engine/Plugins/Media/WmfMedia/Binaries/Win64/UnrealEditor.modules" 993
"../../../Engine/Plugins/NNE/NNEDenoiser/Binaries/Win64/UnrealEditor.modules" 994
"../../../Engine/Plugins/NNE/NNERuntimeORT/Binaries/Win64/UnrealEditor.modules" 995
"../../../Engine/Plugins/Runtime/ActorLayerUtilities/Binaries/Win64/UnrealEditor.modules" 996
"../../../Engine/Plugins/Runtime/AndroidDeviceProfileSelector/Binaries/Win64/UnrealEditor.modules" 997
"../../../Engine/Plugins/Runtime/AndroidPermission/Binaries/Win64/UnrealEditor.modules" 998
"../../../Engine/Plugins/Runtime/AndroidFileServer/Binaries/Win64/UnrealEditor.modules" 999
"../../../Engine/Plugins/Runtime/AppleImageUtils/Binaries/Win64/UnrealEditor.modules" 1000
"../../../Engine/Plugins/Runtime/AssetTags/Binaries/Win64/UnrealEditor.modules" 1001
"../../../Engine/Plugins/Runtime/ArchVisCharacter/Binaries/Win64/UnrealEditor.modules" 1002
"../../../Engine/Plugins/Runtime/CableComponent/Binaries/Win64/UnrealEditor.modules" 1003
"../../../Engine/Plugins/Runtime/ChunkDownloader/Binaries/Win64/UnrealEditor.modules" 1004
"../../../Engine/Plugins/Runtime/ExampleDeviceProfileSelector/Binaries/Win64/UnrealEditor.modules" 1005
"../../../Engine/Plugins/Runtime/GooglePAD/Binaries/Win64/UnrealEditor.modules" 1006
"../../../Engine/Plugins/Runtime/CustomMeshComponent/Binaries/Win64/UnrealEditor.modules" 1007
"../../../Engine/Plugins/Runtime/LocationServicesBPLibrary/Binaries/Win64/UnrealEditor.modules" 1008
"../../../Engine/Plugins/Runtime/Metasound/Binaries/Win64/UnrealEditor.modules" 1009
"../../../Engine/Plugins/Editor/ContentBrowser/ContentBrowserAssetDataSource/Binaries/Win64/UnrealEditor.modules" 1010
"../../../Engine/Plugins/Runtime/WaveTable/Binaries/Win64/UnrealEditor.modules" 1011
"../../../Engine/Plugins/Runtime/MobilePatchingUtils/Binaries/Win64/UnrealEditor.modules" 1012
"../../../Engine/Plugins/Runtime/InputDebugging/Binaries/Win64/UnrealEditor.modules" 1013
"../../../Engine/Plugins/Runtime/MsQuic/Binaries/Win64/UnrealEditor.modules" 1014
"../../../Engine/Plugins/Runtime/ResonanceAudio/Binaries/Win64/UnrealEditor.modules" 1015
"../../../Engine/Plugins/Runtime/SoundFields/Binaries/Win64/UnrealEditor.modules" 1016
"../../../Engine/Plugins/Runtime/WindowsDeviceProfileSelector/Binaries/Win64/UnrealEditor.modules" 1017
"../../../Engine/Plugins/Runtime/WindowsMoviePlayer/Binaries/Win64/UnrealEditor.modules" 1018
"../../../Engine/Plugins/Runtime/Synthesis/Binaries/Win64/UnrealEditor.modules" 1019
"../../../Engine/Plugins/2D/Paper2D/Binaries/Win64/UnrealEditor.modules" 1020
"../../../Engine/Plugins/Runtime/WebMMoviePlayer/Binaries/Win64/UnrealEditor.modules" 1021
"../../../Engine/Plugins/Media/WebMMedia/Binaries/Win64/UnrealEditor.modules" 1022
"../../../Engine/Plugins/AI/EnvironmentQueryEditor/Binaries/Win64/UnrealEditor.modules" 1023
"../../../Engine/Plugins/AI/AISupport/Binaries/Win64/UnrealEditor.modules" 1024
"../../../Engine/Plugins/Animation/AnimationData/Binaries/Win64/UnrealEditor.modules" 1025
"../../../Engine/Plugins/Animation/AnimationModifierLibrary/Binaries/Win64/UnrealEditor.modules" 1026
"../../../Engine/Plugins/Animation/ControlRigSpline/Binaries/Win64/UnrealEditor.modules" 1027
"../../../Engine/Plugins/Animation/BlendSpaceMotionAnalysis/Binaries/Win64/UnrealEditor.modules" 1028
"../../../Engine/Plugins/Animation/EaseCurveTool/Binaries/Win64/UnrealEditor.modules" 1029
"../../../Engine/Plugins/Animation/IKRig/Binaries/Win64/UnrealEditor.modules" 1030
"../../../Engine/Plugins/Experimental/FullBodyIK/Binaries/Win64/UnrealEditor.modules" 1031
"../../../Engine/Plugins/Cameras/CameraShakePreviewer/Binaries/Win64/UnrealEditor.modules" 1032
"../../../Engine/Plugins/Cameras/GameplayCameras/Binaries/Win64/UnrealEditor.modules" 1033
"../../../Engine/Plugins/MovieScene/TemplateSequence/Binaries/Win64/UnrealEditor.modules" 1034
"../../../Engine/Plugins/Cameras/EngineCameras/Binaries/Win64/UnrealEditor.modules" 1035
"../../../Engine/Plugins/Developer/AnimationSharing/Binaries/Win64/UnrealEditor.modules" 1036
"../../../Engine/Plugins/Runtime/SignificanceManager/Binaries/Win64/UnrealEditor.modules" 1037
"../../../Engine/Plugins/Developer/CLionSourceCodeAccess/Binaries/Win64/UnrealEditor.modules" 1038
"../../../Engine/Plugins/Compression/OodleNetwork/Binaries/Win64/UnrealEditor.modules" 1039
"../../../Engine/Plugins/Developer/GitSourceControl/Binaries/Win64/UnrealEditor.modules" 1040
"../../../Engine/Plugins/Developer/GPUReshape/Binaries/Win64/UnrealEditor.modules" 1041
"../../../Engine/Plugins/Developer/N10XSourceCodeAccess/Binaries/Win64/UnrealEditor.modules" 1042
"../../../Engine/Plugins/Developer/PlasticSourceControl/Binaries/Win64/UnrealEditor.modules" 1043
"../../../Engine/Plugins/Developer/PerforceSourceControl/Binaries/Win64/UnrealEditor.modules" 1044
"../../../Engine/Plugins/Developer/PluginUtils/Binaries/Win64/UnrealEditor.modules" 1045
"../../../Engine/Plugins/Developer/DumpGPUServices/Binaries/Win64/UnrealEditor.modules" 1046
"../../../Engine/Plugins/Developer/PixWinPlugin/Binaries/Win64/UnrealEditor.modules" 1047
"../../../Engine/Plugins/Developer/ProjectLauncher/Binaries/Win64/UnrealEditor.modules" 1048
"../../../Engine/Plugins/Developer/PropertyAccessNode/Binaries/Win64/UnrealEditor.modules" 1049
"../../../Engine/Plugins/Developer/RenderDocPlugin/Binaries/Win64/UnrealEditor.modules" 1050
"../../../Engine/Plugins/Developer/RiderSourceCodeAccess/Binaries/Win64/UnrealEditor.modules" 1051
"../../../Engine/Plugins/Developer/SubversionSourceControl/Binaries/Win64/UnrealEditor.modules" 1052
"../../../Engine/Plugins/Developer/UObjectPlugin/Binaries/Win64/UnrealEditor.modules" 1053
"../../../Engine/Plugins/Developer/VisualStudioCodeSourceCodeAccess/Binaries/Win64/UnrealEditor.modules" 1054
"../../../Engine/Plugins/Developer/VisualStudioSourceCodeAccess/Binaries/Win64/UnrealEditor.modules" 1055
"../../../Engine/Plugins/Animation/ACLPlugin/Binaries/Win64/UnrealEditor.modules" 1056
"../../../Engine/Plugins/Editor/AssetManagerEditor/Binaries/Win64/UnrealEditor.modules" 1057
"../../../Engine/Plugins/Editor/ChangelistReview/Binaries/Win64/UnrealEditor.modules" 1058
"../../../Engine/Plugins/Editor/BlueprintHeaderView/Binaries/Win64/UnrealEditor.modules" 1059
"../../../Engine/Plugins/Developer/TextureFormatOodle/Binaries/Win64/UnrealEditor.modules" 1060
"../../../Engine/Plugins/Editor/CryptoKeys/Binaries/Win64/UnrealEditor.modules" 1061
"../../../Engine/Plugins/Editor/CurveEditorTools/Binaries/Win64/UnrealEditor.modules" 1062
"../../../Engine/Plugins/Editor/EditorDebugTools/Binaries/Win64/UnrealEditor.modules" 1063
"../../../Engine/Plugins/Editor/FacialAnimation/Binaries/Win64/UnrealEditor.modules" 1064
"../../../Engine/Plugins/Editor/GameplayTagsEditor/Binaries/Win64/UnrealEditor.modules" 1065
"../../../Engine/Plugins/Editor/GeometryMode/Binaries/Win64/UnrealEditor.modules" 1066
"../../../Engine/Plugins/Editor/ColorGrading/Binaries/Win64/UnrealEditor.modules" 1067
"../../../Engine/Plugins/Editor/ObjectMixer/ObjectMixer/Binaries/Win64/UnrealEditor.modules" 1068
"../../../Engine/Plugins/Editor/MaterialAnalyzer/Binaries/Win64/UnrealEditor.modules" 1069
"../../../Engine/Plugins/Editor/MobileLauncherProfileWizard/Binaries/Win64/UnrealEditor.modules" 1070
"../../../Engine/Plugins/Editor/PluginBrowser/Binaries/Win64/UnrealEditor.modules" 1071
"../../../Engine/Plugins/Editor/SpeedTreeImporter/Binaries/Win64/UnrealEditor.modules" 1072
"../../../Engine/Plugins/Editor/UVEditor/Binaries/Win64/UnrealEditor.modules" 1073
"../../../Engine/Plugins/Editor/UMGWidgetPreview/Binaries/Win64/UnrealEditor.modules" 1074
"../../../Engine/Plugins/Editor/WorldPartitionHLODUtilities/Binaries/Win64/UnrealEditor.modules" 1075
"../../../Engine/Plugins/Editor/SequencerAnimTools/Binaries/Win64/UnrealEditor.modules" 1076
"../../../Engine/Plugins/Enterprise/DatasmithContent/Binaries/Win64/UnrealEditor.modules" 1077
"../../../Engine/Plugins/Enterprise/GLTFExporter/Binaries/Win64/UnrealEditor.modules" 1078
"../../../Engine/Plugins/Experimental/AdvancedRenamer/Binaries/Win64/UnrealEditor.modules" 1079
"../../../Engine/Plugins/Experimental/BackChannel/Binaries/Win64/UnrealEditor.modules" 1080
"../../../Engine/Plugins/Experimental/AutomationUtils/Binaries/Win64/UnrealEditor.modules" 1081
"../../../Engine/Plugins/Experimental/ChaosEditor/Binaries/Win64/UnrealEditor.modules" 1082
"../../../Engine/Plugins/Experimental/GeometryCollectionPlugin/Binaries/Win64/UnrealEditor.modules" 1083
"../../../Engine/Plugins/Experimental/Fracture/Binaries/Win64/UnrealEditor.modules" 1084
"../../../Engine/Plugins/Experimental/ChaosSolverPlugin/Binaries/Win64/UnrealEditor.modules" 1085
"../../../Engine/Plugins/Experimental/GeometryDataflow/Binaries/Win64/UnrealEditor.modules" 1086
"../../../Engine/Plugins/Experimental/ChaosNiagara/Binaries/Win64/UnrealEditor.modules" 1087
"../../../Engine/Plugins/Experimental/CharacterAI/Binaries/Win64/UnrealEditor.modules" 1088
"../../../Engine/Plugins/Experimental/ChaosUserDataPT/Binaries/Win64/UnrealEditor.modules" 1089
"../../../Engine/Plugins/Experimental/EditorPerformance/Binaries/Win64/UnrealEditor.modules" 1090
"../../../Engine/Plugins/Experimental/EditorTelemetry/Binaries/Win64/UnrealEditor.modules" 1091
"../../../Engine/Plugins/Experimental/GlobalConfigurationData/Binaries/Win64/UnrealEditor.modules" 1092
"../../../Engine/Plugins/Experimental/LevelSequenceNavigatorBridge/Binaries/Win64/UnrealEditor.modules" 1093
"../../../Engine/Plugins/Experimental/SequenceNavigator/Binaries/Win64/UnrealEditor.modules" 1094
"../../../Engine/Plugins/Experimental/LocalizableMessage/Binaries/Win64/UnrealEditor.modules" 1095
"../../../Engine/Plugins/Experimental/NFORDenoise/Binaries/Win64/UnrealEditor.modules" 1096
"../../../Engine/Plugins/Experimental/PlatformCrypto/Binaries/Win64/UnrealEditor.modules" 1097
"../../../Engine/Plugins/Experimental/RuntimeTelemetry/Binaries/Win64/UnrealEditor.modules" 1098
"../../../Engine/Plugins/Experimental/SkeletalReduction/Binaries/Win64/UnrealEditor.modules" 1099
"../../../Engine/Plugins/Messaging/TcpMessaging/Binaries/Win64/UnrealEditor.modules" 1100
"../../../Engine/Plugins/MovieScene/ActorSequence/Binaries/Win64/UnrealEditor.modules" 1101
"../../../Engine/Plugins/Messaging/UdpMessaging/Binaries/Win64/UnrealEditor.modules" 1102
"../../../Engine/Plugins/Online/OnlineBase/Binaries/Win64/UnrealEditor.modules" 1103
"../../../Engine/Plugins/MovieScene/SequenceValidator/Binaries/Win64/UnrealEditor.modules" 1104
"../../../Engine/Plugins/Online/OnlineSubsystemNull/Binaries/Win64/UnrealEditor.modules" 1105
"../../../Engine/Plugins/Online/OnlineSubsystem/Binaries/Win64/UnrealEditor.modules" 1106
"../../../Engine/Plugins/Online/OnlineSubsystemUtils/Binaries/Win64/UnrealEditor.modules" 1107
"../../../Engine/Plugins/Online/OnlineServices/Binaries/Win64/UnrealEditor.modules" 1108
"../../../Engine/Plugins/Portal/LauncherChunkInstaller/Binaries/Win64/UnrealEditor.modules" 1109
"../../../Engine/Plugins/Tests/InterchangeTests/Binaries/Win64/UnrealEditor.modules" 1110
"../../../Engine/Plugins/Runtime/Windows/XInputDevice/Binaries/Win64/UnrealEditor.modules" 1111
"../../../Engine/Plugins/Editor/ContentBrowser/ContentBrowserClassDataSource/Binaries/Win64/UnrealEditor.modules" 1112
"../../../Engine/Plugins/Editor/Localization/PortableObjectFileDataSource/Binaries/Win64/UnrealEditor.modules" 1113
"../../../Engine/Plugins/Editor/ObjectMixer/LightMixer/Binaries/Win64/UnrealEditor.modules" 1114
"../../../Engine/Config/BaseSourceControlSettings.ini" 1115
"../../../Engine/Content/Internationalization/icudt64l/coll/ucadata.icu" 1116
"../../../Engine/Content/Internationalization/icudt64l/coll/en_US.res" 1117
"../../../Engine/Content/Internationalization/icudt64l/coll/en.res" 1118
"../../../Engine/Content/Internationalization/icudt64l/coll/root.res" 1119
"../../../Engine/Content/Certificates/ThirdParty/cacert.pem" 1120
"../../../Engine/Config/ConsoleVariables.ini" 1121
"../../../Engine/Binaries/Win64/Android/UnrealEditor.modules" 1122
"../../../Engine/Binaries/Win64/IOS/UnrealEditor.modules" 1123
"../../../Engine/Binaries/Win64/Linux/UnrealEditor.modules" 1124
"../../../Engine/Content/Localization/Editor/en/Editor.locres" 1125
"../../../Engine/Content/Localization/Keywords/en/Keywords.locres" 1126
"../../../Engine/Content/Localization/Category/en/Category.locres" 1127
"../../../Engine/Content/Localization/ToolTips/en/ToolTips.locres" 1128
"../../../Engine/Content/Localization/PropertyNames/en/PropertyNames.locres" 1129
"../../../Engine/Content/Localization/Engine/en/Engine.locres" 1130
"../../../Engine/Plugins/MetaHuman/MetaHumanSDK/Content/Localization/MetaHumanSDK/en/MetaHumanSDK.locres" 1131
"../../../Engine/Plugins/MetaHuman/MetaHumanSDK/Content/Localization/MetaHumanSDK_Properties/en/MetaHumanSDK_Properties.locres" 1132
"../../../Engine/Plugins/MetaHuman/MetaHumanSDK/Content/Localization/MetaHumanSDK_Tooltips/en/MetaHumanSDK_Tooltips.locres" 1133
"../../../Engine/Plugins/Online/OnlineSubsystem/Content/Localization/OnlineSubsystem/en/OnlineSubsystem.locres" 1134
"../../../Engine/Plugins/Online/OnlineSubsystemUtils/Content/Localization/OnlineSubsystemUtils/en/OnlineSubsystemUtils.locres" 1135
"../../../Engine/Plugins/Online/IOS/OnlineSubsystemIOS/Content/Localization/OnlineSubsystemIOS/en/OnlineSubsystemIOS.locres" 1136
"../../../Engine/Plugins/Online/Android/OnlineSubsystemGooglePlay/Content/Localization/OnlineSubsystemGooglePlay/en/OnlineSubsystemGooglePlay.locres" 1137
"../../../Engine/Content/Internationalization/icudt64l/numberingSystems.res" 1138
"../../../Engine/Content/Internationalization/icudt64l/curr/supplementalData.res" 1139
"../../../Engine/Content/Internationalization/icudt64l/curr/en.res" 1140
"../../../Engine/Content/Internationalization/icudt64l/curr/pool.res" 1141
"../../../Engine/Content/Internationalization/icudt64l/curr/root.res" 1142
"../../../Engine/Content/Internationalization/icudt64l/lang/af.res" 1143
"../../../Engine/Content/Internationalization/icudt64l/region/af.res" 1144
"../../../Engine/Content/Internationalization/icudt64l/lang/agq.res" 1145
"../../../Engine/Content/Internationalization/icudt64l/region/agq.res" 1146
"../../../Engine/Content/Internationalization/icudt64l/lang/ak.res" 1147
"../../../Engine/Content/Internationalization/icudt64l/region/ak.res" 1148
"../../../Engine/Content/Internationalization/icudt64l/lang/am.res" 1149
"../../../Engine/Content/Internationalization/icudt64l/region/am.res" 1150
"../../../Engine/Content/Internationalization/icudt64l/lang/ar.res" 1151
"../../../Engine/Content/Internationalization/icudt64l/region/ar.res" 1152
"../../../Engine/Content/Internationalization/icudt64l/region/ar_AE.res" 1153
"../../../Engine/Content/Internationalization/icudt64l/lang/ar_EG.res" 1154
"../../../Engine/Content/Internationalization/icudt64l/lang/ar_LY.res" 1155
"../../../Engine/Content/Internationalization/icudt64l/region/ar_LY.res" 1156
"../../../Engine/Content/Internationalization/icudt64l/lang/ar_SA.res" 1157
"../../../Engine/Content/Internationalization/icudt64l/region/ar_SA.res" 1158
"../../../Engine/Content/Internationalization/icudt64l/lang/as.res" 1159
"../../../Engine/Content/Internationalization/icudt64l/region/as.res" 1160
"../../../Engine/Content/Internationalization/icudt64l/lang/asa.res" 1161
"../../../Engine/Content/Internationalization/icudt64l/region/asa.res" 1162
"../../../Engine/Content/Internationalization/icudt64l/lang/ast.res" 1163
"../../../Engine/Content/Internationalization/icudt64l/region/ast.res" 1164
"../../../Engine/Content/Internationalization/icudt64l/lang/az.res" 1165
"../../../Engine/Content/Internationalization/icudt64l/lang/az_Cyrl.res" 1166
"../../../Engine/Content/Internationalization/icudt64l/lang/az_AZ.res" 1167
"../../../Engine/Content/Internationalization/icudt64l/lang/az_Latn_AZ.res" 1168
"../../../Engine/Content/Internationalization/icudt64l/lang/az_Latn.res" 1169
"../../../Engine/Content/Internationalization/icudt64l/region/az_AZ.res" 1170
"../../../Engine/Content/Internationalization/icudt64l/region/az_Latn_AZ.res" 1171
"../../../Engine/Content/Internationalization/icudt64l/region/az_Latn.res" 1172
"../../../Engine/Content/Internationalization/icudt64l/region/az.res" 1173
"../../../Engine/Content/Internationalization/icudt64l/region/az_Cyrl.res" 1174
"../../../Engine/Content/Internationalization/icudt64l/lang/bas.res" 1175
"../../../Engine/Content/Internationalization/icudt64l/region/bas.res" 1176
"../../../Engine/Content/Internationalization/icudt64l/lang/be.res" 1177
"../../../Engine/Content/Internationalization/icudt64l/region/be.res" 1178
"../../../Engine/Content/Internationalization/icudt64l/lang/bem.res" 1179
"../../../Engine/Content/Internationalization/icudt64l/region/bem.res" 1180
"../../../Engine/Content/Internationalization/icudt64l/lang/bez.res" 1181
"../../../Engine/Content/Internationalization/icudt64l/region/bez.res" 1182
"../../../Engine/Content/Internationalization/icudt64l/lang/bg.res" 1183
"../../../Engine/Content/Internationalization/icudt64l/region/bg.res" 1184
"../../../Engine/Content/Internationalization/icudt64l/lang/bm.res" 1185
"../../../Engine/Content/Internationalization/icudt64l/region/bm.res" 1186
"../../../Engine/Content/Internationalization/icudt64l/lang/bn.res" 1187
"../../../Engine/Content/Internationalization/icudt64l/region/bn.res" 1188
"../../../Engine/Content/Internationalization/icudt64l/lang/bn_IN.res" 1189
"../../../Engine/Content/Internationalization/icudt64l/region/bn_IN.res" 1190
"../../../Engine/Content/Internationalization/icudt64l/lang/bo.res" 1191
"../../../Engine/Content/Internationalization/icudt64l/region/bo.res" 1192
"../../../Engine/Content/Internationalization/icudt64l/region/bo_IN.res" 1193
"../../../Engine/Content/Internationalization/icudt64l/lang/br.res" 1194
"../../../Engine/Content/Internationalization/icudt64l/region/br.res" 1195
"../../../Engine/Content/Internationalization/icudt64l/lang/brx.res" 1196
"../../../Engine/Content/Internationalization/icudt64l/region/brx.res" 1197
"../../../Engine/Content/Internationalization/icudt64l/lang/bs.res" 1198
"../../../Engine/Content/Internationalization/icudt64l/lang/bs_Cyrl.res" 1199
"../../../Engine/Content/Internationalization/icudt64l/lang/bs_BA.res" 1200
"../../../Engine/Content/Internationalization/icudt64l/lang/bs_Latn_BA.res" 1201
"../../../Engine/Content/Internationalization/icudt64l/lang/bs_Latn.res" 1202
"../../../Engine/Content/Internationalization/icudt64l/region/bs_BA.res" 1203
"../../../Engine/Content/Internationalization/icudt64l/region/bs_Latn_BA.res" 1204
"../../../Engine/Content/Internationalization/icudt64l/region/bs_Latn.res" 1205
"../../../Engine/Content/Internationalization/icudt64l/region/bs.res" 1206
"../../../Engine/Content/Internationalization/icudt64l/region/bs_Cyrl.res" 1207
"../../../Engine/Content/Internationalization/icudt64l/lang/ca.res" 1208
"../../../Engine/Content/Internationalization/icudt64l/region/ca.res" 1209
"../../../Engine/Content/Internationalization/icudt64l/lang/ccp.res" 1210
"../../../Engine/Content/Internationalization/icudt64l/region/ccp.res" 1211
"../../../Engine/Content/Internationalization/icudt64l/lang/ce.res" 1212
"../../../Engine/Content/Internationalization/icudt64l/region/ce.res" 1213
"../../../Engine/Content/Internationalization/icudt64l/lang/ceb.res" 1214
"../../../Engine/Content/Internationalization/icudt64l/region/ceb.res" 1215
"../../../Engine/Content/Internationalization/icudt64l/lang/cgg.res" 1216
"../../../Engine/Content/Internationalization/icudt64l/region/cgg.res" 1217
"../../../Engine/Content/Internationalization/icudt64l/lang/chr.res" 1218
"../../../Engine/Content/Internationalization/icudt64l/region/chr.res" 1219
"../../../Engine/Content/Internationalization/icudt64l/lang/ckb.res" 1220
"../../../Engine/Content/Internationalization/icudt64l/region/ckb.res" 1221
"../../../Engine/Content/Internationalization/icudt64l/lang/cs.res" 1222
"../../../Engine/Content/Internationalization/icudt64l/region/cs.res" 1223
"../../../Engine/Content/Internationalization/icudt64l/lang/cy.res" 1224
"../../../Engine/Content/Internationalization/icudt64l/region/cy.res" 1225
"../../../Engine/Content/Internationalization/icudt64l/lang/da.res" 1226
"../../../Engine/Content/Internationalization/icudt64l/region/da.res" 1227
"../../../Engine/Content/Internationalization/icudt64l/lang/dav.res" 1228
"../../../Engine/Content/Internationalization/icudt64l/region/dav.res" 1229
"../../../Engine/Content/Internationalization/icudt64l/lang/de.res" 1230
"../../../Engine/Content/Internationalization/icudt64l/lang/de_AT.res" 1231
"../../../Engine/Content/Internationalization/icudt64l/region/de_AT.res" 1232
"../../../Engine/Content/Internationalization/icudt64l/region/de.res" 1233
"../../../Engine/Content/Internationalization/icudt64l/lang/de_CH.res" 1234
"../../../Engine/Content/Internationalization/icudt64l/region/de_CH.res" 1235
"../../../Engine/Content/Internationalization/icudt64l/lang/de_LU.res" 1236
"../../../Engine/Content/Internationalization/icudt64l/lang/dje.res" 1237
"../../../Engine/Content/Internationalization/icudt64l/region/dje.res" 1238
"../../../Engine/Content/Internationalization/icudt64l/lang/dsb.res" 1239
"../../../Engine/Content/Internationalization/icudt64l/region/dsb.res" 1240
"../../../Engine/Content/Internationalization/icudt64l/lang/dua.res" 1241
"../../../Engine/Content/Internationalization/icudt64l/region/dua.res" 1242
"../../../Engine/Content/Internationalization/icudt64l/lang/dyo.res" 1243
"../../../Engine/Content/Internationalization/icudt64l/region/dyo.res" 1244
"../../../Engine/Content/Internationalization/icudt64l/lang/dz.res" 1245
"../../../Engine/Content/Internationalization/icudt64l/region/dz.res" 1246
"../../../Engine/Content/Internationalization/icudt64l/lang/ebu.res" 1247
"../../../Engine/Content/Internationalization/icudt64l/region/ebu.res" 1248
"../../../Engine/Content/Internationalization/icudt64l/lang/ee.res" 1249
"../../../Engine/Content/Internationalization/icudt64l/region/ee.res" 1250
"../../../Engine/Content/Internationalization/icudt64l/lang/el.res" 1251
"../../../Engine/Content/Internationalization/icudt64l/region/el.res" 1252
"../../../Engine/Content/Internationalization/icudt64l/lang/en_001.res" 1253
"../../../Engine/Content/Internationalization/icudt64l/lang/en_150.res" 1254
"../../../Engine/Content/Internationalization/icudt64l/region/en_150.res" 1255
"../../../Engine/Content/Internationalization/icudt64l/lang/en_AG.res" 1256
"../../../Engine/Content/Internationalization/icudt64l/region/en_AG.res" 1257
"../../../Engine/Content/Internationalization/icudt64l/lang/en_AI.res" 1258
"../../../Engine/Content/Internationalization/icudt64l/region/en_AI.res" 1259
"../../../Engine/Content/Internationalization/icudt64l/lang/en_AT.res" 1260
"../../../Engine/Content/Internationalization/icudt64l/region/en_AT.res" 1261
"../../../Engine/Content/Internationalization/icudt64l/lang/en_AU.res" 1262
"../../../Engine/Content/Internationalization/icudt64l/region/en_AU.res" 1263
"../../../Engine/Content/Internationalization/icudt64l/lang/en_BB.res" 1264
"../../../Engine/Content/Internationalization/icudt64l/region/en_BB.res" 1265
"../../../Engine/Content/Internationalization/icudt64l/lang/en_BE.res" 1266
"../../../Engine/Content/Internationalization/icudt64l/region/en_BE.res" 1267
"../../../Engine/Content/Internationalization/icudt64l/lang/en_BM.res" 1268
"../../../Engine/Content/Internationalization/icudt64l/region/en_BM.res" 1269
"../../../Engine/Content/Internationalization/icudt64l/lang/en_BS.res" 1270
"../../../Engine/Content/Internationalization/icudt64l/region/en_BS.res" 1271
"../../../Engine/Content/Internationalization/icudt64l/lang/en_BW.res" 1272
"../../../Engine/Content/Internationalization/icudt64l/region/en_BW.res" 1273
"../../../Engine/Content/Internationalization/icudt64l/lang/en_BZ.res" 1274
"../../../Engine/Content/Internationalization/icudt64l/region/en_BZ.res" 1275
"../../../Engine/Content/Internationalization/icudt64l/lang/en_CA.res" 1276
"../../../Engine/Content/Internationalization/icudt64l/region/en_CA.res" 1277
"../../../Engine/Content/Internationalization/icudt64l/lang/en_CC.res" 1278
"../../../Engine/Content/Internationalization/icudt64l/region/en_CC.res" 1279
"../../../Engine/Content/Internationalization/icudt64l/lang/en_CH.res" 1280
"../../../Engine/Content/Internationalization/icudt64l/region/en_CH.res" 1281
"../../../Engine/Content/Internationalization/icudt64l/lang/en_CK.res" 1282
"../../../Engine/Content/Internationalization/icudt64l/region/en_CK.res" 1283
"../../../Engine/Content/Internationalization/icudt64l/lang/en_CM.res" 1284
"../../../Engine/Content/Internationalization/icudt64l/region/en_CM.res" 1285
"../../../Engine/Content/Internationalization/icudt64l/lang/en_CX.res" 1286
"../../../Engine/Content/Internationalization/icudt64l/region/en_CX.res" 1287
"../../../Engine/Content/Internationalization/icudt64l/lang/en_CY.res" 1288
"../../../Engine/Content/Internationalization/icudt64l/region/en_CY.res" 1289
"../../../Engine/Content/Internationalization/icudt64l/lang/en_DE.res" 1290
"../../../Engine/Content/Internationalization/icudt64l/region/en_DE.res" 1291
"../../../Engine/Content/Internationalization/icudt64l/lang/en_DG.res" 1292
"../../../Engine/Content/Internationalization/icudt64l/region/en_DG.res" 1293
"../../../Engine/Content/Internationalization/icudt64l/lang/en_DK.res" 1294
"../../../Engine/Content/Internationalization/icudt64l/region/en_DK.res" 1295
"../../../Engine/Content/Internationalization/icudt64l/lang/en_DM.res" 1296
"../../../Engine/Content/Internationalization/icudt64l/region/en_DM.res" 1297
"../../../Engine/Content/Internationalization/icudt64l/lang/en_ER.res" 1298
"../../../Engine/Content/Internationalization/icudt64l/region/en_ER.res" 1299
"../../../Engine/Content/Internationalization/icudt64l/lang/en_FI.res" 1300
"../../../Engine/Content/Internationalization/icudt64l/region/en_FI.res" 1301
"../../../Engine/Content/Internationalization/icudt64l/lang/en_FJ.res" 1302
"../../../Engine/Content/Internationalization/icudt64l/region/en_FJ.res" 1303
"../../../Engine/Content/Internationalization/icudt64l/lang/en_FK.res" 1304
"../../../Engine/Content/Internationalization/icudt64l/region/en_FK.res" 1305
"../../../Engine/Content/Internationalization/icudt64l/lang/en_FM.res" 1306
"../../../Engine/Content/Internationalization/icudt64l/region/en_FM.res" 1307
"../../../Engine/Content/Internationalization/icudt64l/lang/en_GB.res" 1308
"../../../Engine/Content/Internationalization/icudt64l/region/en_GB.res" 1309
"../../../Engine/Content/Internationalization/icudt64l/lang/en_GD.res" 1310
"../../../Engine/Content/Internationalization/icudt64l/region/en_GD.res" 1311
"../../../Engine/Content/Internationalization/icudt64l/lang/en_GG.res" 1312
"../../../Engine/Content/Internationalization/icudt64l/region/en_GG.res" 1313
"../../../Engine/Content/Internationalization/icudt64l/lang/en_GH.res" 1314
"../../../Engine/Content/Internationalization/icudt64l/region/en_GH.res" 1315
"../../../Engine/Content/Internationalization/icudt64l/lang/en_GI.res" 1316
"../../../Engine/Content/Internationalization/icudt64l/region/en_GI.res" 1317
"../../../Engine/Content/Internationalization/icudt64l/lang/en_GM.res" 1318
"../../../Engine/Content/Internationalization/icudt64l/region/en_GM.res" 1319
"../../../Engine/Content/Internationalization/icudt64l/lang/en_GY.res" 1320
"../../../Engine/Content/Internationalization/icudt64l/region/en_GY.res" 1321
"../../../Engine/Content/Internationalization/icudt64l/lang/en_HK.res" 1322
"../../../Engine/Content/Internationalization/icudt64l/region/en_HK.res" 1323
"../../../Engine/Content/Internationalization/icudt64l/lang/en_IE.res" 1324
"../../../Engine/Content/Internationalization/icudt64l/region/en_IE.res" 1325
"../../../Engine/Content/Internationalization/icudt64l/lang/en_IL.res" 1326
"../../../Engine/Content/Internationalization/icudt64l/region/en_IL.res" 1327
"../../../Engine/Content/Internationalization/icudt64l/lang/en_IM.res" 1328
"../../../Engine/Content/Internationalization/icudt64l/region/en_IM.res" 1329
"../../../Engine/Content/Internationalization/icudt64l/lang/en_IN.res" 1330
"../../../Engine/Content/Internationalization/icudt64l/region/en_IN.res" 1331
"../../../Engine/Content/Internationalization/icudt64l/lang/en_IO.res" 1332
"../../../Engine/Content/Internationalization/icudt64l/region/en_IO.res" 1333
"../../../Engine/Content/Internationalization/icudt64l/lang/en_JE.res" 1334
"../../../Engine/Content/Internationalization/icudt64l/region/en_JE.res" 1335
"../../../Engine/Content/Internationalization/icudt64l/lang/en_JM.res" 1336
"../../../Engine/Content/Internationalization/icudt64l/region/en_JM.res" 1337
"../../../Engine/Content/Internationalization/icudt64l/lang/en_KE.res" 1338
"../../../Engine/Content/Internationalization/icudt64l/region/en_KE.res" 1339
"../../../Engine/Content/Internationalization/icudt64l/lang/en_KI.res" 1340
"../../../Engine/Content/Internationalization/icudt64l/region/en_KI.res" 1341
"../../../Engine/Content/Internationalization/icudt64l/lang/en_KN.res" 1342
"../../../Engine/Content/Internationalization/icudt64l/region/en_KN.res" 1343
"../../../Engine/Content/Internationalization/icudt64l/lang/en_KY.res" 1344
"../../../Engine/Content/Internationalization/icudt64l/region/en_KY.res" 1345
"../../../Engine/Content/Internationalization/icudt64l/lang/en_LC.res" 1346
"../../../Engine/Content/Internationalization/icudt64l/region/en_LC.res" 1347
"../../../Engine/Content/Internationalization/icudt64l/lang/en_LR.res" 1348
"../../../Engine/Content/Internationalization/icudt64l/region/en_LR.res" 1349
"../../../Engine/Content/Internationalization/icudt64l/lang/en_LS.res" 1350
"../../../Engine/Content/Internationalization/icudt64l/region/en_LS.res" 1351
"../../../Engine/Content/Internationalization/icudt64l/lang/en_MG.res" 1352
"../../../Engine/Content/Internationalization/icudt64l/region/en_MG.res" 1353
"../../../Engine/Content/Internationalization/icudt64l/lang/en_MO.res" 1354
"../../../Engine/Content/Internationalization/icudt64l/region/en_MO.res" 1355
"../../../Engine/Content/Internationalization/icudt64l/lang/en_MS.res" 1356
"../../../Engine/Content/Internationalization/icudt64l/region/en_MS.res" 1357
"../../../Engine/Content/Internationalization/icudt64l/lang/en_MT.res" 1358
"../../../Engine/Content/Internationalization/icudt64l/region/en_MT.res" 1359
"../../../Engine/Content/Internationalization/icudt64l/lang/en_MU.res" 1360
"../../../Engine/Content/Internationalization/icudt64l/region/en_MU.res" 1361
"../../../Engine/Content/Internationalization/icudt64l/lang/en_MW.res" 1362
"../../../Engine/Content/Internationalization/icudt64l/region/en_MW.res" 1363
"../../../Engine/Content/Internationalization/icudt64l/lang/en_MY.res" 1364
"../../../Engine/Content/Internationalization/icudt64l/region/en_MY.res" 1365
"../../../Engine/Content/Internationalization/icudt64l/lang/en_NA.res" 1366
"../../../Engine/Content/Internationalization/icudt64l/region/en_NA.res" 1367
"../../../Engine/Content/Internationalization/icudt64l/lang/en_NF.res" 1368
"../../../Engine/Content/Internationalization/icudt64l/region/en_NF.res" 1369
"../../../Engine/Content/Internationalization/icudt64l/lang/en_NG.res" 1370
"../../../Engine/Content/Internationalization/icudt64l/region/en_NG.res" 1371
"../../../Engine/Content/Internationalization/icudt64l/lang/en_NL.res" 1372
"../../../Engine/Content/Internationalization/icudt64l/region/en_NL.res" 1373
"../../../Engine/Content/Internationalization/icudt64l/lang/en_NR.res" 1374
"../../../Engine/Content/Internationalization/icudt64l/region/en_NR.res" 1375
"../../../Engine/Content/Internationalization/icudt64l/lang/en_NU.res" 1376
"../../../Engine/Content/Internationalization/icudt64l/region/en_NU.res" 1377
"../../../Engine/Content/Internationalization/icudt64l/lang/en_NZ.res" 1378
"../../../Engine/Content/Internationalization/icudt64l/region/en_NZ.res" 1379
"../../../Engine/Content/Internationalization/icudt64l/lang/en_PG.res" 1380
"../../../Engine/Content/Internationalization/icudt64l/region/en_PG.res" 1381
"../../../Engine/Content/Internationalization/icudt64l/lang/en_PH.res" 1382
"../../../Engine/Content/Internationalization/icudt64l/region/en_PH.res" 1383
"../../../Engine/Content/Internationalization/icudt64l/lang/en_PK.res" 1384
"../../../Engine/Content/Internationalization/icudt64l/region/en_PK.res" 1385
"../../../Engine/Content/Internationalization/icudt64l/lang/en_PN.res" 1386
"../../../Engine/Content/Internationalization/icudt64l/region/en_PN.res" 1387
"../../../Engine/Content/Internationalization/icudt64l/lang/en_PW.res" 1388
"../../../Engine/Content/Internationalization/icudt64l/region/en_PW.res" 1389
"../../../Engine/Content/Internationalization/icudt64l/lang/en_RW.res" 1390
"../../../Engine/Content/Internationalization/icudt64l/region/en_RW.res" 1391
"../../../Engine/Content/Internationalization/icudt64l/lang/en_SB.res" 1392
"../../../Engine/Content/Internationalization/icudt64l/region/en_SB.res" 1393
"../../../Engine/Content/Internationalization/icudt64l/lang/en_SC.res" 1394
"../../../Engine/Content/Internationalization/icudt64l/region/en_SC.res" 1395
"../../../Engine/Content/Internationalization/icudt64l/lang/en_SD.res" 1396
"../../../Engine/Content/Internationalization/icudt64l/region/en_SD.res" 1397
"../../../Engine/Content/Internationalization/icudt64l/lang/en_SE.res" 1398
"../../../Engine/Content/Internationalization/icudt64l/region/en_SE.res" 1399
"../../../Engine/Content/Internationalization/icudt64l/lang/en_SG.res" 1400
"../../../Engine/Content/Internationalization/icudt64l/region/en_SG.res" 1401
"../../../Engine/Content/Internationalization/icudt64l/lang/en_SH.res" 1402
"../../../Engine/Content/Internationalization/icudt64l/region/en_SH.res" 1403
"../../../Engine/Content/Internationalization/icudt64l/lang/en_SI.res" 1404
"../../../Engine/Content/Internationalization/icudt64l/region/en_SI.res" 1405
"../../../Engine/Content/Internationalization/icudt64l/lang/en_SL.res" 1406
"../../../Engine/Content/Internationalization/icudt64l/region/en_SL.res" 1407
"../../../Engine/Content/Internationalization/icudt64l/lang/en_SS.res" 1408
"../../../Engine/Content/Internationalization/icudt64l/region/en_SS.res" 1409
"../../../Engine/Content/Internationalization/icudt64l/lang/en_SX.res" 1410
"../../../Engine/Content/Internationalization/icudt64l/region/en_SX.res" 1411
"../../../Engine/Content/Internationalization/icudt64l/lang/en_SZ.res" 1412
"../../../Engine/Content/Internationalization/icudt64l/region/en_SZ.res" 1413
"../../../Engine/Content/Internationalization/icudt64l/lang/en_TC.res" 1414
"../../../Engine/Content/Internationalization/icudt64l/region/en_TC.res" 1415
"../../../Engine/Content/Internationalization/icudt64l/lang/en_TK.res" 1416
"../../../Engine/Content/Internationalization/icudt64l/region/en_TK.res" 1417
"../../../Engine/Content/Internationalization/icudt64l/lang/en_TO.res" 1418
"../../../Engine/Content/Internationalization/icudt64l/region/en_TO.res" 1419
"../../../Engine/Content/Internationalization/icudt64l/lang/en_TT.res" 1420
"../../../Engine/Content/Internationalization/icudt64l/region/en_TT.res" 1421
"../../../Engine/Content/Internationalization/icudt64l/lang/en_TV.res" 1422
"../../../Engine/Content/Internationalization/icudt64l/region/en_TV.res" 1423
"../../../Engine/Content/Internationalization/icudt64l/lang/en_TZ.res" 1424
"../../../Engine/Content/Internationalization/icudt64l/region/en_TZ.res" 1425
"../../../Engine/Content/Internationalization/icudt64l/lang/en_UG.res" 1426
"../../../Engine/Content/Internationalization/icudt64l/region/en_UG.res" 1427
"../../../Engine/Content/Internationalization/icudt64l/lang/en_VC.res" 1428
"../../../Engine/Content/Internationalization/icudt64l/region/en_VC.res" 1429
"../../../Engine/Content/Internationalization/icudt64l/lang/en_VG.res" 1430
"../../../Engine/Content/Internationalization/icudt64l/region/en_VG.res" 1431
"../../../Engine/Content/Internationalization/icudt64l/lang/en_VU.res" 1432
"../../../Engine/Content/Internationalization/icudt64l/region/en_VU.res" 1433
"../../../Engine/Content/Internationalization/icudt64l/lang/en_WS.res" 1434
"../../../Engine/Content/Internationalization/icudt64l/region/en_WS.res" 1435
"../../../Engine/Content/Internationalization/icudt64l/lang/en_ZA.res" 1436
"../../../Engine/Content/Internationalization/icudt64l/region/en_ZA.res" 1437
"../../../Engine/Content/Internationalization/icudt64l/lang/en_ZM.res" 1438
"../../../Engine/Content/Internationalization/icudt64l/region/en_ZM.res" 1439
"../../../Engine/Content/Internationalization/icudt64l/lang/en_ZW.res" 1440
"../../../Engine/Content/Internationalization/icudt64l/region/en_ZW.res" 1441
"../../../Engine/Content/Internationalization/icudt64l/lang/eo.res" 1442
"../../../Engine/Content/Internationalization/icudt64l/region/eo.res" 1443
"../../../Engine/Content/Internationalization/icudt64l/lang/es.res" 1444
"../../../Engine/Content/Internationalization/icudt64l/lang/es_419.res" 1445
"../../../Engine/Content/Internationalization/icudt64l/region/es_419.res" 1446
"../../../Engine/Content/Internationalization/icudt64l/region/es.res" 1447
"../../../Engine/Content/Internationalization/icudt64l/lang/es_AR.res" 1448
"../../../Engine/Content/Internationalization/icudt64l/region/es_AR.res" 1449
"../../../Engine/Content/Internationalization/icudt64l/lang/es_BO.res" 1450
"../../../Engine/Content/Internationalization/icudt64l/region/es_BO.res" 1451
"../../../Engine/Content/Internationalization/icudt64l/lang/es_BR.res" 1452
"../../../Engine/Content/Internationalization/icudt64l/region/es_BR.res" 1453
"../../../Engine/Content/Internationalization/icudt64l/lang/es_BZ.res" 1454
"../../../Engine/Content/Internationalization/icudt64l/region/es_BZ.res" 1455
"../../../Engine/Content/Internationalization/icudt64l/lang/es_CL.res" 1456
"../../../Engine/Content/Internationalization/icudt64l/region/es_CL.res" 1457
"../../../Engine/Content/Internationalization/icudt64l/lang/es_CO.res" 1458
"../../../Engine/Content/Internationalization/icudt64l/region/es_CO.res" 1459
"../../../Engine/Content/Internationalization/icudt64l/lang/es_CR.res" 1460
"../../../Engine/Content/Internationalization/icudt64l/region/es_CR.res" 1461
"../../../Engine/Content/Internationalization/icudt64l/lang/es_CU.res" 1462
"../../../Engine/Content/Internationalization/icudt64l/region/es_CU.res" 1463
"../../../Engine/Content/Internationalization/icudt64l/lang/es_DO.res" 1464
"../../../Engine/Content/Internationalization/icudt64l/region/es_DO.res" 1465
"../../../Engine/Content/Internationalization/icudt64l/lang/es_EC.res" 1466
"../../../Engine/Content/Internationalization/icudt64l/region/es_EC.res" 1467
"../../../Engine/Content/Internationalization/icudt64l/lang/es_GT.res" 1468
"../../../Engine/Content/Internationalization/icudt64l/region/es_GT.res" 1469
"../../../Engine/Content/Internationalization/icudt64l/lang/es_HN.res" 1470
"../../../Engine/Content/Internationalization/icudt64l/region/es_HN.res" 1471
"../../../Engine/Content/Internationalization/icudt64l/lang/es_MX.res" 1472
"../../../Engine/Content/Internationalization/icudt64l/region/es_MX.res" 1473
"../../../Engine/Content/Internationalization/icudt64l/lang/es_NI.res" 1474
"../../../Engine/Content/Internationalization/icudt64l/region/es_NI.res" 1475
"../../../Engine/Content/Internationalization/icudt64l/lang/es_PA.res" 1476
"../../../Engine/Content/Internationalization/icudt64l/region/es_PA.res" 1477
"../../../Engine/Content/Internationalization/icudt64l/lang/es_PE.res" 1478
"../../../Engine/Content/Internationalization/icudt64l/region/es_PE.res" 1479
"../../../Engine/Content/Internationalization/icudt64l/lang/es_PR.res" 1480
"../../../Engine/Content/Internationalization/icudt64l/region/es_PR.res" 1481
"../../../Engine/Content/Internationalization/icudt64l/lang/es_PY.res" 1482
"../../../Engine/Content/Internationalization/icudt64l/region/es_PY.res" 1483
"../../../Engine/Content/Internationalization/icudt64l/lang/es_SV.res" 1484
"../../../Engine/Content/Internationalization/icudt64l/region/es_SV.res" 1485
"../../../Engine/Content/Internationalization/icudt64l/lang/es_US.res" 1486
"../../../Engine/Content/Internationalization/icudt64l/region/es_US.res" 1487
"../../../Engine/Content/Internationalization/icudt64l/lang/es_UY.res" 1488
"../../../Engine/Content/Internationalization/icudt64l/region/es_UY.res" 1489
"../../../Engine/Content/Internationalization/icudt64l/lang/es_VE.res" 1490
"../../../Engine/Content/Internationalization/icudt64l/region/es_VE.res" 1491
"../../../Engine/Content/Internationalization/icudt64l/lang/et.res" 1492
"../../../Engine/Content/Internationalization/icudt64l/region/et.res" 1493
"../../../Engine/Content/Internationalization/icudt64l/lang/eu.res" 1494
"../../../Engine/Content/Internationalization/icudt64l/region/eu.res" 1495
"../../../Engine/Content/Internationalization/icudt64l/lang/ewo.res" 1496
"../../../Engine/Content/Internationalization/icudt64l/region/ewo.res" 1497
"../../../Engine/Content/Internationalization/icudt64l/lang/fa.res" 1498
"../../../Engine/Content/Internationalization/icudt64l/lang/fa_AF.res" 1499
"../../../Engine/Content/Internationalization/icudt64l/region/fa_AF.res" 1500
"../../../Engine/Content/Internationalization/icudt64l/region/fa.res" 1501
"../../../Engine/Content/Internationalization/icudt64l/lang/ff.res" 1502
"../../../Engine/Content/Internationalization/icudt64l/lang/ff_Latn.res" 1503
"../../../Engine/Content/Internationalization/icudt64l/region/ff.res" 1504
"../../../Engine/Content/Internationalization/icudt64l/region/ff_Latn.res" 1505
"../../../Engine/Content/Internationalization/icudt64l/lang/ff_CM.res" 1506
"../../../Engine/Content/Internationalization/icudt64l/lang/ff_Latn_CM.res" 1507
"../../../Engine/Content/Internationalization/icudt64l/region/ff_CM.res" 1508
"../../../Engine/Content/Internationalization/icudt64l/region/ff_Latn_CM.res" 1509
"../../../Engine/Content/Internationalization/icudt64l/lang/ff_GN.res" 1510
"../../../Engine/Content/Internationalization/icudt64l/lang/ff_Latn_GN.res" 1511
"../../../Engine/Content/Internationalization/icudt64l/region/ff_GN.res" 1512
"../../../Engine/Content/Internationalization/icudt64l/region/ff_Latn_GN.res" 1513
"../../../Engine/Content/Internationalization/icudt64l/lang/ff_MR.res" 1514
"../../../Engine/Content/Internationalization/icudt64l/lang/ff_Latn_MR.res" 1515
"../../../Engine/Content/Internationalization/icudt64l/region/ff_MR.res" 1516
"../../../Engine/Content/Internationalization/icudt64l/region/ff_Latn_MR.res" 1517
"../../../Engine/Content/Internationalization/icudt64l/lang/ff_SN.res" 1518
"../../../Engine/Content/Internationalization/icudt64l/lang/ff_Latn_SN.res" 1519
"../../../Engine/Content/Internationalization/icudt64l/region/ff_SN.res" 1520
"../../../Engine/Content/Internationalization/icudt64l/region/ff_Latn_SN.res" 1521
"../../../Engine/Content/Internationalization/icudt64l/lang/fi.res" 1522
"../../../Engine/Content/Internationalization/icudt64l/region/fi.res" 1523
"../../../Engine/Content/Internationalization/icudt64l/lang/fil.res" 1524
"../../../Engine/Content/Internationalization/icudt64l/lang/fil_PH.res" 1525
"../../../Engine/Content/Internationalization/icudt64l/region/fil_PH.res" 1526
"../../../Engine/Content/Internationalization/icudt64l/region/fil.res" 1527
"../../../Engine/Content/Internationalization/icudt64l/lang/fo.res" 1528
"../../../Engine/Content/Internationalization/icudt64l/region/fo.res" 1529
"../../../Engine/Content/Internationalization/icudt64l/lang/fr.res" 1530
"../../../Engine/Content/Internationalization/icudt64l/lang/fr_BE.res" 1531
"../../../Engine/Content/Internationalization/icudt64l/region/fr_BE.res" 1532
"../../../Engine/Content/Internationalization/icudt64l/region/fr.res" 1533
"../../../Engine/Content/Internationalization/icudt64l/lang/fr_CA.res" 1534
"../../../Engine/Content/Internationalization/icudt64l/region/fr_CA.res" 1535
"../../../Engine/Content/Internationalization/icudt64l/lang/fr_CH.res" 1536
"../../../Engine/Content/Internationalization/icudt64l/lang/fur.res" 1537
"../../../Engine/Content/Internationalization/icudt64l/region/fur.res" 1538
"../../../Engine/Content/Internationalization/icudt64l/lang/fy.res" 1539
"../../../Engine/Content/Internationalization/icudt64l/region/fy.res" 1540
"../../../Engine/Content/Internationalization/icudt64l/lang/ga.res" 1541
"../../../Engine/Content/Internationalization/icudt64l/region/ga.res" 1542
"../../../Engine/Content/Internationalization/icudt64l/lang/gd.res" 1543
"../../../Engine/Content/Internationalization/icudt64l/region/gd.res" 1544
"../../../Engine/Content/Internationalization/icudt64l/lang/gl.res" 1545
"../../../Engine/Content/Internationalization/icudt64l/region/gl.res" 1546
"../../../Engine/Content/Internationalization/icudt64l/lang/gsw.res" 1547
"../../../Engine/Content/Internationalization/icudt64l/region/gsw.res" 1548
"../../../Engine/Content/Internationalization/icudt64l/lang/gu.res" 1549
"../../../Engine/Content/Internationalization/icudt64l/region/gu.res" 1550
"../../../Engine/Content/Internationalization/icudt64l/lang/guz.res" 1551
"../../../Engine/Content/Internationalization/icudt64l/region/guz.res" 1552
"../../../Engine/Content/Internationalization/icudt64l/lang/gv.res" 1553
"../../../Engine/Content/Internationalization/icudt64l/region/gv.res" 1554
"../../../Engine/Content/Internationalization/icudt64l/lang/ha.res" 1555
"../../../Engine/Content/Internationalization/icudt64l/region/ha.res" 1556
"../../../Engine/Content/Internationalization/icudt64l/lang/ha_NE.res" 1557
"../../../Engine/Content/Internationalization/icudt64l/region/ha_NE.res" 1558
"../../../Engine/Content/Internationalization/icudt64l/lang/haw.res" 1559
"../../../Engine/Content/Internationalization/icudt64l/region/haw.res" 1560
"../../../Engine/Content/Internationalization/icudt64l/lang/he.res" 1561
"../../../Engine/Content/Internationalization/icudt64l/lang/he_IL.res" 1562
"../../../Engine/Content/Internationalization/icudt64l/region/he_IL.res" 1563
"../../../Engine/Content/Internationalization/icudt64l/region/he.res" 1564
"../../../Engine/Content/Internationalization/icudt64l/lang/hi.res" 1565
"../../../Engine/Content/Internationalization/icudt64l/region/hi.res" 1566
"../../../Engine/Content/Internationalization/icudt64l/lang/hr.res" 1567
"../../../Engine/Content/Internationalization/icudt64l/region/hr.res" 1568
"../../../Engine/Content/Internationalization/icudt64l/lang/hsb.res" 1569
"../../../Engine/Content/Internationalization/icudt64l/region/hsb.res" 1570
"../../../Engine/Content/Internationalization/icudt64l/lang/hu.res" 1571
"../../../Engine/Content/Internationalization/icudt64l/region/hu.res" 1572
"../../../Engine/Content/Internationalization/icudt64l/lang/hy.res" 1573
"../../../Engine/Content/Internationalization/icudt64l/region/hy.res" 1574
"../../../Engine/Content/Internationalization/icudt64l/lang/ia.res" 1575
"../../../Engine/Content/Internationalization/icudt64l/region/ia.res" 1576
"../../../Engine/Content/Internationalization/icudt64l/lang/id.res" 1577
"../../../Engine/Content/Internationalization/icudt64l/lang/id_ID.res" 1578
"../../../Engine/Content/Internationalization/icudt64l/region/id_ID.res" 1579
"../../../Engine/Content/Internationalization/icudt64l/region/id.res" 1580
"../../../Engine/Content/Internationalization/icudt64l/lang/ig.res" 1581
"../../../Engine/Content/Internationalization/icudt64l/region/ig.res" 1582
"../../../Engine/Content/Internationalization/icudt64l/lang/ii.res" 1583
"../../../Engine/Content/Internationalization/icudt64l/region/ii.res" 1584
"../../../Engine/Content/Internationalization/icudt64l/lang/is.res" 1585
"../../../Engine/Content/Internationalization/icudt64l/region/is.res" 1586
"../../../Engine/Content/Internationalization/icudt64l/lang/it.res" 1587
"../../../Engine/Content/Internationalization/icudt64l/region/it.res" 1588
"../../../Engine/Content/Internationalization/icudt64l/lang/ja.res" 1589
"../../../Engine/Content/Internationalization/icudt64l/lang/ja_JP.res" 1590
"../../../Engine/Content/Internationalization/icudt64l/region/ja_JP.res" 1591
"../../../Engine/Content/Internationalization/icudt64l/region/ja.res" 1592
"../../../Engine/Content/Internationalization/icudt64l/lang/jgo.res" 1593
"../../../Engine/Content/Internationalization/icudt64l/region/jgo.res" 1594
"../../../Engine/Content/Internationalization/icudt64l/lang/jmc.res" 1595
"../../../Engine/Content/Internationalization/icudt64l/region/jmc.res" 1596
"../../../Engine/Content/Internationalization/icudt64l/lang/jv.res" 1597
"../../../Engine/Content/Internationalization/icudt64l/region/jv.res" 1598
"../../../Engine/Content/Internationalization/icudt64l/lang/ka.res" 1599
"../../../Engine/Content/Internationalization/icudt64l/region/ka.res" 1600
"../../../Engine/Content/Internationalization/icudt64l/lang/kab.res" 1601
"../../../Engine/Content/Internationalization/icudt64l/region/kab.res" 1602
"../../../Engine/Content/Internationalization/icudt64l/lang/kam.res" 1603
"../../../Engine/Content/Internationalization/icudt64l/region/kam.res" 1604
"../../../Engine/Content/Internationalization/icudt64l/lang/kde.res" 1605
"../../../Engine/Content/Internationalization/icudt64l/region/kde.res" 1606
"../../../Engine/Content/Internationalization/icudt64l/lang/kea.res" 1607
"../../../Engine/Content/Internationalization/icudt64l/region/kea.res" 1608
"../../../Engine/Content/Internationalization/icudt64l/lang/khq.res" 1609
"../../../Engine/Content/Internationalization/icudt64l/region/khq.res" 1610
"../../../Engine/Content/Internationalization/icudt64l/lang/ki.res" 1611
"../../../Engine/Content/Internationalization/icudt64l/region/ki.res" 1612
"../../../Engine/Content/Internationalization/icudt64l/lang/kk.res" 1613
"../../../Engine/Content/Internationalization/icudt64l/region/kk.res" 1614
"../../../Engine/Content/Internationalization/icudt64l/lang/kkj.res" 1615
"../../../Engine/Content/Internationalization/icudt64l/region/kkj.res" 1616
"../../../Engine/Content/Internationalization/icudt64l/lang/kl.res" 1617
"../../../Engine/Content/Internationalization/icudt64l/region/kl.res" 1618
"../../../Engine/Content/Internationalization/icudt64l/lang/kln.res" 1619
"../../../Engine/Content/Internationalization/icudt64l/region/kln.res" 1620
"../../../Engine/Content/Internationalization/icudt64l/lang/km.res" 1621
"../../../Engine/Content/Internationalization/icudt64l/region/km.res" 1622
"../../../Engine/Content/Internationalization/icudt64l/lang/kn.res" 1623
"../../../Engine/Content/Internationalization/icudt64l/region/kn.res" 1624
"../../../Engine/Content/Internationalization/icudt64l/lang/ko.res" 1625
"../../../Engine/Content/Internationalization/icudt64l/region/ko_KP.res" 1626
"../../../Engine/Content/Internationalization/icudt64l/region/ko.res" 1627
"../../../Engine/Content/Internationalization/icudt64l/lang/kok.res" 1628
"../../../Engine/Content/Internationalization/icudt64l/region/kok.res" 1629
"../../../Engine/Content/Internationalization/icudt64l/lang/ks.res" 1630
"../../../Engine/Content/Internationalization/icudt64l/region/ks.res" 1631
"../../../Engine/Content/Internationalization/icudt64l/lang/ksb.res" 1632
"../../../Engine/Content/Internationalization/icudt64l/region/ksb.res" 1633
"../../../Engine/Content/Internationalization/icudt64l/lang/ksf.res" 1634
"../../../Engine/Content/Internationalization/icudt64l/region/ksf.res" 1635
"../../../Engine/Content/Internationalization/icudt64l/lang/ksh.res" 1636
"../../../Engine/Content/Internationalization/icudt64l/region/ksh.res" 1637
"../../../Engine/Content/Internationalization/icudt64l/lang/ku.res" 1638
"../../../Engine/Content/Internationalization/icudt64l/region/ku.res" 1639
"../../../Engine/Content/Internationalization/icudt64l/lang/kw.res" 1640
"../../../Engine/Content/Internationalization/icudt64l/region/kw.res" 1641
"../../../Engine/Content/Internationalization/icudt64l/lang/ky.res" 1642
"../../../Engine/Content/Internationalization/icudt64l/region/ky.res" 1643
"../../../Engine/Content/Internationalization/icudt64l/lang/lag.res" 1644
"../../../Engine/Content/Internationalization/icudt64l/region/lag.res" 1645
"../../../Engine/Content/Internationalization/icudt64l/lang/lb.res" 1646
"../../../Engine/Content/Internationalization/icudt64l/region/lb.res" 1647
"../../../Engine/Content/Internationalization/icudt64l/lang/lg.res" 1648
"../../../Engine/Content/Internationalization/icudt64l/region/lg.res" 1649
"../../../Engine/Content/Internationalization/icudt64l/lang/lkt.res" 1650
"../../../Engine/Content/Internationalization/icudt64l/region/lkt.res" 1651
"../../../Engine/Content/Internationalization/icudt64l/lang/ln.res" 1652
"../../../Engine/Content/Internationalization/icudt64l/region/ln.res" 1653
"../../../Engine/Content/Internationalization/icudt64l/lang/lo.res" 1654
"../../../Engine/Content/Internationalization/icudt64l/region/lo.res" 1655
"../../../Engine/Content/Internationalization/icudt64l/lang/lrc.res" 1656
"../../../Engine/Content/Internationalization/icudt64l/region/lrc.res" 1657
"../../../Engine/Content/Internationalization/icudt64l/lang/lt.res" 1658
"../../../Engine/Content/Internationalization/icudt64l/region/lt.res" 1659
"../../../Engine/Content/Internationalization/icudt64l/lang/lu.res" 1660
"../../../Engine/Content/Internationalization/icudt64l/region/lu.res" 1661
"../../../Engine/Content/Internationalization/icudt64l/lang/luo.res" 1662
"../../../Engine/Content/Internationalization/icudt64l/region/luo.res" 1663
"../../../Engine/Content/Internationalization/icudt64l/lang/luy.res" 1664
"../../../Engine/Content/Internationalization/icudt64l/region/luy.res" 1665
"../../../Engine/Content/Internationalization/icudt64l/lang/lv.res" 1666
"../../../Engine/Content/Internationalization/icudt64l/region/lv.res" 1667
"../../../Engine/Content/Internationalization/icudt64l/lang/mas.res" 1668
"../../../Engine/Content/Internationalization/icudt64l/region/mas.res" 1669
"../../../Engine/Content/Internationalization/icudt64l/lang/mer.res" 1670
"../../../Engine/Content/Internationalization/icudt64l/region/mer.res" 1671
"../../../Engine/Content/Internationalization/icudt64l/lang/mfe.res" 1672
"../../../Engine/Content/Internationalization/icudt64l/region/mfe.res" 1673
"../../../Engine/Content/Internationalization/icudt64l/lang/mg.res" 1674
"../../../Engine/Content/Internationalization/icudt64l/region/mg.res" 1675
"../../../Engine/Content/Internationalization/icudt64l/lang/mgh.res" 1676
"../../../Engine/Content/Internationalization/icudt64l/region/mgh.res" 1677
"../../../Engine/Content/Internationalization/icudt64l/lang/mgo.res" 1678
"../../../Engine/Content/Internationalization/icudt64l/region/mgo.res" 1679
"../../../Engine/Content/Internationalization/icudt64l/lang/mi.res" 1680
"../../../Engine/Content/Internationalization/icudt64l/region/mi.res" 1681
"../../../Engine/Content/Internationalization/icudt64l/lang/mk.res" 1682
"../../../Engine/Content/Internationalization/icudt64l/region/mk.res" 1683
"../../../Engine/Content/Internationalization/icudt64l/lang/ml.res" 1684
"../../../Engine/Content/Internationalization/icudt64l/region/ml.res" 1685
"../../../Engine/Content/Internationalization/icudt64l/lang/mn.res" 1686
"../../../Engine/Content/Internationalization/icudt64l/region/mn.res" 1687
"../../../Engine/Content/Internationalization/icudt64l/lang/mr.res" 1688
"../../../Engine/Content/Internationalization/icudt64l/region/mr.res" 1689
"../../../Engine/Content/Internationalization/icudt64l/lang/ms.res" 1690
"../../../Engine/Content/Internationalization/icudt64l/region/ms.res" 1691
"../../../Engine/Content/Internationalization/icudt64l/lang/mt.res" 1692
"../../../Engine/Content/Internationalization/icudt64l/region/mt.res" 1693
"../../../Engine/Content/Internationalization/icudt64l/lang/mua.res" 1694
"../../../Engine/Content/Internationalization/icudt64l/region/mua.res" 1695
"../../../Engine/Content/Internationalization/icudt64l/lang/my.res" 1696
"../../../Engine/Content/Internationalization/icudt64l/region/my.res" 1697
"../../../Engine/Content/Internationalization/icudt64l/lang/mzn.res" 1698
"../../../Engine/Content/Internationalization/icudt64l/region/mzn.res" 1699
"../../../Engine/Content/Internationalization/icudt64l/lang/naq.res" 1700
"../../../Engine/Content/Internationalization/icudt64l/region/naq.res" 1701
"../../../Engine/Content/Internationalization/icudt64l/lang/nb.res" 1702
"../../../Engine/Content/Internationalization/icudt64l/lang/nb_NO.res" 1703
"../../../Engine/Content/Internationalization/icudt64l/region/nb_NO.res" 1704
"../../../Engine/Content/Internationalization/icudt64l/region/nb.res" 1705
"../../../Engine/Content/Internationalization/icudt64l/lang/nd.res" 1706
"../../../Engine/Content/Internationalization/icudt64l/region/nd.res" 1707
"../../../Engine/Content/Internationalization/icudt64l/lang/nds.res" 1708
"../../../Engine/Content/Internationalization/icudt64l/region/nds.res" 1709
"../../../Engine/Content/Internationalization/icudt64l/lang/ne.res" 1710
"../../../Engine/Content/Internationalization/icudt64l/region/ne.res" 1711
"../../../Engine/Content/Internationalization/icudt64l/lang/nl.res" 1712
"../../../Engine/Content/Internationalization/icudt64l/region/nl.res" 1713
"../../../Engine/Content/Internationalization/icudt64l/lang/nmg.res" 1714
"../../../Engine/Content/Internationalization/icudt64l/region/nmg.res" 1715
"../../../Engine/Content/Internationalization/icudt64l/lang/nn.res" 1716
"../../../Engine/Content/Internationalization/icudt64l/lang/nn_NO.res" 1717
"../../../Engine/Content/Internationalization/icudt64l/region/nn_NO.res" 1718
"../../../Engine/Content/Internationalization/icudt64l/region/nn.res" 1719
"../../../Engine/Content/Internationalization/icudt64l/lang/nnh.res" 1720
"../../../Engine/Content/Internationalization/icudt64l/region/nnh.res" 1721
"../../../Engine/Content/Internationalization/icudt64l/lang/nus.res" 1722
"../../../Engine/Content/Internationalization/icudt64l/region/nus.res" 1723
"../../../Engine/Content/Internationalization/icudt64l/lang/nyn.res" 1724
"../../../Engine/Content/Internationalization/icudt64l/region/nyn.res" 1725
"../../../Engine/Content/Internationalization/icudt64l/lang/om.res" 1726
"../../../Engine/Content/Internationalization/icudt64l/region/om.res" 1727
"../../../Engine/Content/Internationalization/icudt64l/lang/or.res" 1728
"../../../Engine/Content/Internationalization/icudt64l/region/or.res" 1729
"../../../Engine/Content/Internationalization/icudt64l/lang/os.res" 1730
"../../../Engine/Content/Internationalization/icudt64l/region/os.res" 1731
"../../../Engine/Content/Internationalization/icudt64l/lang/pa.res" 1732
"../../../Engine/Content/Internationalization/icudt64l/lang/pa_Arab.res" 1733
"../../../Engine/Content/Internationalization/icudt64l/lang/pa_PK.res" 1734
"../../../Engine/Content/Internationalization/icudt64l/lang/pa_Arab_PK.res" 1735
"../../../Engine/Content/Internationalization/icudt64l/region/pa_PK.res" 1736
"../../../Engine/Content/Internationalization/icudt64l/region/pa_Arab_PK.res" 1737
"../../../Engine/Content/Internationalization/icudt64l/region/pa_Arab.res" 1738
"../../../Engine/Content/Internationalization/icudt64l/lang/pa_Guru.res" 1739
"../../../Engine/Content/Internationalization/icudt64l/lang/pa_IN.res" 1740
"../../../Engine/Content/Internationalization/icudt64l/lang/pa_Guru_IN.res" 1741
"../../../Engine/Content/Internationalization/icudt64l/region/pa_IN.res" 1742
"../../../Engine/Content/Internationalization/icudt64l/region/pa_Guru_IN.res" 1743
"../../../Engine/Content/Internationalization/icudt64l/region/pa_Guru.res" 1744
"../../../Engine/Content/Internationalization/icudt64l/region/pa.res" 1745
"../../../Engine/Content/Internationalization/icudt64l/lang/pl.res" 1746
"../../../Engine/Content/Internationalization/icudt64l/region/pl.res" 1747
"../../../Engine/Content/Internationalization/icudt64l/lang/ps.res" 1748
"../../../Engine/Content/Internationalization/icudt64l/region/ps.res" 1749
"../../../Engine/Content/Internationalization/icudt64l/lang/ps_PK.res" 1750
"../../../Engine/Content/Internationalization/icudt64l/region/ps_PK.res" 1751
"../../../Engine/Content/Internationalization/icudt64l/lang/pt.res" 1752
"../../../Engine/Content/Internationalization/icudt64l/lang/pt_AO.res" 1753
"../../../Engine/Content/Internationalization/icudt64l/lang/pt_PT.res" 1754
"../../../Engine/Content/Internationalization/icudt64l/region/pt_AO.res" 1755
"../../../Engine/Content/Internationalization/icudt64l/region/pt_PT.res" 1756
"../../../Engine/Content/Internationalization/icudt64l/region/pt.res" 1757
"../../../Engine/Content/Internationalization/icudt64l/lang/pt_CH.res" 1758
"../../../Engine/Content/Internationalization/icudt64l/region/pt_CH.res" 1759
"../../../Engine/Content/Internationalization/icudt64l/lang/pt_CV.res" 1760
"../../../Engine/Content/Internationalization/icudt64l/region/pt_CV.res" 1761
"../../../Engine/Content/Internationalization/icudt64l/lang/pt_GQ.res" 1762
"../../../Engine/Content/Internationalization/icudt64l/region/pt_GQ.res" 1763
"../../../Engine/Content/Internationalization/icudt64l/lang/pt_GW.res" 1764
"../../../Engine/Content/Internationalization/icudt64l/region/pt_GW.res" 1765
"../../../Engine/Content/Internationalization/icudt64l/lang/pt_LU.res" 1766
"../../../Engine/Content/Internationalization/icudt64l/region/pt_LU.res" 1767
"../../../Engine/Content/Internationalization/icudt64l/lang/pt_MO.res" 1768
"../../../Engine/Content/Internationalization/icudt64l/region/pt_MO.res" 1769
"../../../Engine/Content/Internationalization/icudt64l/lang/pt_MZ.res" 1770
"../../../Engine/Content/Internationalization/icudt64l/region/pt_MZ.res" 1771
"../../../Engine/Content/Internationalization/icudt64l/lang/pt_ST.res" 1772
"../../../Engine/Content/Internationalization/icudt64l/region/pt_ST.res" 1773
"../../../Engine/Content/Internationalization/icudt64l/lang/pt_TL.res" 1774
"../../../Engine/Content/Internationalization/icudt64l/region/pt_TL.res" 1775
"../../../Engine/Content/Internationalization/icudt64l/lang/qu.res" 1776
"../../../Engine/Content/Internationalization/icudt64l/region/qu.res" 1777
"../../../Engine/Content/Internationalization/icudt64l/lang/rm.res" 1778
"../../../Engine/Content/Internationalization/icudt64l/region/rm.res" 1779
"../../../Engine/Content/Internationalization/icudt64l/lang/rn.res" 1780
"../../../Engine/Content/Internationalization/icudt64l/region/rn.res" 1781
"../../../Engine/Content/Internationalization/icudt64l/lang/ro.res" 1782
"../../../Engine/Content/Internationalization/icudt64l/lang/ro_MD.res" 1783
"../../../Engine/Content/Internationalization/icudt64l/region/ro_MD.res" 1784
"../../../Engine/Content/Internationalization/icudt64l/region/ro.res" 1785
"../../../Engine/Content/Internationalization/icudt64l/lang/rof.res" 1786
"../../../Engine/Content/Internationalization/icudt64l/region/rof.res" 1787
"../../../Engine/Content/Internationalization/icudt64l/lang/ru.res" 1788
"../../../Engine/Content/Internationalization/icudt64l/region/ru.res" 1789
"../../../Engine/Content/Internationalization/icudt64l/region/ru_UA.res" 1790
"../../../Engine/Content/Internationalization/icudt64l/lang/rw.res" 1791
"../../../Engine/Content/Internationalization/icudt64l/region/rw.res" 1792
"../../../Engine/Content/Internationalization/icudt64l/lang/rwk.res" 1793
"../../../Engine/Content/Internationalization/icudt64l/region/rwk.res" 1794
"../../../Engine/Content/Internationalization/icudt64l/lang/sah.res" 1795
"../../../Engine/Content/Internationalization/icudt64l/region/sah.res" 1796
"../../../Engine/Content/Internationalization/icudt64l/lang/saq.res" 1797
"../../../Engine/Content/Internationalization/icudt64l/region/saq.res" 1798
"../../../Engine/Content/Internationalization/icudt64l/lang/sbp.res" 1799
"../../../Engine/Content/Internationalization/icudt64l/region/sbp.res" 1800
"../../../Engine/Content/Internationalization/icudt64l/lang/sd.res" 1801
"../../../Engine/Content/Internationalization/icudt64l/region/sd.res" 1802
"../../../Engine/Content/Internationalization/icudt64l/lang/se.res" 1803
"../../../Engine/Content/Internationalization/icudt64l/lang/se_FI.res" 1804
"../../../Engine/Content/Internationalization/icudt64l/region/se_FI.res" 1805
"../../../Engine/Content/Internationalization/icudt64l/region/se.res" 1806
"../../../Engine/Content/Internationalization/icudt64l/lang/seh.res" 1807
"../../../Engine/Content/Internationalization/icudt64l/region/seh.res" 1808
"../../../Engine/Content/Internationalization/icudt64l/lang/ses.res" 1809
"../../../Engine/Content/Internationalization/icudt64l/region/ses.res" 1810
"../../../Engine/Content/Internationalization/icudt64l/lang/sg.res" 1811
"../../../Engine/Content/Internationalization/icudt64l/region/sg.res" 1812
"../../../Engine/Content/Internationalization/icudt64l/lang/shi.res" 1813
"../../../Engine/Content/Internationalization/icudt64l/lang/shi_Latn.res" 1814
"../../../Engine/Content/Internationalization/icudt64l/lang/shi_MA.res" 1815
"../../../Engine/Content/Internationalization/icudt64l/lang/shi_Tfng_MA.res" 1816
"../../../Engine/Content/Internationalization/icudt64l/lang/shi_Tfng.res" 1817
"../../../Engine/Content/Internationalization/icudt64l/region/shi_MA.res" 1818
"../../../Engine/Content/Internationalization/icudt64l/region/shi_Tfng_MA.res" 1819
"../../../Engine/Content/Internationalization/icudt64l/region/shi_Tfng.res" 1820
"../../../Engine/Content/Internationalization/icudt64l/region/shi.res" 1821
"../../../Engine/Content/Internationalization/icudt64l/region/shi_Latn.res" 1822
"../../../Engine/Content/Internationalization/icudt64l/lang/si.res" 1823
"../../../Engine/Content/Internationalization/icudt64l/region/si.res" 1824
"../../../Engine/Content/Internationalization/icudt64l/lang/sk.res" 1825
"../../../Engine/Content/Internationalization/icudt64l/region/sk.res" 1826
"../../../Engine/Content/Internationalization/icudt64l/lang/sl.res" 1827
"../../../Engine/Content/Internationalization/icudt64l/region/sl.res" 1828
"../../../Engine/Content/Internationalization/icudt64l/lang/smn.res" 1829
"../../../Engine/Content/Internationalization/icudt64l/region/smn.res" 1830
"../../../Engine/Content/Internationalization/icudt64l/lang/sn.res" 1831
"../../../Engine/Content/Internationalization/icudt64l/region/sn.res" 1832
"../../../Engine/Content/Internationalization/icudt64l/lang/so.res" 1833
"../../../Engine/Content/Internationalization/icudt64l/region/so.res" 1834
"../../../Engine/Content/Internationalization/icudt64l/lang/sq.res" 1835
"../../../Engine/Content/Internationalization/icudt64l/region/sq.res" 1836
"../../../Engine/Content/Internationalization/icudt64l/lang/sr.res" 1837
"../../../Engine/Content/Internationalization/icudt64l/lang/sr_Cyrl.res" 1838
"../../../Engine/Content/Internationalization/icudt64l/lang/sr_BA.res" 1839
"../../../Engine/Content/Internationalization/icudt64l/lang/sr_Cyrl_BA.res" 1840
"../../../Engine/Content/Internationalization/icudt64l/region/sr_BA.res" 1841
"../../../Engine/Content/Internationalization/icudt64l/region/sr_Cyrl_BA.res" 1842
"../../../Engine/Content/Internationalization/icudt64l/region/sr_Cyrl.res" 1843
"../../../Engine/Content/Internationalization/icudt64l/region/sr.res" 1844
"../../../Engine/Content/Internationalization/icudt64l/lang/sr_ME.res" 1845
"../../../Engine/Content/Internationalization/icudt64l/lang/sr_Latn_ME.res" 1846
"../../../Engine/Content/Internationalization/icudt64l/lang/sr_Latn.res" 1847
"../../../Engine/Content/Internationalization/icudt64l/region/sr_ME.res" 1848
"../../../Engine/Content/Internationalization/icudt64l/region/sr_Latn_ME.res" 1849
"../../../Engine/Content/Internationalization/icudt64l/region/sr_Latn.res" 1850
"../../../Engine/Content/Internationalization/icudt64l/lang/sr_Cyrl_ME.res" 1851
"../../../Engine/Content/Internationalization/icudt64l/region/sr_Cyrl_ME.res" 1852
"../../../Engine/Content/Internationalization/icudt64l/lang/sr_RS.res" 1853
"../../../Engine/Content/Internationalization/icudt64l/lang/sr_Cyrl_RS.res" 1854
"../../../Engine/Content/Internationalization/icudt64l/region/sr_RS.res" 1855
"../../../Engine/Content/Internationalization/icudt64l/region/sr_Cyrl_RS.res" 1856
"../../../Engine/Content/Internationalization/icudt64l/lang/sr_XK.res" 1857
"../../../Engine/Content/Internationalization/icudt64l/lang/sr_Cyrl_XK.res" 1858
"../../../Engine/Content/Internationalization/icudt64l/region/sr_XK.res" 1859
"../../../Engine/Content/Internationalization/icudt64l/region/sr_Cyrl_XK.res" 1860
"../../../Engine/Content/Internationalization/icudt64l/lang/sr_Latn_BA.res" 1861
"../../../Engine/Content/Internationalization/icudt64l/region/sr_Latn_BA.res" 1862
"../../../Engine/Content/Internationalization/icudt64l/lang/sr_Latn_RS.res" 1863
"../../../Engine/Content/Internationalization/icudt64l/region/sr_Latn_RS.res" 1864
"../../../Engine/Content/Internationalization/icudt64l/lang/sr_Latn_XK.res" 1865
"../../../Engine/Content/Internationalization/icudt64l/region/sr_Latn_XK.res" 1866
"../../../Engine/Content/Internationalization/icudt64l/lang/sv.res" 1867
"../../../Engine/Content/Internationalization/icudt64l/region/sv.res" 1868
"../../../Engine/Content/Internationalization/icudt64l/lang/sv_FI.res" 1869
"../../../Engine/Content/Internationalization/icudt64l/lang/sw.res" 1870
"../../../Engine/Content/Internationalization/icudt64l/lang/sw_CD.res" 1871
"../../../Engine/Content/Internationalization/icudt64l/region/sw_CD.res" 1872
"../../../Engine/Content/Internationalization/icudt64l/region/sw.res" 1873
"../../../Engine/Content/Internationalization/icudt64l/lang/sw_KE.res" 1874
"../../../Engine/Content/Internationalization/icudt64l/region/sw_KE.res" 1875
"../../../Engine/Content/Internationalization/icudt64l/lang/ta.res" 1876
"../../../Engine/Content/Internationalization/icudt64l/region/ta.res" 1877
"../../../Engine/Content/Internationalization/icudt64l/lang/te.res" 1878
"../../../Engine/Content/Internationalization/icudt64l/region/te.res" 1879
"../../../Engine/Content/Internationalization/icudt64l/lang/teo.res" 1880
"../../../Engine/Content/Internationalization/icudt64l/region/teo.res" 1881
"../../../Engine/Content/Internationalization/icudt64l/lang/tg.res" 1882
"../../../Engine/Content/Internationalization/icudt64l/region/tg.res" 1883
"../../../Engine/Content/Internationalization/icudt64l/lang/th.res" 1884
"../../../Engine/Content/Internationalization/icudt64l/lang/th_TH.res" 1885
"../../../Engine/Content/Internationalization/icudt64l/region/th_TH.res" 1886
"../../../Engine/Content/Internationalization/icudt64l/region/th.res" 1887
"../../../Engine/Content/Internationalization/icudt64l/lang/ti.res" 1888
"../../../Engine/Content/Internationalization/icudt64l/region/ti.res" 1889
"../../../Engine/Content/Internationalization/icudt64l/lang/tk.res" 1890
"../../../Engine/Content/Internationalization/icudt64l/region/tk.res" 1891
"../../../Engine/Content/Internationalization/icudt64l/lang/to.res" 1892
"../../../Engine/Content/Internationalization/icudt64l/region/to.res" 1893
"../../../Engine/Content/Internationalization/icudt64l/lang/tr.res" 1894
"../../../Engine/Content/Internationalization/icudt64l/region/tr.res" 1895
"../../../Engine/Content/Internationalization/icudt64l/lang/tt.res" 1896
"../../../Engine/Content/Internationalization/icudt64l/region/tt.res" 1897
"../../../Engine/Content/Internationalization/icudt64l/lang/twq.res" 1898
"../../../Engine/Content/Internationalization/icudt64l/region/twq.res" 1899
"../../../Engine/Content/Internationalization/icudt64l/lang/tzm.res" 1900
"../../../Engine/Content/Internationalization/icudt64l/region/tzm.res" 1901
"../../../Engine/Content/Internationalization/icudt64l/lang/ug.res" 1902
"../../../Engine/Content/Internationalization/icudt64l/region/ug.res" 1903
"../../../Engine/Content/Internationalization/icudt64l/lang/uk.res" 1904
"../../../Engine/Content/Internationalization/icudt64l/region/uk.res" 1905
"../../../Engine/Content/Internationalization/icudt64l/lang/ur.res" 1906
"../../../Engine/Content/Internationalization/icudt64l/lang/ur_IN.res" 1907
"../../../Engine/Content/Internationalization/icudt64l/region/ur_IN.res" 1908
"../../../Engine/Content/Internationalization/icudt64l/region/ur.res" 1909
"../../../Engine/Content/Internationalization/icudt64l/lang/uz.res" 1910
"../../../Engine/Content/Internationalization/icudt64l/lang/uz_Arab.res" 1911
"../../../Engine/Content/Internationalization/icudt64l/lang/uz_AF.res" 1912
"../../../Engine/Content/Internationalization/icudt64l/lang/uz_Arab_AF.res" 1913
"../../../Engine/Content/Internationalization/icudt64l/region/uz_AF.res" 1914
"../../../Engine/Content/Internationalization/icudt64l/region/uz_Arab_AF.res" 1915
"../../../Engine/Content/Internationalization/icudt64l/region/uz_Arab.res" 1916
"../../../Engine/Content/Internationalization/icudt64l/lang/uz_Cyrl.res" 1917
"../../../Engine/Content/Internationalization/icudt64l/lang/uz_UZ.res" 1918
"../../../Engine/Content/Internationalization/icudt64l/lang/uz_Latn_UZ.res" 1919
"../../../Engine/Content/Internationalization/icudt64l/lang/uz_Latn.res" 1920
"../../../Engine/Content/Internationalization/icudt64l/region/uz_UZ.res" 1921
"../../../Engine/Content/Internationalization/icudt64l/region/uz_Latn_UZ.res" 1922
"../../../Engine/Content/Internationalization/icudt64l/region/uz_Latn.res" 1923
"../../../Engine/Content/Internationalization/icudt64l/region/uz.res" 1924
"../../../Engine/Content/Internationalization/icudt64l/region/uz_Cyrl.res" 1925
"../../../Engine/Content/Internationalization/icudt64l/lang/vai.res" 1926
"../../../Engine/Content/Internationalization/icudt64l/lang/vai_Latn.res" 1927
"../../../Engine/Content/Internationalization/icudt64l/lang/vai_LR.res" 1928
"../../../Engine/Content/Internationalization/icudt64l/lang/vai_Vaii_LR.res" 1929
"../../../Engine/Content/Internationalization/icudt64l/lang/vai_Vaii.res" 1930
"../../../Engine/Content/Internationalization/icudt64l/region/vai_LR.res" 1931
"../../../Engine/Content/Internationalization/icudt64l/region/vai_Vaii_LR.res" 1932
"../../../Engine/Content/Internationalization/icudt64l/region/vai_Vaii.res" 1933
"../../../Engine/Content/Internationalization/icudt64l/region/vai.res" 1934
"../../../Engine/Content/Internationalization/icudt64l/region/vai_Latn.res" 1935
"../../../Engine/Content/Internationalization/icudt64l/lang/vi.res" 1936
"../../../Engine/Content/Internationalization/icudt64l/region/vi.res" 1937
"../../../Engine/Content/Internationalization/icudt64l/lang/vun.res" 1938
"../../../Engine/Content/Internationalization/icudt64l/region/vun.res" 1939
"../../../Engine/Content/Internationalization/icudt64l/lang/wae.res" 1940
"../../../Engine/Content/Internationalization/icudt64l/region/wae.res" 1941
"../../../Engine/Content/Internationalization/icudt64l/lang/wo.res" 1942
"../../../Engine/Content/Internationalization/icudt64l/region/wo.res" 1943
"../../../Engine/Content/Internationalization/icudt64l/lang/xh.res" 1944
"../../../Engine/Content/Internationalization/icudt64l/region/xh.res" 1945
"../../../Engine/Content/Internationalization/icudt64l/lang/xog.res" 1946
"../../../Engine/Content/Internationalization/icudt64l/region/xog.res" 1947
"../../../Engine/Content/Internationalization/icudt64l/lang/yav.res" 1948
"../../../Engine/Content/Internationalization/icudt64l/region/yav.res" 1949
"../../../Engine/Content/Internationalization/icudt64l/lang/yi.res" 1950
"../../../Engine/Content/Internationalization/icudt64l/region/yi.res" 1951
"../../../Engine/Content/Internationalization/icudt64l/lang/yo.res" 1952
"../../../Engine/Content/Internationalization/icudt64l/lang/yo_BJ.res" 1953
"../../../Engine/Content/Internationalization/icudt64l/region/yo_BJ.res" 1954
"../../../Engine/Content/Internationalization/icudt64l/region/yo.res" 1955
"../../../Engine/Content/Internationalization/icudt64l/lang/yue.res" 1956
"../../../Engine/Content/Internationalization/icudt64l/lang/yue_Hans.res" 1957
"../../../Engine/Content/Internationalization/icudt64l/lang/yue_CN.res" 1958
"../../../Engine/Content/Internationalization/icudt64l/lang/yue_Hans_CN.res" 1959
"../../../Engine/Content/Internationalization/icudt64l/region/yue_CN.res" 1960
"../../../Engine/Content/Internationalization/icudt64l/region/yue_Hans_CN.res" 1961
"../../../Engine/Content/Internationalization/icudt64l/region/yue_Hans.res" 1962
"../../../Engine/Content/Internationalization/icudt64l/lang/yue_Hant.res" 1963
"../../../Engine/Content/Internationalization/icudt64l/lang/yue_HK.res" 1964
"../../../Engine/Content/Internationalization/icudt64l/lang/yue_Hant_HK.res" 1965
"../../../Engine/Content/Internationalization/icudt64l/region/yue_HK.res" 1966
"../../../Engine/Content/Internationalization/icudt64l/region/yue_Hant_HK.res" 1967
"../../../Engine/Content/Internationalization/icudt64l/region/yue_Hant.res" 1968
"../../../Engine/Content/Internationalization/icudt64l/region/yue.res" 1969
"../../../Engine/Content/Internationalization/icudt64l/lang/zgh.res" 1970
"../../../Engine/Content/Internationalization/icudt64l/region/zgh.res" 1971
"../../../Engine/Content/Internationalization/icudt64l/lang/zh.res" 1972
"../../../Engine/Content/Internationalization/icudt64l/lang/zh_Hans.res" 1973
"../../../Engine/Content/Internationalization/icudt64l/lang/zh_CN.res" 1974
"../../../Engine/Content/Internationalization/icudt64l/lang/zh_Hans_CN.res" 1975
"../../../Engine/Content/Internationalization/icudt64l/region/zh_CN.res" 1976
"../../../Engine/Content/Internationalization/icudt64l/region/zh_Hans_CN.res" 1977
"../../../Engine/Content/Internationalization/icudt64l/region/zh_Hans.res" 1978
"../../../Engine/Content/Internationalization/icudt64l/region/zh.res" 1979
"../../../Engine/Content/Internationalization/icudt64l/lang/zh_HK.res" 1980
"../../../Engine/Content/Internationalization/icudt64l/lang/zh_Hant_HK.res" 1981
"../../../Engine/Content/Internationalization/icudt64l/lang/zh_Hant.res" 1982
"../../../Engine/Content/Internationalization/icudt64l/region/zh_HK.res" 1983
"../../../Engine/Content/Internationalization/icudt64l/region/zh_Hant_HK.res" 1984
"../../../Engine/Content/Internationalization/icudt64l/region/zh_Hant.res" 1985
"../../../Engine/Content/Internationalization/icudt64l/lang/zh_MO.res" 1986
"../../../Engine/Content/Internationalization/icudt64l/lang/zh_Hant_MO.res" 1987
"../../../Engine/Content/Internationalization/icudt64l/region/zh_MO.res" 1988
"../../../Engine/Content/Internationalization/icudt64l/region/zh_Hant_MO.res" 1989
"../../../Engine/Content/Internationalization/icudt64l/lang/zh_SG.res" 1990
"../../../Engine/Content/Internationalization/icudt64l/lang/zh_Hans_SG.res" 1991
"../../../Engine/Content/Internationalization/icudt64l/region/zh_SG.res" 1992
"../../../Engine/Content/Internationalization/icudt64l/region/zh_Hans_SG.res" 1993
"../../../Engine/Content/Internationalization/icudt64l/lang/zh_TW.res" 1994
"../../../Engine/Content/Internationalization/icudt64l/lang/zh_Hant_TW.res" 1995
"../../../Engine/Content/Internationalization/icudt64l/region/zh_TW.res" 1996
"../../../Engine/Content/Internationalization/icudt64l/region/zh_Hant_TW.res" 1997
"../../../Engine/Content/Internationalization/icudt64l/lang/zu.res" 1998
"../../../Engine/Content/Internationalization/icudt64l/region/zu.res" 1999
"../../../Engine/Content/Internationalization/icudt64l/lang/no.res" 2000
"../../../Engine/Content/Internationalization/icudt64l/lang/tl.res" 2001
"../../../Engine/Config/Android/DataDrivenPlatformInfo.ini" 2002
"../../../Engine/Config/IOS/DataDrivenPlatformInfo.ini" 2003
"../../../Engine/Config/Linux/DataDrivenPlatformInfo.ini" 2004
"../../../Engine/Config/Mac/DataDrivenPlatformInfo.ini" 2005
"../../../Engine/Config/TVOS/DataDrivenPlatformInfo.ini" 2006
"../../../Engine/Config/Unix/DataDrivenPlatformInfo.ini" 2007
"../../../Engine/Config/VulkanPC/DataDrivenPlatformInfo.ini" 2008
"../../../Engine/Config/Windows/DataDrivenPlatformInfo.ini" 2009
"../../../Engine/Platforms/VisionOS/Config/DataDrivenPlatformInfo.ini" 2010
"../../../Engine/Content/Renderer/TessellationTable.bin" 2011
"../../../Engine/DerivedDataCache/Compressed.ddp" 2012
"C:/Users/mikel/AppData/Local/UnrealEngine/5.7/Saved/Zen/zen.version" 2013
"C:/Users/mikel/AppData/Local/UnrealEngine/Common/Zen/Install/zen.version" 2014
"C:/Users/mikel/AppData/Local/UnrealEngine/Common/Zen/Install/zenserver.runcontext" 2015
"C:/Users/mikel/AppData/Local/UnrealEngine/Common/DerivedDataCache/TestData/0/TestData_4kb.dat" 2016
"C:/Users/mikel/AppData/Local/UnrealEngine/Common/DerivedDataCache/TestData/1/TestData_4kb.dat" 2017
"C:/Users/mikel/AppData/Local/UnrealEngine/Common/DerivedDataCache/TestData/0/TestData_8kb.dat" 2018
"C:/Users/mikel/AppData/Local/UnrealEngine/Common/DerivedDataCache/TestData/1/TestData_8kb.dat" 2019
"C:/Users/mikel/AppData/Local/UnrealEngine/Common/DerivedDataCache/TestData/0/TestData_16kb.dat" 2020
"C:/Users/mikel/AppData/Local/UnrealEngine/Common/DerivedDataCache/TestData/1/TestData_16kb.dat" 2021
"C:/Users/mikel/AppData/Local/UnrealEngine/Common/DerivedDataCache/TestData/0/TestData_64kb.dat" 2022
"C:/Users/mikel/AppData/Local/UnrealEngine/Common/DerivedDataCache/TestData/1/TestData_64kb.dat" 2023
"C:/Users/mikel/AppData/Local/UnrealEngine/Common/DerivedDataCache/TestData/0/TestData_128kb.dat" 2024
"C:/Users/mikel/AppData/Local/UnrealEngine/Common/DerivedDataCache/TestData/1/TestData_128kb.dat" 2025
"C:/Users/mikel/AppData/Local/UnrealEngine/Common/DerivedDataCache/TestData/0/TestData_256kb.dat" 2026
"C:/Users/mikel/AppData/Local/UnrealEngine/Common/DerivedDataCache/TestData/1/TestData_256kb.dat" 2027
"C:/Users/mikel/AppData/Roaming/Unreal Engine/UnrealBuildTool/BuildConfiguration.xml" 2028
"../../../../../../Users/mikel/Downloads/Paranoia/Intermediate/ShaderAutogen/PCD3D_SM6/AutogenShaderHeaders.ush" 2029
"../../../Engine/Plugins/Experimental/Water/Shaders/Private/WaterMeshVertexFactory.ush" 2030
"../../../Engine/Shaders/Private/VertexFactoryCommon.ush" 2031
"../../../Engine/Shaders/Private/Common.ush" 2032
"../../../Engine/Shaders/Public/Platform.ush" 2033
"../../../Engine/Shaders/Public/FP16Math.ush" 2034
"../../../Engine/Shaders/Public/Platform/D3D/D3DCommon.ush" 2035
"../../../Engine/Shaders/Shared/HLSLReservedSpaces.h" 2036
"../../../Engine/Shaders/Public/BindlessResources.ush" 2037
"../../../Engine/Shaders/Public/Platform/D3D/PlatformBindlessResources.ush" 2038
"../../../Engine/Shaders/Shared/RayTracingBuiltInResources.h" 2039
"../../../Engine/Shaders/Shared/RayTracingDefinitions.h" 2040
"../../../Engine/Shaders/Shared/MaterialCacheDefinitions.h" 2041
"../../../Engine/Shaders/Shared/HLSLTypeAliases.h" 2042
"../../../Engine/Shaders/Public/IndirectVirtualTexture.ush" 2043
"../../../Engine/Shaders/Shared/IndirectVirtualTextureDefinitions.h" 2044
"../../../Engine/Shaders/Public/OverloadMacros.ush" 2045
"../../../Engine/Shaders/Public/ShaderVersion.ush" 2046
"../../../Engine/Shaders/Shared/ThirdParty/NVIDIA/nvHLSLExtns.h" 2047
"../../../Engine/Shaders/Shared/ThirdParty/NVIDIA/nvHLSLExtnsInternal.h" 2048
"../../../Engine/Shaders/Shared/ThirdParty/NVIDIA/nvShaderExtnEnums.h" 2049
"../../../Engine/Shaders/Private/PackUnpack.ush" 2050
"../../../Engine/Shaders/Private/GeneratedUniformBufferTypes.ush" 2051
"../../../Engine/Shaders/Private/Nanite/NanitePackedNaniteView.ush" 2052
"../../../Engine/Shaders/Private/HairStrands/HairStrandsVisibilityCommonStruct.ush" 2053
"../../../Engine/Shaders/Private/HairStrands/HairStrandsVoxelPageCommonStruct.ush" 2054
"../../../Engine/Shaders/Private/HairStrands/HairStrandsDeepShadowCommonStruct.ush" 2055
"../../../Engine/Shaders/Shared/LightSceneData.h" 2056
"../../../Engine/Shaders/Private/LargeWorldCoordinates.ush" 2057
"../../../Engine/Shaders/Private/DoubleFloat.ush" 2058
"../../../Engine/Shaders/Private/RandomPCG.ush" 2059
"../../../Engine/Shaders/Private/DoubleFloatOperations.ush" 2060
"../../../Engine/Shaders/Private/DoubleFloatVectorDefinition.ush" 2061
"../../../Engine/Shaders/Private/LWCOperations.ush" 2062
"../../../Engine/Shaders/Shared/LightViewData.h" 2063
"../../../Engine/Shaders/Shared/RayTracingTypes.h" 2064
"../../../Engine/Shaders/Shared/HLSLStaticAssert.h" 2065
"../../../Engine/Shaders/Private/CommonViewUniformBuffer.ush" 2066
"../../../Engine/Shaders/Private/InstancedStereo.ush" 2067
"../../../Engine/Shaders/Private/Definitions.usf" 2068
"../../../Engine/Shaders/Private/AssertionMacros.ush" 2069
"../../../Engine/Shaders/Private/FastMath.ush" 2070
"../../../Engine/Shaders/Private/FastMathThirdParty.ush" 2071
"../../../Engine/Shaders/Private/Random.ush" 2072
"../../../Engine/Shaders/Private/RandomInterleavedGradientNoise.ush" 2073
"../../../Engine/Shaders/Private/SceneData.ush" 2074
"../../../Engine/Shaders/Private/OctahedralCommon.ush" 2075
"../../../Engine/Shaders/Private/WaveOpUtil.ush" 2076
"../../../Engine/Shaders/Private/ByteBuffer.ush" 2077
"../../../Engine/Shaders/Shared/SceneDefinitions.h" 2078
"../../../Engine/Shaders/Private/SceneDataMobileLoader.ush" 2079
"../../../Engine/Shaders/Private/VertexFactoryDefaultInterface.ush" 2080
"../../../Engine/Shaders/Private/HairStrands/HairStrandsVertexFactory.ush" 2081
"../../../Engine/Shaders/Private/LocalVertexFactoryCommon.ush" 2082
"../../../Engine/Shaders/Private/HairStrands/HairStrandsVisibilityCommon.ush" 2083
"../../../Engine/Shaders/Shared/HairStrandsDefinitions.h" 2084
"../../../Engine/Shaders/Private/HairStrands/HairStrandsVertexFactoryCommon.ush" 2085
"../../../Engine/Shaders/Private/HairStrands/HairStrandsPack.ush" 2086
"../../../Engine/Shaders/Private/HairStrands/HairStrandsAttributeCommon.ush" 2087
"../../../Engine/Shaders/Private/HairStrands/HairStrandsAttributeTemplate.ush" 2088
"../../../Engine/Shaders/Private/HairStrands/HairCardsVertexFactory.ush" 2089
"../../../Engine/Shaders/Private/HairStrands/HairCardsAttributeCommon.ush" 2090
"../../../Engine/Shaders/Private/RayTracing/RayTracingCommon.ush" 2091
"../../../Engine/Shaders/Private/ShadingCommon.ush" 2092
"../../../Engine/Shaders/Shared/RayTracingPayloadType.h" 2093
"../../../Engine/Shaders/Private/RayTracing/RayTracingRayCone.ush" 2094
"../../../Engine/Shaders/Private/Substrate/Substrate.ush" 2095
"../../../Engine/Shaders/Private/ShadingEnergyConservation.ush" 2096
"../../../Engine/Shaders/Private/ShadingEnergyConservationTemplate.ush" 2097
"../../../Engine/Shaders/Private/BRDF.ush" 2098
"../../../Engine/Shaders/Private/ColorSpace.ush" 2099
"../../../Engine/Shaders/Private/DeferredShadingCommon.ush" 2100
"../../../Engine/Shaders/Private/LightAccumulator.ush" 2101
"../../../Engine/Shaders/Private/SceneTexturesCommon.ush" 2102
"../../../Engine/Shaders/Private/MonteCarlo.ush" 2103
"../../../Engine/Shaders/Private/GBufferHelpers.ush" 2104
"../../../Engine/Shaders/Private/SceneTextureParameters.ush" 2105
"C:/Users/mikel/Downloads/Paranoia/Intermediate/ShaderAutogen/PCD3D_SM6/AutogenShaderHeaders.ush" 2106
"../../../Engine/Shaders/Private/ParticipatingMediaCommon.ush" 2107
"../../../Engine/Shaders/Private/ThinFilmBSDF.ush" 2108
"../../../Engine/Shaders/Private/MortonCode.ush" 2109
"../../../Engine/Shaders/Private/SubsurfaceProfileCommon.ush" 2110
"../../../Engine/Shaders/Private/BurleyNormalizedSSSCommon.ush" 2111
"../../../Engine/Shaders/Private/GammaCorrectionCommon.ush" 2112
"../../../Engine/Shaders/Shared/SubstrateDefinitions.h" 2113
"../../../Engine/Shaders/Private/Substrate/SubstrateStatisticalOperators.ush" 2114
"../../../Engine/Shaders/Private/Substrate/SubstrateSubsurface.ush" 2115
"../../../Engine/Shaders/Private/TransmissionCommon.ush" 2116
"../../../Engine/Shaders/Private/Substrate/SubstrateExportCommon.ush" 2117
"../../../Engine/Shaders/Private/SpecularProfileCommon.ush" 2118
"../../../Engine/Shaders/Private/RayTracing/RayTracingCommonMetal.ush" 2119
"../../../Engine/Shaders/Private/PositionReconstructionCommon.ush" 2120
"../../../Engine/Shaders/Private/RayTracing/TraceRayInline.ush" 2121
"../../../Engine/Shaders/Private/RayTracing/TraceRayInlineCommon.ush" 2122
"../../../Engine/Shaders/Private/RayTracing/TraceRayInlineVulkan.ush" 2123
"../../../Engine/Shaders/Private/RayTracing/TraceRayInlineMetal.ush" 2124
"../../../Engine/Shaders/Private/RayTracing/RayTracingHitGroupCommon.ush" 2125
"../../../Engine/Shaders/Private/Nanite/NaniteRayTrace.ush" 2126
"../../../Engine/Shaders/Private/Nanite/NaniteDataDecode.ush" 2127
"../../../Engine/Shaders/Private/BitPacking.ush" 2128
"../../../Engine/Shaders/Private/BitStreamReaderImplementation.ush" 2129
"../../../Engine/Shaders/Private/BoneTransform.ush" 2130
"../../../Engine/Shaders/Private/Quaternion.ush" 2131
"../../../Engine/Shaders/Private/Skinning/SkinningDataDecode.ush" 2132
"../../../Engine/Shaders/Private/GpuSkinCommon.ush" 2133
"../../../Engine/Shaders/Shared/SkinningDefinitions.h" 2134
"../../../Engine/Shaders/Shared/NaniteDefinitions.h" 2135
"../../../Engine/Shaders/Private/Nanite/NaniteAttributeDecode.ush" 2136
"../../../Engine/Shaders/Private/Barycentrics.ush" 2137
"../../../Engine/Shaders/Private/DualNumber.ush" 2138
"../../../Engine/Shaders/Shared/ThirdParty/RayTriangleIntersection.h" 2139
"../../../Engine/Shaders/Private/Nanite/NaniteVertexFetch.ush" 2140
"../../../Engine/Shaders/Private/ViewData.ush" 2141
"../../../Engine/Shaders/Shared/ViewDefinitions.h" 2142
"../../../Engine/Shaders/Private/Nanite/NaniteSceneCommon.ush" 2143
"../../../Engine/Shaders/Private/RayTracing/TraceRayInlineD3D12.ush" 2144
"../../../Engine/Plugins/FX/Niagara/Shaders/Private/NiagaraSpriteVertexFactory.ush" 2145
"../../../Engine/Shaders/Private/ParticleVertexFactoryCommon.ush" 2146
"../../../Engine/Plugins/FX/Niagara/Shaders/Private/NiagaraVFCommon.usf" 2147
"../../../Engine/Plugins/FX/Niagara/Shaders/Private/NiagaraVFParticleAccess.usf" 2148
"../../../Engine/Plugins/FX/Niagara/Shaders/Private/NiagaraParticleAccess.ush" 2149
"../../../Engine/Plugins/FX/Niagara/Shaders/Private/NiagaraRibbonVertexFactory.ush" 2150
"../../../Engine/Plugins/FX/Niagara/Shaders/Private/NiagaraMeshVertexFactory.ush" 2151
"../../../Engine/Plugins/FX/Niagara/Shaders/Private/NiagaraCommon.ush" 2152
"../../../Engine/Plugins/FX/Niagara/Shaders/Private/NiagaraMeshParticleUtils.ush" 2153
"../../../Engine/Shaders/Private/VectorFieldVisualizationVertexFactory.ush" 2154
"../../../Engine/Shaders/Private/Nanite/NaniteVertexFactory.ush" 2155
"../../../Engine/Shaders/Private/LightmapData.ush" 2156
"../../../Engine/Shaders/Private/SplineMeshCommon.ush" 2157
"../../../Engine/Shaders/Shared/SplineMeshShaderParams.h" 2158
"../../../Engine/Shaders/Private/ShaderPrint.ush" 2159
"../../../Engine/Shaders/Private/ShaderPrintCommon.ush" 2160
"../../../Engine/Shaders/Private/MiniFontCommon.ush" 2161
"../../../Engine/Shaders/Private/SGGX.ush" 2162
"../../../Engine/Shaders/Private/MaterialCache/MaterialCacheCommon.ush" 2163
"../../../Engine/Shaders/Private/Nanite/NaniteVertexDeformation.ush" 2164
"../../../Engine/Shaders/Private/Matrices.ush" 2165
"../../../Engine/Shaders/Private/ParticleSpriteVertexFactory.ush" 2166
"../../../Engine/Shaders/Private/ParticleGPUSpriteVertexFactory.ush" 2167
"../../../Engine/Shaders/Private/ParticleSimulationCommon.ush" 2168
"../../../Engine/Shaders/Private/ParticleBeamTrailVertexFactory.ush" 2169
"../../../Engine/Shaders/Private/MeshParticleVertexFactory.ush" 2170
"../../../Engine/Shaders/Private/LocalVertexFactory.ush" 2171
"../../../Engine/Shaders/Private/GpuSkinVertexFactory.ush" 2172
"../../../Engine/Shaders/Private/GeometryCollectionVertexFactory.ush" 2173
"../../../Engine/Shaders/Private/GeometryCacheVertexFactory.ush" 2174
"../../../Engine/Shaders/Private/LandscapeVertexFactory.ush" 2175
"../../../Engine/Plugins/Experimental/Water/Shaders/Private/WaterQuadTreeDraws.usf" 2176
"../../../Engine/Plugins/Experimental/Water/Shaders/Private/WaterQuadTreeCommon.ush" 2177
"../../../Engine/Shaders/Private/Nanite/NaniteHZBCull.ush" 2178
"../../../Engine/Shaders/Private/HZB.ush" 2179
"../../../Engine/Plugins/Experimental/Water/Shaders/Private/WaterQuadTreeBuild.usf" 2180
"../../../Engine/Plugins/Experimental/Water/Shaders/Private/WaterQuadTreeMerge.usf" 2181
"../../../Engine/Plugins/Experimental/Water/Shaders/Private/WaterQuadTreePixelShader.usf" 2182
"../../../Engine/Plugins/Experimental/Water/Shaders/Private/WaterQuadTreeVertexShader.usf" 2183
"../../../Engine/Plugins/Experimental/Water/Shaders/Private/WaterInfoFinalize.usf" 2184
"../../../Engine/Plugins/Experimental/Water/Shaders/Private/WaterInfoMerge.usf" 2185
"../../../Engine/Plugins/Experimental/NFORDenoise/Shaders/NFORDenoise.usf" 2186
"../../../Engine/Shaders/Private/ScreenPass.ush" 2187
"../../../Engine/Plugins/Experimental/NFORDenoise/Shaders/NFORRegressionCommon.ush" 2188
"../../../Engine/Plugins/Experimental/NFORDenoise/Shaders/NFORRegression.ush" 2189
"../../../Engine/Plugins/Enterprise/GLTFExporter/Shaders/Private/SimpleTexture2DPS.usf" 2190
"../../../Engine/Shaders/Private/SimpleElementNormalMapPixelShader.usf" 2191
"../../../Engine/Plugins/Compositing/CompositeCore/Shaders/Private/CompositeCoreMerge.usf" 2192
"../../../Engine/Shaders/Private/LensDistortion.ush" 2193
"../../../Engine/Plugins/Compositing/CompositeCore/Shaders/Private/CompositeCoreBlending.ush" 2194
"../../../Engine/Plugins/Compositing/CompositeCore/Shaders/Private/CompositeCoreDisplayTransform.usf" 2195
"../../../Engine/Plugins/Compositing/CompositeCore/Shaders/Private/CompositeCoreDilate.usf" 2196
"../../../Engine/Plugins/Runtime/HairStrands/Shaders/Private/NiagaraCopyVelocityGrid.usf" 2197
"../../../Engine/Plugins/Runtime/HairStrands/Shaders/Private/NiagaraClearVelocityGrid.usf" 2198
"../../../Engine/Plugins/Runtime/HairStrands/Shaders/Private/NiagaraClearPressureGrid.usf" 2199
"../../../Engine/Plugins/Runtime/HairStrands/Shaders/Private/NiagaraInterpolateGroomGuides.usf" 2200
"../../../Engine/Plugins/Runtime/HairStrands/Shaders/Private/NiagaraGroomInterpolationUtils.ush" 2201
"../../../Engine/Plugins/FX/Niagara/Shaders/Private/NiagaraQuaternionUtils.ush" 2202
"../../../Engine/Shaders/Private/HairStrands/HairStrandsMesh.usf" 2203
"../../../Engine/Shaders/Private/HairStrands/HairStrandsBindingCommon.ush" 2204
"../../../Engine/Shaders/Private/HairStrands/HairStrandsFollicleMask.usf" 2205
"../../../Engine/Shaders/Private/HairStrands/HairStrandsSkinUpdate.usf" 2206
"../../../Engine/Shaders/Private/HairStrands/HairStrandsClusterCulling.usf" 2207
"../../../Engine/Shaders/Private/ColorMap.ush" 2208
"../../../Engine/Shaders/Private/HairStrands/HairStrandsAABBCommon.ush" 2209
"../../../Engine/Shaders/Private/HairStrands/HairStrandsClusterCommon.ush" 2210
"../../../Engine/Shaders/Private/ThreadGroupPrefixSum.ush" 2211
"../../../Engine/Shaders/Private/HairStrands/HairStrandsRaytracingGeometry.usf" 2212
"../../../Engine/Shaders/Private/HairStrands/HairStrandsTangent.usf" 2213
"../../../Engine/Shaders/Private/HairStrands/HairCardsDeformation.usf" 2214
"../../../Engine/Shaders/Private/HairStrands/HairStrandsInterpolation.usf" 2215
"../../../Engine/Shaders/Private/HairStrands/HairStrandsGuideDeform.usf" 2216
"../../../Engine/Shaders/Private/HairStrands/HairStrandsTexturesGeneration.usf" 2217
"../../../Engine/Shaders/Private/HairStrands/HairCardsTextureCommon.ush" 2218
"../../../Engine/Shaders/Private/HairStrands/HairStrandsTranscode.usf" 2219
"../../../Engine/Shaders/Private/HairStrands/HairStrandsDebug.usf" 2220
"../../../Engine/Shaders/Private/HairShadingCommon.ush" 2221
"../../../Engine/Shaders/Private/PostProcessCommon.ush" 2222
"../../../Engine/Shaders/Private/ShadingModels.ush" 2223
"../../../Engine/Shaders/Private/CapsuleLight.ush" 2224
"../../../Engine/Shaders/Private/RectLight.ush" 2225
"../../../Engine/Shaders/Private/LightData.ush" 2226
"../../../Engine/Shaders/Shared/LightDefinitions.h" 2227
"../../../Engine/Shaders/Private/AreaLightCommon.ush" 2228
"../../../Engine/Shaders/Private/HairBsdf.ush" 2229
"../../../Engine/Shaders/Private/PathTracing/Utilities/PathTracingRandomSequence.ush" 2230
"../../../Engine/Shaders/Private/MobileGGX.ush" 2231
"../../../Engine/Shaders/Private/HairStrands/HairStrandsCommon.ush" 2232
"../../../Engine/Shaders/Private/HairStrands/HairStrandsEnvironmentLightingCommon.ush" 2233
"../../../Engine/Shaders/Private/HairStrands/HairStrandsDeepTransmittanceCommon.ush" 2234
"../../../Engine/Shaders/Private/HairStrands/HairStrandsDeepTransmittanceDualScattering.ush" 2235
"../../../Engine/Shaders/Private/HairStrands/HairStrandsDeepShadowCommon.ush" 2236
"../../../Engine/Shaders/Private/HairStrands/HairStrandsDebugCommonStruct.ush" 2237
"../../../Engine/Plugins/Runtime/ComputeFramework/Shaders/Private/ComputeKernel.usf" 2238
"../../../Engine/Plugins/Runtime/ComputeFramework/Shaders/Private/ComputeKernelCommon.ush" 2239
"../../../Engine/Plugins/NNE/NNEDenoiser/Shaders/NNEDenoiserShadersTransferFunctionOidn.usf" 2240
"../../../Engine/Plugins/NNE/NNEDenoiser/Shaders/NNEDenoiserShadersMappedCopy.usf" 2241
"../../../Engine/Plugins/NNE/NNEDenoiser/Shaders/NNEDenoiserShadersDefaultIOProcess.usf" 2242
"../../../Engine/Plugins/NNE/NNEDenoiser/Shaders/NNEDenoiserShadersAutoExposureReduceFinal.usf" 2243
"../../../Engine/Plugins/NNE/NNEDenoiser/Shaders/NNEDenoiserShadersAutoExposureReduce.usf" 2244
"../../../Engine/Plugins/NNE/NNEDenoiser/Shaders/NNEDenoiserShadersAutoExposureDownsample.usf" 2245
"../../../Engine/Plugins/Media/WmfMedia/Shaders/Private/MediaHardwareVideoDecoding.usf" 2246
"../../../Engine/Shaders/Private/ColorUtils.ush" 2247
"../../../Engine/Plugins/Media/ImgMedia/Shaders/Private/ExrSwizzler.usf" 2248
"../../../Engine/Plugins/FX/Niagara/Shaders/Private/NiagaraVertexFactoryExport.usf" 2249
"../../../Engine/Shaders/Private/ComputeShaderUtils.ush" 2250
"../../../Engine/Shaders/Private/MaterialTemplate.ush" 2251
"../../../Engine/Shaders/Private/WorldSpaceMath.ush" 2252
"../../../Engine/Shaders/Private/EyeAdaptationCommon.ush" 2253
"../../../Engine/Shaders/Private/SobolRandom.ush" 2254
"../../../Engine/Shaders/Private/DepthOfFieldCommon.ush" 2255
"../../../Engine/Shaders/Private/CircleDOFCommon.ush" 2256
"../../../Engine/Shaders/Private/DistanceField/GlobalDistanceFieldShared.ush" 2257
"../../../Engine/Shaders/Private/PhysicsFieldSampler.ush" 2258
"../../../Engine/Shaders/Private/PhysicsFieldShared.ush" 2259
"../../../Engine/Shaders/Private/SparseVolumeTexture/SparseVolumeTextureCommon.ush" 2260
"../../../Engine/Shaders/Shared/EnvironmentComponentsFlags.h" 2261
"../../../Engine/Shaders/Private/MeshPaintTextureCommon.ush" 2262
"../../../Engine/Shaders/Private/VirtualTextureMaterial.ush" 2263
"../../../Engine/Shaders/Private/MaterialCache/MaterialCacheMaterialCommon.ush" 2264
"../../../Engine/Shaders/Private/Quantization.ush" 2265
"../../../Engine/Shaders/Private/SpeedTreeCommon.ush" 2266
"../../../Engine/Shaders/Private/VirtualTextureCommon.ush" 2267
"../../../Engine/Shaders/Public/IndirectVirtualTextureCommon.ush" 2268
"../../../Engine/Shaders/Private/MaterialTexture.ush" 2269
"../../../Engine/Shaders/Private/MinMaterialTexCoords.ush" 2270
"../../../Engine/Shaders/Private/SkyAtmosphereCommon.ush" 2271
"../../../Engine/Shaders/Private/SingleLayerWaterCommon.ush" 2272
"../../../Engine/Shaders/Private/TextureSampling.ush" 2273
"../../../Engine/Shaders/Private/PaniniProjection.ush" 2274
"../../../Engine/Shaders/Private/DBufferNormalReprojection.ush" 2275
"../../../Engine/Shaders/Public/SubstratePublic.ush" 2276
"../../../Engine/Shaders/Private/Substrate/SubstrateRead.ush" 2277
"../../../Engine/Shaders/Private/Substrate/SubstrateTree.ush" 2278
"../../../Engine/Shaders/Private/Substrate/SubstrateEvaluation.ush" 2279
"../../../Engine/Shaders/Private/Substrate/Glint/GlintThirdParty.ush" 2280
"../../../Engine/Shaders/Private/BlueNoise.ush" 2281
"../../../Engine/Shaders/Private/SHCommon.ush" 2282
"../../../Engine/Shaders/Private/ShadingModelsSampling.ush" 2283
"../../../Engine/Shaders/Private/HairStrands/HairBsdfSample.ush" 2284
"../../../Engine/Shaders/Private/Substrate/SubstrateLegacyConversion.ush" 2285
"../../../Engine/Shaders/Private/DBufferDecalShared.ush" 2286
"../../../Engine/Plugins/FX/Niagara/Shaders/Private/NiagaraSortKeyGen.usf" 2287
"../../../Engine/Plugins/FX/Niagara/Shaders/Private/NiagaraGPURayTracingTransforms.usf" 2288
"../../../Engine/Plugins/FX/Niagara/Shaders/Private/NiagaraDrawIndirectArgsGen.usf" 2289
"../../../Engine/Plugins/FX/Niagara/Shaders/Private/NiagaraDispatchIndirectArgsGen.usf" 2290
"../../../Engine/Plugins/FX/Niagara/Shaders/Private/Stateless/NiagaraStatelessSimulationDefault.usf" 2291
"../../../Engine/Plugins/FX/Niagara/Shaders/Private/Stateless/NiagaraStatelessCommon.ush" 2292
"../../../Engine/Plugins/FX/Niagara/Shaders/Shared/NiagaraStatelessDefinitions.h" 2293
"../../../Engine/Plugins/FX/Niagara/Shaders/Shared/NiagaraStatelessBuiltDistribution.h" 2294
"../../../Engine/Plugins/FX/Niagara/Shaders/Private/Stateless/NiagaraStatelessDistribution.ush" 2295
"../../../Engine/Plugins/FX/Niagara/Shaders/Private/Stateless/Template/GenerateCS_PreModules.ush" 2296
"../../../Engine/Plugins/FX/Niagara/Shaders/Private/Stateless/Modules/NiagaraStatelessModule_CalculateAccurateVelocity.ush" 2297
"../../../Engine/Plugins/FX/Niagara/Shaders/Private/Stateless/Modules/NiagaraStatelessModule_CameraOffset.ush" 2298
"../../../Engine/Plugins/FX/Niagara/Shaders/Private/Stateless/Modules/NiagaraStatelessModule_DynamicMaterialParameters.ush" 2299
"../../../Engine/Plugins/FX/Niagara/Shaders/Private/Stateless/Modules/NiagaraStatelessModule_InitializeParticle.ush" 2300
"../../../Engine/Plugins/FX/Niagara/Shaders/Private/Stateless/Modules/NiagaraStatelessModule_InitialMeshOrientation.ush" 2301
"../../../Engine/Plugins/FX/Niagara/Shaders/Private/Stateless/Modules/NiagaraStatelessModule_MeshIndex.ush" 2302
"../../../Engine/Plugins/FX/Niagara/Shaders/Private/Stateless/Modules/NiagaraStatelessModule_MeshRotationRate.ush" 2303
"../../../Engine/Plugins/FX/Niagara/Shaders/Private/Stateless/Modules/NiagaraStatelessModule_RotateAroundPoint.ush" 2304
"../../../Engine/Plugins/FX/Niagara/Shaders/Private/Stateless/Modules/NiagaraStatelessModule_ShapeLocation.ush" 2305
"../../../Engine/Plugins/FX/Niagara/Shaders/Private/Stateless/Modules/NiagaraStatelessModule_ScaleColor.ush" 2306
"../../../Engine/Plugins/FX/Niagara/Shaders/Private/Stateless/Modules/NiagaraStatelessModule_ScaleRibbonWidth.ush" 2307
"../../../Engine/Plugins/FX/Niagara/Shaders/Private/Stateless/Modules/NiagaraStatelessModule_ScaleSpriteSize.ush" 2308
"../../../Engine/Plugins/FX/Niagara/Shaders/Private/Stateless/Modules/NiagaraStatelessModule_ScaleSpriteSizeBySpeed.ush" 2309
"../../../Engine/Plugins/FX/Niagara/Shaders/Private/Stateless/Modules/NiagaraStatelessModule_ScaleMeshSize.ush" 2310
"../../../Engine/Plugins/FX/Niagara/Shaders/Private/Stateless/Modules/NiagaraStatelessModule_ScaleMeshSizebySpeed.ush" 2311
"../../../Engine/Plugins/FX/Niagara/Shaders/Private/Stateless/Modules/NiagaraStatelessModule_SolveVelocitiesAndForces.ush" 2312
"../../../Engine/Plugins/FX/Niagara/Shaders/Private/Stateless/Modules/NiagaraStatelessModule_SpriteFacingAndAlignment.ush" 2313
"../../../Engine/Plugins/FX/Niagara/Shaders/Private/Stateless/Modules/NiagaraStatelessModule_SpriteRotationRate.ush" 2314
"../../../Engine/Plugins/FX/Niagara/Shaders/Private/Stateless/Modules/NiagaraStatelessModule_SubUVAnimation.ush" 2315
"../../../Engine/Plugins/FX/Niagara/Shaders/Private/Stateless/Template/GenerateCS_PostModules.ush" 2316
"../../../Engine/Plugins/FX/Niagara/Shaders/Private/NiagaraBlendSVTsToDenseBuffer.usf" 2317
"../../../Engine/Plugins/FX/Niagara/Shaders/Private/NiagaraSVTToDenseBuffer.usf" 2318
"../../../Engine/Plugins/FX/Niagara/Shaders/Private/NiagaraFillIntBuffer.usf" 2319
"../../../Engine/Plugins/FX/Niagara/Shaders/Private/NiagaraComputeFreeIDs.usf" 2320
"../../../Engine/Plugins/FX/Niagara/Shaders/Private/NiagaraInitFreeIDBuffer.usf" 2321
"../../../Engine/Plugins/FX/Niagara/Shaders/Private/NiagaraEmitterInstanceShader.usf" 2322
"../../../Engine/Plugins/FX/Niagara/Shaders/Private/NiagaraShaderVersion.ush" 2323
"../../../Engine/Plugins/FX/Niagara/Shaders/Private/NiagaraPhysicsCommon.ush" 2324
"../../../Engine/Plugins/FX/Niagara/Shaders/Private/Ribbons/NiagaraRibbonAggregationApply.usf" 2325
"../../../Engine/Plugins/FX/Niagara/Shaders/Private/Ribbons/NiagaraRibbonCommon.ush" 2326
"../../../Engine/Plugins/FX/Niagara/Shaders/Shared/NiagaraRibbonShared.h" 2327
"../../../Engine/Plugins/FX/Niagara/Shaders/Private/Ribbons/NiagaraRibbonAggregationStep.usf" 2328
"../../../Engine/Plugins/FX/Niagara/Shaders/Private/Ribbons/NiagaraRibbonGenerateIndices.usf" 2329
"../../../Engine/Plugins/FX/Niagara/Shaders/Private/Ribbons/NiagaraRibbonInitializeIndices.usf" 2330
"../../../Engine/Plugins/FX/Niagara/Shaders/Private/Ribbons/NiagaraRibbonRibbonUVParamCalculation.usf" 2331
"../../../Engine/Plugins/FX/Niagara/Shaders/Private/Ribbons/NiagaraRibbonVertexReductionFinalization.usf" 2332
"../../../Engine/Plugins/FX/Niagara/Shaders/Private/Ribbons/NiagaraRibbonVertexReductionInitialization.usf" 2333
"../../../Engine/Plugins/FX/Niagara/Shaders/Private/Ribbons/NiagaraRibbonSortParticles.usf" 2334
"../../../Engine/Plugins/FX/Niagara/Shaders/Private/NiagaraLWCHelper.usf" 2335
"../../../Engine/Plugins/FX/Niagara/Shaders/Private/NiagaraUpdateMeshGPUSceneInstances.usf" 2336
"../../../Engine/Shaders/Private/GPUScene/GPUSceneWriter.ush" 2337
"../../../Engine/Plugins/FX/Niagara/Shaders/Private/NiagaraGenerateMips.usf" 2338
"../../../Engine/Plugins/FX/Niagara/Shaders/Private/NiagaraDebugDraw.usf" 2339
"../../../Engine/Plugins/FX/Niagara/Shaders/Private/NiagaraDebugDraw.ush" 2340
"../../../Engine/Plugins/FX/Niagara/Shaders/Private/NiagaraVisualizeTexture.usf" 2341
"../../../Engine/Plugins/FX/Niagara/Shaders/Private/NiagaraClearCounts.usf" 2342
"../../../Engine/Plugins/FX/Niagara/Shaders/Private/NiagaraBatchedElements.usf" 2343
"../../../Engine/Plugins/FX/Niagara/Shaders/Private/NiagaraRayTracingShaders.usf" 2344
"../../../Engine/Plugins/FX/Niagara/Shaders/Private/NiagaraAsyncGpuTraceCommon.ush" 2345
"../../../Engine/Shaders/Private/HashTable.ush" 2346
"../../../Engine/Shaders/Private/Hash.ush" 2347
"../../../Engine/Shaders/Private/RayTracing/VFXTraceRay.ush" 2348
"../../../Engine/Plugins/FX/Niagara/Shaders/Private/NiagaraRayMarchingShaders.usf" 2349
"../../../Engine/Plugins/FX/Niagara/Shaders/Private/NiagaraRayTraceCollisionGroupShaders.usf" 2350
"../../../Engine/Plugins/FX/Niagara/Shaders/Private/NiagaraAsyncGpuTraceUtils.usf" 2351
"../../../Engine/Shaders/Private/VirtualTextureAdapter.usf" 2352
"../../../Engine/Shaders/Private/BlockCompressionCommon.ush" 2353
"../../../Engine/Shaders/Private/BCCompressionCommon.ush" 2354
"../../../Engine/Shaders/Private/TranslucentLightingShaders.usf" 2355
"../../../Engine/Shaders/Private/TranslucencyVolumeInjectionCommon.ush" 2356
"../../../Engine/Shaders/Private/CubemapCommon.ush" 2357
"../../../Engine/Shaders/Private/VectorFieldCompositeShaders.usf" 2358
"../../../Engine/Shaders/Private/UpdateTextureShaders.usf" 2359
"../../../Engine/Shaders/Private/StereoLayerShader.usf" 2360
"../../../Engine/Shaders/Private/SparseVolumeTexture/UpdateSparseVolumeTexture.usf" 2361
"../../../Engine/Shaders/Private/MorphTargets.usf" 2362
"../../../Engine/Shaders/Private/SimpleElementColorChannelMaskPixelShader.usf" 2363
"../../../Engine/Shaders/Private/SimpleElementHitProxyPixelShader.usf" 2364
"../../../Engine/Shaders/Private/SimpleElementPixelShader.usf" 2365
"../../../Engine/Shaders/Private/IESLightProfilesCommon.ush" 2366
"../../../Engine/Shaders/Private/SimpleElementVertexShader.usf" 2367
"../../../Engine/Shaders/Private/ScreenPixelShaderOES.usf" 2368
"../../../Engine/Shaders/Private/ScreenVertexShader.usf" 2369
"../../../Engine/Shaders/Private/ScreenPixelShader.usf" 2370
"../../../Engine/Shaders/Private/SSProfilePreIntegratedMobile.usf" 2371
"../../../Engine/Shaders/Private/SpecularProfile.usf" 2372
"../../../Engine/Shaders/Private/Nanite/NaniteStreaming.usf" 2373
"../../../Engine/Shaders/Private/Nanite/NaniteStreaming.ush" 2374
"../../../Engine/Shaders/Private/VolumetricLightmapStreaming.usf" 2375
"../../../Engine/Shaders/Private/PhysicsFieldReset.usf" 2376
"../../../Engine/Shaders/Private/PhysicsFieldBuilder.usf" 2377
"../../../Engine/Shaders/Private/PhysicsFieldEval.ush" 2378
"../../../Engine/Shaders/Private/ParticleSortKeyGen.usf" 2379
"../../../Engine/Shaders/Private/ParticleBoundsShader.usf" 2380
"../../../Engine/Shaders/Private/ParticleSimVisualizeShader.usf" 2381
"../../../Engine/Shaders/Private/ParticleInjectionShader.usf" 2382
"../../../Engine/Shaders/Private/ParticleSimulationShader.usf" 2383
"../../../Engine/Shaders/Private/ParticleCurveInjectionShader.usf" 2384
"../../../Engine/Shaders/Private/Nanite/NaniteTranscode.usf" 2385
"../../../Engine/Shaders/Private/Nanite/NaniteScatterUpdates.usf" 2386
"../../../Engine/Shaders/Private/CopyUIntBuffer.usf" 2387
"../../../Engine/Shaders/Private/RadixSortShaders.usf" 2388
"../../../Engine/Shaders/Private/RecomputeTangentsPerVertexPass.usf" 2389
"../../../Engine/Shaders/Private/RecomputeTangentsCommon.ush" 2390
"../../../Engine/Shaders/Private/RecomputeTangentsPerTrianglePass.usf" 2391
"../../../Engine/Shaders/Private/DynamicMeshBounds.usf" 2392
"../../../Engine/Shaders/Private/GpuSkinCacheComputeShader.usf" 2393
"../../../Engine/Shaders/Private/DynamicMeshBounds.ush" 2394
"../../../Engine/Shaders/Private/HeightFieldAtlasManagement.usf" 2395
"../../../Engine/Shaders/Private/Landscape/LandscapeEditLayersUtils.usf" 2396
"../../../Engine/Shaders/Private/Landscape/LandscapeCommon.ush" 2397
"../../../Engine/Shaders/Private/Landscape/LandscapeEditLayersWeightmaps.usf" 2398
"../../../Engine/Shaders/Private/Landscape/LandscapeEditLayersHeightmaps.usf" 2399
"../../../Engine/Shaders/Private/LandscapeLayersPS.usf" 2400
"../../../Engine/Shaders/Private/LandscapePhysicalMaterial.usf" 2401
"../../../Engine/Shaders/Private/LandscapeGrassWeight.usf" 2402
"../../../Engine/Shaders/Private/Landscape/LandscapeCulling.usf" 2403
"../../../Engine/Shaders/Private/Landscape/LandscapeMergeTexturesPS.usf" 2404
"../../../Engine/Shaders/Private/WideCustomResolveShaders.usf" 2405
"../../../Engine/Shaders/Private/WideCustomResolve_Wide.ush" 2406
"../../../Engine/Shaders/Private/WideCustomResolve_Wider.ush" 2407
"../../../Engine/Shaders/Private/WideCustomResolve_Widest.ush" 2408
"../../../Engine/Shaders/Private/WaterInfoTextureBlur.usf" 2409
"../../../Engine/Shaders/Private/WaterInfoTextureMerge.usf" 2410
"../../../Engine/Shaders/Private/PageTableUpdate.usf" 2411
"../../../Engine/Shaders/Private/VirtualTextureCompress.usf" 2412
"../../../Engine/Shaders/Private/ASTCCompressionCommon.ush" 2413
"../../../Engine/Shaders/Private/IntegerSequenceEncoding.ush" 2414
"../../../Engine/Shaders/Private/ETCCompressionCommon.ush" 2415
"../../../Engine/Shaders/Private/VirtualTextureMaterial.usf" 2416
"../../../Engine/Shaders/Private/PixelShaderOutputCommon.ush" 2417
"../../../Engine/Shaders/Private/ShaderOutputCommon.ush" 2418
"../../../Engine/Shaders/Private/VolumetricRenderTarget.usf" 2419
"../../../Engine/Shaders/Private/HeightFogCommon.ush" 2420
"../../../Engine/Shaders/Private/LocalFogVolumes/LocalFogVolumeCommon.ush" 2421
"../../../Engine/Shaders/Private/ReflectionEnvironmentShared.ush" 2422
"../../../Engine/Shaders/Private/VolumetricFogVoxelization.usf" 2423
"../../../Engine/Shaders/Private/VolumetricCloudMaterialPixelCommon.ush" 2424
"../../../Engine/Shaders/Private/VolumetricFogLightFunction.usf" 2425
"../../../Engine/Shaders/Private/LightFunctionCommon.ush" 2426
"../../../Engine/Shaders/Private/VolumetricFog.usf" 2427
"../../../Engine/Shaders/Private/DeferredLightingCommon.ush" 2428
"../../../Engine/Shaders/Private/DynamicLightingCommon.ush" 2429
"../../../Engine/Shaders/Private/CapsuleLightIntegrate.ush" 2430
"../../../Engine/Shaders/Private/CapsuleLightSampling.ush" 2431
"../../../Engine/Shaders/Private/RectLightIntegrate.ush" 2432
"../../../Engine/Shaders/Private/ScreenSpaceShadowRayCast.ush" 2433
"../../../Engine/Shaders/Private/LightFunctionAtlas/LightFunctionAtlasCommon.usf" 2434
"../../../Engine/Shaders/Private/LightGridCommon.ush" 2435
"../../../Engine/Shaders/Private/DistanceFieldAOShared.ush" 2436
"../../../Engine/Shaders/Private/IntersectionUtils.ush" 2437
"../../../Engine/Shaders/Private/VolumeLightingCommon.ush" 2438
"../../../Engine/Shaders/Private/ShadowProjectionCommon.ush" 2439
"../../../Engine/Shaders/Private/ShadowFilteringCommon.ush" 2440
"../../../Engine/Shaders/Private/PixelQuadMessagePassing.ush" 2441
"../../../Engine/Shaders/Private/VolumeLightingCommonSampling.ush" 2442
"../../../Engine/Shaders/Private/VolumetricLightmapShared.ush" 2443
"../../../Engine/Shaders/Private/ForwardShadowingCommon.ush" 2444
"../../../Engine/Shaders/Private/LightDataUniforms.ush" 2445
"../../../Engine/Shaders/Private/Lumen/LumenTranslucencyVolumeShared.ush" 2446
"../../../Engine/Shaders/Private/Lumen/LumenRadianceCacheInterpolation.ush" 2447
"../../../Engine/Shaders/Private/VirtualShadowMaps/VirtualShadowMapProjectionCommon.ush" 2448
"../../../Engine/Shaders/Private/VirtualShadowMaps/VirtualShadowMapPageAccessCommon.ush" 2449
"../../../Engine/Shaders/Shared/VirtualShadowMapDefinitions.h" 2450
"../../../Engine/Shaders/Shared/HLSLMathAliases.h" 2451
"../../../Engine/Shaders/Private/VirtualShadowMaps/VirtualShadowMapHandle.ush" 2452
"../../../Engine/Shaders/Private/VirtualShadowMaps/VirtualShadowMapProjectionStructs.ush" 2453
"../../../Engine/Shaders/Private/DiaphragmDOF/DOFCommon.ush" 2454
"../../../Engine/Shaders/Private/VolumetricCloudCommon.ush" 2455
"../../../Engine/Shaders/Private/VolumetricCloud.usf" 2456
"../../../Engine/Shaders/Private/VisualizeVolumetricLightmap.usf" 2457
"../../../Engine/Shaders/Private/VirtualShadowMaps/VirtualShadowMapProjectionComposite.usf" 2458
"../../../Engine/Shaders/Private/LightShaderParameters.ush" 2459
"../../../Engine/Shaders/Private/VirtualShadowMaps/VirtualShadowMapMaskBitsCommon.ush" 2460
"../../../Engine/Shaders/Private/VirtualShadowMaps/VirtualShadowMapLightGrid.ush" 2461
"../../../Engine/Shaders/Private/VirtualShadowMaps/VirtualShadowMapProjection.usf" 2462
"../../../Engine/Shaders/Private/Visualization.ush" 2463
"../../../Engine/Shaders/Private/VirtualShadowMaps/VirtualShadowMapProjectionFilter.ush" 2464
"../../../Engine/Shaders/Private/VirtualShadowMaps/VirtualShadowMapProjectionDirectional.ush" 2465
"../../../Engine/Shaders/Private/VirtualShadowMaps/VirtualShadowMapSMRTCommon.ush" 2466
"../../../Engine/Shaders/Private/VirtualShadowMaps/VirtualShadowMapSMRTTemplate.ush" 2467
"../../../Engine/Shaders/Private/VirtualShadowMaps/VirtualShadowMapProjectionSpot.ush" 2468
"../../../Engine/Shaders/Private/VirtualShadowMaps/VirtualShadowMapTransmissionCommon.ush" 2469
"../../../Engine/Shaders/Private/VirtualShadowMaps/VirtualShadowMapScreenRayTrace.ush" 2470
"../../../Engine/Shaders/Private/VirtualShadowMaps/VirtualShadowMapStats.ush" 2471
"../../../Engine/Shaders/Private/HairStrands/HairStrandsVoxelPageCommon.ush" 2472
"../../../Engine/Shaders/Private/HairStrands/HairStrandsVoxelPageTraversal.ush" 2473
"../../../Engine/Shaders/Private/VirtualShadowMaps/VirtualShadowMapCacheGPUInvalidation.usf" 2474
"../../../Engine/Shaders/Private/VirtualShadowMaps/VirtualShadowMapPageCacheCommon.ush" 2475
"../../../Engine/Shaders/Private/VirtualShadowMaps/VirtualShadowMapCacheInvalidation.ush" 2476
"../../../Engine/Shaders/Private/VirtualShadowMaps/VirtualShadowMapPageOverlap.ush" 2477
"../../../Engine/Shaders/Private/ScreenSpaceDenoise/SSDDefinitions.ush" 2478
"../../../Engine/Shaders/Private/InstanceCulling/InstanceCullingLoadBalancer.ush" 2479
"../../../Engine/Shaders/Private/VirtualShadowMaps/VirtualShadowMapCacheLoadBalancer.usf" 2480
"../../../Engine/Shaders/Private/VirtualShadowMaps/VirtualShadowMapCopyStats.usf" 2481
"../../../Engine/Shaders/Private/VirtualShadowMaps/VirtualShadowMapShadowCasterBounds.usf" 2482
"../../../Engine/Shaders/Private/VirtualShadowMaps/VirtualShadowMapVisualize.ush" 2483
"../../../Engine/Shaders/Private/VirtualShadowMaps/VirtualShadowMapShadowCasterColor.usf" 2484
"../../../Engine/Shaders/Private/VirtualShadowMaps/VirtualShadowMapDebug.usf" 2485
"../../../Engine/Shaders/Private/VirtualShadowMaps/Desaturate.usf" 2486
"../../../Engine/Shaders/Private/VirtualShadowMaps/VirtualShadowMapPhysicalPageManagement.usf" 2487
"../../../Engine/Shaders/Private/ReductionCommon.ush" 2488
"../../../Engine/Shaders/Private/GPUMessaging.ush" 2489
"../../../Engine/Shaders/Private/VirtualShadowMaps/VirtualShadowMapPerPageDispatch.ush" 2490
"../../../Engine/Shaders/Private/VirtualShadowMaps/VirtualShadowMapComputeExplicitChunkDrawsViewMask.usf" 2491
"../../../Engine/Shaders/Shared/SceneCullingDefinitions.h" 2492
"../../../Engine/Shaders/Private/VirtualShadowMaps/VirtualShadowMapCompactViews.usf" 2493
"../../../Engine/Shaders/Private/VirtualShadowMaps/VirtualShadowMapBuildPerPageDrawCommands.usf" 2494
"../../../Engine/Shaders/Private/Nanite/NaniteCullingCommon.ush" 2495
"../../../Engine/Shaders/Private/Nanite/NaniteCulling.ush" 2496
"../../../Engine/Shaders/Private/Nanite/NaniteHierarchyTraversalCommon.ush" 2497
"../../../Engine/Shaders/Private/InstanceCulling/InstanceCullingCommon.ush" 2498
"../../../Engine/Shaders/Shared/InstanceCullingDefinitions.h" 2499
"../../../Engine/Shaders/Private/VirtualShadowMaps/VirtualShadowMapPrintStats.usf" 2500
"../../../Engine/Shaders/Private/VirtualShadowMaps/VirtualShadowMapPageManagement.usf" 2501
"../../../Engine/Shaders/Private/VirtualShadowMaps/VirtualShadowMapPageMarking.usf" 2502
"../../../Engine/Shaders/Private/VirtualShadowMaps/VirtualShadowMapPageMarking.ush" 2503
"../../../Engine/Shaders/Shared/SingleLayerWaterDefinitions.h" 2504
"../../../Engine/Shaders/Private/HairStrands/HairStrandsTileCommon.ush" 2505
"../../../Engine/Shaders/Private/Froxel/Froxel.ush" 2506
"../../../Engine/Shaders/Shared/FroxelDefinitions.h" 2507
"../../../Engine/Shaders/Private/VirtualShadowMaps/VirtualShadowMapThrottle.usf" 2508
"../../../Engine/Shaders/Private/VelocityUpdate.usf" 2509
"../../../Engine/Shaders/Private/VelocityCommon.ush" 2510
"../../../Engine/Shaders/Private/VelocityShader.usf" 2511
"../../../Engine/Shaders/Private/VariableRateShading/VRSShadingRatePreview.usf" 2512
"../../../Engine/Shaders/Private/VariableRateShading/VRSShadingRateCommon.ush" 2513
"../../../Engine/Shaders/Private/VariableRateShading/VRSShadingRateCombine.usf" 2514
"../../../Engine/Shaders/Private/VariableRateShading/VRSShadingRateFoveated.usf" 2515
"../../../Engine/Shaders/Private/VariableRateShading/VRSShadingRateReproject.usf" 2516
"../../../Engine/Shaders/Private/VariableRateShading/VRSShadingRateCalculate.usf" 2517
"../../../Engine/Shaders/Private/TranslucencyUpsampling.usf" 2518
"../../../Engine/Shaders/Private/ComposeSeparateTranslucency.usf" 2519
"../../../Engine/Shaders/Private/SeparateTranslucency.ush" 2520
"../../../Engine/Shaders/Private/TranslucencyVolumeVisualize.usf" 2521
"../../../Engine/Shaders/Private/TranslucencyVolumeCommon.ush" 2522
"../../../Engine/Shaders/Private/TranslucentLightInjectionShaders.usf" 2523
"../../../Engine/Shaders/Private/HeterogeneousVolumes/HeterogeneousVolumesAdaptiveVolumetricShadowMapSampling.ush" 2524
"../../../Engine/Shaders/Private/HeterogeneousVolumes/HeterogeneousVolumesAdaptiveVolumetricShadowMapUtils.ush" 2525
"../../../Engine/Shaders/Private/HeterogeneousVolumes/HeterogeneousVolumesBeerShadowMapUtils.ush" 2526
"../../../Engine/Shaders/Private/TranslucentShadowDepthShaders.usf" 2527
"../../../Engine/Shaders/Private/ShadowDepthCommon.ush" 2528
"../../../Engine/Shaders/Private/RayTracing/RayTracingTest.usf" 2529
"../../../Engine/Shaders/Private/PostprocessSubsurfaceTile.usf" 2530
"../../../Engine/Shaders/Private/PostProcessSubsurfaceCommon.ush" 2531
"../../../Engine/Shaders/Private/Substrate/SubstrateVisualize.usf" 2532
"../../../Engine/Shaders/Private/Substrate/SubstrateTile.ush" 2533
"../../../Engine/Shaders/Shared/SubstrateVisualizeDefinitions.h" 2534
"../../../Engine/Shaders/Private/Substrate/SubstrateVisualizeCommon.ush" 2535
"../../../Engine/Shaders/Private/SkyLightingDiffuseShared.ush" 2536
"../../../Engine/Shaders/Private/SkyLightingShared.ush" 2537
"../../../Engine/Shaders/Private/ClearCoatCommon.ush" 2538
"../../../Engine/Shaders/Private/ReflectionEnvironmentComposite.ush" 2539
"../../../Engine/Shaders/Private/Substrate/SubstrateLightingCommon.ush" 2540
"../../../Engine/Shaders/Private/Substrate/SubstrateRoughRefraction.usf" 2541
"../../../Engine/Shaders/Private/PathTracing/Material/PathTracingFresnel.ush" 2542
"../../../Engine/Shaders/Private/PathTracing/Material/PathTracingGlossy.ush" 2543
"../../../Engine/Shaders/Private/Substrate/SubstrateMaterialSampling.usf" 2544
"../../../Engine/Shaders/Private/Substrate/SubstrateMaterialSampling.ush" 2545
"../../../Engine/Shaders/Private/Lumen/LumenPosition.ush" 2546
"../../../Engine/Shaders/Private/Substrate/SubstrateTile.usf" 2547
"../../../Engine/Shaders/Private/Substrate/SubstrateMaterialClassification.usf" 2548
"../../../Engine/Shaders/Private/Substrate/SubstrateDBuffer.usf" 2549
"../../../Engine/Shaders/Private/StochasticLighting/StochasticLightingTileClassification.usf" 2550
"../../../Engine/Shaders/Private/Lumen/LumenMaterial.ush" 2551
"../../../Engine/Shaders/Private/HairStrands/HairStrandsVisibilityUtils.ush" 2552
"../../../Engine/Shaders/Private/Lumen/LumenReflectionCommon.ush" 2553
"../../../Engine/Shaders/Private/Lumen/LumenReflectionsCombine.ush" 2554
"../../../Engine/Shaders/Private/Lumen/LumenScreenProbeTileClassication.ush" 2555
"../../../Engine/Shaders/Private/MegaLights/MegaLightsTileClassification.ush" 2556
"../../../Engine/Shaders/Private/StochasticLighting/StochasticLightingUpsample.ush" 2557
"../../../Engine/Shaders/Private/StochasticLighting/StochasticLightingCommon.ush" 2558
"../../../Engine/Shaders/Private/SplineMeshSceneTexture.usf" 2559
"../../../Engine/Shaders/Private/SparseVolumeTexture/VisualizeSparseVolumeTexture.usf" 2560
"../../../Engine/Shaders/Private/SkyAtmosphere.usf" 2561
"../../../Engine/Shaders/Private/Nanite/NaniteSkinningUpdateViewData.usf" 2562
"../../../Engine/Shaders/Private/SceneCulling/SceneCulling.ush" 2563
"../../../Engine/Shaders/Private/Skinning/TransformProviders.usf" 2564
"../../../Engine/Shaders/Private/Skinning/SkinnedMeshDebug.usf" 2565
"../../../Engine/Shaders/Private/Skinning/AnimBankEval.usf" 2566
"../../../Engine/Shaders/Private/SingleLayerWaterComposite.usf" 2567
"../../../Engine/Shaders/Private/Froxel/FroxelBuild.ush" 2568
"../../../Engine/Shaders/Private/SingleLayerWaterRefractionCulling.usf" 2569
"../../../Engine/Shaders/Private/ScreenSpaceShadows.usf" 2570
"../../../Engine/Shaders/Private/bend_sss_gpu.ush" 2571
"../../../Engine/Shaders/Private/ShadowFactorsUpsampleCommon.ush" 2572
"../../../Engine/Shaders/Private/FirstPersonSelfShadow.usf" 2573
"../../../Engine/Shaders/Private/HZBTracing.ush" 2574
"../../../Engine/Shaders/Private/LateZDummyPS.usf" 2575
"../../../Engine/Shaders/Private/ShadowProjectionVertexShader.usf" 2576
"../../../Engine/Shaders/Private/ShadowProjectionPixelShader.usf" 2577
"../../../Engine/Shaders/Private/MobileLightingCommon.ush" 2578
"../../../Engine/Shaders/Private/PlanarReflectionShared.ush" 2579
"../../../Engine/Shaders/Private/MobileSSR.ush" 2580
"../../../Engine/Shaders/Private/SSRT/SSRTRayCast.ush" 2581
"../../../Engine/Shaders/Private/ShadowPercentageCloserFiltering.ush" 2582
"../../../Engine/Shaders/Private/TransmissionThickness.ush" 2583
"../../../Engine/Shaders/Private/CopyShadowMaps.usf" 2584
"../../../Engine/Shaders/Private/ShadowDepthPixelShader.usf" 2585
"../../../Engine/Shaders/Private/ShadowDepthVertexShader.usf" 2586
"../../../Engine/Shaders/Private/ShadingEnergyConservationTable.usf" 2587
"../../../Engine/Shaders/Shared/PathTracingDefinitions.h" 2588
"../../../Engine/Shaders/Private/ShadingFurnaceTest.usf" 2589
"../../../Engine/Shaders/Private/Substrate/SubstrateDeferredLighting.ush" 2590
"../../../Engine/Shaders/Private/ShaderPrintDraw.usf" 2591
"../../../Engine/Shaders/Private/ShaderPrintDrawPrimitive.usf" 2592
"../../../Engine/Shaders/Private/DefaultSSRTiles.usf" 2593
"../../../Engine/Shaders/Private/ScreenSpaceReflectionTileCommons.ush" 2594
"../../../Engine/Shaders/Private/SSRT/SSRTDiffuseIndirect.usf" 2595
"../../../Engine/Shaders/Private/SSRT/SSRTTileClassificationBuffer.ush" 2596
"../../../Engine/Shaders/Private/SSRT/SSRTReflections.usf" 2597
"../../../Engine/Shaders/Private/ScreenSpaceDenoise/SSDPublic.ush" 2598
"../../../Engine/Shaders/Private/SSRT/SSRTTileClassification.usf" 2599
"../../../Engine/Shaders/Private/SSRT/SSRTPrevFrameReduction.usf" 2600
"../../../Engine/Shaders/Private/ScreenSpaceDenoise/SSDComposeHarmonics.usf" 2601
"../../../Engine/Shaders/Private/ScreenSpaceDenoise/SSDPublicHarmonics.ush" 2602
"../../../Engine/Shaders/Private/ScreenSpaceDenoise/SSDSignalFramework.ush" 2603
"../../../Engine/Shaders/Private/ScreenSpaceDenoise/SSDCommon.ush" 2604
"../../../Engine/Shaders/Private/SphericalGaussian.ush" 2605
"../../../Engine/Shaders/Public/WaveBroadcastIntrinsics.ush" 2606
"../../../Engine/Shaders/Private/ScreenSpaceDenoise/SSDMetadata.ush" 2607
"../../../Engine/Shaders/Private/ScreenSpaceDenoise/SSDSignalCore.ush" 2608
"../../../Engine/Shaders/Private/ScreenSpaceDenoise/DenoisingCommon.ush" 2609
"../../../Engine/Shaders/Private/ScreenSpaceDenoise/SSDSignalArray.ush" 2610
"../../../Engine/Shaders/Private/ScreenSpaceDenoise/SSDSignalBufferEncoding.ush" 2611
"../../../Engine/Shaders/Private/ScreenSpaceDenoise/SSDPublicBufferEncoding.ush" 2612
"../../../Engine/Shaders/Private/Lumen/LumenBufferEncoding.ush" 2613
"../../../Engine/Shaders/Private/ScreenSpaceDenoise/SSDTemporalAccumulation.usf" 2614
"../../../Engine/Shaders/Private/ScreenSpaceDenoise/SSDSpatialKernel.ush" 2615
"../../../Engine/Shaders/Private/ScreenSpaceDenoise/SSDSignalAccumulatorArray.ush" 2616
"../../../Engine/Shaders/Private/ScreenSpaceDenoise/SSDSignalAccumulator.ush" 2617
"../../../Engine/Shaders/Private/ScreenSpaceDenoise/SSDSignalCompression.ush" 2618
"../../../Engine/Shaders/Private/ScreenSpaceDenoise/SSDSpatialAccumulation.usf" 2619
"../../../Engine/Shaders/Private/ScreenSpaceDenoise/SSDInjest.usf" 2620
"../../../Engine/Shaders/Private/ScreenSpaceDenoise/SSDCompressMetadata.usf" 2621
"../../../Engine/Shaders/Private/DownsampleDepthPixelShader.usf" 2622
"../../../Engine/Shaders/Private/ScreenPass.usf" 2623
"../../../Engine/Shaders/Private/HZB.usf" 2624
"../../../Engine/Shaders/Private/OcclusionFeedbackShaders.usf" 2625
"../../../Engine/Shaders/Private/HZBOcclusion.usf" 2626
"../../../Engine/Shaders/Private/OcclusionQueryPixelShader.usf" 2627
"../../../Engine/Shaders/Private/OcclusionQueryVertexShader.usf" 2628
"../../../Engine/Shaders/Private/HitProxyCopy.usf" 2629
"../../../Engine/Shaders/Private/HitProxyPixelShader.usf" 2630
"../../../Engine/Shaders/Private/HitProxyVertexShader.usf" 2631
"../../../Engine/Shaders/Private/SceneCulling/SceneCullingDebugRender.usf" 2632
"../../../Engine/Shaders/Private/SceneCulling/SceneCullingBuildExplicitBounds.usf" 2633
"../../../Engine/Shaders/Private/SceneCapturePixelShader.usf" 2634
"../../../Engine/Shaders/Private/RendererUtils.usf" 2635
"../../../Engine/Shaders/Private/RTWriteMaskDecode.usf" 2636
"../../../Engine/Shaders/Private/ReflectionEnvironmentShaders.usf" 2637
"../../../Engine/Shaders/Private/RectLightAtlas.usf" 2638
"../../../Engine/Shaders/Private/RayTracing/TraceRayInlineStatistics.usf" 2639
"../../../Engine/Shaders/Private/RayTracing/CompositeSkyLightPS.usf" 2640
"../../../Engine/Shaders/Private/RayTracing/GenerateSkyLightVisibilityRaysCS.usf" 2641
"../../../Engine/Shaders/Private/RayTracing/RayTracingSkyLightCommon.ush" 2642
"../../../Engine/Shaders/Private/RayTracing/SkyLightVisibilityRaysData.ush" 2643
"../../../Engine/Shaders/Private/Raytracing/RaytracingSkylightRGS.usf" 2644
"../../../Engine/Shaders/Private/HairStrands/HairStrandsRaytracing.ush" 2645
"../../../Engine/Shaders/Private/Raytracing/RayTracingSkyLightEvaluation.ush" 2646
"../../../Engine/Shaders/Private/Raytracing/RayTracingDeferredShadingCommon.ush" 2647
"../../../Engine/Shaders/Private/RayTracing/RayTracingOcclusionRGS.usf" 2648
"../../../Engine/Shaders/Private/RayTracing/RayTracingDirectionalLight.ush" 2649
"../../../Engine/Shaders/Private/RayTracing/RayTracingRectLight.ush" 2650
"../../../Engine/Shaders/Private/RayTracing/RayTracingSphereLight.ush" 2651
"../../../Engine/Shaders/Private/RayTracing/RayTracingCapsuleLight.ush" 2652
"../../../Engine/Shaders/Private/Raytracing/RayTracingFeedback.usf" 2653
"../../../Engine/Shaders/Shared/RayTracingDebugTypes.h" 2654
"../../../Engine/Shaders/Private/RayTracing/RayTracingPrimaryRays.usf" 2655
"../../../Engine/Shaders/Private/RayTracing/RayTracingLightingCommon.ush" 2656
"../../../Engine/Shaders/Private/RayTracing/RayTracingLightCullingCommon.ush" 2657
"../../../Engine/Shaders/Private/RayTracing/RayTracingMaterialDefaultHitShaders.usf" 2658
"../../../Engine/Shaders/Private/RayTracing/RayTracingMaterialHitShaders.usf" 2659
"../../../Engine/Shaders/Private/RayTracing/RayTracingShaderUtils.ush" 2660
"../../../Engine/Shaders/Private/RayTracing/RayTracingCalcInterpolants.ush" 2661
"../../../Engine/Shaders/Private/LightmapCommon.ush" 2662
"../../../Engine/Shaders/Private/Lumen/LumenHardwareRayTracingPayloadCommon.ush" 2663
"../../../Engine/Shaders/Shared/LumenDefinitions.h" 2664
"../../../Engine/Shaders/Private/Substrate/SubstrateExport.ush" 2665
"../../../Engine/Shaders/Private/RayTracing/RayTracingLightingMS.usf" 2666
"../../../Engine/Shaders/Private/Lumen/LumenDiffuseColorBoost.ush" 2667
"../../../Engine/Shaders/Private/RayTracing/RayTracingLightFunctionCommon.ush" 2668
"../../../Engine/Shaders/Private/RayTracing/RayTracingBuildLightGrid.usf" 2669
"../../../Engine/Shaders/Private/Raytracing/RayTracingInstanceBufferUtil.usf" 2670
"../../../Engine/Shaders/Private/RayTracing/RayTracingDynamicMesh.usf" 2671
"../../../Engine/Shaders/Private/RayTracing/RayTracingDefaultDecalHitShader.usf" 2672
"../../../Engine/Shaders/Private/RayTracing/RayTracingDecalMaterialShader.usf" 2673
"../../../Engine/Shaders/Private/PathTracing/PathTracingShaderUtils.ush" 2674
"../../../Engine/Shaders/Private/PathTracing/PathTracingCommon.ush" 2675
"../../../Engine/Shaders/Private/PathTracing/Material/PathTracingMaterialCommon.ush" 2676
"../../../Engine/Shaders/Private/PathTracing/Utilities/PathTracingRIS.ush" 2677
"../../../Engine/Shaders/Private/RayTracing/RayTracingBuildDecalGrid.usf" 2678
"../../../Engine/Shaders/Private/RayTracing/RayTracingDebugHitStatsUtils.usf" 2679
"../../../Engine/Shaders/Private/RayTracing/RayTracingDebugInstanceOverlap.usf" 2680
"../../../Engine/Shaders/Private/RayTracing/RayTracingDebugPicking.usf" 2681
"../../../Engine/Shaders/Private/RayTracing/RayTracingDebugUtils.ush" 2682
"../../../Engine/Shaders/Private/RayTracing/RayTracingDebugTraversal.usf" 2683
"../../../Engine/Shaders/Private/RayTracing/RayTracingDeferredMaterials.ush" 2684
"../../../Engine/Shaders/Shared/ThirdParty/AMD/ags_shader_intrinsics_dx12.h" 2685
"../../../Engine/Shaders/Shared/RayTracingDebugDefinitions.h" 2686
"../../../Engine/Shaders/Private/RayTracing/RayTracingDebugHitStatsCHS.usf" 2687
"../../../Engine/Shaders/Private/RayTracing/RayTracingDebugHitStats.usf" 2688
"../../../Engine/Shaders/Private/RayTracing/RayTracingDebugMS.usf" 2689
"../../../Engine/Shaders/Private/RayTracing/RayTracingDebugCHS.usf" 2690
"../../../Engine/Shaders/Private/RayTracing/RayTracingDebug.usf" 2691
"../../../Engine/Shaders/Private/RayTracing/RayTracingBuiltInShaders.usf" 2692
"../../../Engine/Shaders/Private/RayTracing/RayTracingBarycentrics.usf" 2693
"../../../Engine/Shaders/Private/RayTracing/RayTracingAmbientOcclusionRGS.usf" 2694
"../../../Engine/Shaders/Private/VisualizeShadingModels.usf" 2695
"../../../Engine/Shaders/Private/MotionBlur/VisualizeMotionVectors.usf" 2696
"../../../Engine/Shaders/Private/TemporalSuperResolution/TSRVisualize.usf" 2697
"../../../Engine/Shaders/Private/TemporalSuperResolution/TSRColorSpace.ush" 2698
"../../../Engine/Shaders/Private/TemporalSuperResolution/TSRCommon.ush" 2699
"../../../Engine/Shaders/Public/DualPixelVectorization.ush" 2700
"../../../Engine/Shaders/Private/TemporalSuperResolution/TSRReprojectionField.ush" 2701
"../../../Engine/Shaders/Private/TemporalSuperResolution/TSRResolveHistory.usf" 2702
"../../../Engine/Shaders/Private/TemporalSuperResolution/TSRConvolutionNetwork.ush" 2703
"../../../Engine/Shaders/Private/TemporalSuperResolution/TSRKernels.ush" 2704
"../../../Engine/Shaders/Public/LaneVectorization.ush" 2705
"../../../Engine/Shaders/Private/TemporalSuperResolution/TSRUpdateHistory.usf" 2706
"../../../Engine/Shaders/Private/TemporalSuperResolution/TSRSpatialAntiAliasing.ush" 2707
"../../../Engine/Shaders/Private/TemporalSuperResolution/TSRSpatialAntiAliasing.usf" 2708
"../../../Engine/Shaders/Private/TemporalSuperResolution/TSRRejectShading.usf" 2709
"../../../Engine/Shaders/Private/TemporalSuperResolution/TSRShadingAnalysis.ush" 2710
"../../../Engine/Shaders/Private/TemporalSuperResolution/TSRConvolutionNetworkPass.ush" 2711
"../../../Engine/Shaders/Private/TemporalSuperResolution/TSRDecimateHistory.usf" 2712
"../../../Engine/Shaders/Private/TemporalSuperResolution/TSRDepthVelocityAnalysis.ush" 2713
"../../../Engine/Shaders/Private/TemporalSuperResolution/TSRClosestOccluder.ush" 2714
"../../../Engine/Shaders/Private/TemporalSuperResolution/TSRWeightRelaxation.usf" 2715
"../../../Engine/Shaders/Private/TemporalSuperResolution/TSRThinGeometryCommon.ush" 2716
"../../../Engine/Shaders/Private/TemporalSuperResolution/TSRDetectThinGeometry.usf" 2717
"../../../Engine/Shaders/Private/TemporalSuperResolution/TSRDilateVelocity.usf" 2718
"../../../Engine/Shaders/Private/MotionBlur/MotionBlurVelocityFlatten.ush" 2719
"../../../Engine/Shaders/Private/MotionBlur/MotionBlurCommon.ush" 2720
"../../../Engine/Shaders/Private/TemporalSuperResolution/TSRClearPrevTextures.usf" 2721
"../../../Engine/Shaders/Private/TemporalSuperResolution/TSRMeasureCoverage.usf" 2722
"../../../Engine/Shaders/Private/TemporalSuperResolution/TSRMeasureFlickeringLuma.usf" 2723
"../../../Engine/Shaders/Private/TemporalAA.usf" 2724
"../../../Engine/Shaders/Private/SMAA/SMAADebugVisualization.usf" 2725
"../../../Engine/Shaders/Private/SMAA/SMAACommon.ush" 2726
"../../../Engine/Shaders/Private/SMAA/SMAA.ush" 2727
"../../../Engine/Shaders/Private/SMAA/SMAANeighborhoodBlendingShader.usf" 2728
"../../../Engine/Shaders/Private/SMAA/SMAABlendingWeightCalculationShader.usf" 2729
"../../../Engine/Shaders/Private/SMAA/SMAAEdgeDetectionShader.usf" 2730
"../../../Engine/Shaders/Private/FilterPixelShader.usf" 2731
"../../../Engine/Shaders/Private/FilterVertexShader.usf" 2732
"../../../Engine/Shaders/Private/VisualizeVirtualTexture.usf" 2733
"../../../Engine/Shaders/Private/PostProcessVisualizeBuffer.usf" 2734
"../../../Engine/Shaders/Private/PostProcessVisualizeLocalExposure.usf" 2735
"../../../Engine/Shaders/Private/PostProcessHistogramCommon.ush" 2736
"../../../Engine/Shaders/Private/TonemapCommon.ush" 2737
"../../../Engine/Shaders/Private/ACES/ACESCommon.ush" 2738
"../../../Engine/Shaders/Private/ACES/ACESOutputTransform.ush" 2739
"../../../Engine/Shaders/Private/ACES/ACESUtilities.ush" 2740
"../../../Engine/Shaders/Private/ACES/ACESTonescale.ush" 2741
"../../../Engine/Shaders/Private/ACES/ACESDisplayEncoding.ush" 2742
"../../../Engine/Shaders/Private/ACES/ACES_v1.3.ush" 2743
"../../../Engine/Shaders/Private/PostProcessVisualizeLevelInstance.usf" 2744
"../../../Engine/Shaders/Private/PostProcessVisualizeHDR.usf" 2745
"../../../Engine/Shaders/Private/ShaderComplexityApplyPixelShader.usf" 2746
"../../../Engine/Shaders/Private/QuadOverdraw.ush" 2747
"../../../Engine/Shaders/Private/PostProcessUpscale.usf" 2748
"../../../Engine/Shaders/Private/PostProcessTonemap.usf" 2749
"../../../Engine/Shaders/Private/PostProcessing/FilmGrainPackConstants.usf" 2750
"../../../Engine/Shaders/Private/PostProcessing/FilmGrainReduce.usf" 2751
"../../../Engine/Shaders/Private/PostProcessTestImage.usf" 2752
"../../../Engine/Shaders/Private/PostProcessSubsurface.usf" 2753
"../../../Engine/Shaders/Private/SeparableSSS.ush" 2754
"../../../Engine/Shaders/Private/SubsurfaceBurleyNormalized.ush" 2755
"../../../Engine/Shaders/Private/PostProcessSelectionOutline.usf" 2756
"../../../Engine/Shaders/Private/MotionBlur/MotionBlurVisualize.usf" 2757
"../../../Engine/Shaders/Private/MotionBlur/MotionBlurApply.usf" 2758
"../../../Engine/Shaders/Private/MotionBlur/MotionBlurFilterTileClassify.usf" 2759
"../../../Engine/Shaders/Private/MotionBlur/MotionBlurTileScatter.usf" 2760
"../../../Engine/Shaders/Private/MotionBlur/MotionBlurTileGather.usf" 2761
"../../../Engine/Shaders/Private/MotionBlur/MotionBlurVelocityFlatten.usf" 2762
"../../../Engine/Shaders/Private/PostProcessMobile.usf" 2763
"../../../Engine/Shaders/Private/PostProcessMitchellNetravali.usf" 2764
"../../../Engine/Shaders/Private/PostProcessMaterialShaders.usf" 2765
"../../../Engine/Shaders/Private/NeuralPostProcessCommon.usf" 2766
"../../../Engine/Shaders/Private/PostProcessLocalExposure.usf" 2767
"../../../Engine/Shaders/Private/PostProcessLensFlares.usf" 2768
"../../../Engine/Shaders/Private/PostProcessGBufferHints.usf" 2769
"../../../Engine/Shaders/Private/PostProcessHMD.usf" 2770
"../../../Engine/Shaders/Private/Histogram.usf" 2771
"../../../Engine/Shaders/Private/PostProcessExposureMaterial.ush" 2772
"../../../Engine/Shaders/Private/PostProcessHistogramReduce.usf" 2773
"../../../Engine/Shaders/Private/PostProcessHistogram.usf" 2774
"../../../Engine/Shaders/Private/Bloom/BloomFinalizeApplyConstants.usf" 2775
"../../../Engine/Shaders/Private/Bloom/BloomCommon.ush" 2776
"../../../Engine/Shaders/Private/Bloom/BloomResizeKernel.usf" 2777
"../../../Engine/Shaders/Private/Bloom/BloomDownsampleKernel.usf" 2778
"../../../Engine/Shaders/Private/Bloom/BloomClampKernel.usf" 2779
"../../../Engine/Shaders/Private/Bloom/BloomPackKernelConstants.usf" 2780
"../../../Engine/Shaders/Private/Bloom/BloomSumScatterDispersionEnergy.usf" 2781
"../../../Engine/Shaders/Private/Bloom/BloomReduceKernelSurvey.usf" 2782
"../../../Engine/Shaders/Private/Bloom/BloomSurveyKernelCenterEnergy.usf" 2783
"../../../Engine/Shaders/Private/Bloom/BloomSurveyMaxScatterDispersion.usf" 2784
"../../../Engine/Shaders/Private/Bloom/BloomFindKernelCenter.usf" 2785
"../../../Engine/Shaders/Private/PostProcessEyeAdaptation.usf" 2786
"../../../Engine/Shaders/Private/PostProcessEyeAdaptationUtils.usf" 2787
"../../../Engine/Shaders/Private/PostProcessDownsample.usf" 2788
"../../../Engine/Shaders/Private/PostProcessDOF.usf" 2789
"../../../Engine/Shaders/Private/PostProcessDeviceEncodingOnly.usf" 2790
"../../../Engine/Shaders/Private/PostProcessCompositePrimitives.usf" 2791
"../../../Engine/Shaders/Private/PostProcessCombineLUTs.usf" 2792
"../../../Engine/Shaders/Private/PostProcessVisualizeDOF.usf" 2793
"../../../Engine/Shaders/Private/PostProcessBloom.usf" 2794
"../../../Engine/Shaders/Private/PostProcessAmbientOcclusionMobile.usf" 2795
"../../../Engine/Shaders/Private/PostProcessAmbientOcclusionCommon.ush" 2796
"../../../Engine/Shaders/Private/FXAAShader.usf" 2797
"../../../Engine/Shaders/Private/Fxaa3_11.ush" 2798
"../../../Engine/Shaders/Private/PaniniProjection.usf" 2799
"../../../Engine/Shaders/Private/DiaphragmDOF/DOFRecombine.usf" 2800
"../../../Engine/Shaders/Private/DiaphragmDOF/DOFHybridScatterPixelShader.usf" 2801
"../../../Engine/Shaders/Private/DiaphragmDOF/DOFHybridScatterCommon.ush" 2802
"../../../Engine/Shaders/Private/DiaphragmDOF/DOFVignetteCommon.ush" 2803
"../../../Engine/Shaders/Private/DiaphragmDOF/DOFHybridScatterVertexShader.usf" 2804
"../../../Engine/Shaders/Private/DiaphragmDOF/DOFPostfiltering.usf" 2805
"../../../Engine/Shaders/Private/DiaphragmDOF/DOFGatherTileSuggest.ush" 2806
"../../../Engine/Shaders/Private/DiaphragmDOF/DOFCocTileCommon.ush" 2807
"../../../Engine/Shaders/Private/DiaphragmDOF/DOFGatherPass.usf" 2808
"../../../Engine/Shaders/Private/DiaphragmDOF/DOFGatherCommon.ush" 2809
"../../../Engine/Shaders/Private/DiaphragmDOF/DOFGatherAccumulator.ush" 2810
"../../../Engine/Shaders/Private/DiaphragmDOF/DOFGatherKernel.ush" 2811
"../../../Engine/Shaders/Private/DiaphragmDOF/DOFBokehLUT.usf" 2812
"../../../Engine/Shaders/Private/DiaphragmDOF/DOFHybridScatterCompilation.usf" 2813
"../../../Engine/Shaders/Private/DiaphragmDOF/DOFReduce.usf" 2814
"../../../Engine/Shaders/Private/DiaphragmDOF/DOFDownsample.ush" 2815
"../../../Engine/Shaders/Private/DiaphragmDOF/DOFHybridScatterCompilation.ush" 2816
"../../../Engine/Shaders/Private/DiaphragmDOF/DOFDownsample.usf" 2817
"../../../Engine/Shaders/Private/DiaphragmDOF/DOFCocTileDilate.usf" 2818
"../../../Engine/Shaders/Private/DiaphragmDOF/DOFCocTileFlatten.usf" 2819
"../../../Engine/Shaders/Private/DiaphragmDOF/DOFSetup.usf" 2820
"../../../Engine/Shaders/Private/Tools/DebugAlphaChannel.usf" 2821
"../../../Engine/Shaders/Private/PostProcessAlphaInvert.usf" 2822
"../../../Engine/Shaders/Private/PlanarReflectionShaders.usf" 2823
"../../../Engine/Shaders/Private/PhysicsFieldVisualizer.usf" 2824
"../../../Engine/Shaders/Private/PathTracing/PathTracingSpatialTemporalDenoising.usf" 2825
"../../../Engine/Shaders/Private/ColorDifference.ush" 2826
"../../../Engine/Shaders/Private/PathTracing/PathTracingCompositingPixelShader.usf" 2827
"../../../Engine/Shaders/Private/PathTracing/PathTracingAdaptiveUtils.ush" 2828
"../../../Engine/Shaders/Private/PathTracing/PathTracingDefaultHitShader.usf" 2829
"../../../Engine/Shaders/Private/PathTracing/PathTracingGPULightmassMaterialHitShader.usf" 2830
"../../../Engine/Shaders/Private/PathTracing/PathTracingMaterialHitShader.usf" 2831
"../../../Engine/Shaders/Private/PathTracing/Material/PathTracingSubstrateCommon.ush" 2832
"../../../Engine/Shaders/Private/PathTracing/PathTracingLightingMissShader.usf" 2833
"../../../Engine/Shaders/Private/PathTracing/PathTracingMissShader.usf" 2834
"../../../Engine/Shaders/Private/PathTracing/PathTracingAdaptiveStart.usf" 2835
"../../../Engine/Shaders/Private/PathTracing/PathTracingBuildAdaptiveError.usf" 2836
"../../../Engine/Shaders/Private/PathTracing/PathTracingVolumetricCloudMaterialShader.usf" 2837
"../../../Engine/Shaders/Private/PathTracing/Volume/PathTracingCloudsMaterialCommon.ush" 2838
"../../../Engine/Shaders/Private/PathTracing/Volume/PathTracingVolumeCommon.ush" 2839
"../../../Engine/Shaders/Private/PathTracing/Volume/PathTracingCloudsCommon.ush" 2840
"../../../Engine/Shaders/Private/PathTracing/Volume/PathTracingFog.ush" 2841
"../../../Engine/Shaders/Private/PathTracing/Volume/PathTracingAtmosphere.ush" 2842
"../../../Engine/Shaders/Private/PathTracing/Volume/PathTracingAtmosphereCommon.ush" 2843
"../../../Engine/Shaders/Private/PathTracing/Volume/PathTracingVolumeSampling.ush" 2844
"../../../Engine/Shaders/Private/PathTracing/PathTracingBuildCloudAccelerationMap.usf" 2845
"../../../Engine/Shaders/Private/PathTracing/PathTracingBuildAtmosphereLUT.usf" 2846
"../../../Engine/Shaders/Private/PathTracing/PathTracingSwizzleScanlines.usf" 2847
"../../../Engine/Shaders/Private/PathTracing/PathTracingInitExtinctionCoefficient.usf" 2848
"../../../Engine/Shaders/Private/PathTracing/PathTracingCopyDepth.usf" 2849
"../../../Engine/Shaders/Private/PathTracing/PathTracingDebug.usf" 2850
"../../../Engine/Shaders/Private/RayTracing/RayTracingDecalGrid.ush" 2851
"../../../Engine/Shaders/Private/PathTracing/Material/PathTracingMaterialSampling.ush" 2852
"../../../Engine/Shaders/Private/PathTracing/Material/PathTracingLambert.ush" 2853
"../../../Engine/Shaders/Private/PathTracing/Material/PathTracingSubstrate.ush" 2854
"../../../Engine/Shaders/Private/PathTracing/Material/PathTracingSubstrateFoliage.ush" 2855
"../../../Engine/Shaders/Private/PathTracing/Material/PathTracingSubstrateSolidGlass.ush" 2856
"../../../Engine/Shaders/Private/PathTracing/Material/PathTracingSubstrateThinGlass.ush" 2857
"../../../Engine/Shaders/Private/PathTracing/Material/PathTracingSolidGlass.ush" 2858
"../../../Engine/Shaders/Private/PathTracing/Material/PathTracingEnergyConservation.ush" 2859
"../../../Engine/Shaders/Private/PathTracing/Material/PathTracingThinGlass.ush" 2860
"../../../Engine/Shaders/Private/PathTracing/Material/PathTracingDefaultLit.ush" 2861
"../../../Engine/Shaders/Private/PathTracing/Material/PathTracingClearCoat.ush" 2862
"../../../Engine/Shaders/Private/PathTracing/Material/PathTracingTwoSidedFoliage.ush" 2863
"../../../Engine/Shaders/Private/PathTracing/Material/PathTracingCloth.ush" 2864
"../../../Engine/Shaders/Private/PathTracing/Material/PathTracingSubsurfaceProfile.ush" 2865
"../../../Engine/Shaders/Private/PathTracing/Material/PathTracingEye.ush" 2866
"../../../Engine/Shaders/Private/PathTracing/Material/PathTracingHair.ush" 2867
"../../../Engine/Shaders/Private/PathTracing/Material/PathTracingMedium.ush" 2868
"../../../Engine/Shaders/Private/PathTracing/Light/PathTracingLightSampling.ush" 2869
"../../../Engine/Shaders/Private/PathTracing/Light/PathTracingLightCommon.ush" 2870
"../../../Engine/Shaders/Private/PathTracing/Light/PathTracingDirectionalLight.ush" 2871
"../../../Engine/Shaders/Private/PathTracing/Light/PathTracingPointLight.ush" 2872
"../../../Engine/Shaders/Private/PathTracing/Light/PathTracingCapsuleLight.ush" 2873
"../../../Engine/Shaders/Private/PathTracing/Light/PathTracingRectLight.ush" 2874
"../../../Engine/Shaders/Private/PathTracing/Light/PathTracingSkyLight.ush" 2875
"../../../Engine/Shaders/Private/PathTracing/Light/PathTracingLightGrid.ush" 2876
"../../../Engine/Shaders/Private/PathTracing/PathTracing.usf" 2877
"../../../Engine/Shaders/Private/PathTracing/PathTracingCore.ush" 2878
"../../../Engine/Shaders/Private/HeterogeneousVolumes/HeterogeneousVolumesVoxelGridTypes.ush" 2879
"../../../Engine/Shaders/Private/PathTracing/Volume/PathTracingVolume.ush" 2880
"../../../Engine/Shaders/Private/PathTracing/Volume/PathTracingClouds.ush" 2881
"../../../Engine/Shaders/Private/PathTracing/Volume/PathTracingHeterogeneousVolumes.ush" 2882
"../../../Engine/Shaders/Private/HeterogeneousVolumes/HeterogeneousVolumesTracingUtils.ush" 2883
"../../../Engine/Shaders/Private/HeterogeneousVolumes/HeterogeneousVolumesVoxelGridTraversal.ush" 2884
"../../../Engine/Shaders/Private/HeterogeneousVolumes/HeterogeneousVolumesVoxelGridUtils.ush" 2885
"../../../Engine/Shaders/Private/HeterogeneousVolumes/HeterogeneousVolumesFrustumVoxelGridUtils.ush" 2886
"../../../Engine/Shaders/Private/PathTracing/PathTracingBuildLightGrid.usf" 2887
"../../../Engine/Shaders/Private/PathTracing/PathTracingSkylightMISCompensation.usf" 2888
"../../../Engine/Shaders/Private/PathTracing/PathTracingSkylightPrepare.usf" 2889
"../../../Engine/Shaders/Private/OIT/OITSorting.usf" 2890
"../../../Engine/Shaders/Private/OITCombine.usf" 2891
"../../../Engine/Shaders/Private/OITCommon.ush" 2892
"../../../Engine/Shaders/Private/Nanite/Voxel/RasterizeBricks.usf" 2893
"../../../Engine/Shaders/Private/Nanite/Voxel/Brick.ush" 2894
"../../../Engine/Shaders/Private/Nanite/Voxel/Voxel.ush" 2895
"../../../Engine/Shaders/Private/Nanite/Voxel/ScatterBricks.usf" 2896
"../../../Engine/Shaders/Private/Nanite/Voxel/TileBricks.usf" 2897
"../../../Engine/Shaders/Private/Nanite/Voxel/AutoVoxel.usf" 2898
"../../../Engine/Shaders/Private/Nanite/NaniteDebugViews.usf" 2899
"../../../Engine/Shaders/Private/Nanite/NaniteEditorCommon.ush" 2900
"../../../Engine/Shaders/Private/BinarySearch.ush" 2901
"../../../Engine/Shaders/Private/Nanite/NaniteDepthDecode.usf" 2902
"../../../Engine/Shaders/Private/HTileEncoding.ush" 2903
"../../../Engine/Shaders/Private/Nanite/NaniteVisualize.usf" 2904
"../../../Engine/Shaders/Private/Nanite/NaniteStreamOut.usf" 2905
"../../../Engine/Shaders/Private/Nanite/NaniteHierarchyTraversal.ush" 2906
"../../../Engine/Shaders/Private/Nanite/NaniteShadeBinning.usf" 2907
"../../../Engine/Shaders/Private/Nanite/NaniteShadeCommon.ush" 2908
"../../../Engine/Shaders/Private/Nanite/NaniteFastClear.usf" 2909
"../../../Engine/Shaders/Private/Nanite/NaniteRayTracing.usf" 2910
"../../../Engine/Shaders/Private/Nanite/NaniteExportGBuffer.usf" 2911
"../../../Engine/Shaders/Private/Nanite/NaniteClusterCulling.usf" 2912
"../../../Engine/Shaders/Private/Nanite/NanitePrintStats.usf" 2913
"../../../Engine/Shaders/Private/Nanite/NaniteRasterizer.usf" 2914
"../../../Engine/Shaders/Private/Nanite/NaniteRasterizationCommon.ush" 2915
"../../../Engine/Shaders/Private/Nanite/NaniteRasterizer.ush" 2916
"../../../Engine/Shaders/Private/Nanite/NaniteWritePixel.ush" 2917
"../../../Engine/Shaders/Private/Nanite/NaniteTessellation.ush" 2918
"../../../Engine/Shaders/Private/WorkDistribution.ush" 2919
"../../../Engine/Shaders/Private/Nanite/NaniteDice.ush" 2920
"../../../Engine/Shaders/Private/ShaderBundleWorkGraphCommon.ush" 2921
"../../../Engine/Shaders/Public/RootConstants.ush" 2922
"../../../Engine/Shaders/Public/Platform/D3D/D3DRootConstants.ush" 2923
"../../../Engine/Shaders/Private/Nanite/NaniteSplit.usf" 2924
"../../../Engine/Shaders/Private/Nanite/NaniteRasterBinning.usf" 2925
"../../../Engine/Shaders/Private/Nanite/NaniteInstanceCulling.usf" 2926
"../../../Engine/Shaders/Private/Nanite/NaniteImposter.ush" 2927
"../../../Engine/Shaders/Private/Nanite/NaniteInstanceHierarchyCulling.usf" 2928
"../../../Engine/Shaders/Private/WorkGroupLoadBalancer.ush" 2929
"../../../Engine/Shaders/Private/Nanite/NanitePrimitiveFilter.usf" 2930
"../../../Engine/Shaders/Private/Nanite/NaniteRasterClear.usf" 2931
"../../../Engine/Shaders/Private/Nanite/NaniteDepthExport.usf" 2932
"../../../Engine/Shaders/Private/Nanite/NaniteEmitShadow.usf" 2933
"../../../Engine/Shaders/Private/MobileDeferredUtils.usf" 2934
"../../../Engine/Shaders/Private/MobileLocalLightsBuffer.usf" 2935
"../../../Engine/Shaders/Private/MobileFog.usf" 2936
"../../../Engine/Shaders/Private/DistortApplyScreenPS.usf" 2937
"../../../Engine/Shaders/Private/MobileDeferredShading.usf" 2938
"../../../Engine/Shaders/Private/MobileBasePassPixelShader.usf" 2939
"../../../Engine/Shaders/Private/MobileBasePassCommon.ush" 2940
"../../../Engine/Shaders/Private/BasePassCommon.ush" 2941
"../../../Engine/Shaders/Private/ShadingModelsMaterial.ush" 2942
"../../../Engine/Shaders/Private/ThinTranslucentCommon.ush" 2943
"../../../Engine/Shaders/Private/SingleLayerWaterShading.ush" 2944
"../../../Engine/Shaders/Private/DistortionCommon.ush" 2945
"../../../Engine/Shaders/Private/Substrate/SubstrateMobileForwardLighting.ush" 2946
"../../../Engine/Shaders/Private/MobileBasePassVertexShader.usf" 2947
"../../../Engine/Shaders/Private/MeshEdges.usf" 2948
"../../../Engine/Shaders/Private/MegaLights/MegaLightsSampling.usf" 2949
"../../../Engine/Shaders/Shared/MegaLightsDefinitions.h" 2950
"../../../Engine/Shaders/Private/MegaLights/MegaLightsShading.ush" 2951
"../../../Engine/Shaders/Private/MegaLights/MegaLights.ush" 2952
"../../../Engine/Shaders/Private/MegaLights/MegaLightsMaterial.ush" 2953
"../../../Engine/Shaders/Private/MegaLights/MegaLightsRayTracing.ush" 2954
"../../../Engine/Shaders/Private/MegaLights/MegaLightsSampling.ush" 2955
"../../../Engine/Shaders/Private/MegaLights/MegaLightsVolumeSampling.usf" 2956
"../../../Engine/Shaders/Private/MegaLights/MegaLightsVolume.ush" 2957
"../../../Engine/Shaders/Private/MegaLights/MegaLights.usf" 2958
"../../../Engine/Shaders/Private/HairStrands/HairStrandsScreenTracing.ush" 2959
"../../../Engine/Shaders/Private/MegaLights/MegaLightsFilterVisibleLightHash.usf" 2960
"../../../Engine/Shaders/Private/MegaLights/MegaLightsShading.usf" 2961
"../../../Engine/Shaders/Private/Lumen/LumenReflectionDenoiserCommon.ush" 2962
"../../../Engine/Shaders/Private/MegaLights/MegaLightsVisibleLightHash.usf" 2963
"../../../Engine/Shaders/Private/MegaLights/MegaLightsVolumeShading.usf" 2964
"../../../Engine/Shaders/Private/MegaLights/MegaLightsVSMMarking.usf" 2965
"../../../Engine/Shaders/Private/MegaLights/MegaLightsVSMTracing.usf" 2966
"../../../Engine/Shaders/Private/MegaLights/MegaLightsRayTracing.usf" 2967
"../../../Engine/Shaders/Private/DistanceField/GlobalDistanceFieldUtils.ush" 2968
"../../../Engine/Shaders/Private/Lumen/LumenScreenTracing.ush" 2969
"../../../Engine/Shaders/Private/MegaLights/MegaLightsVolumeRayTracing.usf" 2970
"../../../Engine/Shaders/Private/MegaLights/MegaLightsVolumeHardwareRayTracing.usf" 2971
"../../../Engine/Shaders/Private/Lumen/LumenHardwareRayTracingCommon.ush" 2972
"../../../Engine/Shaders/Private/RayTracing/RayTracingReflectionEnvironment.ush" 2973
"../../../Engine/Shaders/Private/Lumen/LumenHardwareRayTracingPlatformCommon.ush" 2974
"../../../Engine/Shaders/Private/Lumen/LumenTracingCommon.ush" 2975
"../../../Engine/Shaders/Private/Lumen/SurfaceCache/LumenSurfaceCacheSampling.ush" 2976
"../../../Engine/Shaders/Private/Lumen/SurfaceCache/LumenSurfaceCache.ush" 2977
"../../../Engine/Shaders/Private/Lumen/LumenCardCommon.ush" 2978
"../../../Engine/Shaders/Private/Lumen/LumenCardTileShadowDownsampleFactor.ush" 2979
"../../../Engine/Shaders/Private/MegaLights/MegaLightsHardwareRayTracing.usf" 2980
"../../../Engine/Shaders/Private/MegaLights/MegaLightsDebug.usf" 2981
"../../../Engine/Shaders/Private/MegaLights/MegaLightsDenoiserSpatial.usf" 2982
"../../../Engine/Shaders/Private/MegaLights/MegaLightsDenoiserTemporal.usf" 2983
"../../../Engine/Shaders/Private/MaterialCache/MaterialCacheABufferPages.usf" 2984
"../../../Engine/Shaders/Private/MaterialCache/MaterialCacheShade.usf" 2985
"../../../Engine/Shaders/Private/MaterialCache/MaterialCacheShadeCommon.ush" 2986
"../../../Engine/Shaders/Private/MaterialCache/MaterialCacheUnwrapNaniteShade.usf" 2987
"../../../Engine/Shaders/Private/MaterialCache/MaterialCacheUnwrapPixelShader.usf" 2988
"../../../Engine/Shaders/Private/MaterialCache/MaterialCacheUnwrapVertexShader.usf" 2989
"../../../Engine/Shaders/Private/Lumen/LumenVisualizeRadianceCache.usf" 2990
"../../../Engine/Shaders/Private/Lumen/LumenRadianceCacheCommon.ush" 2991
"../../../Engine/Shaders/Private/Lumen/LumenVisualizeHardwareRayTracing.usf" 2992
"../../../Engine/Shaders/Private/Lumen/LumenVisualize.ush" 2993
"../../../Engine/Shaders/Private/Lumen/LumenHairTracing.ush" 2994
"../../../Engine/Shaders/Private/Lumen/LumenVisualize.usf" 2995
"../../../Engine/Shaders/Private/Lumen/LumenSoftwareRayTracing.ush" 2996
"../../../Engine/Shaders/Private/DistanceField/GlobalDistanceFieldObjectGrid.ush" 2997
"../../../Engine/Shaders/Private/DistanceFieldLightingShared.ush" 2998
"../../../Engine/Shaders/Private/Lumen/LumenVisualizeTraces.ush" 2999
"../../../Engine/Shaders/Private/Lumen/LumenTranslucencyVolumeLighting.usf" 3000
"../../../Engine/Shaders/Private/Lumen/LumenRadianceCacheMarkCommon.ush" 3001
"../../../Engine/Shaders/Private/Lumen/LumenTranslucencyVolumeLightingShared.ush" 3002
"../../../Engine/Shaders/Private/Lumen/LumenScreenProbeCommon.ush" 3003
"../../../Engine/Shaders/Private/RayTracing/RayGenUtils.ush" 3004
"../../../Engine/Shaders/Private/Lumen/LumenRadianceCacheTracingCommon.ush" 3005
"../../../Engine/Shaders/Private/Lumen/LumenTranslucencyVolumeHardwareRayTracing.usf" 3006
"../../../Engine/Shaders/Private/Lumen/LumenTranslucencyRadianceCacheMarkShaders.usf" 3007
"../../../Engine/Shaders/Private/Lumen/SurfaceCache/LumenSurfaceCache.usf" 3008
"../../../Engine/Shaders/Private/Lumen/LumenVirtualTextureCommon.ush" 3009
"../../../Engine/Shaders/Private/Lumen/LumenShortRangeAOHardwareRayTracing.usf" 3010
"../../../Engine/Shaders/Private/Lumen/LumenScreenSpaceBentNormal.ush" 3011
"../../../Engine/Shaders/Private/Lumen/LumenScreenSpaceBentNormal.usf" 3012
"../../../Engine/Shaders/Private/Lumen/LumenScreenProbeTracing.usf" 3013
"../../../Engine/Shaders/Private/Lumen/LumenScreenProbeTracingCommon.ush" 3014
"../../../Engine/Shaders/Private/Lumen/LumenFloatQuantization.ush" 3015
"../../../Engine/Shaders/Private/Lumen/LumenScreenProbeImportanceSampling.usf" 3016
"../../../Engine/Shaders/Private/Lumen/LumenScreenProbeImportanceSamplingShared.ush" 3017
"../../../Engine/Shaders/Private/Lumen/LumenScreenProbeHardwareRayTracing.usf" 3018
"../../../Engine/Shaders/Private/Lumen/LumenScreenProbeDebug.usf" 3019
"../../../Engine/Shaders/Private/Lumen/LumenScreenProbeGather.usf" 3020
"../../../Engine/Shaders/Private/Lumen/LumenScreenProbeGatherTemporal.usf" 3021
"../../../Engine/Shaders/Private/Lumen/LumenScreenProbeFiltering.usf" 3022
"../../../Engine/Shaders/Private/Lumen/LumenSceneLighting.usf" 3023
"../../../Engine/Shaders/Private/Lumen/LumenCardTile.ush" 3024
"../../../Engine/Shaders/Private/Lumen/LumenSceneLighting.ush" 3025
"../../../Engine/Shaders/Private/Lumen/Radiosity/LumenRadiosity.ush" 3026
"../../../Engine/Shaders/Private/Lumen/LumenSceneLightingDebug.usf" 3027
"../../../Engine/Shaders/Private/Lumen/LumenScene.usf" 3028
"../../../Engine/Shaders/Private/Lumen/LumenSceneDirectLightingHardwareRayTracing.usf" 3029
"../../../Engine/Shaders/Private/Lumen/LumenSceneDirectLightingStochastic.ush" 3030
"../../../Engine/Shaders/Private/Lumen/LumenSceneDirectLighting.ush" 3031
"../../../Engine/Shaders/Private/Lumen/LumenSceneDebugHardwareRayTracing.usf" 3032
"../../../Engine/Shaders/Private/Lumen/LumenSceneDirectLightingStochastic.usf" 3033
"../../../Engine/Shaders/Private/Lumen/LumenSceneDirectLightingSoftwareRayTracing.usf" 3034
"../../../Engine/Shaders/Private/DistanceFieldShadowingShared.ush" 3035
"../../../Engine/Shaders/Private/Lumen/LumenSceneDirectLightingPerLightShadowCommon.ush" 3036
"../../../Engine/Shaders/Private/Lumen/LumenSceneDirectLightingShadowMask.usf" 3037
"../../../Engine/Shaders/Private/Lumen/LumenSceneDirectLighting.usf" 3038
"../../../Engine/Shaders/Private/Lumen/LumenSceneDirectLightingCulling.usf" 3039
"../../../Engine/Shaders/Private/Lumen/LumenCardComputeShader.usf" 3040
"../../../Engine/Shaders/Private/Lumen/LumenCardBasePass.ush" 3041
"../../../Engine/Shaders/Private/Lumen/LumenCardPixelShader.usf" 3042
"../../../Engine/Shaders/Private/Lumen/LumenCardVertexShader.usf" 3043
"../../../Engine/Shaders/Private/Lumen/LumenReSTIRGather.usf" 3044
"../../../Engine/Shaders/Private/Lumen/LumenReflectionTracing.usf" 3045
"../../../Engine/Shaders/Private/Lumen/LumenReflectionDenoiserSpatial.usf" 3046
"../../../Engine/Shaders/Private/Lumen/LumenReflectionDenoiserClear.usf" 3047
"../../../Engine/Shaders/Private/Lumen/LumenReflectionDenoiserTemporal.usf" 3048
"../../../Engine/Shaders/Private/Lumen/LumenReflectionResolve.usf" 3049
"../../../Engine/Shaders/Private/Lumen/LumenReflections.usf" 3050
"../../../Engine/Shaders/Private/Lumen/RayTracedTranslucency.usf" 3051
"../../../Engine/Shaders/Private/Lumen/LumenReflectionHardwareRayTracing.usf" 3052
"../../../Engine/Shaders/Private/Lumen/Radiosity/LumenVisualizeRadiosityProbes.usf" 3053
"../../../Engine/Shaders/Private/Lumen/Radiosity/LumenRadiosity.usf" 3054
"../../../Engine/Shaders/Private/Lumen/Radiosity/LumenRadiosityHardwareRayTracing.usf" 3055
"../../../Engine/Shaders/Private/Lumen/Radiosity/LumenRadiosityCulling.usf" 3056
"../../../Engine/Shaders/Private/Lumen/LumenRadianceCacheHardwareRayTracing.usf" 3057
"../../../Engine/Shaders/Private/Lumen/LumenRadianceCache.usf" 3058
"../../../Engine/Shaders/Private/Lumen/LumenRadianceCacheUpdate.ush" 3059
"../../../Engine/Shaders/Private/Lumen/LumenRadianceCacheDebug.usf" 3060
"../../../Engine/Shaders/Private/Lumen/LumenRadianceCacheUpdate.usf" 3061
"../../../Engine/Shaders/Private/Lumen/LumenMeshSDFCulling.usf" 3062
"../../../Engine/Shaders/Private/HybridIndirectLighting.ush" 3063
"../../../Engine/Shaders/Private/MeshDistanceFieldCommon.ush" 3064
"../../../Engine/Shaders/Private/Lumen/LumenIrradianceFieldGather.usf" 3065
"../../../Engine/Shaders/Private/Lumen/LumenHardwareRayTracingMaterials.usf" 3066
"../../../Engine/Shaders/Private/Lumen/LumenFrontLayerTranslucency.usf" 3067
"../../../Engine/Shaders/Private/LocalFogVolumes/LocalFogVolumeSplat.usf" 3068
"../../../Engine/Shaders/Private/LocalFogVolumes/LocalFogVolumeTiledCulling.usf" 3069
"../../../Engine/Shaders/Private/LightShaftShader.usf" 3070
"../../../Engine/Shaders/Private/StationaryLightOverlapShaders.usf" 3071
"../../../Engine/Shaders/Private/DeferredLightPixelShaders.usf" 3072
"../../../Engine/Shaders/Private/DeferredLightVertexShaders.usf" 3073
"../../../Engine/Shaders/Private/LightMapDensityShader.usf" 3074
"../../../Engine/Shaders/Private/LightGridInjection.usf" 3075
"../../../Engine/Shaders/Shared/LightGridDefinitions.h" 3076
"../../../Engine/Shaders/Private/LightFunctionPixelShader.usf" 3077
"../../../Engine/Shaders/Private/LightFunctionVertexShader.usf" 3078
"../../../Engine/Shaders/Private/LightFunctionAtlas/LightFunctionAtlasRender.usf" 3079
"../../../Engine/Shaders/Private/InstanceCulling/InstanceCullingOcclusionQuery.usf" 3080
"../../../Engine/Shaders/Private/InstanceCulling/InstanceCullingSetup.ush" 3081
"../../../Engine/Shaders/Private/InstanceCulling/BuildInstanceDrawCommands.usf" 3082
"../../../Engine/Shaders/Private/InstanceCulling/InstanceCompactionCommon.ush" 3083
"../../../Engine/Shaders/Private/SceneDataMobileWriter.ush" 3084
"../../../Engine/Shaders/Private/InstanceCulling/CompactVisibleInstances.usf" 3085
"../../../Engine/Shaders/Private/ReflectionEnvironmentPixelShader.usf" 3086
"../../../Engine/Shaders/Private/AmbientCubemapComposite.usf" 3087
"../../../Engine/Shaders/Private/DiffuseIndirectComposite.usf" 3088
"../../../Engine/Shaders/Private/IESAtlas.usf" 3089
"../../../Engine/Shaders/Private/HeterogeneousVolumes/HeterogeneousVolumesVisualizeCascades.usf" 3090
"../../../Engine/Shaders/Private/HeterogeneousVolumes/HeterogeneousVolumesVoxelGridShadows.usf" 3091
"../../../Engine/Shaders/Private/HeterogeneousVolumes/HeterogeneousVolumesStochasticFiltering.ush" 3092
"../../../Engine/Shaders/Private/HeterogeneousVolumes/HeterogeneousVolumesVoxelGridRenderingUtils.ush" 3093
"../../../Engine/Shaders/Private/HeterogeneousVolumes/HeterogeneousVolumesLightingUtils.ush" 3094
"../../../Engine/Shaders/Private/HeterogeneousVolumes/HeterogeneousVolumesRayMarchingUtils.ush" 3095
"../../../Engine/Shaders/Private/HeterogeneousVolumes/HeterogeneousVolumesRayMarchingTypes.ush" 3096
"../../../Engine/Shaders/Private/HeterogeneousVolumes/HeterogeneousVolumesTransmittanceVolumeUtils.ush" 3097
"../../../Engine/Shaders/Private/HeterogeneousVolumes/HeterogeneousVolumesAdaptiveVolumetricShadowMapSampler.ush" 3098
"../../../Engine/Shaders/Private/HeterogeneousVolumes/HeterogeneousVolumesVoxelGridRendering.usf" 3099
"../../../Engine/Shaders/Private/HeterogeneousVolumes/HeterogeneousVolumesVoxelGridPipeline.usf" 3100
"../../../Engine/Shaders/Private/HeterogeneousVolumes/HeterogeneousVolumesMaterialBakingPipeline.usf" 3101
"../../../Engine/Shaders/Private/HeterogeneousVolumes/HeterogeneousVolumesLiveShadingUtils.ush" 3102
"../../../Engine/Shaders/Private/HeterogeneousVolumes/HeterogeneousVolumesFrustumVoxelGrid.usf" 3103
"../../../Engine/Shaders/Private/HeterogeneousVolumes/HeterogeneousVolumesSparseVoxelPipeline.usf" 3104
"../../../Engine/Shaders/Private/HeterogeneousVolumes/HeterogeneousVolumesSparseVoxelUtils.ush" 3105
"../../../Engine/Shaders/Private/HeterogeneousVolumes/HeterogeneousVolumesSparseVoxelUniformBufferUtils.ush" 3106
"../../../Engine/Shaders/Private/HeterogeneousVolumes/HeterogeneousVolumesPreshadingPipeline.usf" 3107
"../../../Engine/Shaders/Private/HeterogeneousVolumes/HeterogeneousVolumesShadowMask.usf" 3108
"../../../Engine/Shaders/Private/HeterogeneousVolumes/HeterogeneousVolumesLiveShadingShadows.usf" 3109
"../../../Engine/Shaders/Private/HeterogeneousVolumes/HeterogeneousVolumesLiveShadingGlobalPipeline.usf" 3110
"../../../Engine/Shaders/Private/HeterogeneousVolumes/HeterogeneousVolumesLiveShadingPipeline.usf" 3111
"../../../Engine/Shaders/Private/HeterogeneousVolumes/HeterogeneousVolumesHardwareRayTracing.usf" 3112
"../../../Engine/Shaders/Private/HeterogeneousVolumes/HeterogeneousVolumesAmbientOcclusionPipeline.usf" 3113
"../../../Engine/Shaders/Private/HeterogeneousVolumes/HeterogeneousVolumesComposite.usf" 3114
"../../../Engine/Shaders/Private/HdrCustomResolveShaders.usf" 3115
"../../../Engine/Shaders/Private/HairStrands/RenderCurveRaster.usf" 3116
"../../../Engine/Shaders/Shared/RenderCurveDefinitions.h" 3117
"../../../Engine/Shaders/Private/HairStrands/HairStrandsVoxelRasterCompute.usf" 3118
"../../../Engine/Shaders/Private/HairStrands/HairStrandsHitProxy.usf" 3119
"../../../Engine/Shaders/Private/HairStrands/HairStrandsVisibilityRasterComputeNaive.usf" 3120
"../../../Engine/Shaders/Private/HairStrands/HairStrandsVisibilityRasterHW.usf" 3121
"../../../Engine/Shaders/Private/HairStrands/HairStrandsVisibilityRasterCompute.usf" 3122
"../../../Engine/Shaders/Private/HairStrands/HairStrandsVisibilityRasterClassification.usf" 3123
"../../../Engine/Shaders/Private/HairStrands/HairStrandsCoverage.usf" 3124
"../../../Engine/Shaders/Private/HairStrands/HairStrandsVisibilityDepthPS.usf" 3125
"../../../Engine/Shaders/Private/HairStrands/HairStrandsVisibilityTransmittanceDepthPS.usf" 3126
"../../../Engine/Shaders/Private/HairStrands/HairStrandsVisibilityFillOpaqueDepthPS.usf" 3127
"../../../Engine/Shaders/Private/HairStrands/HairStrandsVisibilityCompactionComputeRaster.usf" 3128
"../../../Engine/Shaders/Private/HairStrands/HairStrandsVisibilityCompaction.usf" 3129
"../../../Engine/Shaders/Private/HairStrands/HairStrandsVisibilityCopyIndirectArg.usf" 3130
"../../../Engine/Shaders/Private/HairStrands/HairStrandsVisibilityClearPS.usf" 3131
"../../../Engine/Shaders/Private/HairStrands/HairStrandsVisibilityPS.usf" 3132
"../../../Engine/Shaders/Private/HairStrands/HairStrandsVisibilityVS.usf" 3133
"../../../Engine/Shaders/Private/HairStrands/HairStrandsVelocity.usf" 3134
"../../../Engine/Shaders/Private/HairStrands/HairStrandsVisibilityComputeSampleCoverage.usf" 3135
"../../../Engine/Shaders/Private/HairStrands/HairStrandsMaterialPS.usf" 3136
"../../../Engine/Shaders/Private/HairStrands/HairStrandsMaterialCommon.ush" 3137
"../../../Engine/Shaders/Private/HairStrands/HairStrandsMaterialVS.usf" 3138
"../../../Engine/Shaders/Private/HairStrands/HairStrandsLightSample.usf" 3139
"../../../Engine/Shaders/Private/HairStrands/HairStrandsDeepShadowMask.usf" 3140
"../../../Engine/Shaders/Private/HairStrands/HairStrandsDeepTransmittanceMask.usf" 3141
"../../../Engine/Shaders/Private/HairStrands/HairStrandsVisibilityTile.usf" 3142
"../../../Engine/Shaders/Private/HairStrands/HairStrandsDeepShadowPS.usf" 3143
"../../../Engine/Shaders/Private/HairStrands/HairStrandsDeepShadowVS.usf" 3144
"../../../Engine/Shaders/Private/HairStrands/HairStrandsAABB.usf" 3145
"../../../Engine/Shaders/Private/HairStrands/HairStrandsLUT.usf" 3146
"../../../Engine/Shaders/Private/HairStrands/HairStrandsForwardRaster.usf" 3147
"../../../Engine/Shaders/Private/HairStrands/HairStrandsForwardCulling.usf" 3148
"../../../Engine/Shaders/Private/HairStrands/HairStrandsEnvironmentLighting.usf" 3149
"../../../Engine/Shaders/Private/HairStrands/HairStrandsEnvironmentAO.usf" 3150
"../../../Engine/Shaders/Private/HairStrands/HairStrandsDeepShadowAllocation.usf" 3151
"../../../Engine/Shaders/Private/HairStrands/HairStrandsVoxelDebug.usf" 3152
"../../../Engine/Shaders/Private/HairStrands/HairStrandsComposition.usf" 3153
"../../../Engine/Shaders/Private/HairStrands/HairStrandsGBufferCommon.ush" 3154
"../../../Engine/Shaders/Private/GPUScene/GPUSceneDataManagement.usf" 3155
"../../../Engine/Shaders/Private/GPUSceneDebugRender.usf" 3156
"../../../Engine/Shaders/Private/GPUFeedbackCompaction.usf" 3157
"../../../Engine/Shaders/Private/GPUFastFourierTransform.usf" 3158
"../../../Engine/Shaders/Private/GPUFastFourierTransform2DCore.ush" 3159
"../../../Engine/Shaders/Private/GPUFastFourierTransformCore.ush" 3160
"../../../Engine/Shaders/Private/GPUBenchmark.usf" 3161
"../../../Engine/Shaders/Private/DistanceField/GlobalDistanceFieldDebug.usf" 3162
"../../../Engine/Shaders/Private/DistanceField/GlobalDistanceFieldUpdate.ush" 3163
"../../../Engine/Shaders/Private/DistanceField/GlobalDistanceFieldMip.usf" 3164
"../../../Engine/Shaders/Private/DistanceField/GlobalDistanceField.usf" 3165
"../../../Engine/Shaders/Private/DistanceField/GlobalDistanceFieldCompositeObjects.usf" 3166
"../../../Engine/Shaders/Private/DistanceField/GlobalDistanceFieldHeightfields.usf" 3167
"../../../Engine/Shaders/Private/HeightfieldLightingShared.ush" 3168
"../../../Engine/Shaders/Private/GenerateConservativeDepth.usf" 3169
"../../../Engine/Shaders/Private/HeightFogPixelShader.usf" 3170
"../../../Engine/Shaders/Private/HeightFogVertexShader.usf" 3171
"../../../Engine/Shaders/Private/DistortFiltering.usf" 3172
"../../../Engine/Shaders/Private/DistortAccumulatePS.usf" 3173
"../../../Engine/Shaders/Private/DistortAccumulateVS.usf" 3174
"../../../Engine/Shaders/Private/DistanceFieldVisualization.usf" 3175
"../../../Engine/Shaders/Private/DistanceFieldStreaming.usf" 3176
"../../../Engine/Shaders/Private/DistanceFieldShadowing.usf" 3177
"../../../Engine/Shaders/Private/DistanceFieldScreenGridLighting.usf" 3178
"../../../Engine/Shaders/Private/DistanceFieldObjectCulling.usf" 3179
"../../../Engine/Shaders/Private/DistanceFieldLightingPost.usf" 3180
"../../../Engine/Shaders/Private/DitheredTransitionStencil.usf" 3181
"../../../Engine/Shaders/Private/CopyDepthTexture.usf" 3182
"../../../Engine/Shaders/Private/CopyDepthTextureCS.usf" 3183
"../../../Engine/Shaders/Private/DeferredDecal.usf" 3184
"../../../Engine/Shaders/Private/DecalCommon.ush" 3185
"../../../Engine/Shaders/Private/DebugViewModeVertexShader.usf" 3186
"../../../Engine/Shaders/Private/DebugViewModeCommon.ush" 3187
"../../../Engine/Shaders/Private/DebugViewModePixelShader.usf" 3188
"../../../Engine/Shaders/Private/DebugProbes.usf" 3189
"../../../Engine/Shaders/Private/MeshDecals.usf" 3190
"../../../Engine/Shaders/Private/PostProcessAmbientOcclusion.usf" 3191
"../../../Engine/Shaders/Private/ClusteredDeferredShadingPixelShader.usf" 3192
"../../../Engine/Shaders/Private/ClusteredDeferredShadingVertexShader.usf" 3193
"../../../Engine/Shaders/Private/CapsuleShadowShaders.usf" 3194
"../../../Engine/Shaders/Private/BasePassPixelShader.usf" 3195
"../../../Engine/Shaders/Private/ForwardLightingCommon.ush" 3196
"../../../Engine/Shaders/Private/Substrate/SubstrateForwardLighting.ush" 3197
"../../../Engine/Shaders/Private/ComputeShaderOutputCommon.ush" 3198
"../../../Engine/Shaders/Private/BasePassVertexShader.usf" 3199
"../../../Engine/Shaders/Private/BasePassVertexCommon.ush" 3200
"../../../Engine/Shaders/Private/SimpleElementVolumeTexturePreviewPixelShader.usf" 3201
"../../../Engine/Shaders/Private/SimpleElementTexture2DPreviewPixelShader.usf" 3202
"../../../Engine/Shaders/Private/meshpaintdilatepixelshader.usf" 3203
"../../../Engine/Shaders/Private/meshpaintdilatevertexshader.usf" 3204
"../../../Engine/Shaders/Private/MeshPaintPixelShader.usf" 3205
"../../../Engine/Shaders/Private/MeshPaintVertexShader.usf" 3206
"../../../Engine/Shaders/Private/SlateElementPixelShader.usf" 3207
"../../../Engine/Shaders/Private/SlateShaderCommon.ush" 3208
"../../../Engine/Shaders/Private/SlateMaskingShader.usf" 3209
"../../../Engine/Shaders/Private/SlateVertexShader.usf" 3210
"../../../Engine/Shaders/Private/CompositeUIPixelShader.usf" 3211
"../../../Engine/Shaders/Private/ColorDeficiency.ush" 3212
"../../../Engine/Shaders/Private/SlatePostProcessColorDeficiencyPixelShader.usf" 3213
"../../../Engine/Shaders/Private/SlatePostProcessPixelShader.usf" 3214
"../../../Engine/Shaders/Private/Tools/VisualizeTexture.usf" 3215
"../../../Engine/Shaders/Private/UpdateDescriptorHandle.usf" 3216
"../../../Engine/Shaders/Private/ByteBuffer.usf" 3217
"../../../Engine/Shaders/Private/ShaderBundleWorkGraphDispatch.usf" 3218
"../../../Engine/Shaders/Private/ShaderBundleDispatch.usf" 3219
"../../../Engine/Shaders/Private/ResolveVertexShader.usf" 3220
"../../../Engine/Shaders/Private/ResolvePixelShader.usf" 3221
"../../../Engine/Shaders/Private/Tools/SetupIndirectArgs.usf" 3222
"../../../Engine/Shaders/Private/ClearReplacementShaders.usf" 3223
"../../../Engine/Shaders/Private/Tools/DrawTexture.usf" 3224
"../../../Engine/Shaders/Private/RayTracing/RayTracingValidation.usf" 3225
"../../../Engine/Shaders/Private/RenderGraphUtilities.usf" 3226
"../../../Engine/Shaders/Private/OneColorShader.usf" 3227
"../../../Engine/Shaders/Private/OculusShaders.usf" 3228
"../../../Engine/Shaders/Private/MediaShaders.usf" 3229
"../../../Engine/Shaders/Private/GPUMessaging.usf" 3230
"../../../Engine/Shaders/Private/Tools/GPUDebugCrashUtils.usf" 3231
"../../../Engine/Shaders/Private/NullPixelShader.usf" 3232
"../../../Engine/Shaders/Private/ComputeGenerateMips.usf" 3233
"../../../Engine/Shaders/Private/Tools/DumpTexture.usf" 3234
"../../../Engine/Shaders/Private/CopyTextureShaders.usf" 3235
"../../../Engine/Shaders/Private/Tools/FullscreenVertexShader.usf" 3236
"../../../Engine/Shaders/Private/RayTracing/RayTracingDispatchDesc.usf" 3237
"../../../Engine/Shaders/Private/Bink.usf" 3238
"../../../Engine/Shaders/Private/DepthOnlyPixelShader.usf" 3239
"../../../Engine/Shaders/Private/PositionOnlyDepthVertexShader.usf" 3240
"../../../Engine/Shaders/Private/DepthOnlyVertexShader.usf" 3241
"../../../Engine/Shaders/Private/AnisotropyPassShader.usf" 3242
"/Engine/EngineResources/WhiteSquareTexture" 3243
"../../../Engine/Content/EngineResources/WhiteSquareTexture.uasset" 3244
"/Engine/EngineResources/GradientTexture0" 3245
"../../../Engine/Content/EngineResources/GradientTexture0.uasset" 3246
"/Engine/EngineResources/Black" 3247
"../../../Engine/Content/EngineResources/Black.uasset" 3248
"/Engine/EditorResources/S_Actor" 3249
"../../../Engine/Content/EditorResources/S_Actor.uasset" 3250
"/Engine/EngineFonts/RobotoDistanceField" 3251
"../../../Engine/Content/EngineFonts/RobotoDistanceField.uasset" 3252
"/Engine/EngineMaterials/DefaultTextMaterialOpaque" 3253
"../../../Engine/Content/EngineMaterials/DefaultTextMaterialOpaque.uasset" 3254
"/Engine/Functions/Engine_MaterialFunctions01/Shading/PowerToRoughness" 3255
"../../../Engine/Content/Functions/Engine_MaterialFunctions01/Shading/PowerToRoughness.uasset" 3256
"/Engine/Functions/Engine_MaterialFunctions01/Shading/ConvertFromDiffSpec" 3257
"../../../Engine/Content/Functions/Engine_MaterialFunctions01/Shading/ConvertFromDiffSpec.uasset" 3258
"/Engine/EngineMaterials/WorldGridMaterial" 3259
"../../../Engine/Content/EngineMaterials/WorldGridMaterial.uasset" 3260
"../../../Engine/Content/Functions/Engine_MaterialFunctions01/Opacity/CameraDepthFade.uasset" 3261
"../../../Engine/Content/EngineMaterials/T_Default_Material_Grid_M.uasset" 3262
"../../../Engine/Content/EngineMaterials/T_Default_Material_Grid_N.uasset" 3263
"/Engine/EngineMaterials/DefaultDeferredDecalMaterial" 3264
"../../../Engine/Content/EngineMaterials/DefaultDeferredDecalMaterial.uasset" 3265
"../../../Engine/Content/EngineMaterials/DefaultDiffuse.uasset" 3266
"/Engine/EngineMaterials/DefaultLightFunctionMaterial" 3267
"../../../Engine/Content/EngineMaterials/DefaultLightFunctionMaterial.uasset" 3268
"/Engine/EngineMaterials/DefaultPostProcessMaterial" 3269
"../../../Engine/Content/EngineMaterials/DefaultPostProcessMaterial.uasset" 3270
"../../../Engine/Content/Functions/Engine_MaterialFunctions02/Utility/BreakOutFloat2Components.uasset" 3271
"/Engine/EditorResources/S_Trigger" 3272
"../../../Engine/Content/EditorResources/S_Trigger.uasset" 3273
"/Engine/EditorResources/S_BoxReflectionCapture" 3274
"../../../Engine/Content/EditorResources/S_BoxReflectionCapture.uasset" 3275
"/Engine/EngineResources/DefaultTexture" 3276
"../../../Engine/Content/EngineResources/DefaultTexture.uasset" 3277
"/Engine/EditorResources/S_TriggerBox" 3278
"../../../Engine/Content/EditorResources/S_TriggerBox.uasset" 3279
"/Engine/EditorResources/S_TriggerCapsule" 3280
"../../../Engine/Content/EditorResources/S_TriggerCapsule.uasset" 3281
"/Engine/EditorResources/S_TriggerSphere" 3282
"../../../Engine/Content/EditorResources/S_TriggerSphere.uasset" 3283
"/Engine/EngineMeshes/Sphere" 3284
"../../../Engine/Content/EngineMeshes/Sphere.uasset" 3285
"/Engine/EngineDamageTypes/DmgTypeBP_Environmental" 3286
"../../../Engine/Content/EngineDamageTypes/DmgTypeBP_Environmental.uasset" 3287
"/Engine/EngineResources/DefaultTextureCube" 3288
"../../../Engine/Content/EngineResources/DefaultTextureCube.uasset" 3289
"/Engine/EngineResources/DefaultVolumeTexture" 3290
"../../../Engine/Content/EngineResources/DefaultVolumeTexture.uasset" 3291
"../../../Engine/Content/EngineResources/DefaultVolumeTexture2D.uasset" 3292
"/Engine/EditorResources/S_Solver" 3293
"../../../Engine/Content/EditorResources/S_Solver.uasset" 3294
"/Engine/EngineDebugMaterials/VolumeToRender" 3295
"../../../Engine/Content/EngineDebugMaterials/VolumeToRender.uasset" 3296
"/Engine/EngineDebugMaterials/M_VolumeRenderSphereTracePP" 3297
"../../../Engine/Content/EngineDebugMaterials/M_VolumeRenderSphereTracePP.uasset" 3298
"../../../Engine/Content/Functions/Engine_MaterialFunctions02/Utility/CameraDirectionVector.uasset" 3299
"/Engine/EditorMeshes/Camera/SM_CraneRig_Base" 3300
"../../../Engine/Content/EditorMeshes/Camera/SM_CraneRig_Base.uasset" 3301
"../../../Engine/Content/EditorMaterials/Camera/MI_CineMat_Rig.uasset" 3302
"../../../Engine/Content/EditorMaterials/Camera/CineMat.uasset" 3303
"/Engine/EditorMeshes/Camera/SM_CraneRig_Arm" 3304
"../../../Engine/Content/EditorMeshes/Camera/SM_CraneRig_Arm.uasset" 3305
"/Engine/EditorMeshes/Camera/SM_CraneRig_Mount" 3306
"../../../Engine/Content/EditorMeshes/Camera/SM_CraneRig_Mount.uasset" 3307
"/Engine/EditorMeshes/Camera/SM_CraneRig_Body" 3308
"../../../Engine/Content/EditorMeshes/Camera/SM_CraneRig_Body.uasset" 3309
"/Engine/EditorMeshes/Camera/SM_RailRig_Track" 3310
"../../../Engine/Content/EditorMeshes/Camera/SM_RailRig_Track.uasset" 3311
"/Engine/EditorMeshes/Camera/SM_RailRig_Mount" 3312
"../../../Engine/Content/EditorMeshes/Camera/SM_RailRig_Mount.uasset" 3313
"/Engine/EditorLandscapeResources/SplineEditorMesh" 3314
"../../../Engine/Content/EditorLandscapeResources/SplineEditorMesh.uasset" 3315
"../../../Engine/Content/EditorLandscapeResources/SplineEditorMeshMat.uasset" 3316
"/HairStrands/Materials/HairDebugMaterial" 3317
"../../Plugins/Runtime/HairStrands/Content/Materials/HairDebugMaterial.uasset" 3318
"../../../Engine/Content/Functions/Engine_MaterialFunctions02/Utility/MakeFloat2.uasset" 3319
"../../../Engine/Content/Functions/Engine_MaterialFunctions02/Utility/MakeFloat3.uasset" 3320
"../../../Engine/Content/EngineMaterials/HairColorMap.uasset" 3321
"../../../Engine/Content/EngineMaterials/HairDebugColor.uasset" 3322
"../../Plugins/Runtime/HairStrands/Content/Materials/HairGroupColors.uasset" 3323
"/HairStrands/Materials/HairDefaultMaterial" 3324
"../../Plugins/Runtime/HairStrands/Content/Materials/HairDefaultMaterial.uasset" 3325
"/HairStrands/Materials/HairCardsDefaultMaterial" 3326
"../../Plugins/Runtime/HairStrands/Content/Materials/HairCardsDefaultMaterial.uasset" 3327
"/HairStrands/Materials/HairMeshesDefaultMaterial" 3328
"../../Plugins/Runtime/HairStrands/Content/Materials/HairMeshesDefaultMaterial.uasset" 3329
"/Water/Icons/WaterBodyIslandSprite" 3330
"../../Plugins/Experimental/Water/Content/Icons/WaterBodyIslandSprite.uasset" 3331
"/Water/Icons/WaterZoneActorSprite" 3332
"../../Plugins/Experimental/Water/Content/Icons/WaterZoneActorSprite.uasset" 3333
"/Engine/EngineMaterials/Widget3DPassThrough_Translucent" 3334
"../../../Engine/Content/EngineMaterials/Widget3DPassThrough_Translucent.uasset" 3335
"../../../Engine/Content/EngineMaterials/Widget3DPassThrough.uasset" 3336
"/Engine/EngineMaterials/Widget3DPassThrough_Translucent_OneSided" 3337
"../../../Engine/Content/EngineMaterials/Widget3DPassThrough_Translucent_OneSided.uasset" 3338
"/Engine/EngineMaterials/Widget3DPassThrough_Opaque" 3339
"../../../Engine/Content/EngineMaterials/Widget3DPassThrough_Opaque.uasset" 3340
"/Engine/EngineMaterials/Widget3DPassThrough_Opaque_OneSided" 3341
"../../../Engine/Content/EngineMaterials/Widget3DPassThrough_Opaque_OneSided.uasset" 3342
"/Engine/EngineMaterials/Widget3DPassThrough_Masked" 3343
"../../../Engine/Content/EngineMaterials/Widget3DPassThrough_Masked.uasset" 3344
"/Engine/EngineMaterials/Widget3DPassThrough_Masked_OneSided" 3345
"../../../Engine/Content/EngineMaterials/Widget3DPassThrough_Masked_OneSided.uasset" 3346
"/Engine/VREditor/ViewportInteractionAssetContainerData" 3347
"../../../Engine/Content/VREditor/ViewportInteractionAssetContainerData.uasset" 3348
"../../../Engine/Content/VREditor/SnapGrid/SnapGridMaterial.uasset" 3349
"../../../Engine/Content/VREditor/TransformGizmo/TransformGizmoMaterial_Inst.uasset" 3350
"../../../Engine/Content/VREditor/TransformGizmo/TranslucentTransformGizmoMaterial_Inst.uasset" 3351
"../../../Engine/Content/VREditor/SnapGrid/SnapGridPlaneMesh.uasset" 3352
"../../../Engine/Content/VREditor/Sounds/UI/Drop_Item_From_ContentBrowser.uasset" 3353
"../../../Engine/Content/VREditor/Sounds/UI/Gizmo_Handle_Clicked.uasset" 3354
"../../../Engine/Content/VREditor/Sounds/UI/Object_PickUp.uasset" 3355
"../../../Engine/Content/VREditor/Sounds/UI/Object_Snaps_To_Another_Actor.uasset" 3356
"../../../Engine/Content/VREditor/Sounds/UI/Object_Snaps_To_Grid.uasset" 3357
"../../../Engine/Content/VREditor/Sounds/UI/Scaling_Down.uasset" 3358
"../../../Engine/Content/VREditor/Sounds/UI/Scaling_Up.uasset" 3359
"../../../Engine/Content/VREditor/Sounds/UI/Selection_Changes.uasset" 3360
"../../../Engine/Content/VREditor/TransformGizmo/PlaneTranslationHandle.uasset" 3361
"../../../Engine/Content/VREditor/TransformGizmo/RotationHandleFull.uasset" 3362
"../../../Engine/Content/VREditor/TransformGizmo/RotationHandleIndicator.uasset" 3363
"../../../Engine/Content/VREditor/TransformGizmo/RotationHandleQuarter.uasset" 3364
"../../../Engine/Content/VREditor/TransformGizmo/StartRotationHandleIndicator.uasset" 3365
"../../../Engine/Content/VREditor/TransformGizmo/TransformGizmoFreeRotation.uasset" 3366
"../../../Engine/Content/VREditor/TransformGizmo/TranslateArrowHandle.uasset" 3367
"../../../Engine/Content/VREditor/TransformGizmo/UniformScaleHandle.uasset" 3368
"../../../Engine/Content/Functions/Engine_MaterialFunctions02/Math/Transform3x3Matrix.uasset" 3369
"../../../Engine/Content/Functions/Engine_MaterialFunctions02/SplitComponents.uasset" 3370
"../../../Engine/Content/VREditor/TransformGizmo/TransformGizmoMaterial.uasset" 3371
"../../../Engine/Content/VREditor/TransformGizmo/TranslucentTransformGizmoMaterial.uasset" 3372
"../../../Engine/Content/Functions/Engine_MaterialFunctions02/Utility/BreakOutFloat3Components.uasset" 3373
"../../../Engine/Content/VREditor/LaserPointer/VR_LaserPower_01.uasset" 3374
"/Engine/VREditor/TransformGizmo/BoundingBoxCorner" 3375
"../../../Engine/Content/VREditor/TransformGizmo/BoundingBoxCorner.uasset" 3376
"/Engine/VREditor/TransformGizmo/BoundingBoxEdge" 3377
"../../../Engine/Content/VREditor/TransformGizmo/BoundingBoxEdge.uasset" 3378
"/Engine/ArtTools/RenderToTexture/Meshes/S_1_Unit_Plane" 3379
"../../../Engine/Content/ArtTools/RenderToTexture/Meshes/S_1_Unit_Plane.uasset" 3380
"/Engine/EngineDebugMaterials/M_SimpleUnlitTranslucent" 3381
"../../../Engine/Content/EngineDebugMaterials/M_SimpleUnlitTranslucent.uasset" 3382
"/Engine/EngineFonts/Roboto" 3383
"../../../Engine/Content/EngineFonts/Roboto.uasset" 3384
"../../../Engine/Content/EngineFonts/Faces/DroidSansFallback.uasset" 3385
"../../../Engine/Content/EngineFonts/Faces/RobotoBold.uasset" 3386
"../../../Engine/Content/EngineFonts/Faces/RobotoBoldItalic.uasset" 3387
"../../../Engine/Content/EngineFonts/Faces/RobotoItalic.uasset" 3388
"../../../Engine/Content/EngineFonts/Faces/RobotoLight.uasset" 3389
"../../../Engine/Content/EngineFonts/Faces/RobotoRegular.uasset" 3390
"/Engine/EditorMaterials/ParticleSystems/PSysThumbnail_NoImage" 3391
"../../../Engine/Content/EditorMaterials/ParticleSystems/PSysThumbnail_NoImage.uasset" 3392
"/Engine/EditorMaterials/ParticleSystems/PSysThumbnail_OOD" 3393
"../../../Engine/Content/EditorMaterials/ParticleSystems/PSysThumbnail_OOD.uasset" 3394
"/Engine/EngineResources/LandscapeVisibilityLayerInfo" 3395
"../../../Engine/Content/EngineResources/LandscapeVisibilityLayerInfo.uasset" 3396
"/Water/Meshes/LakeMesh" 3397
"../../Plugins/Experimental/Water/Content/Meshes/LakeMesh.uasset" 3398
"/Water/Meshes/RiverMesh" 3399
"../../Plugins/Experimental/Water/Content/Meshes/RiverMesh.uasset" 3400
"/Water/Icons/WaterBodyExclusionVolumeSprite" 3401
"../../Plugins/Experimental/Water/Content/Icons/WaterBodyExclusionVolumeSprite.uasset" 3402
"../../../../../../Users/mikel/Downloads/Paranoia/Intermediate/ShaderAutogen/PCD3D_SM5/AutogenShaderHeaders.ush" 3403
"/ACLPlugin/ACLAnimBoneCompressionSettings" 3404
"../../Plugins/Animation/ACLPlugin/Content/ACLAnimBoneCompressionSettings.uasset" 3405
"/Engine/Animation/DefaultRecorderBoneCompression" 3406
"../../../Engine/Content/Animation/DefaultRecorderBoneCompression.uasset" 3407
"/ACLPlugin/ACLAnimCurveCompressionSettings" 3408
"../../Plugins/Animation/ACLPlugin/Content/ACLAnimCurveCompressionSettings.uasset" 3409
"/Engine/Animation/DefaultVariableFrameStrippingSettings" 3410
"../../../Engine/Content/Animation/DefaultVariableFrameStrippingSettings.uasset" 3411
"/ControlRig/Controls/ControlRigXRayMaterial" 3412
"../../Plugins/Animation/ControlRig/Content/Controls/ControlRigXRayMaterial.uasset" 3413
"/ControlRig/Controls/DefaultGizmoLibraryNormalized" 3414
"../../Plugins/Animation/ControlRig/Content/Controls/DefaultGizmoLibraryNormalized.uasset" 3415
"/AudioWidgets/Resources/ScrubHandleDown_Clamped" 3416
"../../Plugins/Runtime/AudioWidgets/Content/Resources/ScrubHandleDown_Clamped.uasset" 3417
"/Paper2D/MaskedUnlitSpriteMaterial" 3418
"../../Plugins/2D/Paper2D/Content/MaskedUnlitSpriteMaterial.uasset" 3419
"../../Plugins/2D/Paper2D/Content/DefaultSpriteMaterial.uasset" 3420
"../../Plugins/2D/Paper2D/Content/PlaceholderTextures/DummySpriteTexture.uasset" 3421
"/Paper2D/OpaqueUnlitSpriteMaterial" 3422
"../../Plugins/2D/Paper2D/Content/OpaqueUnlitSpriteMaterial.uasset" 3423
"/Paper2D/DefaultPaperTerrainMaterial" 3424
"../../Plugins/2D/Paper2D/Content/DefaultPaperTerrainMaterial.uasset" 3425
"../../Plugins/2D/Paper2D/Content/DummySprite.uasset" 3426
"/ControlRig/M_Manip" 3427
"../../Plugins/Animation/ControlRig/Content/M_Manip.uasset" 3428
"../../../Engine/Content/Functions/Engine_MaterialFunctions02/WorldPositionOffset/CameraOffset.uasset" 3429
"../../../Engine/Config/BaseUnrealInsightsSettings.ini" 3430
"/MediaPlate/SM_MediaPlateScreen" 3431
"../../Plugins/Media/MediaPlate/Content/SM_MediaPlateScreen.uasset" 3432
"../../../Engine/Intermediate/ProjectFiles/PrimaryProjectPath.txt" 3433
"/SpeedTreeImporter/SpeedTree9/SpeedTreeMaster" 3434
"../../Plugins/Editor/SpeedTreeImporter/Content/SpeedTree9/SpeedTreeMaster.uasset" 3435
"../../../Engine/Content/Functions/Engine_MaterialFunctions02/ObjectLocalBounds.uasset" 3436
"../../../Engine/Content/Functions/Engine_MaterialFunctions02/SafeNormalize.uasset" 3437
"../../../Engine/Content/Functions/Engine_MaterialFunctions02/Utility/VectorLength.uasset" 3438
"../../../Engine/Content/Functions/Engine_MaterialFunctions02/UVs/BoundingBoxBased_0-1_UVW.uasset" 3439
"../../../Engine/Content/Functions/Engine_MaterialFunctions02/WorldPositionOffset/ObjectScale.uasset" 3440
"../../Plugins/Editor/SpeedTreeImporter/Content/SpeedTree9/SpeedTreeBranchMotion.uasset" 3441
"../../Plugins/Editor/SpeedTreeImporter/Content/SpeedTree9/SpeedTreeCameraFacing.uasset" 3442
"../../Plugins/Editor/SpeedTreeImporter/Content/SpeedTree9/SpeedTreeWind.uasset" 3443
"../../Plugins/Editor/SpeedTreeImporter/Content/SpeedTree9/SpeedTreeWindMotion.uasset" 3444
"../../Plugins/Editor/SpeedTreeImporter/Content/SpeedTree9/UnpackDirection.uasset" 3445
"../../Plugins/Editor/SpeedTreeImporter/Content/SpeedTree9/UnpackInteger3.uasset" 3446
"../../Plugins/Editor/SpeedTreeImporter/Content/SpeedTree9/Empty.uasset" 3447
"../../Plugins/Editor/SpeedTreeImporter/Content/SpeedTree9/EmptyNormal.uasset" 3448
"../../Plugins/Editor/SpeedTreeImporter/Content/SpeedTree9/game_wind_noise.uasset" 3449
"/SpeedTreeImporter/SpeedTree9/SpeedTreeBillboardMaster" 3450
"../../Plugins/Editor/SpeedTreeImporter/Content/SpeedTree9/SpeedTreeBillboardMaster.uasset" 3451
"../../Plugins/Editor/SpeedTreeImporter/Content/SpeedTree9/SpeedTreeBillboard.uasset" 3452
"/Landmass/Landscape/BlueprintBrushes/Materials/Internal/BrushBounds" 3453
"../../Plugins/Experimental/Landmass/Content/Landscape/BlueprintBrushes/Materials/Internal/BrushBounds.uasset" 3454
"../../../Engine/Content/EditorMaterials/TilingAAGrid.uasset" 3455
"../../../Engine/Content/EditorMaterials/TilingAALineBoxFiltered.uasset" 3456
"../../../Engine/Content/EditorMaterials/TilingAALineIntegral.uasset" 3457
"../../../Engine/Content/Functions/Engine_MaterialFunctions01/ImageAdjustment/SCurve.uasset" 3458
"../../../Engine/Content/Functions/Engine_MaterialFunctions02/WorldPositionOffset/V2/ObjectScale.uasset" 3459
"../../../Engine/Content/Functions/Engine_MaterialFunctions03/Blends/Blend_Screen.uasset" 3460
"../../../Engine/Content/Functions/Engine_MaterialFunctions03/Procedurals/ComputeFilterWidth.uasset" 3461
"../../Plugins/Experimental/Landmass/Content/Landscape/BlueprintBrushes/Materials/BrushMaterials/BasicFunctions/LandmassBrush_ShapeMask.uasset" 3462
"../../Plugins/Experimental/Landmass/Content/Landscape/BlueprintBrushes/MF/Landmass_BrushTilt.uasset" 3463
"../../Plugins/Experimental/Landmass/Content/Landscape/BlueprintBrushes/MF/LandmassBrush_EdgeFalloff.uasset" 3464
"../../Plugins/Experimental/Landmass/Content/Landscape/BlueprintBrushes/MF/LandmassBrush_Noise.uasset" 3465
"../../Plugins/Experimental/Landmass/Content/Landscape/BlueprintBrushes/MF/LandmassBrush_UVs.uasset" 3466
"../../Plugins/Experimental/Landmass/Content/Landscape/BlueprintBrushes/MF/PointSampleLandscapeUVs.uasset" 3467
"../../Plugins/Experimental/Landmass/Content/Landscape/OldPrototype_BP/Mats/MF/UnpackRG8Height.uasset" 3468
"../../Plugins/Experimental/Landmass/Content/Landscape/BlueprintBrushes/MPC/MPC_Landscape.uasset" 3469
"../../../Engine/Content/ArtTools/RenderToTexture/Textures/T_EV_BlankWhite_01.uasset" 3470
"../../../Engine/Content/EngineMaterials/BlendFunc_DefBase.uasset" 3471
"../../../Engine/Content/EngineMaterials/BlendFunc_DefBlend.uasset" 3472
"../../../Engine/Content/EngineResources/Black_Low.uasset" 3473
"/Landmass/Landscape/Meshes/S_SpritePlane" 3474
"../../Plugins/Experimental/Landmass/Content/Landscape/Meshes/S_SpritePlane.uasset" 3475
"/Landmass/Landscape/BlueprintBrushes/Materials/Sprite/M_BrushSprite_01" 3476
"../../Plugins/Experimental/Landmass/Content/Landscape/BlueprintBrushes/Materials/Sprite/M_BrushSprite_01.uasset" 3477
"../../../Engine/Content/Functions/Engine_MaterialFunctions02/WorldPositionOffset/ComponentPivotLocation.uasset" 3478
"../../../Engine/Content/Functions/Engine_MaterialFunctions02/WorldPositionOffset/Sprite.uasset" 3479
"../../../Engine/Content/EditorResources/S_Terrain.uasset" 3480
"/Engine/BasicShapes/BasicShapeMaterial" 3481
"../../../Engine/Content/BasicShapes/BasicShapeMaterial.uasset" 3482
"/Engine/EditorMaterials/Dataflow/DataflowVertexMaterial" 3483
"../../../Engine/Content/EditorMaterials/Dataflow/DataflowVertexMaterial.uasset" 3484
"/Engine/EditorMaterials/Dataflow/DataflowTwoSidedVertexMaterial" 3485
"../../../Engine/Content/EditorMaterials/Dataflow/DataflowTwoSidedVertexMaterial.uasset" 3486
"/MeshModelingToolsetExp/Materials/PointSetOverlaidComponentMaterial" 3487
"../../Plugins/Experimental/MeshModelingToolsetExp/Content/Materials/PointSetOverlaidComponentMaterial.uasset" 3488
"../../../Engine/Content/Functions/Engine_MaterialFunctions02/Utility/FOV.uasset" 3489
"../../../Engine/Content/Functions/Engine_MaterialFunctions03/Viewport/MF_OrthoWidth.uasset" 3490
"../../Plugins/Experimental/MeshModelingToolsetExp/Content/Materials/GetDisplacementVectorForDepthBias.uasset" 3491
"/Engine/EditorLandscapeResources/LayerVisMaterial" 3492
"../../../Engine/Content/EditorLandscapeResources/LayerVisMaterial.uasset" 3493
"../../../Engine/Content/EditorLandscapeResources/WhiteSquareTexture.uasset" 3494
"/Engine/EditorLandscapeResources/SelectBrushMaterial_Selected" 3495
"../../../Engine/Content/EditorLandscapeResources/SelectBrushMaterial_Selected.uasset" 3496
"../../../Engine/Content/EditorLandscapeResources/SelectBrushMaterial.uasset" 3497
"../../../Engine/Content/Functions/Engine_MaterialFunctions03/Math/WithinRangeFloat2.uasset" 3498
"../../../Engine/Content/EditorLandscapeResources/DefaultAlphaTexture.uasset" 3499
"/Engine/EditorLandscapeResources/SelectBrushMaterial_SelectedRegion" 3500
"../../../Engine/Content/EditorLandscapeResources/SelectBrushMaterial_SelectedRegion.uasset" 3501
"/Engine/EditorLandscapeResources/MaskBrushMaterial_MaskedRegion" 3502
"../../../Engine/Content/EditorLandscapeResources/MaskBrushMaterial_MaskedRegion.uasset" 3503
"../../../Engine/Content/EditorLandscapeResources/MaskBrushMaterial.uasset" 3504
"/Engine/EditorLandscapeResources/ColorMaskBrushMaterial_MaskedRegion" 3505
"../../../Engine/Content/EditorLandscapeResources/ColorMaskBrushMaterial_MaskedRegion.uasset" 3506
"../../../Engine/Content/EditorLandscapeResources/ColorMaskBrushMaterial.uasset" 3507
"/Engine/EditorLandscapeResources/LandscapeDirtyMaterial" 3508
"../../../Engine/Content/EditorLandscapeResources/LandscapeDirtyMaterial.uasset" 3509
"/Engine/EditorLandscapeResources/LandscapeLayerUsageMaterial" 3510
"../../../Engine/Content/EditorLandscapeResources/LandscapeLayerUsageMaterial.uasset" 3511
"../../../Engine/Content/Functions/Engine_MaterialFunctions01/Debug/DebugIntValues.uasset" 3512
"../../../Engine/Content/Functions/Engine_MaterialFunctions01/Texturing/ScaleUVsByCenter.uasset" 3513
"../../../Engine/Content/Functions/Engine_MaterialFunctions02/WorldPositionOffset/LocalPosition.uasset" 3514
"../../../Engine/Content/Functions/Engine_MaterialFunctions01/Texturing/TextureCropping.uasset" 3515
"../../../Engine/Content/Functions/Engine_MaterialFunctions02/ExampleContent/DebugNumberStrip.uasset" 3516
"C:/Users/mikel/AppData/Local/UnrealEngine/Editor/UInteractiveToolsPresetCollectionAsset_DefaultCollection.json" 3517
"/Engine/EngineMaterials/NaniteHiddenSectionMaterial" 3518
"../../../Engine/Content/EngineMaterials/NaniteHiddenSectionMaterial.uasset" 3519
"/Engine/EngineMaterials/RemoveSurfaceMaterial" 3520
"../../../Engine/Content/EngineMaterials/RemoveSurfaceMaterial.uasset" 3521
"/Engine/EngineDebugMaterials/DebugMeshMaterial" 3522
"../../../Engine/Content/EngineDebugMaterials/DebugMeshMaterial.uasset" 3523
"/Engine/EngineMaterials/EmissiveMeshMaterial" 3524
"../../../Engine/Content/EngineMaterials/EmissiveMeshMaterial.uasset" 3525
"../../../Engine/Content/EngineMaterials/DefaultWhiteGrid_Low.uasset" 3526
"/Engine/EngineMaterials/M_InvalidLightmapSettings" 3527
"../../../Engine/Content/EngineMaterials/M_InvalidLightmapSettings.uasset" 3528
"../../../Engine/Content/EngineMaterials/InvalidLightmapSettings.uasset" 3529
"/Engine/EngineMaterials/GizmoMaterial" 3530
"../../../Engine/Content/EngineMaterials/GizmoMaterial.uasset" 3531
"/Engine/EngineMaterials/PhAT_JointLimitMaterial" 3532
"../../../Engine/Content/EngineMaterials/PhAT_JointLimitMaterial.uasset" 3533
"/Engine/EngineMaterials/FlattenMaterial" 3534
"../../../Engine/Content/EngineMaterials/FlattenMaterial.uasset" 3535
"../../../Engine/Content/EngineMaterials/BaseFlattenDiffuseMap.uasset" 3536
"../../../Engine/Content/EngineMaterials/BaseFlattenEmissiveMap.uasset" 3537
"../../../Engine/Content/EngineMaterials/BaseFlattenGrayscaleMap.uasset" 3538
"../../../Engine/Content/EngineMaterials/BaseFlattenLinearColor.uasset" 3539
"../../../Engine/Content/EngineMaterials/BaseFlattenNormalMap.uasset" 3540
"../../../Engine/Content/Functions/Engine_MaterialFunctions02/PivotPainter2/Black_1x1_EXR_Texture.uasset" 3541
"/Engine/EngineMaterials/FlattenMaterial_VT" 3542
"../../../Engine/Content/EngineMaterials/FlattenMaterial_VT.uasset" 3543
"../../../Engine/Content/EngineMaterials/BaseFlattenDiffuseMap_VT.uasset" 3544
"../../../Engine/Content/EngineMaterials/BaseFlattenEmissiveMap_VT.uasset" 3545
"../../../Engine/Content/EngineMaterials/BaseFlattenGrayscaleMap_VT.uasset" 3546
"../../../Engine/Content/EngineMaterials/BaseFlattenLinearColor_VT.uasset" 3547
"../../../Engine/Content/EngineMaterials/BaseFlattenNormalMap_VT.uasset" 3548
"../../../Engine/Content/EngineMaterials/Black_1x1_EXR_Texture_VT.uasset" 3549
"/Engine/EngineMaterials/FlattenMaterial_WS_Normal_VT" 3550
"../../../Engine/Content/EngineMaterials/FlattenMaterial_WS_Normal_VT.uasset" 3551
"/Engine/EngineMaterials/Good64x64TilingNoiseHighFreq" 3552
"../../../Engine/Content/EngineMaterials/Good64x64TilingNoiseHighFreq.uasset" 3553
"/Engine/EngineMaterials/DefaultBokeh" 3554
"../../../Engine/Content/EngineMaterials/DefaultBokeh.uasset" 3555
"/Engine/EngineMaterials/MiniFont" 3556
"../../../Engine/Content/EngineMaterials/MiniFont.uasset" 3557
"/Engine/EngineMaterials/WeightMapPlaceholderTexture" 3558
"../../../Engine/Content/EngineMaterials/WeightMapPlaceholderTexture.uasset" 3559
"/Engine/EngineMaterials/WeightMapArrayPlaceholderTexture" 3560
"../../../Engine/Content/EngineMaterials/WeightMapArrayPlaceholderTexture.uasset" 3561
"/Engine/EngineMaterials/DefaultWhiteGrid" 3562
"../../../Engine/Content/EngineMaterials/DefaultWhiteGrid.uasset" 3563
"/Engine/EngineMaterials/PreintegratedSkinBRDF" 3564
"../../../Engine/Content/EngineMaterials/PreintegratedSkinBRDF.uasset" 3565
"/Engine/EngineMaterials/LTC/GGX_LTCAmp" 3566
"../../../Engine/Content/EngineMaterials/LTC/GGX_LTCAmp.uasset" 3567
"/Engine/EngineMaterials/LTC/GGX_LTCMat" 3568
"../../../Engine/Content/EngineMaterials/LTC/GGX_LTCMat.uasset" 3569
"/Engine/EngineMaterials/LTC/Sheen_LTC" 3570
"../../../Engine/Content/EngineMaterials/LTC/Sheen_LTC.uasset" 3571
"/Engine/EngineMaterials/EnergyConservation/GGX_ReflectionEnergy" 3572
"../../../Engine/Content/EngineMaterials/EnergyConservation/GGX_ReflectionEnergy.uasset" 3573
"/Engine/EngineMaterials/EnergyConservation/GGX_TransmissionEnergyArray" 3574
"../../../Engine/Content/EngineMaterials/EnergyConservation/GGX_TransmissionEnergyArray.uasset" 3575
"/Engine/EngineMaterials/EnergyConservation/Sheen_Energy" 3576
"../../../Engine/Content/EngineMaterials/EnergyConservation/Sheen_Energy.uasset" 3577
"/Engine/EngineMaterials/EnergyConservation/Diffuse_Energy" 3578
"../../../Engine/Content/EngineMaterials/EnergyConservation/Diffuse_Energy.uasset" 3579
"/Engine/EngineMaterials/DefaultPhysicalMaterial" 3580
"../../../Engine/Content/EngineMaterials/DefaultPhysicalMaterial.uasset" 3581
"/Engine/EngineMaterials/DefaultDestructiblePhysicalMaterial" 3582
"../../../Engine/Content/EngineMaterials/DefaultDestructiblePhysicalMaterial.uasset" 3583
"/Water/Materials/MPC/MPC_Water" 3584
"../../Plugins/Experimental/Water/Content/Materials/MPC/MPC_Water.uasset" 3585
"/Niagara/ParameterDefinitions/CoreParameters" 3586
"../../Plugins/FX/Niagara/Content/ParameterDefinitions/CoreParameters.uasset" 3587
"/Niagara/ParameterDefinitions/DecalRenderer" 3588
"../../Plugins/FX/Niagara/Content/ParameterDefinitions/DecalRenderer.uasset" 3589
"/Niagara/ParameterDefinitions/LightRenderer" 3590
"../../Plugins/FX/Niagara/Content/ParameterDefinitions/LightRenderer.uasset" 3591
"/Niagara/ParameterDefinitions/MeshRenderer" 3592
"../../Plugins/FX/Niagara/Content/ParameterDefinitions/MeshRenderer.uasset" 3593
"/Niagara/ParameterDefinitions/RibbonRenderer" 3594
"../../Plugins/FX/Niagara/Content/ParameterDefinitions/RibbonRenderer.uasset" 3595
"/Niagara/ParameterDefinitions/SpriteRenderer" 3596
"../../Plugins/FX/Niagara/Content/ParameterDefinitions/SpriteRenderer.uasset" 3597
"/DeformerGraph/Deformers/DG_LinearBlendSkin_Morph_Cloth" 3598
"../../Plugins/Animation/DeformerGraph/Content/Deformers/DG_LinearBlendSkin_Morph_Cloth.uasset" 3599
"../../Plugins/Animation/DeformerGraph/Content/DeformerFunctions/DG_Function_LinearBlendSkin_Morph_Cloth.uasset" 3600
"/DeformerGraph/Deformers/DG_LinearBlendSkin_Morph_Cloth_RecomputeNormals" 3601
"../../Plugins/Animation/DeformerGraph/Content/Deformers/DG_LinearBlendSkin_Morph_Cloth_RecomputeNormals.uasset" 3602
"../../Plugins/Animation/DeformerGraph/Content/DeformerFunctions/DG_Function_ComputeNormalsTangents.uasset" 3603
"../../Plugins/Animation/DeformerGraph/Content/DeformerFunctions/DG_Function_LinearBlendSkin_Morph_Cloth_PositionOnly.uasset" 3604
"/Engine/EditorResources/SequenceRecorder/Countdown" 3605
"../../../Engine/Content/EditorResources/SequenceRecorder/Countdown.uasset" 3606
"/Engine/EditorResources/SequenceRecorder/RecordingIndicator" 3607
"../../../Engine/Content/EditorResources/SequenceRecorder/RecordingIndicator.uasset" 3608
"/Engine/EditorMaterials/PhAT_UnselectedMaterial" 3609
"../../../Engine/Content/EditorMaterials/PhAT_UnselectedMaterial.uasset" 3610
"/Engine/EditorMaterials/PhAT_NoCollisionMaterial" 3611
"../../../Engine/Content/EditorMaterials/PhAT_NoCollisionMaterial.uasset" 3612
"/Engine/BasicShapes/Cube" 3613
"../../../Engine/Content/BasicShapes/Cube.uasset" 3614
"/Engine/BasicShapes/Sphere" 3615
"../../../Engine/Content/BasicShapes/Sphere.uasset" 3616
"../../../Engine/Content/EngineMaterials/DefaultMaterial.uasset" 3617
"/Engine/BasicShapes/Cylinder" 3618
"../../../Engine/Content/BasicShapes/Cylinder.uasset" 3619
"/Engine/BasicShapes/Cone" 3620
"../../../Engine/Content/BasicShapes/Cone.uasset" 3621
"/Engine/BasicShapes/Plane" 3622
"../../../Engine/Content/BasicShapes/Plane.uasset" 3623
"../../../Engine/Documentation/Source/Shared/Types/ABrush/ABrush.INT.udn" 3624
"../../../Engine/Content/Internationalization/icudt64l/brkitr/en_US.res" 3625
"../../../Engine/Content/Internationalization/icudt64l/brkitr/en.res" 3626
"../../../Engine/Content/Internationalization/icudt64l/brkitr/root.res" 3627
"../../../Engine/Content/Internationalization/icudt64l/brkitr/char.brk" 3628
"../../../Engine/Content/Internationalization/icudt64l/brkitr/word.brk" 3629
"/Engine/VREditor/TransformGizmo/SM_Sequencer_Node" 3630
"../../../Engine/Content/VREditor/TransformGizmo/SM_Sequencer_Node.uasset" 3631
"../../../Engine/Content/VREditor/TransformGizmo/Main.uasset" 3632
"../../../Engine/Content/VREditor/TransformGizmo/Xray.uasset" 3633
"/Water/Curves/FloatCurve" 3634
"../../Plugins/Experimental/Water/Content/Curves/FloatCurve.uasset" 3635
"/Water/Curves/FloatCurve_WaterBodyIsland" 3636
"../../Plugins/Experimental/Water/Content/Curves/FloatCurve_WaterBodyIsland.uasset" 3637
"/Water/Waves/GerstnerWaves_Lake" 3638
"../../Plugins/Experimental/Water/Content/Waves/GerstnerWaves_Lake.uasset" 3639
"/Water/Waves/GerstnerWaves_Ocean" 3640
"../../Plugins/Experimental/Water/Content/Waves/GerstnerWaves_Ocean.uasset" 3641
"/Water/Icons/WaterSprite" 3642
"../../Plugins/Experimental/Water/Content/Icons/WaterSprite.uasset" 3643
"/Water/Icons/WaterErrorSprite" 3644
"../../Plugins/Experimental/Water/Content/Icons/WaterErrorSprite.uasset" 3645
"/Water/Icons/WaterLandscapeBrushSprite" 3646
"../../Plugins/Experimental/Water/Content/Icons/WaterLandscapeBrushSprite.uasset" 3647
"../../../Engine/Plugins/FX/Niagara/Shaders/Private/NiagaraDataInterfaceTexture2DArrayTemplate.ush" 3648
"../../../Engine/Plugins/FX/Niagara/Shaders/Private/NiagaraDataInterfaceActorComponentTemplate.ush" 3649
"../../../Engine/Plugins/FX/Niagara/Shaders/Private/NiagaraDataInterfaceArrayTemplate.ush" 3650
"../../../Engine/Plugins/FX/Niagara/Shaders/Private/NiagaraDataInterfaceArrayRWTemplate.ush" 3651
"../../../Engine/Plugins/FX/Niagara/Shaders/Private/NiagaraDataInterfaceArrayDistributionIntTemplate.ush" 3652
"../../../Engine/Plugins/FX/Niagara/Shaders/Private/NiagaraDataInterfaceAsyncGpuTrace.ush" 3653
"../../../Engine/Plugins/FX/Niagara/Shaders/Private/NiagaraDataInterfaceAsyncGpuTraceTemplate.ush" 3654
"../../../Engine/Plugins/FX/Niagara/Shaders/Private/NiagaraDataInterfaceCamera.ush" 3655
"../../../Engine/Plugins/Experimental/ChaosNiagara/Shaders/NiagaraDataInterfaceChaosDestruction.ush" 3656
"../../../Engine/Plugins/FX/Niagara/Shaders/Private/NiagaraDataInterfaceCollisionQuery.ush" 3657
"C:/Users/mikel/Downloads/Paranoia/Intermediate/ShaderAutogen/PCD3D_SM5/AutogenShaderHeaders.ush" 3658
"../../../Engine/Plugins/FX/Niagara/Shaders/Private/NiagaraDataInterfaceCollisionQueryTemplate.ush" 3659
"../../../Engine/Plugins/FX/Niagara/Shaders/Private/NiagaraDataInterfaceCurveTemplate.ush" 3660
"../../../Engine/Plugins/FX/Niagara/Shaders/Private/NiagaraDataInterfaceCubeTextureTemplate.ush" 3661
"../../../Engine/Plugins/FX/Niagara/Shaders/Private/DataChannel/NiagaraDataInterfaceDataChannelCommon.ush" 3662
"../../../Engine/Plugins/FX/Niagara/Shaders/Private/DataChannel/NiagaraDataInterfaceDataChannelTemplateCommon.ush" 3663
"../../../Engine/Plugins/FX/Niagara/Shaders/Private/DataChannel/NiagaraDataInterfaceDataChannelTemplateReadCommon.ush" 3664
"../../../Engine/Plugins/FX/Niagara/Shaders/Private/DataChannel/NiagaraDataInterfaceDataChannelTemplate_Read.ush" 3665
"../../../Engine/Plugins/FX/Niagara/Shaders/Private/DataChannel/NiagaraDataInterfaceDataChannelTemplate_Consume.ush" 3666
"../../../Engine/Plugins/FX/Niagara/Shaders/Private/DataChannel/NiagaraDataInterfaceDataChannelTemplateWriteCommon.ush" 3667
"../../../Engine/Plugins/FX/Niagara/Shaders/Private/DataChannel/NiagaraDataInterfaceDataChannelTemplate_Append.ush" 3668
"../../../Engine/Plugins/FX/Niagara/Shaders/Private/NiagaraDataInterfaceDataTableTemplate.ush" 3669
"../../../Engine/Plugins/FX/Niagara/Shaders/Private/NiagaraDataInterfaceDebugDraw.ush" 3670
"../../../Engine/Plugins/FX/Niagara/Shaders/Private/NiagaraDataInterfaceDebugDrawTemplate.ush" 3671
"../../../Engine/Plugins/FX/Niagara/Shaders/Private/NiagaraDataInterfaceDynamicMeshTemplate.ush" 3672
"../../../Engine/Plugins/FX/Niagara/Shaders/Private/NiagaraDataInterfaceEmitterPropertiesTemplate.ush" 3673
"../../../Engine/Plugins/FX/Niagara/Shaders/Private/NiagaraDataInterfaceExportTemplate.ush" 3674
"../../../Engine/Plugins/FX/Niagara/Shaders/Private/NiagaraDataInterfaceGBufferTemplate.ush" 3675
"../../../Engine/Plugins/Experimental/ChaosNiagara/Shaders/NiagaraDataInterfaceGeometryCollection.ush" 3676
"../../../Engine/Plugins/FX/Niagara/Shaders/Private/NiagaraTransformUtils.ush" 3677
"../../../Engine/Plugins/Runtime/HairStrands/Shaders/Private/NiagaraStrandsExternalForce.ush" 3678
"../../../Engine/Plugins/Runtime/HairStrands/Shaders/Private/NiagaraHookeSpringMaterial.ush" 3679
"../../../Engine/Plugins/Runtime/HairStrands/Shaders/Private/NiagaraAngularSpringMaterial.ush" 3680
"../../../Engine/Plugins/Runtime/HairStrands/Shaders/Private/NiagaraConstantVolumeMaterial.ush" 3681
"../../../Engine/Plugins/Runtime/HairStrands/Shaders/Private/NiagaraCosseratRodMaterial.ush" 3682
"../../../Engine/Plugins/Runtime/HairStrands/Shaders/Private/NiagaraStaticCollisionConstraint.ush" 3683
"../../../Engine/Plugins/Runtime/HairStrands/Shaders/Private/NiagaraDataInterfaceHairStrands.ush" 3684
"../../../Engine/Plugins/Runtime/HairStrands/Shaders/Private/NiagaraDataInterfaceHairStrandsTemplate.ush" 3685
"../../../Engine/Plugins/FX/Niagara/Shaders/Private/NiagaraDataInterfaceIntRenderTarget2D.ush" 3686
"../../../Engine/Plugins/FX/Niagara/Shaders/Private/NiagaraDataInterfaceLandscape.ush" 3687
"../../../Engine/Plugins/FX/Niagara/Shaders/Private/NiagaraDataInterfaceMemoryBufferTemplate.ush" 3688
"../../../Engine/Plugins/FX/Niagara/Shaders/Private/NiagaraDataInterfaceMeshRendererInfoTemplate.ush" 3689
"../../../Engine/Plugins/FX/Niagara/Shaders/Private/NiagaraDataInterfaceOcclusion.ush" 3690
"../../../Engine/Plugins/FX/Niagara/Shaders/Private/NiagaraDataInterfacePhysicsAsset.ush" 3691
"../../../Engine/Plugins/Experimental/ChaosNiagara/Shaders/NiagaraDataInterfacePhysicsField.ush" 3692
"../../../Engine/Plugins/FX/Niagara/Shaders/Private/NiagaraDataInterfacePlatformSetTemplate.ush" 3693
"../../../Engine/Plugins/Runtime/HairStrands/Shaders/Private/NiagaraDataInterfaceVelocityGrid.ush" 3694
"../../../Engine/Plugins/Runtime/HairStrands/Shaders/Private/NiagaraDataInterfaceVelocityGridTemplate.ush" 3695
"../../../Engine/Plugins/Runtime/HairStrands/Shaders/Private/NiagaraDataInterfacePressureGrid.ush" 3696
"../../../Engine/Plugins/Runtime/HairStrands/Shaders/Private/NiagaraDataInterfacePressureGridTemplate.ush" 3697
"../../../Engine/Plugins/FX/Niagara/Shaders/Private/NiagaraDataInterfaceRenderTarget2DTemplate.ush" 3698
"../../../Engine/Plugins/FX/Niagara/Shaders/Private/NiagaraDataInterfaceRenderTarget2DArrayTemplate.ush" 3699
"../../../Engine/Plugins/FX/Niagara/Shaders/Private/NiagaraDataInterfaceRenderTargetCubeTemplate.ush" 3700
"../../../Engine/Plugins/FX/Niagara/Shaders/Private/NiagaraDataInterfaceRenderTargetVolumeTemplate.ush" 3701
"../../../Engine/Plugins/FX/Niagara/Shaders/Private/NiagaraDataInterfaceRigidMeshCollisionQuery.ush" 3702
"../../../Engine/Plugins/FX/Niagara/Shaders/Private/NiagaraDistanceFieldQueries.ush" 3703
"../../../Engine/Plugins/FX/Niagara/Shaders/Private/NiagaraDataInterfaceSceneCapture2DTemplate.ush" 3704
"../../../Engine/Plugins/FX/Niagara/Shaders/Private/NiagaraDataInterfaceSimCacheReaderTemplate.ush" 3705
"../../../Engine/Plugins/FX/Niagara/Shaders/Private/NiagaraDataInterfaceSimpleCounterTemplate.ush" 3706
"../../../Engine/Plugins/FX/Niagara/Shaders/Private/NiagaraDataInterfaceSkeletalMesh.ush" 3707
"../../../Engine/Plugins/FX/Niagara/Shaders/Private/NiagaraBaryCentricUtils.ush" 3708
"../../../Engine/Plugins/FX/Niagara/Shaders/Private/NiagaraDataInterfaceSkeletalMeshTemplate.ush" 3709
"../../../Engine/Plugins/FX/Niagara/Shaders/Private/NiagaraDataInterfaceSocketReaderTemplate.ush" 3710
"../../../Engine/Plugins/FX/Niagara/Shaders/Private/NiagaraDataInterfaceSparseVolumeTextureTemplate.ush" 3711
"../../../Engine/Plugins/FX/Niagara/Shaders/Private/NiagaraDataInterfaceSplineTemplate.ush" 3712
"../../../Engine/Plugins/FX/Niagara/Shaders/Private/NiagaraDataInterfaceSpriteRendererInfoTemplate.ush" 3713
"../../../Engine/Plugins/FX/Niagara/Shaders/Private/NiagaraDataInterfaceStaticMeshTemplate.ush" 3714
"../../../Engine/Plugins/FX/Niagara/Shaders/Private/NiagaraDataInterfaceTextureTemplate.ush" 3715
"../../../Engine/Plugins/FX/Niagara/Shaders/Private/NiagaraDataInterfaceVirtualTexture.ush" 3716
"../../../Engine/Plugins/FX/Niagara/Shaders/Private/NiagaraDataInterfaceVirtualTextureTemplate.ush" 3717
"../../../Engine/Plugins/FX/Niagara/Shaders/Private/NiagaraDataInterfaceVirtualTextureSampleTemplate.ush" 3718
"../../../Engine/Plugins/FX/Niagara/Shaders/Private/NiagaraDataInterfaceVolumeCache.ush" 3719
"../../../Engine/Plugins/FX/Niagara/Shaders/Private/NiagaraDataInterfaceVolumeTextureTemplate.ush" 3720
"../../../Engine/Content/EngineSounds/Submixes/MasterSubmixDefault.uasset" 3721
"C:/Users/mikel/Downloads/Paranoia/Content/Blueprints/Character/UI/UI_WidgetSwitcherTab.uasset" 3722
"C:/Users/mikel/Downloads/Paranoia/Content/Eric_Bp/Mats/M_Unwrap.uasset" 3723
"C:/Users/mikel/Downloads/Paranoia/Content/Eric_Bp/Mats/M_Brush.uasset" 3724
"C:/Users/mikel/Downloads/Paranoia/Content/Eric_Bp/A_Target.uasset" 3725
"../../../Engine/Content/ArtTools/RenderToTexture/Textures/127grey.uasset" 3726
"C:/Users/mikel/Downloads/Paranoia/Content/Blueprints/Character/UI/UI_SprintBar.uasset" 3727
"C:/Users/mikel/Downloads/Paranoia/Content/Blueprints/Character/BP_PlayerController.uasset" 3728
"C:/Users/mikel/Downloads/Paranoia/Content/Blueprints/Character/Inputs/Ia_Wash.uasset" 3729
"C:/Users/mikel/Downloads/Paranoia/Content/Blueprints/Character/Inputs/IA_Move.uasset" 3730
"C:/Users/mikel/Downloads/Paranoia/Content/Blueprints/Character/Inputs/IA_MouseCamera.uasset" 3731
"C:/Users/mikel/Downloads/Paranoia/Content/Blueprints/Character/Inputs/IMC_PowerWash.uasset" 3732
"C:/Users/mikel/Downloads/Paranoia/Content/Eric_Bp/Inventory/Fslotstuck.uasset" 3733
"C:/Users/mikel/Downloads/Paranoia/Content/Blueprints/Character/UI/UI_PauseMenu.uasset" 3734
"../../../Engine/Content/EngineSounds/Submixes/MasterEQSubmixDefault.uasset" 3735
"../../../Engine/Content/EngineSounds/Submixes/MasterEQEffectPreset.uasset" 3736
"../../../Engine/Content/EditorBlueprintResources/StandardMacros.uasset" 3737
"C:/Users/mikel/Downloads/Paranoia/Content/Blueprints/Character/Inputs/IA_ControllerCamera.uasset" 3738
"C:/Users/mikel/Downloads/Paranoia/Content/Blueprints/Character/BP_Character.uasset" 3739
"C:/Users/mikel/Downloads/Paranoia/Content/Blueprints/Character/Inputs/IA_CharacterMovement.uasset" 3740
"C:/Users/mikel/Downloads/Paranoia/Content/Blueprints/Character/Inputs/IA_Sprint.uasset" 3741
"C:/Users/mikel/Downloads/Paranoia/Content/Blueprints/Character/Inputs/IA_Crouch.uasset" 3742
"C:/Users/mikel/Downloads/Paranoia/Content/Blueprints/Character/Inputs/IA_Jump.uasset" 3743
"C:/Users/mikel/Downloads/Paranoia/Content/Blueprints/Character/Inputs/IA_PauseMenu.uasset" 3744
"../../../Engine/Content/EngineSounds/Submixes/MasterReverbSubmixDefault.uasset" 3745
"../../../Engine/Content/EngineSounds/Submixes/MasterReverbEffectPreset.uasset" 3746
"C:/Users/mikel/Downloads/Paranoia/Content/Eric_Bp/Inventory/InventorySystem.uasset" 3747
"/Game/Blueprints/Character/UI/UI_WidgetSwitcherTab" 3748
"../../../Engine/Plugins/Interchange/Assets/Content/gltf/MaterialFunctions/MF_TransformUVs.uasset" 3749
"C:/Users/mikel/Downloads/Paranoia/Content/Blueprints/BP_GameMode.uasset" 3750
"../../../Engine/Plugins/Interchange/Assets/Content/gltf/Textures/T_Anisotropy_Direction_Linear.uasset" 3751
"../../../Engine/Plugins/Interchange/Assets/Content/gltf/MaterialFunctions/MF_RotateV2.uasset" 3752
"../../../Engine/Plugins/Interchange/Assets/Content/gltf/MaterialFunctions/MF_SpecularAnisotropy.uasset" 3753
"/Game/Eric_Bp/Mats/M_Unwrap" 3754
"/Engine/ArtTools/RenderToTexture/Textures/127grey" 3755
"/Game/Eric_Bp/Mats/M_Brush" 3756
"/Engine/EngineSounds/Submixes/MasterReverbEffectPreset" 3757
"/Engine/EngineSounds/Submixes/MasterEQEffectPreset" 3758
"/Engine/EngineSounds/Submixes/MasterEQSubmixDefault" 3759
"/Game/Blueprints/Character/UI/UI_SprintBar" 3760
"../../../Engine/Plugins/Interchange/Assets/Content/gltf/MaterialFunctions/MF_Normals.uasset" 3761
"../../../Engine/Plugins/Interchange/Assets/Content/gltf/MaterialFunctions/MF_Occlusion.uasset" 3762
"../../../Engine/Plugins/Interchange/Assets/Content/gltf/MaterialFunctions/MF_Specular.uasset" 3763
"../../../Engine/Plugins/Interchange/Assets/Content/gltf/MaterialFunctions/MF_ScaleNormal.uasset" 3764
"/Game/Blueprints/Character/Inputs/IA_CharacterMovement" 3765
"/Game/Blueprints/Character/BP_PlayerController" 3766
"../../../Engine/Content/Functions/Engine_MaterialFunctions01/Texturing/FlattenNormal.uasset" 3767
"/InterchangeAssets/gltf/MaterialFunctions/MF_ScaleNormal" 3768
"/InterchangeAssets/gltf/Textures/T_Anisotropy_Direction_Linear" 3769
"/InterchangeAssets/gltf/MaterialFunctions/MF_SpecularAnisotropy" 3770
"/InterchangeAssets/gltf/MaterialFunctions/MF_TransformUVs" 3771
"/Game/Blueprints/BP_GameMode" 3772
"../../../Engine/Plugins/Interchange/Assets/Content/gltf/MaterialFunctions/MF_IOR.uasset" 3773
"../../../Engine/Plugins/Interchange/Assets/Content/Functions/MF_Iridescence.uasset" 3774
"../../../Engine/Plugins/Interchange/Assets/Content/gltf/MaterialInstances/MI_ClearCoat_Mask.uasset" 3775
"../../../Engine/Plugins/Interchange/Assets/Content/gltf/Textures/T_Generic_N.uasset" 3776
"../../../Engine/Plugins/Interchange/Assets/Content/gltf/MaterialInstances/MI_ClearCoat_Opaque.uasset" 3777
"../../../Engine/Plugins/Interchange/Assets/Content/gltf/MaterialFunctions/MF_MetallicRoughness.uasset" 3778
"../../../Engine/Plugins/Interchange/Assets/Content/gltf/Textures/T_White_srgb.uasset" 3779
"../../../Engine/Content/Functions/Engine_MaterialFunctions03/Math/RemapValueRange.uasset" 3780
"../../../Engine/Plugins/Interchange/Assets/Content/gltf/MaterialFunctions/MF_BaseColor.uasset" 3781
"../../../Engine/Plugins/Interchange/Assets/Content/gltf/Textures/T_White_Linear.uasset" 3782
"../../../Engine/Plugins/Interchange/Assets/Content/Utilities/New_LUT.uasset" 3783
"../../../Engine/Plugins/Interchange/Assets/Content/gltf/MaterialFunctions/MF_Clearcoat.uasset" 3784
"../../../Engine/Plugins/Interchange/Assets/Content/gltf/MaterialFunctions/MF_RotateNormals_TS.uasset" 3785
"../../../Engine/Plugins/Interchange/Assets/Content/gltf/MaterialFunctions/MF_Iridescence.uasset" 3786
"../../../Engine/Plugins/Interchange/Assets/Content/gltf/MaterialInstances/MI_ClearCoat_Blend.uasset" 3787
"../../../Engine/Plugins/Interchange/Assets/Content/gltf/MaterialInstances/MI_ClearCoat_Mask_DS.uasset" 3788
"../../../Engine/Plugins/Interchange/Assets/Content/gltf/MaterialBodies/MF_ClearCoat_Body.uasset" 3789
"../../../Engine/Plugins/Interchange/Assets/Content/gltf/MaterialFunctions/MF_Emissive.uasset" 3790
"../../../Engine/Plugins/Interchange/Assets/Content/gltf/M_ClearCoat.uasset" 3791
"../../../Engine/Plugins/Interchange/Assets/Content/Functions/MF_IridescenceNoLUT.uasset" 3792
"../../../Engine/Plugins/Interchange/Assets/Content/gltf/MaterialInstances/MI_ClearCoat_Blend_DS.uasset" 3793
"../../../Engine/Plugins/Interchange/Assets/Content/gltf/MaterialInstances/MI_ClearCoat_Opaque_DS.uasset" 3794
"/InterchangeAssets/gltf/MaterialInstances/MI_ClearCoat_Blend_DS" 3795
"../../../Engine/Plugins/Interchange/Assets/Content/gltf/MaterialInstances/MI_Default_Mask.uasset" 3796
"../../../Engine/Plugins/Interchange/Assets/Content/gltf/MaterialInstances/MI_Default_Opaque.uasset" 3797
"../../../Engine/Plugins/Interchange/Assets/Content/gltf/MaterialInstances/MI_Default_Blend.uasset" 3798
"../../../Engine/Plugins/Interchange/Assets/Content/gltf/MaterialBodies/MF_Default_Body.uasset" 3799
"../../../Engine/Plugins/Interchange/Assets/Content/gltf/MaterialInstances/MI_Default_Opaque_DS.uasset" 3800
"../../../Engine/Plugins/Interchange/Assets/Content/gltf/M_Default.uasset" 3801
"/InterchangeAssets/gltf/MaterialInstances/MI_ClearCoat_Mask_DS" 3802
"/InterchangeAssets/gltf/MaterialInstances/MI_ClearCoat_Blend" 3803
"/InterchangeAssets/gltf/MaterialInstances/MI_ClearCoat_Mask" 3804
"/InterchangeAssets/gltf/MaterialInstances/MI_ClearCoat_Opaque" 3805
"/InterchangeAssets/gltf/MaterialInstances/MI_ClearCoat_Opaque_DS" 3806
"../../../Engine/Content/Functions/Engine_MaterialFunctions02/Math/AddComponents.uasset" 3807
"/InterchangeAssets/gltf/MaterialInstances/MI_Default_Opaque_DS" 3808
"../../../Engine/Plugins/Interchange/Assets/Content/gltf/MaterialFunctions/MF_Fresnel_DS.uasset" 3809
"../../../Engine/Plugins/Interchange/Assets/Content/gltf/MaterialFunctions/MF_Transmission.uasset" 3810
"../../../Engine/Plugins/Interchange/Assets/Content/gltf/MaterialFunctions/MF_MaxComponentValue.uasset" 3811
"../../../Engine/Plugins/Interchange/Assets/Content/gltf/MaterialInstances/MI_Transmission.uasset" 3812
"../../../Engine/Plugins/Interchange/Assets/Content/gltf/MaterialInstances/MI_Sheen_Mask.uasset" 3813
"../../../Engine/Plugins/Interchange/Assets/Content/gltf/MaterialInstances/MI_Sheen_Blend.uasset" 3814
"../../../Engine/Plugins/Interchange/Assets/Content/gltf/MaterialInstances/MI_Transmission_DS.uasset" 3815
"../../../Engine/Plugins/Interchange/Assets/Content/gltf/MaterialInstances/MI_Default_Mask_DS.uasset" 3816
"../../../Engine/Content/Functions/Engine_MaterialFunctions02/Texturing/ScreenAlignedPixelToPixelUVs.uasset" 3817
"../../../Engine/Plugins/Interchange/Assets/Content/gltf/MaterialInstances/MI_Sheen_Opaque.uasset" 3818
"../../../Engine/Plugins/Interchange/Assets/Content/gltf/MaterialFunctions/MF_Temporal_Blur.uasset" 3819
"../../../Engine/Plugins/Interchange/Assets/Content/gltf/MaterialInstances/MI_Sheen_Opaque_DS.uasset" 3820
"../../../Engine/Plugins/Interchange/Assets/Content/gltf/MaterialInstances/MI_Default_Blend_DS.uasset" 3821
"../../../Engine/Plugins/Interchange/Assets/Content/gltf/MaterialFunctions/MF_DiffuseSpecGloss.uasset" 3822
"../../../Engine/Plugins/Interchange/Assets/Content/gltf/M_Transmission.uasset" 3823
"../../../Engine/Plugins/Interchange/Assets/Content/gltf/MaterialInstances/MI_Sheen_Mask_DS.uasset" 3824
"../../../Engine/Plugins/Interchange/Assets/Content/gltf/M_Sheen.uasset" 3825
"../../../Engine/Plugins/Interchange/Assets/Content/gltf/MaterialInstances/MI_Sheen_Blend_DS.uasset" 3826
"../../../Engine/Plugins/Interchange/Assets/Content/gltf/MaterialFunctions/MF_Sheen.uasset" 3827
"../../../Engine/Plugins/Interchange/Assets/Content/gltf/MaterialFunctions/MF_SpecGlossToMetalRoughness.uasset" 3828
"../../../Engine/Plugins/Interchange/Assets/Content/gltf/MaterialBodies/MF_Sheen_Body.uasset" 3829
"../../../Engine/Plugins/Interchange/Assets/Content/gltf/MaterialFunctions/MF_PerceivedBrightness.uasset" 3830
"/InterchangeAssets/gltf/MaterialInstances/MI_Default_Blend" 3831
"../../../Engine/Plugins/Interchange/Assets/Content/gltf/MaterialBodies/MF_Transmission_Body.uasset" 3832
"/InterchangeAssets/gltf/MaterialInstances/MI_Default_Mask" 3833
"/InterchangeAssets/gltf/MaterialInstances/MI_Default_Opaque" 3834
"../../../Engine/Plugins/Interchange/Assets/Content/gltf/MaterialBodies/MF_SpecularGlossiness_Body.uasset" 3835
"../../../Engine/Plugins/Interchange/Assets/Shaders/ThinFilmFunctions.usf" 3836
"/InterchangeAssets/gltf/MaterialBodies/MF_SpecularGlossiness_Body" 3837
"../../../Engine/Plugins/Interchange/Assets/Content/gltf/MaterialInstances/MI_SpecularGlossiness_Blend.uasset" 3838
"../../../Engine/Plugins/Interchange/Assets/Content/gltf/MaterialInstances/MI_SpecularGlossiness_Opaque.uasset" 3839
"../../../Engine/Plugins/Interchange/Assets/Content/gltf/MaterialInstances/MI_SpecularGlossiness_Blend_DS.uasset" 3840
"../../../Engine/Plugins/Interchange/Assets/Content/gltf/MaterialInstances/MI_SpecularGlossiness_Mask.uasset" 3841
"../../../Engine/Plugins/Interchange/Assets/Content/gltf/M_SpecularGlossiness.uasset" 3842
"../../../Engine/Plugins/Interchange/Assets/Content/gltf/MaterialInstances/MI_SpecularGlossiness_Mask_DS.uasset" 3843
"../../../Engine/Plugins/Interchange/Assets/Content/gltf/MaterialInstances/MI_SpecularGlossiness_Opaque_DS.uasset" 3844
"/InterchangeAssets/gltf/MaterialInstances/MI_Transmission_DS" 3845
"/InterchangeAssets/gltf/MaterialInstances/MI_Transmission" 3846
"/InterchangeAssets/gltf/MaterialInstances/MI_Sheen_Blend_DS" 3847
"/InterchangeAssets/gltf/MaterialInstances/MI_Sheen_Mask_DS" 3848
"/InterchangeAssets/gltf/MaterialInstances/MI_Sheen_Opaque_DS" 3849
"/InterchangeAssets/gltf/MaterialInstances/MI_Sheen_Blend" 3850
"/InterchangeAssets/gltf/MaterialInstances/MI_Sheen_Mask" 3851
"/InterchangeAssets/gltf/MaterialInstances/MI_Sheen_Opaque" 3852
"/InterchangeAssets/gltf/MaterialInstances/MI_Default_Blend_DS" 3853
"/InterchangeAssets/gltf/MaterialInstances/MI_Default_Mask_DS" 3854
"C:/Users/mikel/Downloads/Paranoia/Content/Blueprints/Character/UI/UI_MenuMain.uasset" 3855
"/InterchangeAssets/gltf/MaterialInstances/MI_SpecularGlossiness_Blend_DS" 3856
"C:/Users/mikel/Downloads/Paranoia/Content/__ExternalActors__/Levels/TestScene/A/SD/8FNGJR5Q99D9QQPIOOY7RH.uasset" 3857
"C:/Users/mikel/Downloads/Paranoia/Content/NatesWork/TestScene_HLOD0_Instancing.uasset" 3858
"C:/Users/mikel/Downloads/Paranoia/Content/Levels/TestScene.umap" 3859
"/InterchangeAssets/gltf/MaterialInstances/MI_SpecularGlossiness_Mask_DS" 3860
"C:/Users/mikel/Downloads/Paranoia/Content/Blueprints/BP_UIManager.uasset" 3861
"C:/Users/mikel/Downloads/Paranoia/Content/Levels/UI_Levels/MenuMain.umap" 3862
"../../../Engine/Plugins/Interchange/Assets/Content/gltf/MaterialInstances/MI_Unlit_Mask.uasset" 3863
"../../../Engine/Plugins/Interchange/Assets/Content/gltf/MaterialInstances/MI_Unlit_Mask_DS.uasset" 3864
"../../../Engine/Plugins/Interchange/Assets/Content/gltf/MaterialInstances/MI_Unlit_Blend.uasset" 3865
"../../../Engine/Plugins/Interchange/Assets/Content/gltf/MaterialBodies/MF_Unlit_Body.uasset" 3866
"../../../Engine/Content/Functions/Substrate/MF_SchlickInternal.uasset" 3867
"../../../Engine/Plugins/Interchange/Assets/Content/gltf/MaterialInstances/MI_Unlit_Opaque_DS.uasset" 3868
"../../../Engine/Plugins/Interchange/Assets/Content/gltf/MaterialInstances/MI_Unlit_Opaque.uasset" 3869
"../../../Engine/Plugins/Interchange/Assets/Content/Functions/MX_Transmission.uasset" 3870
"../../../Engine/Plugins/Interchange/Assets/Content/Functions/MX_TransmissionSurface.uasset" 3871
"../../../Engine/Plugins/Interchange/Assets/Content/Functions/MX_StandardSurface.uasset" 3872
"../../../Engine/Plugins/Interchange/Assets/Content/Functions/MX_OpenPBR_Translucent.uasset" 3873
"../../../Engine/Plugins/Interchange/Assets/Content/Functions/MX_OpenPBR_Opaque.uasset" 3874
"../../../Engine/Plugins/Animation/ControlRig/Content/Controls/ControlRig_Arrow2_1mm.uasset" 3875
"../../../Engine/Plugins/Interchange/Assets/Content/gltf/MaterialInstances/MI_Unlit_Blend_DS.uasset" 3876
"../../../Engine/Plugins/Interchange/Assets/Content/Functions/MF_OrenNayerView.uasset" 3877
"../../../Engine/Plugins/Interchange/Assets/Content/gltf/M_Unlit.uasset" 3878
"../../../Engine/Plugins/Animation/ControlRig/Content/Controls/ControlRig_Sphere_solid.uasset" 3879
"C:/Users/mikel/Downloads/Paranoia/Content/Blueprints/Character/UI/BP_UIManager.uasset" 3880
"../../../Engine/Content/Functions/Engine_MaterialFunctions01/Volumetrics/BeersLaw.uasset" 3881
"/InterchangeAssets/gltf/MaterialInstances/MI_SpecularGlossiness_Opaque_DS" 3882
"/InterchangeAssets/gltf/MaterialInstances/MI_SpecularGlossiness_Blend" 3883
"/InterchangeAssets/gltf/MaterialInstances/MI_SpecularGlossiness_Mask" 3884
"/InterchangeAssets/gltf/MaterialInstances/MI_SpecularGlossiness_Opaque" 3885
"/ControlRig/Controls/ControlRig_Arrow2_1mm" 3886
"/ControlRig/Controls/ControlRig_Sphere_solid" 3887
"/Game/Levels/TestScene" 3888
"/InterchangeAssets/Functions/MX_OpenPBR_Opaque" 3889
"../../../Engine/Plugins/Animation/ControlRig/Content/Controls/ControlRig_Arrow_1mm.uasset" 3890
"../../../Engine/Plugins/Animation/ControlRig/Content/Controls/ControlRig_Arrow2_3mm.uasset" 3891
"../../../Engine/Plugins/Animation/ControlRig/Content/Controls/ControlRig_Arrow4_solid.uasset" 3892
"../../../Engine/Plugins/Animation/ControlRig/Content/Controls/ControlRig_Arrow4_3mm.uasset" 3893
"../../../Engine/Plugins/Animation/ControlRig/Content/Controls/ControlRig_Arrow_3mm.uasset" 3894
"../../../Engine/Plugins/Animation/ControlRig/Content/Controls/ControlRig_Arrow2_solid.uasset" 3895
"../../../Engine/Plugins/Animation/ControlRig/Content/Controls/ControlRig_Arrow4_1mm.uasset" 3896
"/InterchangeAssets/Functions/MX_OpenPBR_Translucent" 3897
"/Game/Levels/UI_Levels/MenuMain" 3898
"../../../../../../Users/mikel/Downloads/Paranoia/Content/Levels/UI_Levels/MenuMain.umap" 3899
"/InterchangeAssets/gltf/MaterialInstances/MI_Unlit_Blend_DS" 3900
"/InterchangeAssets/gltf/MaterialInstances/MI_Unlit_Mask_DS" 3901
"/InterchangeAssets/gltf/MaterialInstances/MI_Unlit_Opaque_DS" 3902
"/Engine/EditorResources/EmptyActor" 3903
"../../../Engine/Content/EditorResources/EmptyActor.uasset" 3904
"/Game/Blueprints/BP_UIManager" 3905
"/InterchangeAssets/gltf/MaterialInstances/MI_Unlit_Blend" 3906
"/InterchangeAssets/gltf/MaterialInstances/MI_Unlit_Mask" 3907
"/InterchangeAssets/gltf/MaterialInstances/MI_Unlit_Opaque" 3908
"/ControlRig/Controls/ControlRig_Arrow_3mm" 3909
"/Game/__ExternalActors__/Levels/TestScene/0/AR/6U265FL34JP9Z8FXJ5SNHM" 3910
"../../../../../../Users/mikel/Downloads/Paranoia/Content/__ExternalActors__/Levels/TestScene/0/AR/6U265FL34JP9Z8FXJ5SNHM.uasset" 3911
"../../../../../../Users/mikel/Downloads/Paranoia/Content/__ExternalActors__/Levels/TestScene/0/BN/Z7QHZ6SG11O6GM1D53207M.uasset" 3912
"../../Plugins/Experimental/Landmass/Content/DistanceFields/Materials/BlurEdges.uasset" 3913
"../../Plugins/Experimental/Landmass/Content/DistanceFields/Materials/DetectEdges.uasset" 3914
"../../Plugins/Experimental/Landmass/Content/DistanceFields/Materials/JumpFloodStep.uasset" 3915
"../../Plugins/Experimental/Landmass/Content/Landscape/BlueprintBrushes/Materials/CacheDistanceField.uasset" 3916
"../../Plugins/Experimental/Landmass/Content/Landscape/BlueprintBrushes/Materials/RenderSplineDepths.uasset" 3917
"../../Plugins/Experimental/Water/Content/Materials/Brushes/CanvasDrawing.uasset" 3918
"../../Plugins/Experimental/Water/Content/Materials/Brushes/CompositeWaterBodyTexture.uasset" 3919
"../../Plugins/Experimental/Water/Content/Materials/Brushes/MeshBrush_Angle.uasset" 3920
"../../../Engine/Plugins/Animation/ControlRig/Content/Controls/ControlRig_Circle_solid.uasset" 3921
"../../../Engine/Plugins/Animation/ControlRig/Content/Controls/ControlRig_Hexagon_3mm.uasset" 3922
"../../../Engine/Plugins/Animation/ControlRig/Content/Controls/ControlRig_Box_solid.uasset" 3923
"../../../Engine/Plugins/Animation/ControlRig/Content/Controls/ControlRig_Hexagon_1mm.uasset" 3924
"../../../Engine/Plugins/Animation/ControlRig/Content/Controls/ControlRig_Box_3mm.uasset" 3925
"../../../Engine/Plugins/Animation/ControlRig/Content/Controls/ControlRig_HalfCircle_solid.uasset" 3926
"../../../Engine/Plugins/Animation/ControlRig/Content/Controls/ControlRig_HalfCircle_3mm.uasset" 3927
"../../../Engine/Plugins/Animation/ControlRig/Content/Controls/ControlRig_Hexagon_solid.uasset" 3928
"../../../Engine/Plugins/Animation/ControlRig/Content/Controls/ControlRig_Circle_1mm.uasset" 3929
"../../../Engine/Plugins/Animation/ControlRig/Content/Controls/ControlRig_Circle_3mm.uasset" 3930
"../../../Engine/Plugins/Animation/ControlRig/Content/Controls/ControlRig_Octagon_solid.uasset" 3931
"../../Plugins/Experimental/Water/Content/Materials/Brushes/MeshBrush_Island.uasset" 3932
"../../../Engine/Plugins/Animation/ControlRig/Content/Controls/ControlRig_Diamond_3mm.uasset" 3933
"../../Plugins/Experimental/Water/Content/Materials/Brushes/MeshBrush_Weightmap.uasset" 3934
"../../../Engine/Plugins/Animation/ControlRig/Content/Controls/ControlRig_Arrow_solid.uasset" 3935
"../../Plugins/Experimental/Water/Content/Materials/Brushes/MeshBrush_Width.uasset" 3936
"../../../Engine/Plugins/Animation/ControlRig/Content/Controls/ControlRig_Diamond_solid.uasset" 3937
"../../../Engine/Plugins/Animation/ControlRig/Content/Controls/ControlRig_Pyramid_3mm.uasset" 3938
"../../../Engine/Plugins/Animation/ControlRig/Content/Controls/ControlRig_Box_1mm.uasset" 3939
"../../../Engine/Plugins/Animation/ControlRig/Content/Controls/ControlRig_QuarterCircle_1mm.uasset" 3940
"../../../Engine/Plugins/Animation/ControlRig/Content/Controls/ControlRig_Pyramid_1mm.uasset" 3941
"../../../Engine/Plugins/Animation/ControlRig/Content/Controls/ControlRig_HalfCircle_1mm.uasset" 3942
"../../../Engine/Plugins/Animation/ControlRig/Content/Controls/ControlRig_Diamond_1mm.uasset" 3943
"../../../Engine/Plugins/Animation/ControlRig/Content/Controls/ControlRig_Octagon_1mm.uasset" 3944
"../../../Engine/Content/OpenWorldTemplate/LandscapeMaterial/M_ProcGrid.uasset" 3945
"../../../Engine/Plugins/Animation/ControlRig/Content/Controls/ControlRig_Pyramid_solid.uasset" 3946
"../../../Engine/Plugins/Animation/ControlRig/Content/Controls/ControlRig_Octagon_3mm.uasset" 3947
"../../Plugins/Experimental/Landmass/Content/Landscape/OldPrototype_BP/Textures/LS_Debug_RT_01.uasset" 3948
"../../Plugins/Experimental/Landmass/Content/Landscape/BlueprintBrushes/MPC/MPC_Erosion.uasset" 3949
"../../Plugins/Experimental/Landmass/Content/Landscape/BlueprintBrushes/MF/LocalizeLandscapeZValue.uasset" 3950
"../../Plugins/Experimental/Landmass/Content/Landscape/BlueprintBrushes/MF/SampleDistanceField.uasset" 3951
"../../../Engine/Content/MapTemplates/TilingNoise05.uasset" 3952
"../../Plugins/Experimental/Landmass/Content/Landscape/Curves/DynamicCurve_RT.uasset" 3953
"../../../Engine/Content/Functions/Engine_MaterialFunctions02/TangentBasis.uasset" 3954
"../../Plugins/Experimental/Landmass/Content/Landscape/BlueprintBrushes/MF/ReadCachedDistanceField.uasset" 3955
"../../Plugins/Experimental/Landmass/Content/Landscape/BlueprintBrushes/MF/UnpackRG8Height.uasset" 3956
"../../../Engine/Content/Functions/Engine_MaterialFunctions01/Math/SmoothCeil.uasset" 3957
"../../../Engine/Content/Functions/Engine_MaterialFunctions02/WorldPositionOffset/GenerateASpline.uasset" 3958
"../../Plugins/Experimental/Landmass/Content/Landscape/BlueprintBrushes/MF/BrushAlphaMask.uasset" 3959
"../../Plugins/Experimental/Landmass/Content/Landscape/BlueprintBrushes/MF/BrushBlendModes.uasset" 3960
"../../Plugins/Experimental/Landmass/Content/Landscape/BlueprintBrushes/MF/BrushDisplaceMask.uasset" 3961
"../../../Engine/Plugins/Animation/ControlRig/Content/Controls/ControlRig_QuarterCircle_3mm.uasset" 3962
"../../../Engine/Plugins/Animation/ControlRig/Content/Controls/ControlRig_QuarterCircle_solid.uasset" 3963
"../../Plugins/Experimental/Landmass/Content/Landscape/BlueprintBrushes/MF/BrushTerracing.uasset" 3964
"../../Plugins/Experimental/Landmass/Content/Landscape/BlueprintBrushes/MF/PackRG8Height.uasset" 3965
"../../Plugins/Experimental/Landmass/Content/Landscape/BlueprintBrushes/MF/SmoothIntersections.uasset" 3966
"../../Plugins/Experimental/Landmass/Content/Landscape/OldPrototype_BP/Mats/MF/CatmullRomTexture.uasset" 3967
"../../Plugins/Experimental/Landmass/Content/Landscape/OldPrototype_BP/Mats/MF/SmoothTerracing.uasset" 3968
"../../Plugins/Experimental/Landmass/Content/Landscape/OldPrototype_BP/Mats/MF/BrushAlphaMask.uasset" 3969
"../../Plugins/Experimental/Landmass/Content/Landscape/OldPrototype_BP/Mats/MF/BrushBlendModes_Manual.uasset" 3970
"../../Plugins/Experimental/Landmass/Content/Landscape/OldPrototype_BP/Mats/MF/BrushDisplaceMask.uasset" 3971
"../../Plugins/Experimental/Landmass/Content/Landscape/OldPrototype_BP/Mats/MF/BrushTerracing.uasset" 3972
"../../Plugins/Experimental/Landmass/Content/Landscape/OldPrototype_BP/Mats/MF/SmoothIntersections.uasset" 3973
"../../../Engine/Content/Functions/Engine_MaterialFunctions01/Gradient/LinearGradient.uasset" 3974
"../../../Engine/Content/Functions/Engine_MaterialFunctions01/ImageAdjustment/CheapContrast.uasset" 3975
"../../../Engine/Content/Functions/Engine_MaterialFunctions03/Blends/Blend_Overlay.uasset" 3976
"../../../Engine/Content/OpenWorldTemplate/LandscapeMaterial/MF_ProcGrid.uasset" 3977
"../../../Engine/Content/OpenWorldTemplate/LandscapeMaterial/T_GridChecker_A.uasset" 3978
"../../Plugins/Experimental/Landmass/Content/Landscape/Mats/MF/SmoothTerracing.uasset" 3979
"/Game/__ExternalActors__/Levels/TestScene/0/RI/N33DQBN44AP1BUNLCVEBPU" 3980
"../../../../../../Users/mikel/Downloads/Paranoia/Content/__ExternalActors__/Levels/TestScene/0/RI/N33DQBN44AP1BUNLCVEBPU.uasset" 3981
"/Game/__ExternalActors__/Levels/TestScene/2/XF/1KRBPNHE5JOJMV2NIOS61C" 3982
"../../../../../../Users/mikel/Downloads/Paranoia/Content/__ExternalActors__/Levels/TestScene/2/XF/1KRBPNHE5JOJMV2NIOS61C.uasset" 3983
"../../../Engine/Content/EngineSky/VolumetricClouds/m_SimpleVolumetricCloud_Inst.uasset" 3984
"../../../Engine/Content/EngineSky/VolumetricClouds/m_SimpleVolumetricCloud.uasset" 3985
"../../../Engine/Content/EngineSky/VolumetricClouds/T_CloudMask.uasset" 3986
"../../../Engine/Content/EngineSky/VolumetricClouds/T_CloudPattern.uasset" 3987
"../../../Engine/Content/EngineSky/VolumetricClouds/T_Profile_08.uasset" 3988
"../../../Engine/Content/EngineSky/VolumetricClouds/VT_PerlinWorley_Balanced.uasset" 3989
"../../../Engine/Content/Functions/Engine_MaterialFunctions01/Units/Km-to-Cm.uasset" 3990
"../../../Engine/Content/Functions/Engine_MaterialFunctions02/Utility/BreakOutFloat4Components.uasset" 3991
"../../../Engine/Content/Functions/Engine_MaterialFunctions02/Utility/MakeFloat4.uasset" 3992
"../../../Engine/Content/EngineSky/VolumetricClouds/VT_Lightning.uasset" 3993
"/Game/__ExternalActors__/Levels/TestScene/6/QR/PR6EODRS70A46DIMAXITY8" 3994
"../../../../../../Users/mikel/Downloads/Paranoia/Content/__ExternalActors__/Levels/TestScene/6/QR/PR6EODRS70A46DIMAXITY8.uasset" 3995
"/Game/__ExternalActors__/Levels/TestScene/7/NC/GAMIPIOEFPJADTHSL7M83S" 3996
"../../../../../../Users/mikel/Downloads/Paranoia/Content/__ExternalActors__/Levels/TestScene/7/NC/GAMIPIOEFPJADTHSL7M83S.uasset" 3997
"/Game/__ExternalActors__/Levels/TestScene/8/DW/M866Z1U1S1PVPVBRFXKEZC" 3998
"../../../../../../Users/mikel/Downloads/Paranoia/Content/__ExternalActors__/Levels/TestScene/8/DW/M866Z1U1S1PVPVBRFXKEZC.uasset" 3999
"/Game/__ExternalActors__/Levels/TestScene/8/FV/2NBX0O4CC248TR3Z7KWE10" 4000
"../../../../../../Users/mikel/Downloads/Paranoia/Content/__ExternalActors__/Levels/TestScene/8/FV/2NBX0O4CC248TR3Z7KWE10.uasset" 4001
"../../../Engine/Content/EngineSky/M_SimpleSkyDome.uasset" 4002
"../../../Engine/Content/EngineSky/SM_SkySphere.uasset" 4003
"../../../Engine/Content/EngineSky/M_Sky_Panning_Clouds2.uasset" 4004
"../../../Engine/Content/EngineSky/T_Sky_Blue.uasset" 4005
"../../../Engine/Content/EngineSky/T_Sky_Clouds_M.uasset" 4006
"../../../Engine/Content/EngineSky/T_Sky_Stars.uasset" 4007
"/Game/__ExternalActors__/Levels/TestScene/9/5O/WCT236Z53R2YI6RX13ML49" 4008
"../../../../../../Users/mikel/Downloads/Paranoia/Content/__ExternalActors__/Levels/TestScene/9/5O/WCT236Z53R2YI6RX13ML49.uasset" 4009
"/Game/__ExternalActors__/Levels/TestScene/9/S9/80ZNCR4MFY47G7WANV0YS9" 4010
"../../../../../../Users/mikel/Downloads/Paranoia/Content/__ExternalActors__/Levels/TestScene/9/S9/80ZNCR4MFY47G7WANV0YS9.uasset" 4011
"/Game/__ExternalActors__/Levels/TestScene/E/GI/XP6A6GF4MR4BRKK4R76KLZ" 4012
"../../../../../../Users/mikel/Downloads/Paranoia/Content/__ExternalActors__/Levels/TestScene/E/GI/XP6A6GF4MR4BRKK4R76KLZ.uasset" 4013
"../../Plugins/Experimental/Water/Content/Materials/WaterSurface/Water_FarMesh.uasset" 4014
"../../Plugins/Experimental/Water/Content/Materials/WaterSurface/Water_Material.uasset" 4015
"../../Plugins/Experimental/Water/Content/Caustics/Materials/Functions/WaterCaustics_GerstnerWaves.uasset" 4016
"../../Plugins/Experimental/Water/Content/Materials/Functions/ClipDynamicBounds.uasset" 4017
"../../Plugins/Experimental/Water/Content/Materials/Functions/ComputeGerstnerWaves.uasset" 4018
"../../Plugins/Experimental/Water/Content/Materials/Functions/GetWaterTime.uasset" 4019
"../../Plugins/Experimental/Water/Content/Materials/Functions/SampleFluidSimulation.uasset" 4020
"../../Plugins/Experimental/Water/Content/Materials/Functions/SetWaveAttributes.uasset" 4021
"../../Plugins/Experimental/Water/Content/Materials/Functions/Water_Underside.uasset" 4022
"../../Plugins/Experimental/Water/Content/Materials/Functions/WaterCoefficientMask.uasset" 4023
"../../Plugins/Experimental/Water/Content/Materials/Functions/WaterHeightMappingVS.uasset" 4024
"../../Plugins/Experimental/Water/Content/Materials/Functions/WaterOpacityMaskFromDepth.uasset" 4025
"../../Plugins/Experimental/Water/Content/Materials/Functions/WaterRiverFlowmaps.uasset" 4026
"../../Plugins/Experimental/Water/Content/Materials/Functions/WaterTextureSurface.uasset" 4027
"../../Plugins/Experimental/Water/Content/Materials/Functions/WaveVelocityMask.uasset" 4028
"../../Plugins/Experimental/Water/Content/Materials/Layers/BeachFoam.uasset" 4029
"../../Plugins/Experimental/Water/Content/Materials/Layers/WaterAttributes.uasset" 4030
"../../Plugins/Experimental/Water/Content/Caustics/Materials/Functions/GetDistortionUV.uasset" 4031
"../../Plugins/Experimental/Water/Content/Materials/Functions/WorldNormalBehindWater.uasset" 4032
"../../Plugins/Experimental/Water/Content/Materials/Functions/WorldPositionBehindWater.uasset" 4033
"../../Plugins/Experimental/Water/Content/Materials/Functions/WaterZoneData.uasset" 4034
"../../Plugins/Experimental/Water/Content/Materials/Functions/WaveDepthFalloff_Overrides.uasset" 4035
"../../../Engine/Content/Functions/Engine_MaterialFunctions01/Gradient/BoxMask-2D.uasset" 4036
"../../../Engine/Content/Functions/Engine_MaterialFunctions01/Opacity/AlphaOffset.uasset" 4037
"../../../Engine/Content/Functions/Engine_MaterialFunctions02/Math/TimeWithSpeedVariable.uasset" 4038
"../../../Engine/Content/Functions/Engine_MaterialFunctions02/Texturing/Flowmaps.uasset" 4039
"../../../Engine/Content/Functions/Engine_MaterialFunctions02/Texturing/HeightLerp.uasset" 4040
"../../Plugins/Experimental/Water/Content/FluidSimulation/Materials/Functions/Fluidsim_WorldPosition_to_UV.uasset" 4041
"../../Plugins/Experimental/Water/Content/Materials/Functions/WaterBodyData.uasset" 4042
"../../Plugins/Experimental/Water/Content/FluidSimulation/WaveFoam/WaterDistanceField.uasset" 4043
"../../Plugins/Experimental/Water/Content/Textures/Foam/T_WaterFlow_01_Foam_Tiled.uasset" 4044
"../../Plugins/Experimental/Water/Content/Textures/Foam/T_WaterFlow_01_Foam_Tiled_N.uasset" 4045
"../../../Engine/Content/Functions/Engine_MaterialFunctions01/Coordinates/WorldPosition-XY.uasset" 4046
"../../../Engine/Content/Functions/Engine_MaterialFunctions02/ExampleContent/Textures/LowResBlurredNoise.uasset" 4047
"../../Plugins/Experimental/Water/Content/Textures/Flowmaps/RiverFlowmap_Diffuse.uasset" 4048
"../../Plugins/Experimental/Water/Content/Textures/Flowmaps/RiverFlowmap_Normal.uasset" 4049
"../../Plugins/Experimental/Water/Content/Materials/Functions/WaterTextureWaves.uasset" 4050
"../../Plugins/Experimental/Water/Content/Textures/Normals/T_Water_TilingNormal_With_Height_02_Softened.uasset" 4051
"../../../Engine/Content/Functions/Engine_MaterialFunctions03/Procedurals/NormalFromHeightmap.uasset" 4052
"../../../Engine/Content/EngineSky/VolumetricClouds/T_VolumeNoiseShape128.uasset" 4053
"../../Plugins/Experimental/Water/Content/FluidSimulation/WaveFoam/FoamRT.uasset" 4054
"../../Plugins/Experimental/Water/Content/Materials/Functions/ComputeWavesAttenuationFactor.uasset" 4055
"../../../Engine/Content/Functions/Engine_MaterialFunctions01/Texturing/ComputeMipLevel.uasset" 4056
"../../../Engine/Content/Functions/Engine_MaterialFunctions02/Math/MakeVectorsOrthogonal.uasset" 4057
"../../../Engine/Content/Functions/Engine_MaterialFunctions02/Utility/BlendAngleCorrectedNormals.uasset" 4058
"../../../Engine/Content/Functions/Engine_MaterialFunctions02/Utility/LinearSine.uasset" 4059
"../../../Engine/Content/EngineMaterials/DefaultNormal.uasset" 4060
"../../Plugins/Experimental/Water/Content/Materials/Functions/HighQualityTextureFiltering.uasset" 4061
"../../Plugins/Experimental/Water/Content/Materials/Functions/SampleBakedFluidSimulation.uasset" 4062
"../../Plugins/Experimental/Water/Content/Textures/BlackTexture2DArray.uasset" 4063
"../../../Engine/Content/EngineSky/VolumetricClouds/T_NoiseShape.uasset" 4064
"../../Plugins/Experimental/Water/Content/Textures/Black.uasset" 4065
"/Game/__ExternalActors__/Levels/TestScene/3/1L/0OO86PXZ9K6C4II6UFS2JH" 4066
"../../../../../../Users/mikel/Downloads/Paranoia/Content/__ExternalActors__/Levels/TestScene/3/1L/0OO86PXZ9K6C4II6UFS2JH.uasset" 4067
"../../../../../../Users/mikel/Downloads/Paranoia/Content/NatesWork/Terrain/Materials/GroundMAT1.uasset" 4068
"../../../../../../Users/mikel/Downloads/Paranoia/Content/NatesWork/Terrain/Textures/HighSquare_openPBR_shader1_BaseColor.uasset" 4069
"../../../../../../Users/mikel/Downloads/Paranoia/Content/NatesWork/Terrain/Textures/HighSquare_openPBR_shader1_Height.uasset" 4070
"../../../../../../Users/mikel/Downloads/Paranoia/Content/NatesWork/Terrain/Textures/HighSquare_openPBR_shader1_Normal.uasset" 4071
"../../../../../../Users/mikel/Downloads/Paranoia/Content/NatesWork/Terrain/Textures/HighSquare_openPBR_shader1_Roughness.uasset" 4072
"/Game/__ExternalActors__/Levels/TestScene/D/04/Q4CHZUQ2MULMTV0200IURS" 4073
"../../../../../../Users/mikel/Downloads/Paranoia/Content/__ExternalActors__/Levels/TestScene/D/04/Q4CHZUQ2MULMTV0200IURS.uasset" 4074
"/Game/__ExternalActors__/Levels/TestScene/2/X6/T4SP0OEJ1S4E4G5PB5S3QU" 4075
"../../../../../../Users/mikel/Downloads/Paranoia/Content/__ExternalActors__/Levels/TestScene/2/X6/T4SP0OEJ1S4E4G5PB5S3QU.uasset" 4076
"/Game/__ExternalActors__/Levels/TestScene/3/DQ/H2NHYRAGN86DF64FRUAEEB" 4077
"../../../../../../Users/mikel/Downloads/Paranoia/Content/__ExternalActors__/Levels/TestScene/3/DQ/H2NHYRAGN86DF64FRUAEEB.uasset" 4078
"/Game/__ExternalActors__/Levels/TestScene/7/FY/5SMCZ1OY0MTM88PTN3M4ZM" 4079
"../../../../../../Users/mikel/Downloads/Paranoia/Content/__ExternalActors__/Levels/TestScene/7/FY/5SMCZ1OY0MTM88PTN3M4ZM.uasset" 4080
"/Game/__ExternalActors__/Levels/TestScene/C/76/Y3SKECECIIQMVVT8LQ63SD" 4081
"../../../../../../Users/mikel/Downloads/Paranoia/Content/__ExternalActors__/Levels/TestScene/C/76/Y3SKECECIIQMVVT8LQ63SD.uasset" 4082
"/Game/__ExternalActors__/Levels/TestScene/2/RB/ETLURHNG4BEEVO9C09CQ3J" 4083
"../../../../../../Users/mikel/Downloads/Paranoia/Content/__ExternalActors__/Levels/TestScene/2/RB/ETLURHNG4BEEVO9C09CQ3J.uasset" 4084
"/Game/__ExternalActors__/Levels/TestScene/4/O0/GET5M0ZCNV40UDHZ400AA1" 4085
"../../../../../../Users/mikel/Downloads/Paranoia/Content/__ExternalActors__/Levels/TestScene/4/O0/GET5M0ZCNV40UDHZ400AA1.uasset" 4086
"/Game/__ExternalActors__/Levels/TestScene/2/6N/BP1QML7VZ64ZYB9MUB7V7P" 4087
"../../../../../../Users/mikel/Downloads/Paranoia/Content/__ExternalActors__/Levels/TestScene/2/6N/BP1QML7VZ64ZYB9MUB7V7P.uasset" 4088
"/Game/__ExternalActors__/Levels/TestScene/2/L0/1JN4PV88YERIX7260BZA7L" 4089
"../../../../../../Users/mikel/Downloads/Paranoia/Content/__ExternalActors__/Levels/TestScene/2/L0/1JN4PV88YERIX7260BZA7L.uasset" 4090
"/Game/__ExternalActors__/Levels/TestScene/6/P5/DFBHSYY88HJ8O2TF604DDV" 4091
"../../../../../../Users/mikel/Downloads/Paranoia/Content/__ExternalActors__/Levels/TestScene/6/P5/DFBHSYY88HJ8O2TF604DDV.uasset" 4092
"/Game/__ExternalActors__/Levels/TestScene/8/0A/Y5LWYINURQY2K295WPI4KL" 4093
"../../../../../../Users/mikel/Downloads/Paranoia/Content/__ExternalActors__/Levels/TestScene/8/0A/Y5LWYINURQY2K295WPI4KL.uasset" 4094
"/Game/__ExternalActors__/Levels/TestScene/D/UM/SFCBLBHSB7S3Z7Z70B2XMY" 4095
"../../../../../../Users/mikel/Downloads/Paranoia/Content/__ExternalActors__/Levels/TestScene/D/UM/SFCBLBHSB7S3Z7Z70B2XMY.uasset" 4096
"../../../../../../Users/mikel/Downloads/Paranoia/Content/NatesWork/Trees/RedwoodTree/RedwoodImposter_FoliageType.uasset" 4097
"../../../../../../Users/mikel/Downloads/Paranoia/Content/NatesWork/Trees/RedwoodTree/RedwoodTree_FoliageType.uasset" 4098
"../../../../../../Users/mikel/Downloads/Paranoia/Content/NatesWork/Trees/RedwoodTree/Models/Imposter/RedwoodImposter.uasset" 4099
"../../../../../../Users/mikel/Downloads/Paranoia/Content/NatesWork/Trees/RedwoodTree/RedwoodTree.uasset" 4100
"../../../../../../Users/mikel/Downloads/Paranoia/Content/NatesWork/Trees/RedwoodTree/Materials/RedwoodImposter.uasset" 4101
"../../../../../../Users/mikel/Downloads/Paranoia/Content/NatesWork/Trees/RedwoodTree/Materials/RedwoodBark.uasset" 4102
"../../../../../../Users/mikel/Downloads/Paranoia/Content/NatesWork/Trees/RedwoodTree/Materials/RedwoodBranch.uasset" 4103
"../../../../../../Users/mikel/Downloads/Paranoia/Content/NatesWork/Trees/RedwoodTree/Textures/RedwoodImposter.uasset" 4104
"../../../../../../Users/mikel/Downloads/Paranoia/Content/NatesWork/Trees/RedwoodTree/Textures/RedwoodImposter_Height.uasset" 4105
"../../../../../../Users/mikel/Downloads/Paranoia/Content/NatesWork/Trees/RedwoodTree/Textures/RedwoodImposter_Normal.uasset" 4106
"../../../../../../Users/mikel/Downloads/Paranoia/Content/NatesWork/Trees/RedwoodTree/Textures/RedwoodImposter_Roughness.uasset" 4107
"../../../../../../Users/mikel/Downloads/Paranoia/Content/NatesWork/Trees/RedwoodTree/Textures/HighSquare_PixelatedBark_BaseColor.uasset" 4108
"../../../../../../Users/mikel/Downloads/Paranoia/Content/NatesWork/Trees/RedwoodTree/Textures/HighSquare_PixelatedBark_Height.uasset" 4109
"../../../../../../Users/mikel/Downloads/Paranoia/Content/NatesWork/Trees/RedwoodTree/Textures/HighSquare_PixelatedBark_Normal.uasset" 4110
"../../../../../../Users/mikel/Downloads/Paranoia/Content/NatesWork/Trees/RedwoodTree/Textures/HighSquare_PixelatedBark_Roughness.uasset" 4111
"../../../../../../Users/mikel/Downloads/Paranoia/Content/NatesWork/Trees/RedwoodTree/Textures/Pixelated_Base_color.uasset" 4112
"../../../../../../Users/mikel/Downloads/Paranoia/Content/NatesWork/Trees/RedwoodTree/Textures/Pixelated_Height.uasset" 4113
"../../../../../../Users/mikel/Downloads/Paranoia/Content/NatesWork/Trees/RedwoodTree/Textures/Pixelated_Normal_DirectX.uasset" 4114
"../../../../../../Users/mikel/Downloads/Paranoia/Content/NatesWork/Trees/RedwoodTree/Textures/Pixelated_Roughness.uasset" 4115
"/Game/__ExternalActors__/Levels/TestScene/1/MV/AK0QAXD2L5YRC9T6H2IUJB" 4116
"../../../../../../Users/mikel/Downloads/Paranoia/Content/__ExternalActors__/Levels/TestScene/1/MV/AK0QAXD2L5YRC9T6H2IUJB.uasset" 4117
"../../../../../../Users/mikel/Downloads/Paranoia/Content/Bryans-Models/Models/House/Basement.uasset" 4118
"../../../../../../Users/mikel/Downloads/Paranoia/Content/Bryans-Models/Models/Mats/Floor_And_Roof_Textures/Floors_And_roof.uasset" 4119
"../../../../../../Users/mikel/Downloads/Paranoia/Content/Bryans-Models/Models/Mats/Floor_And_Roof_Textures/Floors_and_Basement_Floors_Basement_Mat_BaseColor.uasset" 4120
"../../../../../../Users/mikel/Downloads/Paranoia/Content/Bryans-Models/Models/Mats/Floor_And_Roof_Textures/Floors_and_Basement_Floors_Basement_Mat_Normal.uasset" 4121
"../../../../../../Users/mikel/Downloads/Paranoia/Content/Bryans-Models/Models/Mats/Floor_And_Roof_Textures/Floors_and_Basement_Floors_Basement_Mat_OcclusionRoughnessMetallic.uasset" 4122
"/Game/__ExternalActors__/Levels/TestScene/2/PN/Q5HDUZF4E8BJAZWF5QTJZE" 4123
"../../../../../../Users/mikel/Downloads/Paranoia/Content/__ExternalActors__/Levels/TestScene/2/PN/Q5HDUZF4E8BJAZWF5QTJZE.uasset" 4124
"../../../../../../Users/mikel/Downloads/Paranoia/Content/NatesWork/Extra/pCube155.uasset" 4125
"../../../../../../Users/mikel/Downloads/Paranoia/Content/NatesWork/Extra/Brown.uasset" 4126
"../../Plugins/Interchange/Assets/Content/Materials/FBXLegacyPhongSurfaceMaterial.uasset" 4127
"../../Plugins/Interchange/Assets/Content/Functions/MF_PhongToMetalRoughness.uasset" 4128
"/Game/__ExternalActors__/Levels/TestScene/2/ZP/5ZPKNEWCYC7VR1XPD728XO" 4129
"../../../../../../Users/mikel/Downloads/Paranoia/Content/__ExternalActors__/Levels/TestScene/2/ZP/5ZPKNEWCYC7VR1XPD728XO.uasset" 4130
"../../../../../../Users/mikel/Downloads/Paranoia/Content/NatesWork/Extra/pCube160.uasset" 4131
"/Game/__ExternalActors__/Levels/TestScene/5/Q4/X4BIRMF1AC1YU5UQY4QF8P" 4132
"../../../../../../Users/mikel/Downloads/Paranoia/Content/__ExternalActors__/Levels/TestScene/5/Q4/X4BIRMF1AC1YU5UQY4QF8P.uasset" 4133
"../../../../../../Users/mikel/Downloads/Paranoia/Content/NatesWork/Extra/pCube77.uasset" 4134
"/Game/__ExternalActors__/Levels/TestScene/5/XK/O23G4KIPL6ALJQ4L76FLV6" 4135
"../../../../../../Users/mikel/Downloads/Paranoia/Content/__ExternalActors__/Levels/TestScene/5/XK/O23G4KIPL6ALJQ4L76FLV6.uasset" 4136
"../../../../../../Users/mikel/Downloads/Paranoia/Content/NatesWork/Extra/pCube74.uasset" 4137
"/Game/__ExternalActors__/Levels/TestScene/6/GG/BAJNL5NTEKNRUGLSNSRZZW" 4138
"../../../../../../Users/mikel/Downloads/Paranoia/Content/__ExternalActors__/Levels/TestScene/6/GG/BAJNL5NTEKNRUGLSNSRZZW.uasset" 4139
"/Game/__ExternalActors__/Levels/TestScene/7/18/AC9EO0RSGMSLC9ME0LE9L7" 4140
"../../../../../../Users/mikel/Downloads/Paranoia/Content/__ExternalActors__/Levels/TestScene/7/18/AC9EO0RSGMSLC9ME0LE9L7.uasset" 4141
"../../../../../../Users/mikel/Downloads/Paranoia/Content/NatesWork/Extra/pCube76.uasset" 4142
"/Game/__ExternalActors__/Levels/TestScene/7/UR/CDL0IVL7OGUIFLG460K891" 4143
"../../../../../../Users/mikel/Downloads/Paranoia/Content/__ExternalActors__/Levels/TestScene/7/UR/CDL0IVL7OGUIFLG460K891.uasset" 4144
"/Game/__ExternalActors__/Levels/TestScene/9/4Q/NHA1Y8ZDME5YC8V6L1YP6D" 4145
"../../../../../../Users/mikel/Downloads/Paranoia/Content/__ExternalActors__/Levels/TestScene/9/4Q/NHA1Y8ZDME5YC8V6L1YP6D.uasset" 4146
"../../../../../../Users/mikel/Downloads/Paranoia/Content/NatesWork/Extra/pCube165.uasset" 4147
"/Game/__ExternalActors__/Levels/TestScene/9/Z1/L8PGHV4CBIVU2G0Q4LYZIB" 4148
"../../../../../../Users/mikel/Downloads/Paranoia/Content/__ExternalActors__/Levels/TestScene/9/Z1/L8PGHV4CBIVU2G0Q4LYZIB.uasset" 4149
"../../Plugins/Experimental/Water/Content/Materials/PostProcessing/M_UnderWater_PostProcess_Volume.uasset" 4150
"../../Plugins/Experimental/Water/Content/Materials/WaterInfo/DrawWaterInfo.uasset" 4151
"../../Plugins/Experimental/Water/Content/Materials/HLOD/HLODWater.uasset" 4152
"../../Plugins/Experimental/Water/Content/Materials/WaterSurface/LODs/Water_Material_Lake_LOD.uasset" 4153
"../../Plugins/Experimental/Water/Content/Materials/WaterSurface/Water_Material_Lake.uasset" 4154
"../../../Engine/Content/Functions/Engine_MaterialFunctions01/Volumetrics/SchlickPhase.uasset" 4155
"../../../Engine/Content/Functions/Engine_MaterialFunctions02/Utility/DebugScalarValues.uasset" 4156
"../../Plugins/Experimental/Water/Content/Materials/WaterSurface/Water_Material_Inst.uasset" 4157
"../../../Engine/Content/Functions/Engine_MaterialFunctions02/ExampleContent/Textures/water_d.uasset" 4158
"../../../Engine/Content/Functions/Engine_MaterialFunctions02/ExampleContent/Textures/water_n.uasset" 4159
"../../../Engine/Content/Functions/Engine_MaterialFunctions02/ExampleContent/Textures/DebugNumberPeriod.uasset" 4160
"/Game/__ExternalActors__/Levels/TestScene/A/VO/Q2LSSSZ65PA48W0UYTJIK6" 4161
"../../../../../../Users/mikel/Downloads/Paranoia/Content/__ExternalActors__/Levels/TestScene/A/VO/Q2LSSSZ65PA48W0UYTJIK6.uasset" 4162
"/Game/__ExternalActors__/Levels/TestScene/A/XB/VDCY9XSGP4VQUEN8W7P4XW" 4163
"../../../../../../Users/mikel/Downloads/Paranoia/Content/__ExternalActors__/Levels/TestScene/A/XB/VDCY9XSGP4VQUEN8W7P4XW.uasset" 4164
"/Game/__ExternalActors__/Levels/TestScene/B/6R/2DTS1PETTJBNZ8P5UXDSYS" 4165
"../../../../../../Users/mikel/Downloads/Paranoia/Content/__ExternalActors__/Levels/TestScene/B/6R/2DTS1PETTJBNZ8P5UXDSYS.uasset" 4166
"../../../../../../Users/mikel/Downloads/Paranoia/Content/Bryans-Models/Models/Stairs/Basement_Stairs.uasset" 4167
"../../../../../../Users/mikel/Downloads/Paranoia/Content/Bryans-Models/Models/Mats/Doors_and_Stairs/Doors_and_Stairs_Mats.uasset" 4168
"../../../../../../Users/mikel/Downloads/Paranoia/Content/Bryans-Models/Models/Mats/Doors_and_Stairs/Stairs_And_Doors_Stairs_and_Doors_Mat_BaseColor.uasset" 4169
"../../../../../../Users/mikel/Downloads/Paranoia/Content/Bryans-Models/Models/Mats/Doors_and_Stairs/Stairs_And_Doors_Stairs_and_Doors_Mat_Normal.uasset" 4170
"../../../../../../Users/mikel/Downloads/Paranoia/Content/Bryans-Models/Models/Mats/Doors_and_Stairs/Stairs_And_Doors_Stairs_and_Doors_Mat_OcclusionRoughnessMetallic.uasset" 4171
"/Game/__ExternalActors__/Levels/TestScene/B/KC/SBITQZP888W1UOX2MPSDYW" 4172
"../../../../../../Users/mikel/Downloads/Paranoia/Content/__ExternalActors__/Levels/TestScene/B/KC/SBITQZP888W1UOX2MPSDYW.uasset" 4173
"../../../../../../Users/mikel/Downloads/Paranoia/Content/NatesWork/Extra/pCube150.uasset" 4174
"/Game/__ExternalActors__/Levels/TestScene/D/5E/74XC91PWNC2RPXVKFXQMX8" 4175
"../../../../../../Users/mikel/Downloads/Paranoia/Content/__ExternalActors__/Levels/TestScene/D/5E/74XC91PWNC2RPXVKFXQMX8.uasset" 4176
"../../../../../../Users/mikel/Downloads/Paranoia/Content/NatesWork/Extra/pCube75.uasset" 4177
"/Game/__ExternalActors__/Levels/TestScene/E/JM/9QZ3FXAGKFIUV9DYR0LEWI" 4178
"../../../../../../Users/mikel/Downloads/Paranoia/Content/__ExternalActors__/Levels/TestScene/E/JM/9QZ3FXAGKFIUV9DYR0LEWI.uasset" 4179
"/Game/__ExternalActors__/Levels/TestScene/1/CD/W6ZM70FZXNV64JWF0PAIW7" 4180
"../../../../../../Users/mikel/Downloads/Paranoia/Content/__ExternalActors__/Levels/TestScene/1/CD/W6ZM70FZXNV64JWF0PAIW7.uasset" 4181
"/Game/__ExternalActors__/Levels/TestScene/2/R1/88M69OQCK09QFTKB4QOU0W" 4182
"../../../../../../Users/mikel/Downloads/Paranoia/Content/__ExternalActors__/Levels/TestScene/2/R1/88M69OQCK09QFTKB4QOU0W.uasset" 4183
"/Game/__ExternalActors__/Levels/TestScene/3/72/K57ZALESNYZPW50J94GXP0" 4184
"../../../../../../Users/mikel/Downloads/Paranoia/Content/__ExternalActors__/Levels/TestScene/3/72/K57ZALESNYZPW50J94GXP0.uasset" 4185
"/Game/__ExternalActors__/Levels/TestScene/A/SF/X36NCA9AN38WDHCL62B033" 4186
"../../../../../../Users/mikel/Downloads/Paranoia/Content/__ExternalActors__/Levels/TestScene/A/SF/X36NCA9AN38WDHCL62B033.uasset" 4187
"/Game/__ExternalActors__/Levels/TestScene/0/Y6/ZVUQQUKCA1GJ75R4LXU69F" 4188
"../../../../../../Users/mikel/Downloads/Paranoia/Content/__ExternalActors__/Levels/TestScene/0/Y6/ZVUQQUKCA1GJ75R4LXU69F.uasset" 4189
"../../../../../../Users/mikel/Downloads/Paranoia/Content/NatesWork/Extra/pCube1203.uasset" 4190
"../../../../../../Users/mikel/Downloads/Paranoia/Content/NatesWork/Extra/Wood.uasset" 4191
"/Game/__ExternalActors__/Levels/TestScene/1/0W/HL3JT5IQW8DAZ7LSLUNVJR" 4192
"../../../../../../Users/mikel/Downloads/Paranoia/Content/__ExternalActors__/Levels/TestScene/1/0W/HL3JT5IQW8DAZ7LSLUNVJR.uasset" 4193
"../../../../../../Users/mikel/Downloads/Paranoia/Content/NatesWork/Vegetation/Bush/Models/ModularBush.uasset" 4194
"../../../../../../Users/mikel/Downloads/Paranoia/Content/NatesWork/Vegetation/Bush/Materials/BushMat.uasset" 4195
"../../../../../../Users/mikel/Downloads/Paranoia/Content/NatesWork/Vegetation/Bush/Textures/Pixelated_Base_color.uasset" 4196
"../../../../../../Users/mikel/Downloads/Paranoia/Content/NatesWork/Vegetation/Bush/Textures/Pixelated_Normal_DirectX.uasset" 4197
"../../../../../../Users/mikel/Downloads/Paranoia/Content/NatesWork/Vegetation/Bush/Textures/Pixelated_Roughness.uasset" 4198
"/Game/__ExternalActors__/Levels/TestScene/1/M2/4BHX1VSNS78WCAVCYE5O9A" 4199
"../../../../../../Users/mikel/Downloads/Paranoia/Content/__ExternalActors__/Levels/TestScene/1/M2/4BHX1VSNS78WCAVCYE5O9A.uasset" 4200
"../../../../../../Users/mikel/Downloads/Paranoia/Content/NatesWork/Trees/BirchTree/BirchTree.uasset" 4201
"../../../../../../Users/mikel/Downloads/Paranoia/Content/NatesWork/Trees/BirchTree/Materials/BirchBark.uasset" 4202
"../../../../../../Users/mikel/Downloads/Paranoia/Content/NatesWork/Trees/BirchTree/Materials/BirchBranch1.uasset" 4203
"../../../../../../Users/mikel/Downloads/Paranoia/Content/NatesWork/Trees/BirchTree/Materials/BirchBranch2.uasset" 4204
"../../../../../../Users/mikel/Downloads/Paranoia/Content/NatesWork/Trees/BirchTree/Textures/HighSquare_PixelatedBark_BaseColor.uasset" 4205
"../../../../../../Users/mikel/Downloads/Paranoia/Content/NatesWork/Trees/BirchTree/Textures/HighSquare_PixelatedBark_Height.uasset" 4206
"../../../../../../Users/mikel/Downloads/Paranoia/Content/NatesWork/Trees/BirchTree/Textures/HighSquare_PixelatedBark_Normal.uasset" 4207
"../../../../../../Users/mikel/Downloads/Paranoia/Content/NatesWork/Trees/BirchTree/Textures/HighSquare_PixelatedBark_Roughness.uasset" 4208
"../../../../../../Users/mikel/Downloads/Paranoia/Content/NatesWork/Trees/BirchTree/Textures/Branch/Pixelated_Base_color.uasset" 4209
"../../../../../../Users/mikel/Downloads/Paranoia/Content/NatesWork/Trees/BirchTree/Textures/Branch/Pixelated_Height.uasset" 4210
"../../../../../../Users/mikel/Downloads/Paranoia/Content/NatesWork/Trees/BirchTree/Textures/Branch/Pixelated_Normal_DirectX.uasset" 4211
"../../../../../../Users/mikel/Downloads/Paranoia/Content/NatesWork/Trees/BirchTree/Textures/Branch/Pixelated_Roughness.uasset" 4212
"../../../../../../Users/mikel/Downloads/Paranoia/Content/NatesWork/Trees/BirchTree/Textures/Branch2/Pixelated_Base_color.uasset" 4213
"../../../../../../Users/mikel/Downloads/Paranoia/Content/NatesWork/Trees/BirchTree/Textures/Branch2/Pixelated_Height.uasset" 4214
"../../../../../../Users/mikel/Downloads/Paranoia/Content/NatesWork/Trees/BirchTree/Textures/Branch2/Pixelated_Normal_DirectX.uasset" 4215
"../../../../../../Users/mikel/Downloads/Paranoia/Content/NatesWork/Trees/BirchTree/Textures/Branch2/Pixelated_Roughness.uasset" 4216
"/Game/__ExternalActors__/Levels/TestScene/1/NR/IR56MZJ93VXGUVG0VZ4MPL" 4217
"../../../../../../Users/mikel/Downloads/Paranoia/Content/__ExternalActors__/Levels/TestScene/1/NR/IR56MZJ93VXGUVG0VZ4MPL.uasset" 4218
"../../../../../../Users/mikel/Downloads/Paranoia/Content/NatesWork/Extra/pCube1233.uasset" 4219
"/Game/__ExternalActors__/Levels/TestScene/1/R9/EVX0HT0TV51YNTT9ENF3C0" 4220
"../../../../../../Users/mikel/Downloads/Paranoia/Content/__ExternalActors__/Levels/TestScene/1/R9/EVX0HT0TV51YNTT9ENF3C0.uasset" 4221
"../../../../../../Users/mikel/Downloads/Paranoia/Content/NatesWork/Extra/pCube1313.uasset" 4222
"/Game/__ExternalActors__/Levels/TestScene/1/U9/EGIJ7KUBIYVY53PETHSZIP" 4223
"../../../../../../Users/mikel/Downloads/Paranoia/Content/__ExternalActors__/Levels/TestScene/1/U9/EGIJ7KUBIYVY53PETHSZIP.uasset" 4224
"../../../../../../Users/mikel/Downloads/Paranoia/Content/NatesWork/Trees/WillowTree/WillowTree1.uasset" 4225
"../../../../../../Users/mikel/Downloads/Paranoia/Content/NatesWork/Trees/WillowTree/Mats/WillowBark.uasset" 4226
"../../../../../../Users/mikel/Downloads/Paranoia/Content/NatesWork/Trees/WillowTree/Mats/WillowLeaves.uasset" 4227
"../../../../../../Users/mikel/Downloads/Paranoia/Content/NatesWork/Trees/WillowTree/Textures/HighSquare_PixelatedBark_BaseColor.uasset" 4228
"../../../../../../Users/mikel/Downloads/Paranoia/Content/NatesWork/Trees/WillowTree/Textures/HighSquare_PixelatedBark_Height.uasset" 4229
"../../../../../../Users/mikel/Downloads/Paranoia/Content/NatesWork/Trees/WillowTree/Textures/HighSquare_PixelatedBark_Metallic.uasset" 4230
"../../../../../../Users/mikel/Downloads/Paranoia/Content/NatesWork/Trees/WillowTree/Textures/HighSquare_PixelatedBark_Normal.uasset" 4231
"../../../../../../Users/mikel/Downloads/Paranoia/Content/NatesWork/Trees/WillowTree/Textures/HighSquare_PixelatedBark_Roughness.uasset" 4232
"../../../../../../Users/mikel/Downloads/Paranoia/Content/NatesWork/Trees/WillowTree/Textures/Pixelated_Base_color.uasset" 4233
"../../../../../../Users/mikel/Downloads/Paranoia/Content/NatesWork/Trees/WillowTree/Textures/Pixelated_Height.uasset" 4234
"../../../../../../Users/mikel/Downloads/Paranoia/Content/NatesWork/Trees/WillowTree/Textures/Pixelated_Normal_DirectX.uasset" 4235
"../../../../../../Users/mikel/Downloads/Paranoia/Content/NatesWork/Trees/WillowTree/Textures/Pixelated_Roughness.uasset" 4236
"/Game/__ExternalActors__/Levels/TestScene/1/ZV/ACHG38DJ9SOB7QCV7RR7DZ" 4237
"../../../../../../Users/mikel/Downloads/Paranoia/Content/__ExternalActors__/Levels/TestScene/1/ZV/ACHG38DJ9SOB7QCV7RR7DZ.uasset" 4238
"../../../../../../Users/mikel/Downloads/Paranoia/Content/NatesWork/Extra/pCube1202.uasset" 4239
"/Game/__ExternalActors__/Levels/TestScene/1/ZW/F0WE4L3YZBCQAVSAFXYH8O" 4240
"../../../../../../Users/mikel/Downloads/Paranoia/Content/__ExternalActors__/Levels/TestScene/1/ZW/F0WE4L3YZBCQAVSAFXYH8O.uasset" 4241
"../../../../../../Users/mikel/Downloads/Paranoia/Content/NatesWork/Extra/pCube1243.uasset" 4242
"/Game/__ExternalActors__/Levels/TestScene/2/04/4BILVBC8JD35D6LCYFCQ7E" 4243
"../../../../../../Users/mikel/Downloads/Paranoia/Content/__ExternalActors__/Levels/TestScene/2/04/4BILVBC8JD35D6LCYFCQ7E.uasset" 4244
"../../../../../../Users/mikel/Downloads/Paranoia/Content/NatesWork/Trees/OakTree/OakTree1.uasset" 4245
"../../../../../../Users/mikel/Downloads/Paranoia/Content/NatesWork/Trees/OakTree/Materials/Bark.uasset" 4246
"../../../../../../Users/mikel/Downloads/Paranoia/Content/NatesWork/Trees/OakTree/Materials/Branch1.uasset" 4247
"../../../../../../Users/mikel/Downloads/Paranoia/Content/NatesWork/Trees/OakTree/Materials/Branch2.uasset" 4248
"../../../../../../Users/mikel/Downloads/Paranoia/Content/NatesWork/Trees/OakTree/Textures/HighSquare_PixelatedBark_BaseColor.uasset" 4249
"../../../../../../Users/mikel/Downloads/Paranoia/Content/NatesWork/Trees/OakTree/Textures/HighSquare_PixelatedBark_Height.uasset" 4250
"../../../../../../Users/mikel/Downloads/Paranoia/Content/NatesWork/Trees/OakTree/Textures/HighSquare_PixelatedBark_Metallic.uasset" 4251
"../../../../../../Users/mikel/Downloads/Paranoia/Content/NatesWork/Trees/OakTree/Textures/HighSquare_PixelatedBark_Normal.uasset" 4252
"../../../../../../Users/mikel/Downloads/Paranoia/Content/NatesWork/Trees/OakTree/Textures/HighSquare_PixelatedBark_Roughness.uasset" 4253
"../../../../../../Users/mikel/Downloads/Paranoia/Content/NatesWork/Trees/OakTree/Textures/PixelBranch/Pixelated_Base_color.uasset" 4254
"../../../../../../Users/mikel/Downloads/Paranoia/Content/NatesWork/Trees/OakTree/Textures/PixelBranch/Pixelated_Height.uasset" 4255
"../../../../../../Users/mikel/Downloads/Paranoia/Content/NatesWork/Trees/OakTree/Textures/PixelBranch/Pixelated_Normal_DirectX.uasset" 4256
"../../../../../../Users/mikel/Downloads/Paranoia/Content/NatesWork/Trees/OakTree/Textures/PixelBranch/Pixelated_Roughness.uasset" 4257
"../../../../../../Users/mikel/Downloads/Paranoia/Content/NatesWork/Trees/OakTree/Textures/PixelBranch2/Pixelated_Base_color.uasset" 4258
"../../../../../../Users/mikel/Downloads/Paranoia/Content/NatesWork/Trees/OakTree/Textures/PixelBranch2/Pixelated_Height.uasset" 4259
"../../../../../../Users/mikel/Downloads/Paranoia/Content/NatesWork/Trees/OakTree/Textures/PixelBranch2/Pixelated_Normal_DirectX.uasset" 4260
"../../../../../../Users/mikel/Downloads/Paranoia/Content/NatesWork/Trees/OakTree/Textures/PixelBranch2/Pixelated_Roughness.uasset" 4261
"/Game/__ExternalActors__/Levels/TestScene/2/BT/GQXC6TEBEB3JMK4DT16417" 4262
"../../../../../../Users/mikel/Downloads/Paranoia/Content/__ExternalActors__/Levels/TestScene/2/BT/GQXC6TEBEB3JMK4DT16417.uasset" 4263
"/Game/__ExternalActors__/Levels/TestScene/2/VK/BI4M7SZ9OH2JRE7XOKZ5A2" 4264
"../../../../../../Users/mikel/Downloads/Paranoia/Content/__ExternalActors__/Levels/TestScene/2/VK/BI4M7SZ9OH2JRE7XOKZ5A2.uasset" 4265
"/Game/__ExternalActors__/Levels/TestScene/3/92/NQU3GJI7JVM8XD71O71LNX" 4266
"../../../../../../Users/mikel/Downloads/Paranoia/Content/__ExternalActors__/Levels/TestScene/3/92/NQU3GJI7JVM8XD71O71LNX.uasset" 4267
"../../../../../../Users/mikel/Downloads/Paranoia/Content/NatesWork/Vegetation/Bush/Models/Bush_FoliageType.uasset" 4268
"../../../../../../Users/mikel/Downloads/Paranoia/Content/NatesWork/Vegetation/Bush/Models/Bush.uasset" 4269
"/Game/__ExternalActors__/Levels/TestScene/3/EH/QEH9BEVD9VJ5LS2ROJI5KV" 4270
"../../../../../../Users/mikel/Downloads/Paranoia/Content/__ExternalActors__/Levels/TestScene/3/EH/QEH9BEVD9VJ5LS2ROJI5KV.uasset" 4271
"/Game/__ExternalActors__/Levels/TestScene/3/FR/I7QUI2MG2AX1QZ45AKK0LP" 4272
"../../../../../../Users/mikel/Downloads/Paranoia/Content/__ExternalActors__/Levels/TestScene/3/FR/I7QUI2MG2AX1QZ45AKK0LP.uasset" 4273
"../../../../../../Users/mikel/Downloads/Paranoia/Content/NatesWork/Extra/pCube1253.uasset" 4274
"/Game/__ExternalActors__/Levels/TestScene/3/H3/D9H9ZZEN5LX1KRARTRHSIT" 4275
"../../../../../../Users/mikel/Downloads/Paranoia/Content/__ExternalActors__/Levels/TestScene/3/H3/D9H9ZZEN5LX1KRARTRHSIT.uasset" 4276
"../../../../../../Users/mikel/Downloads/Paranoia/Content/NatesWork/Extra/pCube1192.uasset" 4277
"/Game/__ExternalActors__/Levels/TestScene/3/YG/08ZUQA8V0WC39VF0W0604D" 4278
"../../../../../../Users/mikel/Downloads/Paranoia/Content/__ExternalActors__/Levels/TestScene/3/YG/08ZUQA8V0WC39VF0W0604D.uasset" 4279
"/Game/__ExternalActors__/Levels/TestScene/4/PE/AUN0K11W32T33UULM33OHK" 4280
"../../../../../../Users/mikel/Downloads/Paranoia/Content/__ExternalActors__/Levels/TestScene/4/PE/AUN0K11W32T33UULM33OHK.uasset" 4281
"../../../../../../Users/mikel/Downloads/Paranoia/Content/NatesWork/Extra/pCube1223.uasset" 4282
"/Game/__ExternalActors__/Levels/TestScene/4/SI/HAQG0PZ2WFSYNZ0FRKEPYH" 4283
"../../../../../../Users/mikel/Downloads/Paranoia/Content/__ExternalActors__/Levels/TestScene/4/SI/HAQG0PZ2WFSYNZ0FRKEPYH.uasset" 4284
"/Game/__ExternalActors__/Levels/TestScene/5/12/YF2LRFCXU85SKUP8FG9K8O" 4285
"../../../../../../Users/mikel/Downloads/Paranoia/Content/__ExternalActors__/Levels/TestScene/5/12/YF2LRFCXU85SKUP8FG9K8O.uasset" 4286
"../../../../../../Users/mikel/Downloads/Paranoia/Content/NatesWork/Extra/pCube1213.uasset" 4287
"/Game/__ExternalActors__/Levels/TestScene/5/7Y/ECNYE1JYQM1EKBNZEFCLY4" 4288
"../../../../../../Users/mikel/Downloads/Paranoia/Content/__ExternalActors__/Levels/TestScene/5/7Y/ECNYE1JYQM1EKBNZEFCLY4.uasset" 4289
"../../../../../../Users/mikel/Downloads/Paranoia/Content/NatesWork/Extra/pCube1252.uasset" 4290
"/Game/__ExternalActors__/Levels/TestScene/5/96/R3MG3JPDO9UEIHMY9B5EVD" 4291
"../../../../../../Users/mikel/Downloads/Paranoia/Content/__ExternalActors__/Levels/TestScene/5/96/R3MG3JPDO9UEIHMY9B5EVD.uasset" 4292
"/Game/__ExternalActors__/Levels/TestScene/5/F8/8NIHZ7W4COXYVCK27MIEJM" 4293
"../../../../../../Users/mikel/Downloads/Paranoia/Content/__ExternalActors__/Levels/TestScene/5/F8/8NIHZ7W4COXYVCK27MIEJM.uasset" 4294
"../../../../../../Users/mikel/Downloads/Paranoia/Content/NatesWork/Extra/pCube1222.uasset" 4295
"/Game/__ExternalActors__/Levels/TestScene/5/MS/J939OP68LM4D87RG2FRJIX" 4296
"../../../../../../Users/mikel/Downloads/Paranoia/Content/__ExternalActors__/Levels/TestScene/5/MS/J939OP68LM4D87RG2FRJIX.uasset" 4297
"/Game/__ExternalActors__/Levels/TestScene/5/RW/N6TDKFVKDTLKH3FW5L94JS" 4298
"../../../../../../Users/mikel/Downloads/Paranoia/Content/__ExternalActors__/Levels/TestScene/5/RW/N6TDKFVKDTLKH3FW5L94JS.uasset" 4299
"../../../../../../Users/mikel/Downloads/Paranoia/Content/NatesWork/Extra/pCube1302.uasset" 4300
"/Game/__ExternalActors__/Levels/TestScene/6/23/JVTXVVJE9VO5B3T1VP6NP8" 4301
"../../../../../../Users/mikel/Downloads/Paranoia/Content/__ExternalActors__/Levels/TestScene/6/23/JVTXVVJE9VO5B3T1VP6NP8.uasset" 4302
"/Game/__ExternalActors__/Levels/TestScene/6/TA/QYX74F22R0GZPAZ31E8BRT" 4303
"../../../../../../Users/mikel/Downloads/Paranoia/Content/__ExternalActors__/Levels/TestScene/6/TA/QYX74F22R0GZPAZ31E8BRT.uasset" 4304
"/Game/__ExternalActors__/Levels/TestScene/7/AV/C9C8RJ4J68L4K74B82I38N" 4305
"../../../../../../Users/mikel/Downloads/Paranoia/Content/__ExternalActors__/Levels/TestScene/7/AV/C9C8RJ4J68L4K74B82I38N.uasset" 4306
"../../../../../../Users/mikel/Downloads/Paranoia/Content/NatesWork/Extra/pCube1273.uasset" 4307
"/Game/__ExternalActors__/Levels/TestScene/7/CS/LD50WV2F0WLEX7B9EIGIE6" 4308
"../../../../../../Users/mikel/Downloads/Paranoia/Content/__ExternalActors__/Levels/TestScene/7/CS/LD50WV2F0WLEX7B9EIGIE6.uasset" 4309
"/Game/__ExternalActors__/Levels/TestScene/7/DN/ZOMUPXZO6ZZ3WYKWMIOB89" 4310
"../../../../../../Users/mikel/Downloads/Paranoia/Content/__ExternalActors__/Levels/TestScene/7/DN/ZOMUPXZO6ZZ3WYKWMIOB89.uasset" 4311
"../../../../../../Users/mikel/Downloads/Paranoia/Content/NatesWork/Extra/pCube1323.uasset" 4312
"/Game/__ExternalActors__/Levels/TestScene/7/KG/F14Q5CL0JK2USAUEKTRVMU" 4313
"../../../../../../Users/mikel/Downloads/Paranoia/Content/__ExternalActors__/Levels/TestScene/7/KG/F14Q5CL0JK2USAUEKTRVMU.uasset" 4314
"../../../../../../Users/mikel/Downloads/Paranoia/Content/NatesWork/Extra/pCube1283.uasset" 4315
"/Game/__ExternalActors__/Levels/TestScene/7/YM/W7K1TA0KY8EDJXCI1BSLKU" 4316
"../../../../../../Users/mikel/Downloads/Paranoia/Content/__ExternalActors__/Levels/TestScene/7/YM/W7K1TA0KY8EDJXCI1BSLKU.uasset" 4317
"../../../../../../Users/mikel/Downloads/Paranoia/Content/NatesWork/Vegetation/Bush/Models/DeadBush_FoliageType.uasset" 4318
"../../../../../../Users/mikel/Downloads/Paranoia/Content/NatesWork/Vegetation/Rocks/RockGRP_FoliageType.uasset" 4319
"../../../../../../Users/mikel/Downloads/Paranoia/Content/NatesWork/Vegetation/Bush/Models/DeadBush.uasset" 4320
"../../../../../../Users/mikel/Downloads/Paranoia/Content/NatesWork/Vegetation/Rocks/RockGRP.uasset" 4321
"../../../../../../Users/mikel/Downloads/Paranoia/Content/NatesWork/Vegetation/Bush/Materials/DeadBushMAT.uasset" 4322
"../../../../../../Users/mikel/Downloads/Paranoia/Content/NatesWork/Vegetation/Rocks/Materials/RocksMAT.uasset" 4323
"../../../../../../Users/mikel/Downloads/Paranoia/Content/NatesWork/Vegetation/Bush/Textures/DeadBush/Pixelated_Base_color.uasset" 4324
"../../../../../../Users/mikel/Downloads/Paranoia/Content/NatesWork/Vegetation/Bush/Textures/DeadBush/Pixelated_Height.uasset" 4325
"../../../../../../Users/mikel/Downloads/Paranoia/Content/NatesWork/Vegetation/Bush/Textures/DeadBush/Pixelated_Normal_DirectX.uasset" 4326
"../../../../../../Users/mikel/Downloads/Paranoia/Content/NatesWork/Vegetation/Bush/Textures/DeadBush/Pixelated_Roughness.uasset" 4327
"../../../../../../Users/mikel/Downloads/Paranoia/Content/NatesWork/Vegetation/Rocks/Textures/RockGRP_standardSurface4_BaseColor.uasset" 4328
"../../../../../../Users/mikel/Downloads/Paranoia/Content/NatesWork/Vegetation/Rocks/Textures/RockGRP_standardSurface4_Height.uasset" 4329
"../../../../../../Users/mikel/Downloads/Paranoia/Content/NatesWork/Vegetation/Rocks/Textures/RockGRP_standardSurface4_Metallic.uasset" 4330
"../../../../../../Users/mikel/Downloads/Paranoia/Content/NatesWork/Vegetation/Rocks/Textures/RockGRP_standardSurface4_Normal.uasset" 4331
"../../../../../../Users/mikel/Downloads/Paranoia/Content/NatesWork/Vegetation/Rocks/Textures/RockGRP_standardSurface4_Roughness.uasset" 4332
"/Game/__ExternalActors__/Levels/TestScene/8/DM/JA58PD4BBMY4M5LZ4VW5W5" 4333
"../../../../../../Users/mikel/Downloads/Paranoia/Content/__ExternalActors__/Levels/TestScene/8/DM/JA58PD4BBMY4M5LZ4VW5W5.uasset" 4334
"../../../../../../Users/mikel/Downloads/Paranoia/Content/NatesWork/Extra/pCube1272.uasset" 4335
"/Game/__ExternalActors__/Levels/TestScene/8/FB/RB78DM5OB2P6P3DS4PHTEB" 4336
"../../../../../../Users/mikel/Downloads/Paranoia/Content/__ExternalActors__/Levels/TestScene/8/FB/RB78DM5OB2P6P3DS4PHTEB.uasset" 4337
"../../../../../../Users/mikel/Downloads/Paranoia/Content/NatesWork/Extra/pCube1262.uasset" 4338
"/Game/__ExternalActors__/Levels/TestScene/9/6Y/WSTEKA63YH33M7TMKZXLDT" 4339
"../../../../../../Users/mikel/Downloads/Paranoia/Content/__ExternalActors__/Levels/TestScene/9/6Y/WSTEKA63YH33M7TMKZXLDT.uasset" 4340
"../../../../../../Users/mikel/Downloads/Paranoia/Content/NatesWork/Extra/pCube1303.uasset" 4341
"/Game/__ExternalActors__/Levels/TestScene/9/BG/4ZM1QYUQFHBJQ29K3ZX3OD" 4342
"../../../../../../Users/mikel/Downloads/Paranoia/Content/__ExternalActors__/Levels/TestScene/9/BG/4ZM1QYUQFHBJQ29K3ZX3OD.uasset" 4343
"../../../../../../Users/mikel/Downloads/Paranoia/Content/NatesWork/Extra/pCube1312.uasset" 4344
"/Game/__ExternalActors__/Levels/TestScene/A/1N/FR9LTIQKUXL0ZPGZ3NMOIP" 4345
"../../../../../../Users/mikel/Downloads/Paranoia/Content/__ExternalActors__/Levels/TestScene/A/1N/FR9LTIQKUXL0ZPGZ3NMOIP.uasset" 4346
"../../../../../../Users/mikel/Downloads/Paranoia/Content/NatesWork/Extra/pCube1193.uasset" 4347
"/Game/__ExternalActors__/Levels/TestScene/A/6G/0HRDN2M3DZTQUTYBP6MO2X" 4348
"../../../../../../Users/mikel/Downloads/Paranoia/Content/__ExternalActors__/Levels/TestScene/A/6G/0HRDN2M3DZTQUTYBP6MO2X.uasset" 4349
"../../../../../../Users/mikel/Downloads/Paranoia/Content/NatesWork/Extra/pCube1282.uasset" 4350
"/Game/__ExternalActors__/Levels/TestScene/A/HB/KZZ7XD79TDR8GXM1354A05" 4351
"../../../../../../Users/mikel/Downloads/Paranoia/Content/__ExternalActors__/Levels/TestScene/A/HB/KZZ7XD79TDR8GXM1354A05.uasset" 4352
"/Game/__ExternalActors__/Levels/TestScene/A/N1/I1L3GONLA5JCHAVDMCDLXE" 4353
"../../../../../../Users/mikel/Downloads/Paranoia/Content/__ExternalActors__/Levels/TestScene/A/N1/I1L3GONLA5JCHAVDMCDLXE.uasset" 4354
"/Game/__ExternalActors__/Levels/TestScene/A/WO/6VWPZEMIZP32GFROZJ2ELW" 4355
"../../../../../../Users/mikel/Downloads/Paranoia/Content/__ExternalActors__/Levels/TestScene/A/WO/6VWPZEMIZP32GFROZJ2ELW.uasset" 4356
"../../../../../../Users/mikel/Downloads/Paranoia/Content/NatesWork/Extra/pCube1322.uasset" 4357
"/Game/__ExternalActors__/Levels/TestScene/B/1Y/2HCBBYTHDC3ZGXHHL894KQ" 4358
"../../../../../../Users/mikel/Downloads/Paranoia/Content/__ExternalActors__/Levels/TestScene/B/1Y/2HCBBYTHDC3ZGXHHL894KQ.uasset" 4359
"/Game/__ExternalActors__/Levels/TestScene/B/5W/QCCPMR6C133CZYV6WWQHZH" 4360
"../../../../../../Users/mikel/Downloads/Paranoia/Content/__ExternalActors__/Levels/TestScene/B/5W/QCCPMR6C133CZYV6WWQHZH.uasset" 4361
"/Game/__ExternalActors__/Levels/TestScene/B/YQ/7G3W8RESFAV4HDJ3197NAS" 4362
"../../../../../../Users/mikel/Downloads/Paranoia/Content/__ExternalActors__/Levels/TestScene/B/YQ/7G3W8RESFAV4HDJ3197NAS.uasset" 4363
"/Game/__ExternalActors__/Levels/TestScene/C/IC/JWBHP8YPV6IXQD6Y5FFKG2" 4364
"../../../../../../Users/mikel/Downloads/Paranoia/Content/__ExternalActors__/Levels/TestScene/C/IC/JWBHP8YPV6IXQD6Y5FFKG2.uasset" 4365
"/Game/__ExternalActors__/Levels/TestScene/C/Z7/2189MJH680DA12XWK2GBRY" 4366
"../../../../../../Users/mikel/Downloads/Paranoia/Content/__ExternalActors__/Levels/TestScene/C/Z7/2189MJH680DA12XWK2GBRY.uasset" 4367
"../../../../../../Users/mikel/Downloads/Paranoia/Content/NatesWork/Extra/pCube1292.uasset" 4368
"/Game/__ExternalActors__/Levels/TestScene/D/5H/PG5VQOFN9I4PTFLB1TNBYP" 4369
"../../../../../../Users/mikel/Downloads/Paranoia/Content/__ExternalActors__/Levels/TestScene/D/5H/PG5VQOFN9I4PTFLB1TNBYP.uasset" 4370
"/Game/__ExternalActors__/Levels/TestScene/D/B5/DL1QZKKZEU6MHVSIUAGR83" 4371
"../../../../../../Users/mikel/Downloads/Paranoia/Content/__ExternalActors__/Levels/TestScene/D/B5/DL1QZKKZEU6MHVSIUAGR83.uasset" 4372
"../../../../../../Users/mikel/Downloads/Paranoia/Content/NatesWork/Extra/pCube1232.uasset" 4373
"/Game/__ExternalActors__/Levels/TestScene/E/M1/0BK8BN5FSREZNDCI1GLBCF" 4374
"../../../../../../Users/mikel/Downloads/Paranoia/Content/__ExternalActors__/Levels/TestScene/E/M1/0BK8BN5FSREZNDCI1GLBCF.uasset" 4375
"../../../../../../Users/mikel/Downloads/Paranoia/Content/NatesWork/Extra/pCube1263.uasset" 4376
"/Game/__ExternalActors__/Levels/TestScene/E/RX/0O4PV096GDVRVA70HHHXV3" 4377
"../../../../../../Users/mikel/Downloads/Paranoia/Content/__ExternalActors__/Levels/TestScene/E/RX/0O4PV096GDVRVA70HHHXV3.uasset" 4378
"../../../../../../Users/mikel/Downloads/Paranoia/Content/NatesWork/Extra/pCube1293.uasset" 4379
"/Game/__ExternalActors__/Levels/TestScene/0/TM/W4915GGFVW6AU5F9F9TU16" 4380
"../../../../../../Users/mikel/Downloads/Paranoia/Content/__ExternalActors__/Levels/TestScene/0/TM/W4915GGFVW6AU5F9F9TU16.uasset" 4381
"/Game/__ExternalActors__/Levels/TestScene/0/QV/6YTKYQ7WAISVE73X0FZLP0" 4382
"../../../../../../Users/mikel/Downloads/Paranoia/Content/__ExternalActors__/Levels/TestScene/0/QV/6YTKYQ7WAISVE73X0FZLP0.uasset" 4383
"/Game/__ExternalActors__/Levels/TestScene/A/EM/58GG0VCUZNCWUQ8M2P8GOT" 4384
"../../../../../../Users/mikel/Downloads/Paranoia/Content/__ExternalActors__/Levels/TestScene/A/EM/58GG0VCUZNCWUQ8M2P8GOT.uasset" 4385
"/Game/__ExternalActors__/Levels/TestScene/0/DY/J1D2VPSZO23D8WIBYL9GQO" 4386
"../../../../../../Users/mikel/Downloads/Paranoia/Content/__ExternalActors__/Levels/TestScene/0/DY/J1D2VPSZO23D8WIBYL9GQO.uasset" 4387
"/Game/__ExternalActors__/Levels/TestScene/2/NM/XZFDXRDLFNPMMNGNZWFBR2" 4388
"../../../../../../Users/mikel/Downloads/Paranoia/Content/__ExternalActors__/Levels/TestScene/2/NM/XZFDXRDLFNPMMNGNZWFBR2.uasset" 4389
"/Game/__ExternalActors__/Levels/TestScene/8/WM/1MX0LQ5RO0FJZF7SCA8G57" 4390
"../../../../../../Users/mikel/Downloads/Paranoia/Content/__ExternalActors__/Levels/TestScene/8/WM/1MX0LQ5RO0FJZF7SCA8G57.uasset" 4391
"/InterchangeAssets/gltf/M_SpecularGlossiness" 4392
"/InterchangeAssets/gltf/MaterialBodies/MF_Unlit_Body" 4393
"/Water/Icons/WaterBodyLakeSprite" 4394
"../../Plugins/Experimental/Water/Content/Icons/WaterBodyLakeSprite.uasset" 4395
"/Engine/EngineMaterials/LineSetComponentMaterial" 4396
"../../../Engine/Content/EngineMaterials/LineSetComponentMaterial.uasset" 4397
"../../../Engine/Content/Functions/Engine_MaterialFunctions02/Math/ProjectVectorOntoPlane.uasset" 4398
"/InterchangeAssets/gltf/M_Unlit" 4399
"/ControlRig/Controls/ControlRig_Arrow_1mm" 4400
"/Game/__ExternalActors__/Levels/TestScene/E/CO/0YFRAV6CGP4R61MITEJNBY" 4401
"../../../../../../Users/mikel/Downloads/Paranoia/Content/__ExternalActors__/Levels/TestScene/E/CO/0YFRAV6CGP4R61MITEJNBY.uasset" 4402
"/Game/__ExternalActors__/Levels/TestScene/B/X1/G8G6N9147DIB387W5YRD3G" 4403
"../../../../../../Users/mikel/Downloads/Paranoia/Content/__ExternalActors__/Levels/TestScene/B/X1/G8G6N9147DIB387W5YRD3G.uasset" 4404
"../../../../../../Users/mikel/Downloads/Paranoia/Content/NatesWork/Vegetation/Grass/Models/DeadLongGrass_FoliageType.uasset" 4405
"../../../../../../Users/mikel/Downloads/Paranoia/Content/NatesWork/Vegetation/Grass/Models/DeadLongGrass.uasset" 4406
"../../../../../../Users/mikel/Downloads/Paranoia/Content/NatesWork/Vegetation/Grass/Materials/DeadLongGrass.uasset" 4407
"../../../../../../Users/mikel/Downloads/Paranoia/Content/NatesWork/Vegetation/Grass/Textures/Pixelated_Base_color.uasset" 4408
"../../../../../../Users/mikel/Downloads/Paranoia/Content/NatesWork/Vegetation/Grass/Textures/Pixelated_Height.uasset" 4409
"../../../../../../Users/mikel/Downloads/Paranoia/Content/NatesWork/Vegetation/Grass/Textures/Pixelated_Normal_DirectX.uasset" 4410
"../../../../../../Users/mikel/Downloads/Paranoia/Content/NatesWork/Vegetation/Grass/Textures/Pixelated_Roughness.uasset" 4411
"/Game/__ExternalActors__/Levels/TestScene/A/ZK/N3O88269EZ7C21QXX5BD5Q" 4412
"../../../../../../Users/mikel/Downloads/Paranoia/Content/__ExternalActors__/Levels/TestScene/A/ZK/N3O88269EZ7C21QXX5BD5Q.uasset" 4413
"/Game/__ExternalActors__/Levels/TestScene/B/SE/TBRER1379SJSTXZAT15SNK" 4414
"../../../../../../Users/mikel/Downloads/Paranoia/Content/__ExternalActors__/Levels/TestScene/B/SE/TBRER1379SJSTXZAT15SNK.uasset" 4415
"/Game/__ExternalActors__/Levels/TestScene/A/5C/W565BNJW626QY5ZMRPS16Q" 4416
"../../../../../../Users/mikel/Downloads/Paranoia/Content/__ExternalActors__/Levels/TestScene/A/5C/W565BNJW626QY5ZMRPS16Q.uasset" 4417
"/Game/__ExternalActors__/Levels/TestScene/C/LS/KWG6MJO3Y86OV7L3BXM39H" 4418
"../../../../../../Users/mikel/Downloads/Paranoia/Content/__ExternalActors__/Levels/TestScene/C/LS/KWG6MJO3Y86OV7L3BXM39H.uasset" 4419
"/Game/__ExternalActors__/Levels/TestScene/8/VZ/ZGXIJIX3VVOJX1YW7C10OY" 4420
"../../../../../../Users/mikel/Downloads/Paranoia/Content/__ExternalActors__/Levels/TestScene/8/VZ/ZGXIJIX3VVOJX1YW7C10OY.uasset" 4421
"/Game/__ExternalActors__/Levels/TestScene/A/FC/UC2J22ZCCP2U0XJOLOLB41" 4422
"../../../../../../Users/mikel/Downloads/Paranoia/Content/__ExternalActors__/Levels/TestScene/A/FC/UC2J22ZCCP2U0XJOLOLB41.uasset" 4423
"/Game/__ExternalActors__/Levels/TestScene/E/4F/PPAG5VCK7ULZSLOS92XOLB" 4424
"../../../../../../Users/mikel/Downloads/Paranoia/Content/__ExternalActors__/Levels/TestScene/E/4F/PPAG5VCK7ULZSLOS92XOLB.uasset" 4425
"/Game/__ExternalActors__/Levels/TestScene/E/WQ/1C8YK3JFH508XWFE1K1JSS" 4426
"../../../../../../Users/mikel/Downloads/Paranoia/Content/__ExternalActors__/Levels/TestScene/E/WQ/1C8YK3JFH508XWFE1K1JSS.uasset" 4427
"/Game/__ExternalActors__/Levels/TestScene/8/T7/QJDCB2ATQL8ON3C5BR4KMZ" 4428
"../../../../../../Users/mikel/Downloads/Paranoia/Content/__ExternalActors__/Levels/TestScene/8/T7/QJDCB2ATQL8ON3C5BR4KMZ.uasset" 4429
"/Game/__ExternalActors__/Levels/TestScene/D/UQ/9PRBN32USHPSJO4JRCHTIZ" 4430
"../../../../../../Users/mikel/Downloads/Paranoia/Content/__ExternalActors__/Levels/TestScene/D/UQ/9PRBN32USHPSJO4JRCHTIZ.uasset" 4431
"/Game/__ExternalActors__/Levels/TestScene/7/PA/D9A28XUTYC75V6E1H26KNW" 4432
"../../../../../../Users/mikel/Downloads/Paranoia/Content/__ExternalActors__/Levels/TestScene/7/PA/D9A28XUTYC75V6E1H26KNW.uasset" 4433
"/Game/__ExternalActors__/Levels/TestScene/B/88/P6GCBBP5UJS8WSBE9LXIHA" 4434
"../../../../../../Users/mikel/Downloads/Paranoia/Content/__ExternalActors__/Levels/TestScene/B/88/P6GCBBP5UJS8WSBE9LXIHA.uasset" 4435
"/Game/__ExternalActors__/Levels/TestScene/6/6R/C14X2QKRTNMFIFDCHXTT50" 4436
"../../../../../../Users/mikel/Downloads/Paranoia/Content/__ExternalActors__/Levels/TestScene/6/6R/C14X2QKRTNMFIFDCHXTT50.uasset" 4437
"/Game/__ExternalActors__/Levels/TestScene/B/2H/JTNBM1YOJDEJAGXKRIAR1H" 4438
"../../../../../../Users/mikel/Downloads/Paranoia/Content/__ExternalActors__/Levels/TestScene/B/2H/JTNBM1YOJDEJAGXKRIAR1H.uasset" 4439
"/Game/__ExternalActors__/Levels/TestScene/C/XL/4RSZ5BEM4TNLWI7PBQL8SR" 4440
"../../../../../../Users/mikel/Downloads/Paranoia/Content/__ExternalActors__/Levels/TestScene/C/XL/4RSZ5BEM4TNLWI7PBQL8SR.uasset" 4441
"/Game/__ExternalActors__/Levels/TestScene/E/NA/ATVEOMMR96UVTXVOPJJW20" 4442
"../../../../../../Users/mikel/Downloads/Paranoia/Content/__ExternalActors__/Levels/TestScene/E/NA/ATVEOMMR96UVTXVOPJJW20.uasset" 4443
"/Game/__ExternalActors__/Levels/TestScene/5/PD/EHXPWUECON71D6AXJDGR11" 4444
"../../../../../../Users/mikel/Downloads/Paranoia/Content/__ExternalActors__/Levels/TestScene/5/PD/EHXPWUECON71D6AXJDGR11.uasset" 4445
"/Game/__ExternalActors__/Levels/TestScene/D/OP/NEWQVGI90TIUWG4FFOKYK2" 4446
"../../../../../../Users/mikel/Downloads/Paranoia/Content/__ExternalActors__/Levels/TestScene/D/OP/NEWQVGI90TIUWG4FFOKYK2.uasset" 4447
"/Game/__ExternalActors__/Levels/TestScene/4/YR/T0KEE5SHP754CAUZZOPQFC" 4448
"../../../../../../Users/mikel/Downloads/Paranoia/Content/__ExternalActors__/Levels/TestScene/4/YR/T0KEE5SHP754CAUZZOPQFC.uasset" 4449
"/Game/__ExternalActors__/Levels/TestScene/4/UI/EM0ZG865T7VSJJSZTGMG2I" 4450
"../../../../../../Users/mikel/Downloads/Paranoia/Content/__ExternalActors__/Levels/TestScene/4/UI/EM0ZG865T7VSJJSZTGMG2I.uasset" 4451
"/Game/__ExternalActors__/Levels/TestScene/5/K9/TGOVG1FT29CETGAXY4V5XX" 4452
"../../../../../../Users/mikel/Downloads/Paranoia/Content/__ExternalActors__/Levels/TestScene/5/K9/TGOVG1FT29CETGAXY4V5XX.uasset" 4453
"/Game/__ExternalActors__/Levels/TestScene/7/AF/E3RXHVBVJX4YXNYM2RX6KZ" 4454
"../../../../../../Users/mikel/Downloads/Paranoia/Content/__ExternalActors__/Levels/TestScene/7/AF/E3RXHVBVJX4YXNYM2RX6KZ.uasset" 4455
"/Game/__ExternalActors__/Levels/TestScene/A/S9/13SR03H5LITLBWL2TLU4BT" 4456
"../../../../../../Users/mikel/Downloads/Paranoia/Content/__ExternalActors__/Levels/TestScene/A/S9/13SR03H5LITLBWL2TLU4BT.uasset" 4457
"/Game/__ExternalActors__/Levels/TestScene/A/TO/63H00GSKSUTOG234T172OV" 4458
"../../../../../../Users/mikel/Downloads/Paranoia/Content/__ExternalActors__/Levels/TestScene/A/TO/63H00GSKSUTOG234T172OV.uasset" 4459
"/Game/__ExternalActors__/Levels/TestScene/B/7G/9ISNNL70F6HC34XGTH6XYN" 4460
"../../../../../../Users/mikel/Downloads/Paranoia/Content/__ExternalActors__/Levels/TestScene/B/7G/9ISNNL70F6HC34XGTH6XYN.uasset" 4461
"/Game/__ExternalActors__/Levels/TestScene/4/5R/7V6BBX9XVPOG26T2OB9HVY" 4462
"../../../../../../Users/mikel/Downloads/Paranoia/Content/__ExternalActors__/Levels/TestScene/4/5R/7V6BBX9XVPOG26T2OB9HVY.uasset" 4463
"/Game/__ExternalActors__/Levels/TestScene/E/IC/4EY2CVOQBN9QI232GZBUI8" 4464
"../../../../../../Users/mikel/Downloads/Paranoia/Content/__ExternalActors__/Levels/TestScene/E/IC/4EY2CVOQBN9QI232GZBUI8.uasset" 4465
"/Game/__ExternalActors__/Levels/TestScene/3/VX/E36M4M96OKAPOAZ5O9FNM2" 4466
"../../../../../../Users/mikel/Downloads/Paranoia/Content/__ExternalActors__/Levels/TestScene/3/VX/E36M4M96OKAPOAZ5O9FNM2.uasset" 4467
"/Game/__ExternalActors__/Levels/TestScene/3/EK/LJS1IOX9TT95FH93HBLK01" 4468
"../../../../../../Users/mikel/Downloads/Paranoia/Content/__ExternalActors__/Levels/TestScene/3/EK/LJS1IOX9TT95FH93HBLK01.uasset" 4469
"/Game/__ExternalActors__/Levels/TestScene/B/UE/624WBXSQQR70DQL5D575UB" 4470
"../../../../../../Users/mikel/Downloads/Paranoia/Content/__ExternalActors__/Levels/TestScene/B/UE/624WBXSQQR70DQL5D575UB.uasset" 4471
"/Game/__ExternalActors__/Levels/TestScene/3/33/PKZWR44AG2HJWEVQ9UEI32" 4472
"../../../../../../Users/mikel/Downloads/Paranoia/Content/__ExternalActors__/Levels/TestScene/3/33/PKZWR44AG2HJWEVQ9UEI32.uasset" 4473
"/Game/__ExternalActors__/Levels/TestScene/7/D1/CCHF33F0KN3BW7F06S9NRC" 4474
"../../../../../../Users/mikel/Downloads/Paranoia/Content/__ExternalActors__/Levels/TestScene/7/D1/CCHF33F0KN3BW7F06S9NRC.uasset" 4475
"/ControlRig/Controls/ControlRig_Arrow4_solid" 4476
"/ControlRig/Controls/ControlRig_Arrow4_3mm" 4477
"/ControlRig/Controls/ControlRig_Arrow4_1mm" 4478
"/ControlRig/Controls/ControlRig_Arrow2_solid" 4479
"/ControlRig/Controls/ControlRig_Arrow2_3mm" 4480
"/Game/__ExternalActors__/Levels/TestScene/0/70/T6KU9G8OZP6055P5ZK89FR" 4481
"../../../../../../Users/mikel/Downloads/Paranoia/Content/__ExternalActors__/Levels/TestScene/0/70/T6KU9G8OZP6055P5ZK89FR.uasset" 4482
"/Game/__ExternalActors__/Levels/TestScene/0/YG/8LV91HX7ECZ39AOJSPSYMF" 4483
"../../../../../../Users/mikel/Downloads/Paranoia/Content/__ExternalActors__/Levels/TestScene/0/YG/8LV91HX7ECZ39AOJSPSYMF.uasset" 4484
"../../../Engine/Plugins/Animation/ControlRig/Content/Controls/ControlRig_RoundedSquare_3mm.uasset" 4485
"../../../Engine/Plugins/Animation/ControlRig/Content/Controls/ControlRig_RoundedTriangle_solid.uasset" 4486
"../../../Engine/Plugins/Animation/ControlRig/Content/Controls/ControlRig_RoundedTriangle_1mm.uasset" 4487
"../../../Engine/Plugins/Animation/ControlRig/Content/Controls/ControlRig_RoundedTriangle_3mm.uasset" 4488
"../../../Engine/Plugins/Animation/ControlRig/Content/Controls/ControlRig_RoundedSquare_1mm.uasset" 4489
"../../../Engine/Plugins/Animation/ControlRig/Content/Controls/ControlRig_RoundedSquare_solid.uasset" 4490
"../../../Engine/Plugins/Animation/ControlRig/Content/Controls/ControlRig_Sphere_1mm.uasset" 4491
"/Game/__ExternalActors__/Levels/TestScene/A/SQ/72JZSS5E7R7Q3IY6N19YOU" 4492
"../../../../../../Users/mikel/Downloads/Paranoia/Content/__ExternalActors__/Levels/TestScene/A/SQ/72JZSS5E7R7Q3IY6N19YOU.uasset" 4493
"/Game/__ExternalActors__/Levels/TestScene/E/7S/U58IJF865N3OFLOQ6WEK4E" 4494
"../../../../../../Users/mikel/Downloads/Paranoia/Content/__ExternalActors__/Levels/TestScene/E/7S/U58IJF865N3OFLOQ6WEK4E.uasset" 4495
"/Game/__ExternalActors__/Levels/TestScene/0/DP/D6PEFK2BES03Q3Z4RIZC94" 4496
"../../../../../../Users/mikel/Downloads/Paranoia/Content/__ExternalActors__/Levels/TestScene/0/DP/D6PEFK2BES03Q3Z4RIZC94.uasset" 4497
"../../../../../../Users/mikel/Downloads/Paranoia/Content/NatesWork/Extra/pCube1231.uasset" 4498
"/Game/__ExternalActors__/Levels/TestScene/0/TM/LYFIUYRTU1D515AXBD01ZY" 4499
"../../../../../../Users/mikel/Downloads/Paranoia/Content/__ExternalActors__/Levels/TestScene/0/TM/LYFIUYRTU1D515AXBD01ZY.uasset" 4500
"/Game/__ExternalActors__/Levels/TestScene/0/UQ/06V0J7XNNXWV44OC3YAZAI" 4501
"../../../../../../Users/mikel/Downloads/Paranoia/Content/__ExternalActors__/Levels/TestScene/0/UQ/06V0J7XNNXWV44OC3YAZAI.uasset" 4502
"/Game/__ExternalActors__/Levels/TestScene/0/VX/JABCUJQ12RQF1AOZT4W8IW" 4503
"../../../../../../Users/mikel/Downloads/Paranoia/Content/__ExternalActors__/Levels/TestScene/0/VX/JABCUJQ12RQF1AOZT4W8IW.uasset" 4504
"../../../../../../Users/mikel/Downloads/Paranoia/Content/NatesWork/Extra/pCube147.uasset" 4505
"/Game/__ExternalActors__/Levels/TestScene/0/W5/8L0W2YBFPO198J3WY1YC3R" 4506
"../../../../../../Users/mikel/Downloads/Paranoia/Content/__ExternalActors__/Levels/TestScene/0/W5/8L0W2YBFPO198J3WY1YC3R.uasset" 4507
"../../../../../../Users/mikel/Downloads/Paranoia/Content/NatesWork/Extra/pCube154.uasset" 4508
"/Game/__ExternalActors__/Levels/TestScene/1/0B/EFCS1EOV3ER90GWZI2H0JM" 4509
"../../../../../../Users/mikel/Downloads/Paranoia/Content/__ExternalActors__/Levels/TestScene/1/0B/EFCS1EOV3ER90GWZI2H0JM.uasset" 4510
"/Game/__ExternalActors__/Levels/TestScene/1/1S/TR9G22QF7FDZCGF69ROJ4D" 4511
"../../../../../../Users/mikel/Downloads/Paranoia/Content/__ExternalActors__/Levels/TestScene/1/1S/TR9G22QF7FDZCGF69ROJ4D.uasset" 4512
"../../../../../../Users/mikel/Downloads/Paranoia/Content/Bryans-Models/Models/Mats/Inside_Walls_Textures/Inside_Walls.uasset" 4513
"../../../../../../Users/mikel/Downloads/Paranoia/Content/Bryans-Models/Models/Mats/Outside_Walls_Textures/Outside_Walls.uasset" 4514
"../../../../../../Users/mikel/Downloads/Paranoia/Content/Bryans-Models/Models/House/First_Floor.uasset" 4515
"../../../../../../Users/mikel/Downloads/Paranoia/Content/Bryans-Models/Models/Mats/Inside_Walls_Textures/Indoor_Walls_First_Floor_Mat_BaseColor.uasset" 4516
"../../../../../../Users/mikel/Downloads/Paranoia/Content/Bryans-Models/Models/Mats/Inside_Walls_Textures/Indoor_Walls_First_Floor_Mat_Normal.uasset" 4517
"../../../../../../Users/mikel/Downloads/Paranoia/Content/Bryans-Models/Models/Mats/Inside_Walls_Textures/Indoor_Walls_First_Floor_Mat_OcclusionRoughnessMetallic.uasset" 4518
"../../../../../../Users/mikel/Downloads/Paranoia/Content/Bryans-Models/Models/Mats/Outside_Walls_Textures/Outside_Walls_Outside_Walls_BaseColor.uasset" 4519
"../../../../../../Users/mikel/Downloads/Paranoia/Content/Bryans-Models/Models/Mats/Outside_Walls_Textures/Outside_Walls_Outside_Walls_Normal.uasset" 4520
"../../../../../../Users/mikel/Downloads/Paranoia/Content/Bryans-Models/Models/Mats/Outside_Walls_Textures/Outside_Walls_Outside_Walls_OcclusionRoughnessMetallic.uasset" 4521
"../../../../../../Users/mikel/Downloads/Paranoia/Content/Bryans-Models/Models/Mats/Outside_Walls_Textures/Outside_Walls_Outside_Walls_Opacity.uasset" 4522
"/Game/__ExternalActors__/Levels/TestScene/1/33/Z0DTSZQEAFDPFNC8059LQ7" 4523
"../../../../../../Users/mikel/Downloads/Paranoia/Content/__ExternalActors__/Levels/TestScene/1/33/Z0DTSZQEAFDPFNC8059LQ7.uasset" 4524
"/Game/__ExternalActors__/Levels/TestScene/1/35/GWNHNXGG8BJN1I3R9KRMNN" 4525
"../../../../../../Users/mikel/Downloads/Paranoia/Content/__ExternalActors__/Levels/TestScene/1/35/GWNHNXGG8BJN1I3R9KRMNN.uasset" 4526
"/Game/__ExternalActors__/Levels/TestScene/1/B7/73SB4EI482ZIIBCA59QO4M" 4527
"../../../../../../Users/mikel/Downloads/Paranoia/Content/__ExternalActors__/Levels/TestScene/1/B7/73SB4EI482ZIIBCA59QO4M.uasset" 4528
"/Game/__ExternalActors__/Levels/TestScene/1/BC/93B2P2S0CF0AKD3NN0WFUO" 4529
"../../../../../../Users/mikel/Downloads/Paranoia/Content/__ExternalActors__/Levels/TestScene/1/BC/93B2P2S0CF0AKD3NN0WFUO.uasset" 4530
"/Game/__ExternalActors__/Levels/TestScene/1/FN/7DVNOEN5SL12TI50ERJRW6" 4531
"../../../../../../Users/mikel/Downloads/Paranoia/Content/__ExternalActors__/Levels/TestScene/1/FN/7DVNOEN5SL12TI50ERJRW6.uasset" 4532
"/Game/__ExternalActors__/Levels/TestScene/1/HR/V5FM76CAMBSM4APCYABBLG" 4533
"../../../../../../Users/mikel/Downloads/Paranoia/Content/__ExternalActors__/Levels/TestScene/1/HR/V5FM76CAMBSM4APCYABBLG.uasset" 4534
"../../../../../../Users/mikel/Downloads/Paranoia/Content/NatesWork/Extra/pCube162.uasset" 4535
"/Game/__ExternalActors__/Levels/TestScene/1/N0/GDK85NO4VY20Y4OHIJFXHZ" 4536
"../../../../../../Users/mikel/Downloads/Paranoia/Content/__ExternalActors__/Levels/TestScene/1/N0/GDK85NO4VY20Y4OHIJFXHZ.uasset" 4537
"/Game/__ExternalActors__/Levels/TestScene/1/N2/AXQCLVXTBVDH9LZMXMO3VX" 4538
"../../../../../../Users/mikel/Downloads/Paranoia/Content/__ExternalActors__/Levels/TestScene/1/N2/AXQCLVXTBVDH9LZMXMO3VX.uasset" 4539
"../../../../../../Users/mikel/Downloads/Paranoia/Content/Bryans-Models/Models/House/Roof-Walls.uasset" 4540
"../../../../../../Users/mikel/Downloads/Paranoia/Content/Bryans-Models/Models/Mats/Roof_Walls_textures/Roof-Walls.uasset" 4541
"../../../../../../Users/mikel/Downloads/Paranoia/Content/Bryans-Models/Models/Mats/Roof_Walls_textures/Roof-Walls_Roof_and_Attic_mat_BaseColor.uasset" 4542
"../../../../../../Users/mikel/Downloads/Paranoia/Content/Bryans-Models/Models/Mats/Roof_Walls_textures/Roof-Walls_Roof_and_Attic_mat_Normal.uasset" 4543
"../../../../../../Users/mikel/Downloads/Paranoia/Content/Bryans-Models/Models/Mats/Roof_Walls_textures/Roof-Walls_Roof_and_Attic_mat_OcclusionRoughnessMetallic.uasset" 4544
"../../../../../../Users/mikel/Downloads/Paranoia/Content/Bryans-Models/Models/Mats/Roof_Walls_textures/Roof-Walls_Roof_and_Attic_mat_Opacity.uasset" 4545
"/Game/__ExternalActors__/Levels/TestScene/1/YM/ALC1NE9K5JY3UK6N8298M0" 4546
"../../../../../../Users/mikel/Downloads/Paranoia/Content/__ExternalActors__/Levels/TestScene/1/YM/ALC1NE9K5JY3UK6N8298M0.uasset" 4547
"../../../../../../Users/mikel/Downloads/Paranoia/Content/NatesWork/Extra/pCube156.uasset" 4548
"/Game/__ExternalActors__/Levels/TestScene/2/2I/NPD3ALLXTD7ZDUF35OIRX1" 4549
"../../../../../../Users/mikel/Downloads/Paranoia/Content/__ExternalActors__/Levels/TestScene/2/2I/NPD3ALLXTD7ZDUF35OIRX1.uasset" 4550
"../../../../../../Users/mikel/Downloads/Paranoia/Content/Bryans-Models/Models/Mats/Glass_Mat/Glass_Mat.uasset" 4551
"../../../../../../Users/mikel/Downloads/Paranoia/Content/Bryans-Models/Models/Glass/Glass_Second_Floor.uasset" 4552
"../../../../../../Users/mikel/Downloads/Paranoia/Content/Bryans-Models/Models/Mats/Glass_Mat/Glass_First_and_Second/Glass_Mat.uasset" 4553
"../../../../../../Users/mikel/Downloads/Paranoia/Content/Bryans-Models/Models/Mats/Glass_Mat/Glass_First_and_Second/Outside_Walls_Outside_Walls_BaseColor.uasset" 4554
"../../../../../../Users/mikel/Downloads/Paranoia/Content/Bryans-Models/Models/Mats/Glass_Mat/Glass_First_and_Second/Outside_Walls_Outside_Walls_Normal.uasset" 4555
"../../../../../../Users/mikel/Downloads/Paranoia/Content/Bryans-Models/Models/Mats/Glass_Mat/Glass_First_and_Second/Outside_Walls_Outside_Walls_OcclusionRoughnessMetallic.uasset" 4556
"../../../../../../Users/mikel/Downloads/Paranoia/Content/Bryans-Models/Models/Mats/Glass_Mat/Glass_First_and_Second/Outside_Walls_Outside_Walls_Opacity.uasset" 4557
"/Game/__ExternalActors__/Levels/TestScene/2/40/FFELSM7VE5A92YDASF9OJG" 4558
"../../../../../../Users/mikel/Downloads/Paranoia/Content/__ExternalActors__/Levels/TestScene/2/40/FFELSM7VE5A92YDASF9OJG.uasset" 4559
"/Game/__ExternalActors__/Levels/TestScene/2/5J/02MGFU2HSVD5VCF5BUFBHA" 4560
"../../../../../../Users/mikel/Downloads/Paranoia/Content/__ExternalActors__/Levels/TestScene/2/5J/02MGFU2HSVD5VCF5BUFBHA.uasset" 4561
"../../../../../../Users/mikel/Downloads/Paranoia/Content/NatesWork/Extra/pCube164.uasset" 4562
"/Game/__ExternalActors__/Levels/TestScene/2/7C/8I122N2ZYZY6IX6DX58MJC" 4563
"../../../../../../Users/mikel/Downloads/Paranoia/Content/__ExternalActors__/Levels/TestScene/2/7C/8I122N2ZYZY6IX6DX58MJC.uasset" 4564
"/Game/__ExternalActors__/Levels/TestScene/2/AD/DKEFR3Q4JHEY07S69827DS" 4565
"../../../../../../Users/mikel/Downloads/Paranoia/Content/__ExternalActors__/Levels/TestScene/2/AD/DKEFR3Q4JHEY07S69827DS.uasset" 4566
"/Game/__ExternalActors__/Levels/TestScene/2/IQ/QZ7K0RNBTNYCLJHC8LJV5G" 4567
"../../../../../../Users/mikel/Downloads/Paranoia/Content/__ExternalActors__/Levels/TestScene/2/IQ/QZ7K0RNBTNYCLJHC8LJV5G.uasset" 4568
"/Game/__ExternalActors__/Levels/TestScene/2/J6/22DW4YLC9VHLR7AMBR2K80" 4569
"../../../../../../Users/mikel/Downloads/Paranoia/Content/__ExternalActors__/Levels/TestScene/2/J6/22DW4YLC9VHLR7AMBR2K80.uasset" 4570
"../../../../../../Users/mikel/Downloads/Paranoia/Content/Bryans-Models/Models/Glass/Glass_Attic.uasset" 4571
"../../../../../../Users/mikel/Downloads/Paranoia/Content/Bryans-Models/Models/Mats/Glass_Mat/Glass-Attic/Glass-Attic.uasset" 4572
"../../../../../../Users/mikel/Downloads/Paranoia/Content/Bryans-Models/Models/Mats/Glass_Mat/Glass-Attic/Roof-Walls_Roof_and_Attic_mat_BaseColor.uasset" 4573
"../../../../../../Users/mikel/Downloads/Paranoia/Content/Bryans-Models/Models/Mats/Glass_Mat/Glass-Attic/Roof-Walls_Roof_and_Attic_mat_Normal.uasset" 4574
"../../../../../../Users/mikel/Downloads/Paranoia/Content/Bryans-Models/Models/Mats/Glass_Mat/Glass-Attic/Roof-Walls_Roof_and_Attic_mat_OcclusionRoughnessMetallic.uasset" 4575
"../../../../../../Users/mikel/Downloads/Paranoia/Content/Bryans-Models/Models/Mats/Glass_Mat/Glass-Attic/Roof-Walls_Roof_and_Attic_mat_Opacity.uasset" 4576
"/Game/__ExternalActors__/Levels/TestScene/2/JL/97GR0WR2MK0Y9NL1HWTOWC" 4577
"../../../../../../Users/mikel/Downloads/Paranoia/Content/__ExternalActors__/Levels/TestScene/2/JL/97GR0WR2MK0Y9NL1HWTOWC.uasset" 4578
"../../../../../../Users/mikel/Downloads/Paranoia/Content/Bryans-Models/Models/Glass/Glass_First_Floor.uasset" 4579
"/Game/__ExternalActors__/Levels/TestScene/2/P2/3J2EAFJH88R84SAOKRUVWP" 4580
"../../../../../../Users/mikel/Downloads/Paranoia/Content/__ExternalActors__/Levels/TestScene/2/P2/3J2EAFJH88R84SAOKRUVWP.uasset" 4581
"../../../../../../Users/mikel/Downloads/Paranoia/Content/NatesWork/Extra/pCube148.uasset" 4582
"/Game/__ExternalActors__/Levels/TestScene/2/P3/04MPQTFHRRT1RE4PMJWTQK" 4583
"../../../../../../Users/mikel/Downloads/Paranoia/Content/__ExternalActors__/Levels/TestScene/2/P3/04MPQTFHRRT1RE4PMJWTQK.uasset" 4584
"/Game/__ExternalActors__/Levels/TestScene/2/Q5/GJSHAZODLYFI819HKDKZXL" 4585
"../../../../../../Users/mikel/Downloads/Paranoia/Content/__ExternalActors__/Levels/TestScene/2/Q5/GJSHAZODLYFI819HKDKZXL.uasset" 4586
"../../../../../../Users/mikel/Downloads/Paranoia/Content/NatesWork/Extra/pCube127.uasset" 4587
"/Game/__ExternalActors__/Levels/TestScene/2/RR/E883DC2KOTGEXAF2CLKT7R" 4588
"../../../../../../Users/mikel/Downloads/Paranoia/Content/__ExternalActors__/Levels/TestScene/2/RR/E883DC2KOTGEXAF2CLKT7R.uasset" 4589
"../../../../../../Users/mikel/Downloads/Paranoia/Content/NatesWork/Extra/pCube158.uasset" 4590
"/Game/__ExternalActors__/Levels/TestScene/2/T7/95ZBHBLQ8OB9T01M79I0E9" 4591
"../../../../../../Users/mikel/Downloads/Paranoia/Content/__ExternalActors__/Levels/TestScene/2/T7/95ZBHBLQ8OB9T01M79I0E9.uasset" 4592
"/Game/__ExternalActors__/Levels/TestScene/2/W3/DD7PCWHNZ03Z8L3O0NJGYN" 4593
"../../../../../../Users/mikel/Downloads/Paranoia/Content/__ExternalActors__/Levels/TestScene/2/W3/DD7PCWHNZ03Z8L3O0NJGYN.uasset" 4594
"../../../../../../Users/mikel/Downloads/Paranoia/Content/NatesWork/Extra/pPlane3.uasset" 4595
"../../../../../../Users/mikel/Downloads/Paranoia/Content/NatesWork/Extra/Path.uasset" 4596
"/Game/__ExternalActors__/Levels/TestScene/3/3F/S8PO2DNNG5I1B4DXEGKE1C" 4597
"../../../../../../Users/mikel/Downloads/Paranoia/Content/__ExternalActors__/Levels/TestScene/3/3F/S8PO2DNNG5I1B4DXEGKE1C.uasset" 4598
"/Game/__ExternalActors__/Levels/TestScene/3/4Y/8IB0ZB9ETVQZQRG5JEFOB1" 4599
"../../../../../../Users/mikel/Downloads/Paranoia/Content/__ExternalActors__/Levels/TestScene/3/4Y/8IB0ZB9ETVQZQRG5JEFOB1.uasset" 4600
"/Game/__ExternalActors__/Levels/TestScene/3/56/DBEBAH249QDIQZDJCHSBUK" 4601
"../../../../../../Users/mikel/Downloads/Paranoia/Content/__ExternalActors__/Levels/TestScene/3/56/DBEBAH249QDIQZDJCHSBUK.uasset" 4602
"/Game/__ExternalActors__/Levels/TestScene/3/7B/5DRWD4X4G5A635TJFEOB78" 4603
"../../../../../../Users/mikel/Downloads/Paranoia/Content/__ExternalActors__/Levels/TestScene/3/7B/5DRWD4X4G5A635TJFEOB78.uasset" 4604
"../../../../../../Users/mikel/Downloads/Paranoia/Content/NatesWork/Extra/pCube144.uasset" 4605
"/Game/__ExternalActors__/Levels/TestScene/3/91/KW1LLREMK6BYJOXUX4T5E6" 4606
"../../../../../../Users/mikel/Downloads/Paranoia/Content/__ExternalActors__/Levels/TestScene/3/91/KW1LLREMK6BYJOXUX4T5E6.uasset" 4607
"/Game/__ExternalActors__/Levels/TestScene/3/BH/WLKTRKOY37V4QJR6E1BYUH" 4608
"../../../../../../Users/mikel/Downloads/Paranoia/Content/__ExternalActors__/Levels/TestScene/3/BH/WLKTRKOY37V4QJR6E1BYUH.uasset" 4609
"../../../../../../Users/mikel/Downloads/Paranoia/Content/NatesWork/Extra/pPlane2.uasset" 4610
"/Game/__ExternalActors__/Levels/TestScene/3/HR/TYYORK3J8BJI08TDH9XZE3" 4611
"../../../../../../Users/mikel/Downloads/Paranoia/Content/__ExternalActors__/Levels/TestScene/3/HR/TYYORK3J8BJI08TDH9XZE3.uasset" 4612
"../../../../../../Users/mikel/Downloads/Paranoia/Content/NatesWork/Extra/pCube121.uasset" 4613
"/Game/__ExternalActors__/Levels/TestScene/3/KN/IYB9WON6EFHD6IF0D509EN" 4614
"../../../../../../Users/mikel/Downloads/Paranoia/Content/__ExternalActors__/Levels/TestScene/3/KN/IYB9WON6EFHD6IF0D509EN.uasset" 4615
"/Game/__ExternalActors__/Levels/TestScene/3/PE/SB69OQPBGZDEN862Z5CIIW" 4616
"../../../../../../Users/mikel/Downloads/Paranoia/Content/__ExternalActors__/Levels/TestScene/3/PE/SB69OQPBGZDEN862Z5CIIW.uasset" 4617
"/Game/__ExternalActors__/Levels/TestScene/3/Q2/MJGD2DLN0F5GODZOJMF7MT" 4618
"../../../../../../Users/mikel/Downloads/Paranoia/Content/__ExternalActors__/Levels/TestScene/3/Q2/MJGD2DLN0F5GODZOJMF7MT.uasset" 4619
"/Game/__ExternalActors__/Levels/TestScene/3/TN/TS7GBIA2KNSMPJ6RDGKHB3" 4620
"../../../../../../Users/mikel/Downloads/Paranoia/Content/__ExternalActors__/Levels/TestScene/3/TN/TS7GBIA2KNSMPJ6RDGKHB3.uasset" 4621
"/Game/__ExternalActors__/Levels/TestScene/3/U1/N5HDZNHEX69SILEZDBTQHI" 4622
"../../../../../../Users/mikel/Downloads/Paranoia/Content/__ExternalActors__/Levels/TestScene/3/U1/N5HDZNHEX69SILEZDBTQHI.uasset" 4623
"/Game/__ExternalActors__/Levels/TestScene/3/ZR/62AI7205E579ZP07PVYMS5" 4624
"../../../../../../Users/mikel/Downloads/Paranoia/Content/__ExternalActors__/Levels/TestScene/3/ZR/62AI7205E579ZP07PVYMS5.uasset" 4625
"/Game/__ExternalActors__/Levels/TestScene/4/3L/FGRPD908H1M7SG61AYQ9P3" 4626
"../../../../../../Users/mikel/Downloads/Paranoia/Content/__ExternalActors__/Levels/TestScene/4/3L/FGRPD908H1M7SG61AYQ9P3.uasset" 4627
"/Game/__ExternalActors__/Levels/TestScene/4/53/BFH9H5SX2VU98QBQCZELZG" 4628
"../../../../../../Users/mikel/Downloads/Paranoia/Content/__ExternalActors__/Levels/TestScene/4/53/BFH9H5SX2VU98QBQCZELZG.uasset" 4629
"../../../../../../Users/mikel/Downloads/Paranoia/Content/Bryans-Models/Models/House/Second_Floor.uasset" 4630
"/Game/__ExternalActors__/Levels/TestScene/4/6T/KB5IZ2P9N94RO6VGMY7TFW" 4631
"../../../../../../Users/mikel/Downloads/Paranoia/Content/__ExternalActors__/Levels/TestScene/4/6T/KB5IZ2P9N94RO6VGMY7TFW.uasset" 4632
"../../../../../../Users/mikel/Downloads/Paranoia/Content/NatesWork/Extra/pCube166.uasset" 4633
"/Game/__ExternalActors__/Levels/TestScene/4/96/8OF4JXK8ZPLL1Y1BXSZ28T" 4634
"../../../../../../Users/mikel/Downloads/Paranoia/Content/__ExternalActors__/Levels/TestScene/4/96/8OF4JXK8ZPLL1Y1BXSZ28T.uasset" 4635
"../../../../../../Users/mikel/Downloads/Paranoia/Content/NatesWork/Extra/pCube167.uasset" 4636
"/Game/__ExternalActors__/Levels/TestScene/4/H7/XR0BI0VGAVFIX4C1WE01KT" 4637
"../../../../../../Users/mikel/Downloads/Paranoia/Content/__ExternalActors__/Levels/TestScene/4/H7/XR0BI0VGAVFIX4C1WE01KT.uasset" 4638
"/Game/__ExternalActors__/Levels/TestScene/4/JO/CDTAUB2PXFD3F2UWF9T729" 4639
"../../../../../../Users/mikel/Downloads/Paranoia/Content/__ExternalActors__/Levels/TestScene/4/JO/CDTAUB2PXFD3F2UWF9T729.uasset" 4640
"/Game/__ExternalActors__/Levels/TestScene/4/UG/5KPLNA791HKXZZSRMCNSS4" 4641
"../../../../../../Users/mikel/Downloads/Paranoia/Content/__ExternalActors__/Levels/TestScene/4/UG/5KPLNA791HKXZZSRMCNSS4.uasset" 4642
"../../../../../../Users/mikel/Downloads/Paranoia/Content/NatesWork/Extra/pCube1311.uasset" 4643
"/Game/__ExternalActors__/Levels/TestScene/4/Z4/U0WYGWRBDIIO03TAMBE9AV" 4644
"../../../../../../Users/mikel/Downloads/Paranoia/Content/__ExternalActors__/Levels/TestScene/4/Z4/U0WYGWRBDIIO03TAMBE9AV.uasset" 4645
"/Game/__ExternalActors__/Levels/TestScene/5/06/M9WALP85ASZM20A0F9IOX2" 4646
"../../../../../../Users/mikel/Downloads/Paranoia/Content/__ExternalActors__/Levels/TestScene/5/06/M9WALP85ASZM20A0F9IOX2.uasset" 4647
"../../../../../../Users/mikel/Downloads/Paranoia/Content/NatesWork/Extra/pCube1301.uasset" 4648
"/Game/__ExternalActors__/Levels/TestScene/5/0S/JQYEQ52P8KNQPC3OZGWRLW" 4649
"../../../../../../Users/mikel/Downloads/Paranoia/Content/__ExternalActors__/Levels/TestScene/5/0S/JQYEQ52P8KNQPC3OZGWRLW.uasset" 4650
"/Game/__ExternalActors__/Levels/TestScene/5/3X/N2O8SWRCRBBIN2ZU12DJJ6" 4651
"../../../../../../Users/mikel/Downloads/Paranoia/Content/__ExternalActors__/Levels/TestScene/5/3X/N2O8SWRCRBBIN2ZU12DJJ6.uasset" 4652
"../../../../../../Users/mikel/Downloads/Paranoia/Content/NatesWork/Extra/pCube1191.uasset" 4653
"/Game/__ExternalActors__/Levels/TestScene/5/6Y/RQ7G3GX651PI5THO29QUX8" 4654
"../../../../../../Users/mikel/Downloads/Paranoia/Content/__ExternalActors__/Levels/TestScene/5/6Y/RQ7G3GX651PI5THO29QUX8.uasset" 4655
"/Game/__ExternalActors__/Levels/TestScene/5/7V/1B7TCFSSJBDNETLOYWKBDO" 4656
"../../../../../../Users/mikel/Downloads/Paranoia/Content/__ExternalActors__/Levels/TestScene/5/7V/1B7TCFSSJBDNETLOYWKBDO.uasset" 4657
"../../../../../../Users/mikel/Downloads/Paranoia/Content/NatesWork/Exterior/Fences/AllFences.uasset" 4658
"../../../../../../Users/mikel/Downloads/Paranoia/Content/NatesWork/Exterior/Fences/Materials/Fences.uasset" 4659
"../../../../../../Users/mikel/Downloads/Paranoia/Content/NatesWork/Exterior/Fences/Textures/Fences_openPBR_shader1_BaseColor.uasset" 4660
"../../../../../../Users/mikel/Downloads/Paranoia/Content/NatesWork/Exterior/Fences/Textures/Fences_openPBR_shader1_Height.uasset" 4661
"../../../../../../Users/mikel/Downloads/Paranoia/Content/NatesWork/Exterior/Fences/Textures/Fences_openPBR_shader1_Metallic.uasset" 4662
"../../../../../../Users/mikel/Downloads/Paranoia/Content/NatesWork/Exterior/Fences/Textures/Fences_openPBR_shader1_Normal.uasset" 4663
"../../../../../../Users/mikel/Downloads/Paranoia/Content/NatesWork/Exterior/Fences/Textures/Fences_openPBR_shader1_Roughness.uasset" 4664
"/Game/__ExternalActors__/Levels/TestScene/5/FI/ZXJXMRGOD1D06N0O9SMAWV" 4665
"../../../../../../Users/mikel/Downloads/Paranoia/Content/__ExternalActors__/Levels/TestScene/5/FI/ZXJXMRGOD1D06N0O9SMAWV.uasset" 4666
"/Game/__ExternalActors__/Levels/TestScene/5/G1/84PMZDS8F0EW923YY1H83F" 4667
"../../../../../../Users/mikel/Downloads/Paranoia/Content/__ExternalActors__/Levels/TestScene/5/G1/84PMZDS8F0EW923YY1H83F.uasset" 4668
"../../../../../../Users/mikel/Downloads/Paranoia/Content/NatesWork/Extra/pCube163.uasset" 4669
"/Game/__ExternalActors__/Levels/TestScene/5/GO/74R7QE6UZ7SF7NHACHR0C5" 4670
"../../../../../../Users/mikel/Downloads/Paranoia/Content/__ExternalActors__/Levels/TestScene/5/GO/74R7QE6UZ7SF7NHACHR0C5.uasset" 4671
"/Game/__ExternalActors__/Levels/TestScene/5/M8/4QH3O703R2PO9A4XY7HRVF" 4672
"../../../../../../Users/mikel/Downloads/Paranoia/Content/__ExternalActors__/Levels/TestScene/5/M8/4QH3O703R2PO9A4XY7HRVF.uasset" 4673
"../../../../../../Users/mikel/Downloads/Paranoia/Content/NatesWork/Extra/pCube161.uasset" 4674
"/Game/__ExternalActors__/Levels/TestScene/5/NV/HC9Y1KNQKFFZTLQ7XJ38Z2" 4675
"../../../../../../Users/mikel/Downloads/Paranoia/Content/__ExternalActors__/Levels/TestScene/5/NV/HC9Y1KNQKFFZTLQ7XJ38Z2.uasset" 4676
"/Game/__ExternalActors__/Levels/TestScene/5/QL/VSOR4WKT83J3G7X0GLOT1Q" 4677
"../../../../../../Users/mikel/Downloads/Paranoia/Content/__ExternalActors__/Levels/TestScene/5/QL/VSOR4WKT83J3G7X0GLOT1Q.uasset" 4678
"/Game/__ExternalActors__/Levels/TestScene/5/QV/CAWHYSRABVZLHEY5RQ8B4P" 4679
"../../../../../../Users/mikel/Downloads/Paranoia/Content/__ExternalActors__/Levels/TestScene/5/QV/CAWHYSRABVZLHEY5RQ8B4P.uasset" 4680
"/Game/__ExternalActors__/Levels/TestScene/5/UE/LE227GIJOYBWZTABFBUTX1" 4681
"../../../../../../Users/mikel/Downloads/Paranoia/Content/__ExternalActors__/Levels/TestScene/5/UE/LE227GIJOYBWZTABFBUTX1.uasset" 4682
"../../../../../../Users/mikel/Downloads/Paranoia/Content/NatesWork/Extra/pCube120.uasset" 4683
"/Game/__ExternalActors__/Levels/TestScene/5/YJ/ZPIE65XEDHWI8W8WPFYB9M" 4684
"../../../../../../Users/mikel/Downloads/Paranoia/Content/__ExternalActors__/Levels/TestScene/5/YJ/ZPIE65XEDHWI8W8WPFYB9M.uasset" 4685
"/Game/__ExternalActors__/Levels/TestScene/6/0V/2UBCEAJ1OJ0XII64V20RPA" 4686
"../../../../../../Users/mikel/Downloads/Paranoia/Content/__ExternalActors__/Levels/TestScene/6/0V/2UBCEAJ1OJ0XII64V20RPA.uasset" 4687
"../../../../../../Users/mikel/Downloads/Paranoia/Content/NatesWork/Extra/pCube140.uasset" 4688
"/Game/__ExternalActors__/Levels/TestScene/6/CF/HVTI4DLJA4FGEJKLKCJ1W5" 4689
"../../../../../../Users/mikel/Downloads/Paranoia/Content/__ExternalActors__/Levels/TestScene/6/CF/HVTI4DLJA4FGEJKLKCJ1W5.uasset" 4690
"../../../../../../Users/mikel/Downloads/Paranoia/Content/NatesWork/Extra/pCube125.uasset" 4691
"/Game/__ExternalActors__/Levels/TestScene/6/H6/IBBRK6QWI975E9KDV08IO4" 4692
"../../../../../../Users/mikel/Downloads/Paranoia/Content/__ExternalActors__/Levels/TestScene/6/H6/IBBRK6QWI975E9KDV08IO4.uasset" 4693
"../../../../../../Users/mikel/Downloads/Paranoia/Content/NatesWork/Extra/pCube145.uasset" 4694
"/Game/__ExternalActors__/Levels/TestScene/6/HH/OE6KEC4P3PSMD0OOXAJFB0" 4695
"../../../../../../Users/mikel/Downloads/Paranoia/Content/__ExternalActors__/Levels/TestScene/6/HH/OE6KEC4P3PSMD0OOXAJFB0.uasset" 4696
"../../../../../../Users/mikel/Downloads/Paranoia/Content/NatesWork/Extra/pCube128.uasset" 4697
"/Game/__ExternalActors__/Levels/TestScene/6/MF/6GPBTVUUH9CU68Y6WFEH90" 4698
"../../../../../../Users/mikel/Downloads/Paranoia/Content/__ExternalActors__/Levels/TestScene/6/MF/6GPBTVUUH9CU68Y6WFEH90.uasset" 4699
"../../../../../../Users/mikel/Downloads/Paranoia/Content/NatesWork/Extra/pCube1291.uasset" 4700
"/Game/__ExternalActors__/Levels/TestScene/6/O3/7579BSK4ZNE6ADB1YHTBUE" 4701
"../../../../../../Users/mikel/Downloads/Paranoia/Content/__ExternalActors__/Levels/TestScene/6/O3/7579BSK4ZNE6ADB1YHTBUE.uasset" 4702
"/Game/__ExternalActors__/Levels/TestScene/6/RS/2PVYSO5G67PQPAH4VAAU91" 4703
"../../../../../../Users/mikel/Downloads/Paranoia/Content/__ExternalActors__/Levels/TestScene/6/RS/2PVYSO5G67PQPAH4VAAU91.uasset" 4704
"/Game/__ExternalActors__/Levels/TestScene/6/XO/QCQV7UU8QLJRCSJLWU9VMS" 4705
"../../../../../../Users/mikel/Downloads/Paranoia/Content/__ExternalActors__/Levels/TestScene/6/XO/QCQV7UU8QLJRCSJLWU9VMS.uasset" 4706
"/Game/__ExternalActors__/Levels/TestScene/6/XV/LRTRIPLZFPDZIJRAVAQXXQ" 4707
"../../../../../../Users/mikel/Downloads/Paranoia/Content/__ExternalActors__/Levels/TestScene/6/XV/LRTRIPLZFPDZIJRAVAQXXQ.uasset" 4708
"/Game/__ExternalActors__/Levels/TestScene/7/1T/TMB5IB6AJRFZEI5UBVVDOG" 4709
"../../../../../../Users/mikel/Downloads/Paranoia/Content/__ExternalActors__/Levels/TestScene/7/1T/TMB5IB6AJRFZEI5UBVVDOG.uasset" 4710
"../../../../../../Users/mikel/Downloads/Paranoia/Content/NatesWork/Extra/pCube135.uasset" 4711
"/Game/__ExternalActors__/Levels/TestScene/7/4E/GSIVNLJ1YC1D057KP314PU" 4712
"../../../../../../Users/mikel/Downloads/Paranoia/Content/__ExternalActors__/Levels/TestScene/7/4E/GSIVNLJ1YC1D057KP314PU.uasset" 4713
"/Game/__ExternalActors__/Levels/TestScene/7/5Q/27OI4YHI3CD9K4UKIMIZ5Z" 4714
"../../../../../../Users/mikel/Downloads/Paranoia/Content/__ExternalActors__/Levels/TestScene/7/5Q/27OI4YHI3CD9K4UKIMIZ5Z.uasset" 4715
"/Game/__ExternalActors__/Levels/TestScene/7/7R/TYFVCR0DGHYRL672JRP9RX" 4716
"../../../../../../Users/mikel/Downloads/Paranoia/Content/__ExternalActors__/Levels/TestScene/7/7R/TYFVCR0DGHYRL672JRP9RX.uasset" 4717
"/Game/__ExternalActors__/Levels/TestScene/7/DU/K4PRWN5WXN37R6YAD7N561" 4718
"../../../../../../Users/mikel/Downloads/Paranoia/Content/__ExternalActors__/Levels/TestScene/7/DU/K4PRWN5WXN37R6YAD7N561.uasset" 4719
"../../../../../../Users/mikel/Downloads/Paranoia/Content/NatesWork/Extra/pCube1271.uasset" 4720
"/Game/__ExternalActors__/Levels/TestScene/7/E4/U43YEG8AUAQCUTRZNL9CO5" 4721
"../../../../../../Users/mikel/Downloads/Paranoia/Content/__ExternalActors__/Levels/TestScene/7/E4/U43YEG8AUAQCUTRZNL9CO5.uasset" 4722
"../../../../../../Users/mikel/Downloads/Paranoia/Content/Eric_Bp/Grass.uasset" 4723
"../../../../../../Users/mikel/Downloads/Paranoia/Content/NatesWork/Vegetation/Grass/Models/CutGrass.uasset" 4724
"../../../../../../Users/mikel/Downloads/Paranoia/Content/NatesWork/Vegetation/Grass/Materials/CutGrass.uasset" 4725
"../../../../../../Users/mikel/Downloads/Paranoia/Content/NatesWork/Vegetation/Grass/Textures/CutGrass/Pixelated_Base_color.uasset" 4726
"../../../../../../Users/mikel/Downloads/Paranoia/Content/NatesWork/Vegetation/Grass/Textures/CutGrass/Pixelated_Height.uasset" 4727
"../../../../../../Users/mikel/Downloads/Paranoia/Content/NatesWork/Vegetation/Grass/Textures/CutGrass/Pixelated_Normal_DirectX.uasset" 4728
"../../../../../../Users/mikel/Downloads/Paranoia/Content/NatesWork/Vegetation/Grass/Textures/CutGrass/Pixelated_Roughness.uasset" 4729
"/Game/__ExternalActors__/Levels/TestScene/7/N3/CBX4J7K8SUJ6CF5BBRWINI" 4730
"../../../../../../Users/mikel/Downloads/Paranoia/Content/__ExternalActors__/Levels/TestScene/7/N3/CBX4J7K8SUJ6CF5BBRWINI.uasset" 4731
"/Game/__ExternalActors__/Levels/TestScene/7/NL/F95FBUA951NZHJF3GHCXUC" 4732
"../../../../../../Users/mikel/Downloads/Paranoia/Content/__ExternalActors__/Levels/TestScene/7/NL/F95FBUA951NZHJF3GHCXUC.uasset" 4733
"/Game/__ExternalActors__/Levels/TestScene/7/RJ/5V8BFE6AMPEY0M0O06VXT2" 4734
"../../../../../../Users/mikel/Downloads/Paranoia/Content/__ExternalActors__/Levels/TestScene/7/RJ/5V8BFE6AMPEY0M0O06VXT2.uasset" 4735
"/Game/__ExternalActors__/Levels/TestScene/7/TL/0EOXF508LPOS1YYOQDJ5Q2" 4736
"../../../../../../Users/mikel/Downloads/Paranoia/Content/__ExternalActors__/Levels/TestScene/7/TL/0EOXF508LPOS1YYOQDJ5Q2.uasset" 4737
"/Game/__ExternalActors__/Levels/TestScene/7/UR/FV2ANBYIY4ZN6S9XRMLEMA" 4738
"../../../../../../Users/mikel/Downloads/Paranoia/Content/__ExternalActors__/Levels/TestScene/7/UR/FV2ANBYIY4ZN6S9XRMLEMA.uasset" 4739
"/Game/__ExternalActors__/Levels/TestScene/7/Z1/5WEAJI41MMYE2PE17PMEU2" 4740
"../../../../../../Users/mikel/Downloads/Paranoia/Content/__ExternalActors__/Levels/TestScene/7/Z1/5WEAJI41MMYE2PE17PMEU2.uasset" 4741
"/Game/__ExternalActors__/Levels/TestScene/8/4W/1OIC4KSNZ1Z0EVBYP7QY2S" 4742
"../../../../../../Users/mikel/Downloads/Paranoia/Content/__ExternalActors__/Levels/TestScene/8/4W/1OIC4KSNZ1Z0EVBYP7QY2S.uasset" 4743
"../../../../../../Users/mikel/Downloads/Paranoia/Content/NatesWork/Extra/pCube168.uasset" 4744
"/Game/__ExternalActors__/Levels/TestScene/8/GM/JRMVXBPUWU3QGHHDDSJ9R7" 4745
"../../../../../../Users/mikel/Downloads/Paranoia/Content/__ExternalActors__/Levels/TestScene/8/GM/JRMVXBPUWU3QGHHDDSJ9R7.uasset" 4746
"/Game/__ExternalActors__/Levels/TestScene/8/KJ/A4OL9G7040IPM1YVS6W2V0" 4747
"../../../../../../Users/mikel/Downloads/Paranoia/Content/__ExternalActors__/Levels/TestScene/8/KJ/A4OL9G7040IPM1YVS6W2V0.uasset" 4748
"/Game/__ExternalActors__/Levels/TestScene/8/Q6/JYBCT3T27O647B7LUXE9ES" 4749
"../../../../../../Users/mikel/Downloads/Paranoia/Content/__ExternalActors__/Levels/TestScene/8/Q6/JYBCT3T27O647B7LUXE9ES.uasset" 4750
"/Game/__ExternalActors__/Levels/TestScene/8/QI/3AI7EL0TY0G5P2U5ZPRA7P" 4751
"../../../../../../Users/mikel/Downloads/Paranoia/Content/__ExternalActors__/Levels/TestScene/8/QI/3AI7EL0TY0G5P2U5ZPRA7P.uasset" 4752
"../../../../../../Users/mikel/Downloads/Paranoia/Content/NatesWork/Extra/pCube149.uasset" 4753
"/Game/__ExternalActors__/Levels/TestScene/8/WL/QZR54ZP4K69FIDWZWIZN7I" 4754
"../../../../../../Users/mikel/Downloads/Paranoia/Content/__ExternalActors__/Levels/TestScene/8/WL/QZR54ZP4K69FIDWZWIZN7I.uasset" 4755
"/Game/__ExternalActors__/Levels/TestScene/8/X9/5JDIXHKOJ0V3D5LX20PCPF" 4756
"../../../../../../Users/mikel/Downloads/Paranoia/Content/__ExternalActors__/Levels/TestScene/8/X9/5JDIXHKOJ0V3D5LX20PCPF.uasset" 4757
"../../../../../../Users/mikel/Downloads/Paranoia/Content/NatesWork/Extra/pCube142.uasset" 4758
"/Game/__ExternalActors__/Levels/TestScene/8/XA/NHWX3N4EM9AFMYE7577IBL" 4759
"../../../../../../Users/mikel/Downloads/Paranoia/Content/__ExternalActors__/Levels/TestScene/8/XA/NHWX3N4EM9AFMYE7577IBL.uasset" 4760
"/Game/__ExternalActors__/Levels/TestScene/8/XC/AN7JHPFL0Y3J7BS1PR1OKA" 4761
"../../../../../../Users/mikel/Downloads/Paranoia/Content/__ExternalActors__/Levels/TestScene/8/XC/AN7JHPFL0Y3J7BS1PR1OKA.uasset" 4762
"../../../../../../Users/mikel/Downloads/Paranoia/Content/NatesWork/Extra/pCube1321.uasset" 4763
"/Game/__ExternalActors__/Levels/TestScene/8/YR/JAOAQJYC0EO9XCMLU8D9OB" 4764
"../../../../../../Users/mikel/Downloads/Paranoia/Content/__ExternalActors__/Levels/TestScene/8/YR/JAOAQJYC0EO9XCMLU8D9OB.uasset" 4765
"/Game/__ExternalActors__/Levels/TestScene/8/ZB/0L2I91DVH94M9T41GDLUIZ" 4766
"../../../../../../Users/mikel/Downloads/Paranoia/Content/__ExternalActors__/Levels/TestScene/8/ZB/0L2I91DVH94M9T41GDLUIZ.uasset" 4767
"../../../../../../Users/mikel/Downloads/Paranoia/Content/Bryans-Models/Models/Stairs/First_Floor_Stairs.uasset" 4768
"/Game/__ExternalActors__/Levels/TestScene/9/2N/ZIKNONP4RU3EA6N3SNCGK5" 4769
"../../../../../../Users/mikel/Downloads/Paranoia/Content/__ExternalActors__/Levels/TestScene/9/2N/ZIKNONP4RU3EA6N3SNCGK5.uasset" 4770
"../../../../../../Users/mikel/Downloads/Paranoia/Content/NatesWork/Extra/pCube119.uasset" 4771
"/Game/__ExternalActors__/Levels/TestScene/9/49/HYT7DH48UE93OWUYF52X88" 4772
"../../../../../../Users/mikel/Downloads/Paranoia/Content/__ExternalActors__/Levels/TestScene/9/49/HYT7DH48UE93OWUYF52X88.uasset" 4773
"/Game/__ExternalActors__/Levels/TestScene/9/4Y/8WM8NBUO1WZR4C6JZCT1UE" 4774
"../../../../../../Users/mikel/Downloads/Paranoia/Content/__ExternalActors__/Levels/TestScene/9/4Y/8WM8NBUO1WZR4C6JZCT1UE.uasset" 4775
"/Game/__ExternalActors__/Levels/TestScene/9/8T/6TP0SXF5TZT09Q1QO6JU7D" 4776
"../../../../../../Users/mikel/Downloads/Paranoia/Content/__ExternalActors__/Levels/TestScene/9/8T/6TP0SXF5TZT09Q1QO6JU7D.uasset" 4777
"../../../../../../Users/mikel/Downloads/Paranoia/Content/NatesWork/Extra/pCube157.uasset" 4778
"/Game/__ExternalActors__/Levels/TestScene/9/AP/I3ULXVOWDWY5O3IWV56H01" 4779
"../../../../../../Users/mikel/Downloads/Paranoia/Content/__ExternalActors__/Levels/TestScene/9/AP/I3ULXVOWDWY5O3IWV56H01.uasset" 4780
"../../../../../../Users/mikel/Downloads/Paranoia/Content/NatesWork/Extra/pCube122.uasset" 4781
"/Game/__ExternalActors__/Levels/TestScene/9/E8/O4VR4T73F5D4PS33CZX14G" 4782
"../../../../../../Users/mikel/Downloads/Paranoia/Content/__ExternalActors__/Levels/TestScene/9/E8/O4VR4T73F5D4PS33CZX14G.uasset" 4783
"/Game/__ExternalActors__/Levels/TestScene/9/EL/O3JFBG9LGD3TIBCABNKRQB" 4784
"../../../../../../Users/mikel/Downloads/Paranoia/Content/__ExternalActors__/Levels/TestScene/9/EL/O3JFBG9LGD3TIBCABNKRQB.uasset" 4785
"/Game/__ExternalActors__/Levels/TestScene/9/GS/WEPRM075LN2EG7XLPRE3NJ" 4786
"../../../../../../Users/mikel/Downloads/Paranoia/Content/__ExternalActors__/Levels/TestScene/9/GS/WEPRM075LN2EG7XLPRE3NJ.uasset" 4787
"../../../../../../Users/mikel/Downloads/Paranoia/Content/NatesWork/Extra/pCube134.uasset" 4788
"/Game/__ExternalActors__/Levels/TestScene/9/HW/GF7L31IGPORY8K2O8IX543" 4789
"../../../../../../Users/mikel/Downloads/Paranoia/Content/__ExternalActors__/Levels/TestScene/9/HW/GF7L31IGPORY8K2O8IX543.uasset" 4790
"../../../../../../Users/mikel/Downloads/Paranoia/Content/NatesWork/Extra/pCube1261.uasset" 4791
"/Game/__ExternalActors__/Levels/TestScene/9/L5/Q6R8TW2AACWK1MHKEGDYWI" 4792
"../../../../../../Users/mikel/Downloads/Paranoia/Content/__ExternalActors__/Levels/TestScene/9/L5/Q6R8TW2AACWK1MHKEGDYWI.uasset" 4793
"/Game/__ExternalActors__/Levels/TestScene/9/SL/0I1P7PEVTNGIINHBN6BP7M" 4794
"../../../../../../Users/mikel/Downloads/Paranoia/Content/__ExternalActors__/Levels/TestScene/9/SL/0I1P7PEVTNGIINHBN6BP7M.uasset" 4795
"/Game/__ExternalActors__/Levels/TestScene/9/SN/0QWHV0EM2CFHRNC1N5FAME" 4796
"../../../../../../Users/mikel/Downloads/Paranoia/Content/__ExternalActors__/Levels/TestScene/9/SN/0QWHV0EM2CFHRNC1N5FAME.uasset" 4797
"/Game/__ExternalActors__/Levels/TestScene/9/TQ/3LO8LQLDV074UQ4NMWT7Q5" 4798
"../../../../../../Users/mikel/Downloads/Paranoia/Content/__ExternalActors__/Levels/TestScene/9/TQ/3LO8LQLDV074UQ4NMWT7Q5.uasset" 4799
"../../../../../../Users/mikel/Downloads/Paranoia/Content/NatesWork/Extra/pCube153.uasset" 4800
"/Game/__ExternalActors__/Levels/TestScene/A/15/VD02LO8P2TA4CDCYU00EH9" 4801
"../../../../../../Users/mikel/Downloads/Paranoia/Content/__ExternalActors__/Levels/TestScene/A/15/VD02LO8P2TA4CDCYU00EH9.uasset" 4802
"/Game/__ExternalActors__/Levels/TestScene/A/20/XEMAM0D12YNP227ON9DKLM" 4803
"../../../../../../Users/mikel/Downloads/Paranoia/Content/__ExternalActors__/Levels/TestScene/A/20/XEMAM0D12YNP227ON9DKLM.uasset" 4804
"/Game/__ExternalActors__/Levels/TestScene/A/9F/7K5IOB5OOVXD3H2MRN74U1" 4805
"../../../../../../Users/mikel/Downloads/Paranoia/Content/__ExternalActors__/Levels/TestScene/A/9F/7K5IOB5OOVXD3H2MRN74U1.uasset" 4806
"/Game/__ExternalActors__/Levels/TestScene/A/AY/0QIE68A7N8EPUL2SFDE3N5" 4807
"../../../../../../Users/mikel/Downloads/Paranoia/Content/__ExternalActors__/Levels/TestScene/A/AY/0QIE68A7N8EPUL2SFDE3N5.uasset" 4808
"/Game/__ExternalActors__/Levels/TestScene/A/D4/CGXENH9IAL8LXHWD96ZM8Y" 4809
"../../../../../../Users/mikel/Downloads/Paranoia/Content/__ExternalActors__/Levels/TestScene/A/D4/CGXENH9IAL8LXHWD96ZM8Y.uasset" 4810
"../../../../../../Users/mikel/Downloads/Paranoia/Content/NatesWork/Extra/pCube159.uasset" 4811
"/Game/__ExternalActors__/Levels/TestScene/A/HD/AWXV9LJTAM4TXPELHFD4UQ" 4812
"../../../../../../Users/mikel/Downloads/Paranoia/Content/__ExternalActors__/Levels/TestScene/A/HD/AWXV9LJTAM4TXPELHFD4UQ.uasset" 4813
"/Game/__ExternalActors__/Levels/TestScene/A/LV/UEY1E674BA25E0YLYFPDGD" 4814
"../../../../../../Users/mikel/Downloads/Paranoia/Content/__ExternalActors__/Levels/TestScene/A/LV/UEY1E674BA25E0YLYFPDGD.uasset" 4815
"/Game/__ExternalActors__/Levels/TestScene/A/LX/V0J7CA7VB8W9TJZ52FOLUY" 4816
"../../../../../../Users/mikel/Downloads/Paranoia/Content/__ExternalActors__/Levels/TestScene/A/LX/V0J7CA7VB8W9TJZ52FOLUY.uasset" 4817
"../../../../../../Users/mikel/Downloads/Paranoia/Content/NatesWork/Extra/pCube132.uasset" 4818
"/Game/__ExternalActors__/Levels/TestScene/A/MZ/HPG1WPPSKA3WGURZ8T2VD7" 4819
"../../../../../../Users/mikel/Downloads/Paranoia/Content/__ExternalActors__/Levels/TestScene/A/MZ/HPG1WPPSKA3WGURZ8T2VD7.uasset" 4820
"/Game/__ExternalActors__/Levels/TestScene/A/OV/GZQ3PRTZTSF6UO9M6XARHG" 4821
"../../../../../../Users/mikel/Downloads/Paranoia/Content/__ExternalActors__/Levels/TestScene/A/OV/GZQ3PRTZTSF6UO9M6XARHG.uasset" 4822
"/Game/__ExternalActors__/Levels/TestScene/A/R2/81WEXIF8U5Z6XMU33W2AY0" 4823
"../../../../../../Users/mikel/Downloads/Paranoia/Content/__ExternalActors__/Levels/TestScene/A/R2/81WEXIF8U5Z6XMU33W2AY0.uasset" 4824
"/Game/__ExternalActors__/Levels/TestScene/A/SK/67COJK9GK3N53EAJMSG2Z7" 4825
"../../../../../../Users/mikel/Downloads/Paranoia/Content/__ExternalActors__/Levels/TestScene/A/SK/67COJK9GK3N53EAJMSG2Z7.uasset" 4826
"/Game/__ExternalActors__/Levels/TestScene/A/UJ/E1SSN03634LJ3JGZSH5ESU" 4827
"../../../../../../Users/mikel/Downloads/Paranoia/Content/__ExternalActors__/Levels/TestScene/A/UJ/E1SSN03634LJ3JGZSH5ESU.uasset" 4828
"/Game/__ExternalActors__/Levels/TestScene/A/XN/85QU80COSYOUFQNBWETKXI" 4829
"../../../../../../Users/mikel/Downloads/Paranoia/Content/__ExternalActors__/Levels/TestScene/A/XN/85QU80COSYOUFQNBWETKXI.uasset" 4830
"../../../../../../Users/mikel/Downloads/Paranoia/Content/NatesWork/Extra/pCube123.uasset" 4831
"/Game/__ExternalActors__/Levels/TestScene/A/Y4/ZTHO79KLJYZ6TO9D0D7DV6" 4832
"../../../../../../Users/mikel/Downloads/Paranoia/Content/__ExternalActors__/Levels/TestScene/A/Y4/ZTHO79KLJYZ6TO9D0D7DV6.uasset" 4833
"../../../../../../Users/mikel/Downloads/Paranoia/Content/NatesWork/Extra/pCube137.uasset" 4834
"/Game/__ExternalActors__/Levels/TestScene/B/3W/XRVW5AG5KVIO7X3JB8HL63" 4835
"../../../../../../Users/mikel/Downloads/Paranoia/Content/__ExternalActors__/Levels/TestScene/B/3W/XRVW5AG5KVIO7X3JB8HL63.uasset" 4836
"../../../../../../Users/mikel/Downloads/Paranoia/Content/NatesWork/Extra/pCube152.uasset" 4837
"/Game/__ExternalActors__/Levels/TestScene/B/4Z/JM65ZUWR9NTSZ6P9T81M2Y" 4838
"../../../../../../Users/mikel/Downloads/Paranoia/Content/__ExternalActors__/Levels/TestScene/B/4Z/JM65ZUWR9NTSZ6P9T81M2Y.uasset" 4839
"../../../../../../Users/mikel/Downloads/Paranoia/Content/NatesWork/Exterior/Mailbox/Mailbox.uasset" 4840
"../../../../../../Users/mikel/Downloads/Paranoia/Content/NatesWork/Exterior/Mailbox/Materials/MailboxMAT.uasset" 4841
"../../../../../../Users/mikel/Downloads/Paranoia/Content/NatesWork/Exterior/Mailbox/Textures/Mailbox_openPBR_shader1_BaseColor.uasset" 4842
"../../../../../../Users/mikel/Downloads/Paranoia/Content/NatesWork/Exterior/Mailbox/Textures/Mailbox_openPBR_shader1_Height.uasset" 4843
"../../../../../../Users/mikel/Downloads/Paranoia/Content/NatesWork/Exterior/Mailbox/Textures/Mailbox_openPBR_shader1_Metallic.uasset" 4844
"../../../../../../Users/mikel/Downloads/Paranoia/Content/NatesWork/Exterior/Mailbox/Textures/Mailbox_openPBR_shader1_Normal.uasset" 4845
"../../../../../../Users/mikel/Downloads/Paranoia/Content/NatesWork/Exterior/Mailbox/Textures/Mailbox_openPBR_shader1_Roughness.uasset" 4846
"/Game/__ExternalActors__/Levels/TestScene/B/7E/ZDKBBMZI5TI9KJL6JPZ7A5" 4847
"../../../../../../Users/mikel/Downloads/Paranoia/Content/__ExternalActors__/Levels/TestScene/B/7E/ZDKBBMZI5TI9KJL6JPZ7A5.uasset" 4848
"../../../../../../Users/mikel/Downloads/Paranoia/Content/NatesWork/Extra/Shed2.uasset" 4849
"/Game/__ExternalActors__/Levels/TestScene/B/9M/KGQ4941PAISNB4Q5DSIKRH" 4850
"../../../../../../Users/mikel/Downloads/Paranoia/Content/__ExternalActors__/Levels/TestScene/B/9M/KGQ4941PAISNB4Q5DSIKRH.uasset" 4851
"../../../../../../Users/mikel/Downloads/Paranoia/Content/NatesWork/Extra/pCube139.uasset" 4852
"/Game/__ExternalActors__/Levels/TestScene/B/9P/5594GRYAMXZL5HLLCM3DLK" 4853
"../../../../../../Users/mikel/Downloads/Paranoia/Content/__ExternalActors__/Levels/TestScene/B/9P/5594GRYAMXZL5HLLCM3DLK.uasset" 4854
"/Game/__ExternalActors__/Levels/TestScene/B/DR/Y8G5NP9YKBAVOG89IKVH0E" 4855
"../../../../../../Users/mikel/Downloads/Paranoia/Content/__ExternalActors__/Levels/TestScene/B/DR/Y8G5NP9YKBAVOG89IKVH0E.uasset" 4856
"/Game/__ExternalActors__/Levels/TestScene/B/EI/87OK7AIB8ES0U6M4KK2PKG" 4857
"../../../../../../Users/mikel/Downloads/Paranoia/Content/__ExternalActors__/Levels/TestScene/B/EI/87OK7AIB8ES0U6M4KK2PKG.uasset" 4858
"../../../../../../Users/mikel/Downloads/Paranoia/Content/NatesWork/Extra/pCube124.uasset" 4859
"/Game/__ExternalActors__/Levels/TestScene/B/LD/OY7FPFZPOVMD55PS4PF57C" 4860
"../../../../../../Users/mikel/Downloads/Paranoia/Content/__ExternalActors__/Levels/TestScene/B/LD/OY7FPFZPOVMD55PS4PF57C.uasset" 4861
"../../../../../../Users/mikel/Downloads/Paranoia/Content/NatesWork/Extra/pCube141.uasset" 4862
"/Game/__ExternalActors__/Levels/TestScene/B/S1/DL54DI8WT9OJKF03W1OMLY" 4863
"../../../../../../Users/mikel/Downloads/Paranoia/Content/__ExternalActors__/Levels/TestScene/B/S1/DL54DI8WT9OJKF03W1OMLY.uasset" 4864
"../../../../../../Users/mikel/Downloads/Paranoia/Content/NatesWork/Extra/pCube1201.uasset" 4865
"/Game/__ExternalActors__/Levels/TestScene/B/XB/18HRJLD7TKVNTK4X9OOXEO" 4866
"../../../../../../Users/mikel/Downloads/Paranoia/Content/__ExternalActors__/Levels/TestScene/B/XB/18HRJLD7TKVNTK4X9OOXEO.uasset" 4867
"../../../../../../Users/mikel/Downloads/Paranoia/Content/NatesWork/Extra/pCube1221.uasset" 4868
"/Game/__ExternalActors__/Levels/TestScene/B/XV/13DF7F3LYYGW8IK9YOXV7P" 4869
"../../../../../../Users/mikel/Downloads/Paranoia/Content/__ExternalActors__/Levels/TestScene/B/XV/13DF7F3LYYGW8IK9YOXV7P.uasset" 4870
"../../../../../../Users/mikel/Downloads/Paranoia/Content/NatesWork/Extra/Shed1.uasset" 4871
"/Game/__ExternalActors__/Levels/TestScene/B/YF/I1GZYPRR4YK2HCHTB2W2L0" 4872
"../../../../../../Users/mikel/Downloads/Paranoia/Content/__ExternalActors__/Levels/TestScene/B/YF/I1GZYPRR4YK2HCHTB2W2L0.uasset" 4873
"/Game/__ExternalActors__/Levels/TestScene/C/42/FFISE3PQFO8XU5JEP6RTOK" 4874
"../../../../../../Users/mikel/Downloads/Paranoia/Content/__ExternalActors__/Levels/TestScene/C/42/FFISE3PQFO8XU5JEP6RTOK.uasset" 4875
"/Game/__ExternalActors__/Levels/TestScene/C/BV/P05URUKAKHB9CWV16VL12T" 4876
"../../../../../../Users/mikel/Downloads/Paranoia/Content/__ExternalActors__/Levels/TestScene/C/BV/P05URUKAKHB9CWV16VL12T.uasset" 4877
"/Game/__ExternalActors__/Levels/TestScene/C/F1/OEHM8IMTP1AC0Y6197N6ZQ" 4878
"../../../../../../Users/mikel/Downloads/Paranoia/Content/__ExternalActors__/Levels/TestScene/C/F1/OEHM8IMTP1AC0Y6197N6ZQ.uasset" 4879
"/Game/__ExternalActors__/Levels/TestScene/C/HD/7QIV3IK34AN8042E73BFL6" 4880
"../../../../../../Users/mikel/Downloads/Paranoia/Content/__ExternalActors__/Levels/TestScene/C/HD/7QIV3IK34AN8042E73BFL6.uasset" 4881
"/Game/__ExternalActors__/Levels/TestScene/C/IB/TRA9JK97SMND5GZY5PO53H" 4882
"../../../../../../Users/mikel/Downloads/Paranoia/Content/__ExternalActors__/Levels/TestScene/C/IB/TRA9JK97SMND5GZY5PO53H.uasset" 4883
"/Game/__ExternalActors__/Levels/TestScene/C/K6/RR5CUAC5R57M3BUCVGCFXF" 4884
"../../../../../../Users/mikel/Downloads/Paranoia/Content/__ExternalActors__/Levels/TestScene/C/K6/RR5CUAC5R57M3BUCVGCFXF.uasset" 4885
"/Game/__ExternalActors__/Levels/TestScene/C/KT/YNDTGN76DAK04F44PQFEZS" 4886
"../../../../../../Users/mikel/Downloads/Paranoia/Content/__ExternalActors__/Levels/TestScene/C/KT/YNDTGN76DAK04F44PQFEZS.uasset" 4887
"/Game/__ExternalActors__/Levels/TestScene/C/L9/YWP0RYXCITYO91PTVBR0MX" 4888
"../../../../../../Users/mikel/Downloads/Paranoia/Content/__ExternalActors__/Levels/TestScene/C/L9/YWP0RYXCITYO91PTVBR0MX.uasset" 4889
"../../../../../../Users/mikel/Downloads/Paranoia/Content/NatesWork/Extra/pCube151.uasset" 4890
"/Game/__ExternalActors__/Levels/TestScene/C/N1/HQ8HN9XVDEX19OMNT1464A" 4891
"../../../../../../Users/mikel/Downloads/Paranoia/Content/__ExternalActors__/Levels/TestScene/C/N1/HQ8HN9XVDEX19OMNT1464A.uasset" 4892
"../../../../../../Users/mikel/Downloads/Paranoia/Content/Bryans-Models/Models/House/Roof.uasset" 4893
"/Game/__ExternalActors__/Levels/TestScene/C/NH/3U3C006N2C70U683NSAYHE" 4894
"../../../../../../Users/mikel/Downloads/Paranoia/Content/__ExternalActors__/Levels/TestScene/C/NH/3U3C006N2C70U683NSAYHE.uasset" 4895
"../../../../../../Users/mikel/Downloads/Paranoia/Content/NatesWork/Extra/pCube1281.uasset" 4896
"/Game/__ExternalActors__/Levels/TestScene/C/PB/W6WJCJU3BWW0THE5XVCZXH" 4897
"../../../../../../Users/mikel/Downloads/Paranoia/Content/__ExternalActors__/Levels/TestScene/C/PB/W6WJCJU3BWW0THE5XVCZXH.uasset" 4898
"../../../../../../Users/mikel/Downloads/Paranoia/Content/NatesWork/Extra/pCube1251.uasset" 4899
"/Game/__ExternalActors__/Levels/TestScene/C/R5/LNWSD9PJH115T9TOPCHRCZ" 4900
"../../../../../../Users/mikel/Downloads/Paranoia/Content/__ExternalActors__/Levels/TestScene/C/R5/LNWSD9PJH115T9TOPCHRCZ.uasset" 4901
"/Game/__ExternalActors__/Levels/TestScene/C/SZ/2Q6DCU26I6DI876SW8I2C8" 4902
"../../../../../../Users/mikel/Downloads/Paranoia/Content/__ExternalActors__/Levels/TestScene/C/SZ/2Q6DCU26I6DI876SW8I2C8.uasset" 4903
"../../../../../../Users/mikel/Downloads/Paranoia/Content/NatesWork/Extra/pCube136.uasset" 4904
"/Game/__ExternalActors__/Levels/TestScene/C/UD/AP7YCX6RX3ST4JW5UQSJOG" 4905
"../../../../../../Users/mikel/Downloads/Paranoia/Content/__ExternalActors__/Levels/TestScene/C/UD/AP7YCX6RX3ST4JW5UQSJOG.uasset" 4906
"/Game/__ExternalActors__/Levels/TestScene/C/Z8/FI1AU44P8NII0UR3UYT74Z" 4907
"../../../../../../Users/mikel/Downloads/Paranoia/Content/__ExternalActors__/Levels/TestScene/C/Z8/FI1AU44P8NII0UR3UYT74Z.uasset" 4908
"/Game/__ExternalActors__/Levels/TestScene/D/3N/315X6T1W9MANNEA2W6069C" 4909
"../../../../../../Users/mikel/Downloads/Paranoia/Content/__ExternalActors__/Levels/TestScene/D/3N/315X6T1W9MANNEA2W6069C.uasset" 4910
"../../../../../../Users/mikel/Downloads/Paranoia/Content/NatesWork/Extra/Compost.uasset" 4911
"/Game/__ExternalActors__/Levels/TestScene/D/75/1PIEG4FTM01K2C7MKSDR5S" 4912
"../../../../../../Users/mikel/Downloads/Paranoia/Content/__ExternalActors__/Levels/TestScene/D/75/1PIEG4FTM01K2C7MKSDR5S.uasset" 4913
"/Game/__ExternalActors__/Levels/TestScene/D/97/C1QWXRUIR0H05Q7R77I2M2" 4914
"../../../../../../Users/mikel/Downloads/Paranoia/Content/__ExternalActors__/Levels/TestScene/D/97/C1QWXRUIR0H05Q7R77I2M2.uasset" 4915
"../../../../../../Users/mikel/Downloads/Paranoia/Content/NatesWork/Extra/pCube129.uasset" 4916
"/Game/__ExternalActors__/Levels/TestScene/D/9S/BU1SJLMZWU5N37DLCVPJP1" 4917
"../../../../../../Users/mikel/Downloads/Paranoia/Content/__ExternalActors__/Levels/TestScene/D/9S/BU1SJLMZWU5N37DLCVPJP1.uasset" 4918
"../../../../../../Users/mikel/Downloads/Paranoia/Content/NatesWork/Extra/Shed3.uasset" 4919
"/Game/__ExternalActors__/Levels/TestScene/D/EL/PZFB0D0NIBM4FS9B2UUM0J" 4920
"../../../../../../Users/mikel/Downloads/Paranoia/Content/__ExternalActors__/Levels/TestScene/D/EL/PZFB0D0NIBM4FS9B2UUM0J.uasset" 4921
"/Game/__ExternalActors__/Levels/TestScene/D/H8/YCZ4V5TJCBXWB88EG4PGK8" 4922
"../../../../../../Users/mikel/Downloads/Paranoia/Content/__ExternalActors__/Levels/TestScene/D/H8/YCZ4V5TJCBXWB88EG4PGK8.uasset" 4923
"/Game/__ExternalActors__/Levels/TestScene/D/LY/HMW57MT3AKKKUVW8H7G2K2" 4924
"../../../../../../Users/mikel/Downloads/Paranoia/Content/__ExternalActors__/Levels/TestScene/D/LY/HMW57MT3AKKKUVW8H7G2K2.uasset" 4925
"../../../../../../Users/mikel/Downloads/Paranoia/Content/NatesWork/Extra/pCube126.uasset" 4926
"/Game/__ExternalActors__/Levels/TestScene/D/UF/Z28T4OBKPIZ5HRGW3HOBSV" 4927
"../../../../../../Users/mikel/Downloads/Paranoia/Content/__ExternalActors__/Levels/TestScene/D/UF/Z28T4OBKPIZ5HRGW3HOBSV.uasset" 4928
"/Game/__ExternalActors__/Levels/TestScene/D/UM/MLK6QV34FEL2KI1T7MMLE8" 4929
"../../../../../../Users/mikel/Downloads/Paranoia/Content/__ExternalActors__/Levels/TestScene/D/UM/MLK6QV34FEL2KI1T7MMLE8.uasset" 4930
"../../../../../../Users/mikel/Downloads/Paranoia/Content/NatesWork/Extra/pCube169.uasset" 4931
"/Game/__ExternalActors__/Levels/TestScene/E/25/767YV5RHO0V9VU6AMIGXRG" 4932
"../../../../../../Users/mikel/Downloads/Paranoia/Content/__ExternalActors__/Levels/TestScene/E/25/767YV5RHO0V9VU6AMIGXRG.uasset" 4933
"/Game/__ExternalActors__/Levels/TestScene/E/2O/XJ7H8ZWJC6A9NJ2NPXI3JY" 4934
"../../../../../../Users/mikel/Downloads/Paranoia/Content/__ExternalActors__/Levels/TestScene/E/2O/XJ7H8ZWJC6A9NJ2NPXI3JY.uasset" 4935
"/Game/__ExternalActors__/Levels/TestScene/E/3E/3565NPQR8FTDHFZ9X2YPUR" 4936
"../../../../../../Users/mikel/Downloads/Paranoia/Content/__ExternalActors__/Levels/TestScene/E/3E/3565NPQR8FTDHFZ9X2YPUR.uasset" 4937
"../../../../../../Users/mikel/Downloads/Paranoia/Content/NatesWork/Extra/pCube1211.uasset" 4938
"/Game/__ExternalActors__/Levels/TestScene/E/55/SZYILUNCW8D1L3S1XJBK95" 4939
"../../../../../../Users/mikel/Downloads/Paranoia/Content/__ExternalActors__/Levels/TestScene/E/55/SZYILUNCW8D1L3S1XJBK95.uasset" 4940
"../../../../../../Users/mikel/Downloads/Paranoia/Content/NatesWork/Extra/pCube146.uasset" 4941
"/Game/__ExternalActors__/Levels/TestScene/E/77/AHGKYD7VH7CAIPOMYFKNIY" 4942
"../../../../../../Users/mikel/Downloads/Paranoia/Content/__ExternalActors__/Levels/TestScene/E/77/AHGKYD7VH7CAIPOMYFKNIY.uasset" 4943
"/Game/__ExternalActors__/Levels/TestScene/E/C6/KYBG1E7XR6EPRWHVN6UZEM" 4944
"../../../../../../Users/mikel/Downloads/Paranoia/Content/__ExternalActors__/Levels/TestScene/E/C6/KYBG1E7XR6EPRWHVN6UZEM.uasset" 4945
"/Game/__ExternalActors__/Levels/TestScene/E/CK/1A3YOTAEDOODZBXNDQD8UZ" 4946
"../../../../../../Users/mikel/Downloads/Paranoia/Content/__ExternalActors__/Levels/TestScene/E/CK/1A3YOTAEDOODZBXNDQD8UZ.uasset" 4947
"/Game/__ExternalActors__/Levels/TestScene/E/DR/DZRQN8S3W32EG1R4LRSJDA" 4948
"../../../../../../Users/mikel/Downloads/Paranoia/Content/__ExternalActors__/Levels/TestScene/E/DR/DZRQN8S3W32EG1R4LRSJDA.uasset" 4949
"../../../../../../Users/mikel/Downloads/Paranoia/Content/NatesWork/Extra/pCube138.uasset" 4950
"/Game/__ExternalActors__/Levels/TestScene/E/ED/E8MJ2OR1IG9UN9PPES1KLO" 4951
"../../../../../../Users/mikel/Downloads/Paranoia/Content/__ExternalActors__/Levels/TestScene/E/ED/E8MJ2OR1IG9UN9PPES1KLO.uasset" 4952
"/Game/__ExternalActors__/Levels/TestScene/E/H6/AI66RZR9I3PQMR6M4PBWGL" 4953
"../../../../../../Users/mikel/Downloads/Paranoia/Content/__ExternalActors__/Levels/TestScene/E/H6/AI66RZR9I3PQMR6M4PBWGL.uasset" 4954
"/Game/__ExternalActors__/Levels/TestScene/E/HS/ROTNWM68NAZPOKVSRT7TS3" 4955
"../../../../../../Users/mikel/Downloads/Paranoia/Content/__ExternalActors__/Levels/TestScene/E/HS/ROTNWM68NAZPOKVSRT7TS3.uasset" 4956
"/Game/__ExternalActors__/Levels/TestScene/E/J8/004AJSBDET86NG17HQ32J8" 4957
"../../../../../../Users/mikel/Downloads/Paranoia/Content/__ExternalActors__/Levels/TestScene/E/J8/004AJSBDET86NG17HQ32J8.uasset" 4958
"/Game/__ExternalActors__/Levels/TestScene/E/JD/K2Q7C2OT49REY32JR4SCG7" 4959
"../../../../../../Users/mikel/Downloads/Paranoia/Content/__ExternalActors__/Levels/TestScene/E/JD/K2Q7C2OT49REY32JR4SCG7.uasset" 4960
"../../../../../../Users/mikel/Downloads/Paranoia/Content/NatesWork/Extra/pCube130.uasset" 4961
"/Game/__ExternalActors__/Levels/TestScene/E/KZ/GLV4FHRRBCXQNA0J6815H1" 4962
"../../../../../../Users/mikel/Downloads/Paranoia/Content/__ExternalActors__/Levels/TestScene/E/KZ/GLV4FHRRBCXQNA0J6815H1.uasset" 4963
"../../../../../../Users/mikel/Downloads/Paranoia/Content/NatesWork/Extra/pCube131.uasset" 4964
"/Game/__ExternalActors__/Levels/TestScene/E/OZ/6UMVD99044KDCD35PESWPT" 4965
"../../../../../../Users/mikel/Downloads/Paranoia/Content/__ExternalActors__/Levels/TestScene/E/OZ/6UMVD99044KDCD35PESWPT.uasset" 4966
"../../../../../../Users/mikel/Downloads/Paranoia/Content/NatesWork/Extra/pCube143.uasset" 4967
"/Game/__ExternalActors__/Levels/TestScene/E/Q4/36PUSG3HNH1U0RLMJW0HCH" 4968
"../../../../../../Users/mikel/Downloads/Paranoia/Content/__ExternalActors__/Levels/TestScene/E/Q4/36PUSG3HNH1U0RLMJW0HCH.uasset" 4969
"/Game/__ExternalActors__/Levels/TestScene/E/XV/YPUSLMMP8RW5F1KKQFUVZV" 4970
"../../../../../../Users/mikel/Downloads/Paranoia/Content/__ExternalActors__/Levels/TestScene/E/XV/YPUSLMMP8RW5F1KKQFUVZV.uasset" 4971
"/Game/__ExternalActors__/Levels/TestScene/E/ZQ/JAZLFIQW8T8IRWNB76S8SM" 4972
"../../../../../../Users/mikel/Downloads/Paranoia/Content/__ExternalActors__/Levels/TestScene/E/ZQ/JAZLFIQW8T8IRWNB76S8SM.uasset" 4973
"../../../../../../Users/mikel/Downloads/Paranoia/Content/NatesWork/Exterior/Dumpster/Dumpster.uasset" 4974
"../../../../../../Users/mikel/Downloads/Paranoia/Content/NatesWork/Exterior/Dumpster/Material/DumpsterMAT.uasset" 4975
"../../../../../../Users/mikel/Downloads/Paranoia/Content/NatesWork/Exterior/Dumpster/Textures/Dumpster_openPBR_shader1_BaseColor.uasset" 4976
"../../../../../../Users/mikel/Downloads/Paranoia/Content/NatesWork/Exterior/Dumpster/Textures/Dumpster_openPBR_shader1_Height.uasset" 4977
"../../../../../../Users/mikel/Downloads/Paranoia/Content/NatesWork/Exterior/Dumpster/Textures/Dumpster_openPBR_shader1_Metallic.uasset" 4978
"../../../../../../Users/mikel/Downloads/Paranoia/Content/NatesWork/Exterior/Dumpster/Textures/Dumpster_openPBR_shader1_Normal.uasset" 4979
"../../../../../../Users/mikel/Downloads/Paranoia/Content/NatesWork/Exterior/Dumpster/Textures/Dumpster_openPBR_shader1_Roughness.uasset" 4980
"/Game/__ExternalActors__/Levels/TestScene/F/0X/H7E4JP5KHIBKM6KU9IJL9Q" 4981
"../../../../../../Users/mikel/Downloads/Paranoia/Content/__ExternalActors__/Levels/TestScene/F/0X/H7E4JP5KHIBKM6KU9IJL9Q.uasset" 4982
"../../../../../../Users/mikel/Downloads/Paranoia/Content/NatesWork/Exterior/Bridge/Bridge.uasset" 4983
"../../../../../../Users/mikel/Downloads/Paranoia/Content/NatesWork/Exterior/Bridge/Materials/BridgeMat.uasset" 4984
"../../../../../../Users/mikel/Downloads/Paranoia/Content/NatesWork/Exterior/Bridge/Textures/Bridge_openPBR_shader1_BaseColor.uasset" 4985
"../../../../../../Users/mikel/Downloads/Paranoia/Content/NatesWork/Exterior/Bridge/Textures/Bridge_openPBR_shader1_Height.uasset" 4986
"../../../../../../Users/mikel/Downloads/Paranoia/Content/NatesWork/Exterior/Bridge/Textures/Bridge_openPBR_shader1_Normal.uasset" 4987
"../../../../../../Users/mikel/Downloads/Paranoia/Content/NatesWork/Exterior/Bridge/Textures/Bridge_openPBR_shader1_Roughness.uasset" 4988
"/Game/__ExternalActors__/Levels/TestScene/F/3C/MS0EA9QN44HL997HSVR0J6" 4989
"../../../../../../Users/mikel/Downloads/Paranoia/Content/__ExternalActors__/Levels/TestScene/F/3C/MS0EA9QN44HL997HSVR0J6.uasset" 4990
"/Game/__ExternalActors__/Levels/TestScene/F/3O/CBJ4C1YJ4PSA15EO62W69O" 4991
"../../../../../../Users/mikel/Downloads/Paranoia/Content/__ExternalActors__/Levels/TestScene/F/3O/CBJ4C1YJ4PSA15EO62W69O.uasset" 4992
"../../../../../../Users/mikel/Downloads/Paranoia/Content/NatesWork/Extra/pCube1241.uasset" 4993
"/Game/__ExternalActors__/Levels/TestScene/F/4I/UX04TPQC9WW3OSIWG9PRQK" 4994
"../../../../../../Users/mikel/Downloads/Paranoia/Content/__ExternalActors__/Levels/TestScene/F/4I/UX04TPQC9WW3OSIWG9PRQK.uasset" 4995
"/Game/__ExternalActors__/Levels/TestScene/F/5K/LMJIYSGIR61OECRICF1JT1" 4996
"../../../../../../Users/mikel/Downloads/Paranoia/Content/__ExternalActors__/Levels/TestScene/F/5K/LMJIYSGIR61OECRICF1JT1.uasset" 4997
"/ControlRig/Controls/ControlRig_Arrow_solid" 4998
"/ControlRig/Controls/ControlRig_Box_1mm" 4999
"/ControlRig/Controls/ControlRig_Box_3mm" 5000
"/ControlRig/Controls/ControlRig_Box_solid" 5001
"/ControlRig/Controls/ControlRig_Circle_1mm" 5002
"/ControlRig/Controls/ControlRig_Circle_3mm" 5003
"/ControlRig/Controls/ControlRig_Circle_solid" 5004
"/ControlRig/Controls/ControlRig_Diamond_1mm" 5005
"/ControlRig/Controls/ControlRig_Diamond_3mm" 5006
"/ControlRig/Controls/ControlRig_Diamond_solid" 5007
"/ControlRig/Controls/ControlRig_HalfCircle_1mm" 5008
"/ControlRig/Controls/ControlRig_HalfCircle_3mm" 5009
"/ControlRig/Controls/ControlRig_HalfCircle_solid" 5010
"/ControlRig/Controls/ControlRig_Hexagon_1mm" 5011
"/ControlRig/Controls/ControlRig_Hexagon_3mm" 5012
"/ControlRig/Controls/ControlRig_Hexagon_solid" 5013
"/ControlRig/Controls/ControlRig_Octagon_1mm" 5014
"/ControlRig/Controls/ControlRig_Octagon_3mm" 5015
"/ControlRig/Controls/ControlRig_Octagon_solid" 5016
"/ControlRig/Controls/ControlRig_Pyramid_1mm" 5017
"/ControlRig/Controls/ControlRig_Pyramid_3mm" 5018
"/ControlRig/Controls/ControlRig_Pyramid_solid" 5019
"/ControlRig/Controls/ControlRig_QuarterCircle_1mm" 5020
"/ControlRig/Controls/ControlRig_QuarterCircle_3mm" 5021
"/ControlRig/Controls/ControlRig_QuarterCircle_solid" 5022
"/ControlRig/Controls/ControlRig_Sphere_1mm" 5023
"/ControlRig/Controls/ControlRig_RoundedTriangle_solid" 5024
"/ControlRig/Controls/ControlRig_RoundedTriangle_3mm" 5025
"/ControlRig/Controls/ControlRig_RoundedTriangle_1mm" 5026
"/ControlRig/Controls/ControlRig_RoundedSquare_solid" 5027
"/ControlRig/Controls/ControlRig_RoundedSquare_3mm" 5028
"/ControlRig/Controls/ControlRig_RoundedSquare_1mm" 5029
"../../../Engine/Plugins/Animation/ControlRig/Content/Controls/ControlRig_Sphere_3mm.uasset" 5030
"../../../Engine/Plugins/Animation/ControlRig/Content/Controls/ControlRig_Square_1mm.uasset" 5031
"../../../Engine/Plugins/Animation/ControlRig/Content/Controls/ControlRig_Square_3mm.uasset" 5032
"../../../Engine/Plugins/Animation/ControlRig/Content/Controls/ControlRig_Star4_1mm.uasset" 5033
"../../../Engine/Plugins/Animation/ControlRig/Content/Controls/ControlRig_Star4_3mm.uasset" 5034
"../../../Engine/Plugins/Animation/ControlRig/Content/Controls/ControlRig_Square_solid.uasset" 5035
"../../../Engine/Plugins/Animation/ControlRig/Content/Controls/ControlRig_Star4_solid.uasset" 5036
"../../../Engine/Plugins/Animation/ControlRig/Content/Controls/ControlRig_Triangle_3mm.uasset" 5037
"../../../Engine/Plugins/Animation/ControlRig/Content/Controls/ControlRig_Triangle_1mm.uasset" 5038
"/ControlRig/Controls/ControlRig_Sphere_3mm" 5039
"../../../Engine/Plugins/Experimental/Water/Shaders/Private/GerstnerWaveFunctions.ush" 5040
"../../../Engine/Plugins/Experimental/Water/Shaders/Private/WaterDataFunctions.ush" 5041
"/ControlRig/Controls/ControlRig_Triangle_3mm" 5042
"/ControlRig/Controls/ControlRig_Triangle_1mm" 5043
"/ControlRig/Controls/ControlRig_Star4_solid" 5044
"/ControlRig/Controls/ControlRig_Star4_3mm" 5045
"/ControlRig/Controls/ControlRig_Star4_1mm" 5046
"/ControlRig/Controls/ControlRig_Square_solid" 5047
"/ControlRig/Controls/ControlRig_Square_3mm" 5048
"/ControlRig/Controls/ControlRig_Square_1mm" 5049
"../../../Engine/Content/Maps/Entry.umap" 5050
"../../../Engine/Content/Maps/Entry_BuiltData.uasset" 5051
"../../../Engine/Plugins/Animation/ControlRig/Content/Controls/ControlRig_Wedge_solid.uasset" 5052
"../../../Engine/Plugins/Animation/ControlRig/Content/Controls/ControlRig_Triangle_solid.uasset" 5053
"../../../Engine/Plugins/Animation/ControlRig/Content/Controls/ControlRig_Wedge_3mm.uasset" 5054
"../../../Engine/Plugins/Animation/ControlRig/Content/Controls/ControlRig_Wedge_1mm.uasset" 5055
"/Engine/Maps/Entry" 5056
"/ControlRig/Controls/ControlRig_Wedge_solid" 5057
"/ControlRig/Controls/ControlRig_Wedge_3mm" 5058
"/ControlRig/Controls/ControlRig_Wedge_1mm" 5059
"/ControlRig/Controls/ControlRig_Triangle_solid" 5060
"../../../Engine/Content/EditorMaterials/PreviewShadowIndicator.uasset" 5061
"../../../Engine/Content/EditorMaterials/PreviewShadowIndicatorMaterial.uasset" 5062
"../../../Engine/Content/EngineMaterials/Substrate/GLints/dict_16_192_64_0p5_0p02_0063_0009.uasset" 5063
"../../../Engine/Content/EngineMaterials/Substrate/GLints/dict_16_192_64_0p5_0p02_0063_0006.uasset" 5064
"../../../Engine/Content/EngineMaterials/Substrate/GLints/dict_16_192_64_0p5_0p02_0063_0012.uasset" 5065
"../../../Engine/Content/EngineMaterials/Substrate/GLints/dict_16_192_64_0p5_0p02_0063_0013.uasset" 5066
"../../../Engine/Content/EngineMaterials/Substrate/GLints/dict_16_192_64_0p5_0p02_0063_0014.uasset" 5067
"../../../Engine/Content/EngineMaterials/Substrate/GLints/dict_16_192_64_0p5_0p02_0063_0015.uasset" 5068
"../../../Engine/Content/EngineMaterials/Substrate/GLints/dict_16_192_64_0p5_0p02_0063_0011.uasset" 5069
"../../../Engine/Content/EngineMaterials/Substrate/GLints/dict_16_192_64_0p5_0p02_0063_0010.uasset" 5070
"../../../Engine/Content/EngineMaterials/Substrate/GLints/dict_16_192_64_0p5_0p02_0063_0008.uasset" 5071
"../../../Engine/Content/EngineMaterials/Substrate/GLints/dict_16_192_64_0p5_0p02_0063_0003.uasset" 5072
"../../../Engine/Content/EngineMaterials/Substrate/GLints/dict_16_192_64_0p5_0p02_0063_0002.uasset" 5073
"../../../Engine/Content/EngineMaterials/Substrate/GLints/dict_16_192_64_0p5_0p02_0063_0001.uasset" 5074
"../../../Engine/Content/EngineMaterials/Substrate/GLints/dict_16_192_64_0p5_0p02_0063_0004.uasset" 5075
"../../../Engine/Content/EngineMaterials/Substrate/GLints/dict_16_192_64_0p5_0p02_0063_0007.uasset" 5076
"../../../Engine/Content/EngineMaterials/Substrate/GLints/dict_16_192_64_0p5_0p02_0063_0005.uasset" 5077
"../../../Engine/Content/EngineMaterials/Substrate/GLints/dict_16_192_64_0p5_0p02_0063_0000.uasset" 5078
"../../../Engine/Content/EngineMaterials/Substrate/GLints/dict_16_192_64_0p5_0p02_0062_0008.uasset" 5079
"../../../Engine/Content/EngineMaterials/Substrate/GLints/dict_16_192_64_0p5_0p02_0062_0014.uasset" 5080
"../../../Engine/Content/EngineMaterials/Substrate/GLints/dict_16_192_64_0p5_0p02_0062_0013.uasset" 5081
"../../../Engine/Content/EngineMaterials/Substrate/GLints/dict_16_192_64_0p5_0p02_0062_0002.uasset" 5082
"../../../Engine/Content/EngineMaterials/Substrate/GLints/dict_16_192_64_0p5_0p02_0062_0015.uasset" 5083
"../../../Engine/Content/EngineMaterials/Substrate/GLints/dict_16_192_64_0p5_0p02_0062_0004.uasset" 5084
"../../../Engine/Content/EngineMaterials/Substrate/GLints/dict_16_192_64_0p5_0p02_0062_0007.uasset" 5085
"../../../Engine/Content/EngineMaterials/Substrate/GLints/dict_16_192_64_0p5_0p02_0062_0012.uasset" 5086
"../../../Engine/Content/EngineMaterials/Substrate/GLints/dict_16_192_64_0p5_0p02_0062_0011.uasset" 5087
"../../../Engine/Content/EngineMaterials/Substrate/GLints/dict_16_192_64_0p5_0p02_0062_0003.uasset" 5088
"../../../Engine/Content/EngineMaterials/Substrate/GLints/dict_16_192_64_0p5_0p02_0062_0006.uasset" 5089
"../../../Engine/Content/EngineMaterials/Substrate/GLints/dict_16_192_64_0p5_0p02_0062_0010.uasset" 5090
"../../../Engine/Content/EngineMaterials/Substrate/GLints/dict_16_192_64_0p5_0p02_0062_0005.uasset" 5091
"../../../Engine/Content/EngineMaterials/Substrate/GLints/dict_16_192_64_0p5_0p02_0062_0009.uasset" 5092
"/Engine/EngineMaterials/Substrate/GLints/dict_16_192_64_0p5_0p02_0063_0002" 5093
"/Engine/EngineMaterials/Substrate/GLints/dict_16_192_64_0p5_0p02_0063_0003" 5094
"/Engine/EngineMaterials/Substrate/GLints/dict_16_192_64_0p5_0p02_0063_0004" 5095
"/Engine/EngineMaterials/Substrate/GLints/dict_16_192_64_0p5_0p02_0063_0005" 5096
"/Engine/EngineMaterials/Substrate/GLints/dict_16_192_64_0p5_0p02_0063_0006" 5097
"/Engine/EngineMaterials/Substrate/GLints/dict_16_192_64_0p5_0p02_0063_0007" 5098
"/Engine/EngineMaterials/Substrate/GLints/dict_16_192_64_0p5_0p02_0063_0008" 5099
"/Engine/EngineMaterials/Substrate/GLints/dict_16_192_64_0p5_0p02_0062_0002" 5100
"/Engine/EngineMaterials/Substrate/GLints/dict_16_192_64_0p5_0p02_0062_0003" 5101
"/Engine/EngineMaterials/Substrate/GLints/dict_16_192_64_0p5_0p02_0062_0004" 5102
"/Engine/EngineMaterials/Substrate/GLints/dict_16_192_64_0p5_0p02_0062_0005" 5103
"/Engine/EngineMaterials/Substrate/GLints/dict_16_192_64_0p5_0p02_0062_0006" 5104
"/Engine/EngineMaterials/Substrate/GLints/dict_16_192_64_0p5_0p02_0062_0007" 5105
"/Engine/EngineMaterials/Substrate/GLints/dict_16_192_64_0p5_0p02_0062_0008" 5106
"/Engine/EngineMaterials/Substrate/GLints/dict_16_192_64_0p5_0p02_0062_0009" 5107
"/Engine/EngineMaterials/Substrate/GLints/dict_16_192_64_0p5_0p02_0062_0010" 5108
"/Engine/EngineMaterials/Substrate/GLints/dict_16_192_64_0p5_0p02_0062_0011" 5109
"/Engine/EngineMaterials/Substrate/GLints/dict_16_192_64_0p5_0p02_0062_0012" 5110
"/Engine/EngineMaterials/Substrate/GLints/dict_16_192_64_0p5_0p02_0062_0013" 5111
"/Engine/EngineMaterials/Substrate/GLints/dict_16_192_64_0p5_0p02_0062_0014" 5112
"/Engine/EngineMaterials/Substrate/GLints/dict_16_192_64_0p5_0p02_0062_0015" 5113
"/Engine/EngineMaterials/Substrate/GLints/dict_16_192_64_0p5_0p02_0063_0000" 5114
"/Engine/EngineMaterials/Substrate/GLints/dict_16_192_64_0p5_0p02_0063_0001" 5115
"/Engine/EngineMaterials/Substrate/GLints/dict_16_192_64_0p5_0p02_0063_0010" 5116
"/Engine/EngineMaterials/Substrate/GLints/dict_16_192_64_0p5_0p02_0063_0011" 5117
"/Engine/EngineMaterials/Substrate/GLints/dict_16_192_64_0p5_0p02_0063_0012" 5118
"/Engine/EngineMaterials/Substrate/GLints/dict_16_192_64_0p5_0p02_0063_0013" 5119
"/Engine/EngineMaterials/Substrate/GLints/dict_16_192_64_0p5_0p02_0063_0014" 5120
"/Engine/EngineMaterials/Substrate/GLints/dict_16_192_64_0p5_0p02_0063_0015" 5121
"/Engine/EditorMaterials/PreviewShadowIndicatorMaterial" 5122
"C:/Users/mikel/AppData/Local/Temp/UnrealShaderWorkingDir/A0D86DB2411DB7C2FDA35DB4901AB180/1/WorkerOutputOnly.out" 5123
"/Engine/EngineMaterials/Substrate/GLints/dict_16_192_64_0p5_0p02_0063_0009" 5124
"../../../Engine/Content/EngineMaterials/Substrate/GLints/dict_16_192_64_0p5_0p02_0062_0001.uasset" 5125
"../../../Engine/Content/EngineMaterials/Substrate/GLints/dict_16_192_64_0p5_0p02_0061_0002.uasset" 5126
"../../../Engine/Content/EngineMaterials/Substrate/GLints/dict_16_192_64_0p5_0p02_0061_0014.uasset" 5127
"../../../Engine/Content/EngineMaterials/Substrate/GLints/dict_16_192_64_0p5_0p02_0061_0015.uasset" 5128
"../../../Engine/Content/EngineMaterials/Substrate/GLints/dict_16_192_64_0p5_0p02_0061_0006.uasset" 5129
"../../../Engine/Content/EngineMaterials/Substrate/GLints/dict_16_192_64_0p5_0p02_0061_0008.uasset" 5130
"../../../Engine/Content/EngineMaterials/Substrate/GLints/dict_16_192_64_0p5_0p02_0061_0012.uasset" 5131
"../../../Engine/Content/EngineMaterials/Substrate/GLints/dict_16_192_64_0p5_0p02_0061_0005.uasset" 5132
"../../../Engine/Content/EngineMaterials/Substrate/GLints/dict_16_192_64_0p5_0p02_0061_0011.uasset" 5133
"../../../Engine/Content/EngineMaterials/Substrate/GLints/dict_16_192_64_0p5_0p02_0061_0013.uasset" 5134
"../../../Engine/Content/EngineMaterials/Substrate/GLints/dict_16_192_64_0p5_0p02_0061_0000.uasset" 5135
"../../../Engine/Content/EngineMaterials/Substrate/GLints/dict_16_192_64_0p5_0p02_0061_0010.uasset" 5136
"../../../Engine/Content/EngineMaterials/Substrate/GLints/dict_16_192_64_0p5_0p02_0062_0000.uasset" 5137
"../../../Engine/Content/EngineMaterials/Substrate/GLints/dict_16_192_64_0p5_0p02_0061_0001.uasset" 5138
"../../../Engine/Content/EngineMaterials/Substrate/GLints/dict_16_192_64_0p5_0p02_0061_0004.uasset" 5139
"../../../Engine/Content/EngineMaterials/Substrate/GLints/dict_16_192_64_0p5_0p02_0061_0007.uasset" 5140
"../../../Engine/Content/EngineMaterials/Substrate/GLints/dict_16_192_64_0p5_0p02_0061_0003.uasset" 5141
"../../../Engine/Content/EngineMaterials/Substrate/GLints/dict_16_192_64_0p5_0p02_0061_0009.uasset" 5142
"../../../Engine/Content/EngineMaterials/Substrate/GLints/dict_16_192_64_0p5_0p02_0060_0013.uasset" 5143
"../../../Engine/Content/EngineMaterials/Substrate/GLints/dict_16_192_64_0p5_0p02_0060_0010.uasset" 5144
"../../../Engine/Content/EngineMaterials/Substrate/GLints/dict_16_192_64_0p5_0p02_0060_0011.uasset" 5145
"../../../Engine/Content/EngineMaterials/Substrate/GLints/dict_16_192_64_0p5_0p02_0060_0009.uasset" 5146
"../../../Engine/Content/EngineMaterials/Substrate/GLints/dict_16_192_64_0p5_0p02_0060_0015.uasset" 5147
"../../../Engine/Content/EngineMaterials/Substrate/GLints/dict_16_192_64_0p5_0p02_0060_0014.uasset" 5148
"../../../Engine/Content/EngineMaterials/Substrate/GLints/dict_16_192_64_0p5_0p02_0060_0008.uasset" 5149
"../../../Engine/Content/EngineMaterials/Substrate/GLints/dict_16_192_64_0p5_0p02_0060_0012.uasset" 5150
"../../../Engine/Content/EngineMaterials/Substrate/GLints/dict_16_192_64_0p5_0p02_0060_0007.uasset" 5151
"../../../Engine/Content/EngineMaterials/Substrate/GLints/dict_16_192_64_0p5_0p02_0060_0006.uasset" 5152
"../../../Engine/Content/EngineMaterials/Substrate/GLints/dict_16_192_64_0p5_0p02_0060_0005.uasset" 5153
"../../../Engine/Content/EngineMaterials/Substrate/GLints/dict_16_192_64_0p5_0p02_0060_0003.uasset" 5154
"../../../Engine/Content/EngineMaterials/Substrate/GLints/dict_16_192_64_0p5_0p02_0060_0004.uasset" 5155
"../../../Engine/Content/EngineMaterials/Substrate/GLints/dict_16_192_64_0p5_0p02_0060_0002.uasset" 5156
"../../../Engine/Plugins/Animation/DeformerGraph/Shaders/Private/DataInterfaceCustomComputeKernel.ush" 5157
"C:/Users/mikel/AppData/Local/Temp/UnrealShaderWorkingDir/A0D86DB2411DB7C2FDA35DB4901AB180/0/WorkerOutputOnly.out" 5158
"C:/Users/mikel/AppData/Local/Temp/UnrealShaderWorkingDir/A0D86DB2411DB7C2FDA35DB4901AB180/7/WorkerOutputOnly.out" 5159
"../../../Engine/Plugins/Animation/DeformerGraph/Shaders/Private/DataInterfaceCloth.ush" 5160
"../../../Engine/Plugins/Animation/DeformerGraph/Shaders/Private/DataInterfaceSkinnedMeshRead.ush" 5161
"../../../Engine/Plugins/Animation/DeformerGraph/Shaders/Private/DataInterfaceSkeleton.ush" 5162
"../../../Engine/Plugins/Animation/DeformerGraph/Shaders/Private/DataInterfaceSkeletonCommon.ush" 5163
"../../../Engine/Plugins/Animation/DeformerGraph/Shaders/Private/DataInterfaceMorphTarget.ush" 5164
"../../../Engine/Plugins/Animation/DeformerGraph/Shaders/Private/DataInterfaceSkinnedMeshWrite.ush" 5165
"../../../Engine/Plugins/Animation/DeformerGraph/Shaders/Private/DataInterfaceRawBuffer.ush" 5166
"../../../Engine/Plugins/Runtime/ComputeFramework/Shaders/Private/BufferAlias.ush" 5167
"../../../Engine/Plugins/Animation/DeformerGraph/Shaders/Private/DataInterfaceSkinnedMesh.ush" 5168
"../../../Engine/Plugins/Animation/DeformerGraph/Shaders/Private/DataInterfaceHalfEdge.ush" 5169
"C:/Users/mikel/AppData/Local/Temp/UnrealShaderWorkingDir/A0D86DB2411DB7C2FDA35DB4901AB180/3/WorkerOutputOnly.out" 5170
"C:/Users/mikel/AppData/Local/Temp/UnrealShaderWorkingDir/A0D86DB2411DB7C2FDA35DB4901AB180/8/WorkerOutputOnly.out" 5171
"/Engine/EngineMaterials/Substrate/GLints/dict_16_192_64_0p5_0p02_0060_0002" 5172
"/Engine/EngineMaterials/Substrate/GLints/dict_16_192_64_0p5_0p02_0060_0003" 5173
"/Engine/EngineMaterials/Substrate/GLints/dict_16_192_64_0p5_0p02_0060_0004" 5174
"/Engine/EngineMaterials/Substrate/GLints/dict_16_192_64_0p5_0p02_0060_0005" 5175
"/Engine/EngineMaterials/Substrate/GLints/dict_16_192_64_0p5_0p02_0060_0006" 5176
"/Engine/EngineMaterials/Substrate/GLints/dict_16_192_64_0p5_0p02_0060_0007" 5177
"/Engine/EngineMaterials/Substrate/GLints/dict_16_192_64_0p5_0p02_0060_0008" 5178
"/Engine/EngineMaterials/Substrate/GLints/dict_16_192_64_0p5_0p02_0060_0009" 5179
"/Engine/EngineMaterials/Substrate/GLints/dict_16_192_64_0p5_0p02_0060_0010" 5180
"/Engine/EngineMaterials/Substrate/GLints/dict_16_192_64_0p5_0p02_0060_0011" 5181
"/Engine/EngineMaterials/Substrate/GLints/dict_16_192_64_0p5_0p02_0060_0012" 5182
"/Engine/EngineMaterials/Substrate/GLints/dict_16_192_64_0p5_0p02_0060_0013" 5183
"/Engine/EngineMaterials/Substrate/GLints/dict_16_192_64_0p5_0p02_0060_0014" 5184
"/Engine/EngineMaterials/Substrate/GLints/dict_16_192_64_0p5_0p02_0060_0015" 5185
"/Engine/EngineMaterials/Substrate/GLints/dict_16_192_64_0p5_0p02_0061_0000" 5186
"/Engine/EngineMaterials/Substrate/GLints/dict_16_192_64_0p5_0p02_0061_0001" 5187
"/Engine/EngineMaterials/Substrate/GLints/dict_16_192_64_0p5_0p02_0061_0002" 5188
"/Engine/EngineMaterials/Substrate/GLints/dict_16_192_64_0p5_0p02_0061_0003" 5189
"/Engine/EngineMaterials/Substrate/GLints/dict_16_192_64_0p5_0p02_0061_0004" 5190
"/Engine/EngineMaterials/Substrate/GLints/dict_16_192_64_0p5_0p02_0061_0005" 5191
"/Engine/EngineMaterials/Substrate/GLints/dict_16_192_64_0p5_0p02_0061_0006" 5192
"/Engine/EngineMaterials/Substrate/GLints/dict_16_192_64_0p5_0p02_0061_0007" 5193
"/Engine/EngineMaterials/Substrate/GLints/dict_16_192_64_0p5_0p02_0061_0008" 5194
"/Engine/EngineMaterials/Substrate/GLints/dict_16_192_64_0p5_0p02_0061_0009" 5195
"/Engine/EngineMaterials/Substrate/GLints/dict_16_192_64_0p5_0p02_0061_0010" 5196
"/Engine/EngineMaterials/Substrate/GLints/dict_16_192_64_0p5_0p02_0061_0011" 5197
"/Engine/EngineMaterials/Substrate/GLints/dict_16_192_64_0p5_0p02_0061_0012" 5198
"/Engine/EngineMaterials/Substrate/GLints/dict_16_192_64_0p5_0p02_0061_0013" 5199
"/Engine/EngineMaterials/Substrate/GLints/dict_16_192_64_0p5_0p02_0061_0014" 5200
"/Engine/EngineMaterials/Substrate/GLints/dict_16_192_64_0p5_0p02_0061_0015" 5201
"/Engine/EngineMaterials/Substrate/GLints/dict_16_192_64_0p5_0p02_0062_0000" 5202
"/Engine/EngineMaterials/Substrate/GLints/dict_16_192_64_0p5_0p02_0062_0001" 5203
"../../../Engine/Content/EngineMaterials/Substrate/GLints/dict_16_192_64_0p5_0p02_0059_0000.uasset" 5204
"../../../Engine/Content/EngineMaterials/Substrate/GLints/dict_16_192_64_0p5_0p02_0059_0004.uasset" 5205
"../../../Engine/Content/EngineMaterials/Substrate/GLints/dict_16_192_64_0p5_0p02_0059_0015.uasset" 5206
"../../../Engine/Content/EngineMaterials/Substrate/GLints/dict_16_192_64_0p5_0p02_0059_0011.uasset" 5207
"../../../Engine/Content/EngineMaterials/Substrate/GLints/dict_16_192_64_0p5_0p02_0059_0012.uasset" 5208
"../../../Engine/Content/EngineMaterials/Substrate/GLints/dict_16_192_64_0p5_0p02_0059_0006.uasset" 5209
"../../../Engine/Content/EngineMaterials/Substrate/GLints/dict_16_192_64_0p5_0p02_0060_0001.uasset" 5210
"../../../Engine/Content/EngineMaterials/Substrate/GLints/dict_16_192_64_0p5_0p02_0059_0002.uasset" 5211
"../../../Engine/Content/EngineMaterials/Substrate/GLints/dict_16_192_64_0p5_0p02_0060_0000.uasset" 5212
"../../../Engine/Content/EngineMaterials/Substrate/GLints/dict_16_192_64_0p5_0p02_0059_0010.uasset" 5213
"../../../Engine/Content/EngineMaterials/Substrate/GLints/dict_16_192_64_0p5_0p02_0059_0013.uasset" 5214
"../../../Engine/Content/EngineMaterials/Substrate/GLints/dict_16_192_64_0p5_0p02_0059_0001.uasset" 5215
"../../../Engine/Content/EngineMaterials/Substrate/GLints/dict_16_192_64_0p5_0p02_0059_0009.uasset" 5216
"../../../Engine/Content/EngineMaterials/Substrate/GLints/dict_16_192_64_0p5_0p02_0059_0003.uasset" 5217
"../../../Engine/Content/EngineMaterials/Substrate/GLints/dict_16_192_64_0p5_0p02_0059_0007.uasset" 5218
"../../../Engine/Content/EngineMaterials/Substrate/GLints/dict_16_192_64_0p5_0p02_0059_0008.uasset" 5219
"../../../Engine/Content/EngineMaterials/Substrate/GLints/dict_16_192_64_0p5_0p02_0059_0005.uasset" 5220
"../../../Engine/Content/EngineMaterials/Substrate/GLints/dict_16_192_64_0p5_0p02_0059_0014.uasset" 5221
"../../../Engine/Content/EngineMaterials/Substrate/GLints/dict_16_192_64_0p5_0p02_0058_0015.uasset" 5222
"../../../Engine/Content/EngineMaterials/Substrate/GLints/dict_16_192_64_0p5_0p02_0058_0014.uasset" 5223
"../../../Engine/Content/EngineMaterials/Substrate/GLints/dict_16_192_64_0p5_0p02_0058_0012.uasset" 5224
"../../../Engine/Content/EngineMaterials/Substrate/GLints/dict_16_192_64_0p5_0p02_0058_0011.uasset" 5225
"../../../Engine/Content/EngineMaterials/Substrate/GLints/dict_16_192_64_0p5_0p02_0058_0013.uasset" 5226
"../../../Engine/Content/EngineMaterials/Substrate/GLints/dict_16_192_64_0p5_0p02_0058_0010.uasset" 5227
"../../../Engine/Content/EngineMaterials/Substrate/GLints/dict_16_192_64_0p5_0p02_0058_0008.uasset" 5228
"../../../Engine/Content/EngineMaterials/Substrate/GLints/dict_16_192_64_0p5_0p02_0058_0009.uasset" 5229
"../../../Engine/Content/EngineMaterials/Substrate/GLints/dict_16_192_64_0p5_0p02_0058_0007.uasset" 5230
"../../../Engine/Content/EngineMaterials/Substrate/GLints/dict_16_192_64_0p5_0p02_0058_0006.uasset" 5231
"../../../Engine/Content/EngineMaterials/Substrate/GLints/dict_16_192_64_0p5_0p02_0058_0002.uasset" 5232
"../../../Engine/Content/EngineMaterials/Substrate/GLints/dict_16_192_64_0p5_0p02_0058_0003.uasset" 5233
"../../../Engine/Content/EngineMaterials/Substrate/GLints/dict_16_192_64_0p5_0p02_0058_0005.uasset" 5234
"../../../Engine/Content/EngineMaterials/Substrate/GLints/dict_16_192_64_0p5_0p02_0058_0004.uasset" 5235
"C:/Users/mikel/AppData/Local/Temp/UnrealShaderWorkingDir/A0D86DB2411DB7C2FDA35DB4901AB180/2/WorkerOutputOnly.out" 5236
"C:/Users/mikel/AppData/Local/Temp/UnrealShaderWorkingDir/A0D86DB2411DB7C2FDA35DB4901AB180/4/WorkerOutputOnly.out" 5237
"C:/Users/mikel/AppData/Local/Temp/UnrealShaderWorkingDir/A0D86DB2411DB7C2FDA35DB4901AB180/6/WorkerOutputOnly.out" 5238
"C:/Users/mikel/AppData/Local/Temp/UnrealShaderWorkingDir/A0D86DB2411DB7C2FDA35DB4901AB180/9/WorkerOutputOnly.out" 5239
"C:/Users/mikel/AppData/Local/Temp/UnrealShaderWorkingDir/A0D86DB2411DB7C2FDA35DB4901AB180/18/WorkerOutputOnly.out" 5240
"C:/Users/mikel/AppData/Local/Temp/UnrealShaderWorkingDir/A0D86DB2411DB7C2FDA35DB4901AB180/19/WorkerOutputOnly.out" 5241
"C:/Users/mikel/AppData/Local/Temp/UnrealShaderWorkingDir/A0D86DB2411DB7C2FDA35DB4901AB180/20/WorkerOutputOnly.out" 5242
"C:/Users/mikel/AppData/Local/Temp/UnrealShaderWorkingDir/A0D86DB2411DB7C2FDA35DB4901AB180/13/WorkerOutputOnly.out" 5243
"/Engine/EngineMaterials/Substrate/GLints/dict_16_192_64_0p5_0p02_0058_0002" 5244
"/Engine/EngineMaterials/Substrate/GLints/dict_16_192_64_0p5_0p02_0058_0003" 5245
"/Engine/EngineMaterials/Substrate/GLints/dict_16_192_64_0p5_0p02_0058_0004" 5246
"/Engine/EngineMaterials/Substrate/GLints/dict_16_192_64_0p5_0p02_0058_0005" 5247
"/Engine/EngineMaterials/Substrate/GLints/dict_16_192_64_0p5_0p02_0058_0006" 5248
"/Engine/EngineMaterials/Substrate/GLints/dict_16_192_64_0p5_0p02_0058_0007" 5249
"/Engine/EngineMaterials/Substrate/GLints/dict_16_192_64_0p5_0p02_0058_0008" 5250
"/Engine/EngineMaterials/Substrate/GLints/dict_16_192_64_0p5_0p02_0058_0009" 5251
"/Engine/EngineMaterials/Substrate/GLints/dict_16_192_64_0p5_0p02_0058_0010" 5252
"/Engine/EngineMaterials/Substrate/GLints/dict_16_192_64_0p5_0p02_0058_0011" 5253
"/Engine/EngineMaterials/Substrate/GLints/dict_16_192_64_0p5_0p02_0058_0012" 5254
"/Engine/EngineMaterials/Substrate/GLints/dict_16_192_64_0p5_0p02_0058_0013" 5255
"/Engine/EngineMaterials/Substrate/GLints/dict_16_192_64_0p5_0p02_0058_0014" 5256
"/Engine/EngineMaterials/Substrate/GLints/dict_16_192_64_0p5_0p02_0058_0015" 5257
"/Engine/EngineMaterials/Substrate/GLints/dict_16_192_64_0p5_0p02_0059_0000" 5258
"/Engine/EngineMaterials/Substrate/GLints/dict_16_192_64_0p5_0p02_0059_0001" 5259
"/Engine/EngineMaterials/Substrate/GLints/dict_16_192_64_0p5_0p02_0059_0002" 5260
"/Engine/EngineMaterials/Substrate/GLints/dict_16_192_64_0p5_0p02_0059_0003" 5261
"/Engine/EngineMaterials/Substrate/GLints/dict_16_192_64_0p5_0p02_0059_0004" 5262
"/Engine/EngineMaterials/Substrate/GLints/dict_16_192_64_0p5_0p02_0059_0005" 5263
"/Engine/EngineMaterials/Substrate/GLints/dict_16_192_64_0p5_0p02_0059_0006" 5264
"/Engine/EngineMaterials/Substrate/GLints/dict_16_192_64_0p5_0p02_0059_0007" 5265
"/Engine/EngineMaterials/Substrate/GLints/dict_16_192_64_0p5_0p02_0059_0008" 5266
"/Engine/EngineMaterials/Substrate/GLints/dict_16_192_64_0p5_0p02_0059_0009" 5267
"/Engine/EngineMaterials/Substrate/GLints/dict_16_192_64_0p5_0p02_0059_0010" 5268
"/Engine/EngineMaterials/Substrate/GLints/dict_16_192_64_0p5_0p02_0059_0011" 5269
"/Engine/EngineMaterials/Substrate/GLints/dict_16_192_64_0p5_0p02_0059_0012" 5270
"/Engine/EngineMaterials/Substrate/GLints/dict_16_192_64_0p5_0p02_0059_0013" 5271
"/Engine/EngineMaterials/Substrate/GLints/dict_16_192_64_0p5_0p02_0059_0014" 5272
"/Engine/EngineMaterials/Substrate/GLints/dict_16_192_64_0p5_0p02_0059_0015" 5273
"/Engine/EngineMaterials/Substrate/GLints/dict_16_192_64_0p5_0p02_0060_0000" 5274
"/Engine/EngineMaterials/Substrate/GLints/dict_16_192_64_0p5_0p02_0060_0001" 5275
"../../../Engine/Content/EngineMaterials/Substrate/GLints/dict_16_192_64_0p5_0p02_0057_0014.uasset" 5276
"../../../Engine/Content/EngineMaterials/Substrate/GLints/dict_16_192_64_0p5_0p02_0057_0002.uasset" 5277
"../../../Engine/Content/EngineMaterials/Substrate/GLints/dict_16_192_64_0p5_0p02_0057_0001.uasset" 5278
"../../../Engine/Content/EngineMaterials/Substrate/GLints/dict_16_192_64_0p5_0p02_0058_0001.uasset" 5279
"../../../Engine/Content/EngineMaterials/Substrate/GLints/dict_16_192_64_0p5_0p02_0057_0012.uasset" 5280
"../../../Engine/Content/EngineMaterials/Substrate/GLints/dict_16_192_64_0p5_0p02_0056_0014.uasset" 5281
"../../../Engine/Content/EngineMaterials/Substrate/GLints/dict_16_192_64_0p5_0p02_0057_0013.uasset" 5282
"../../../Engine/Content/EngineMaterials/Substrate/GLints/dict_16_192_64_0p5_0p02_0057_0008.uasset" 5283
"../../../Engine/Content/EngineMaterials/Substrate/GLints/dict_16_192_64_0p5_0p02_0057_0007.uasset" 5284
"../../../Engine/Content/EngineMaterials/Substrate/GLints/dict_16_192_64_0p5_0p02_0057_0010.uasset" 5285
"../../../Engine/Content/EngineMaterials/Substrate/GLints/dict_16_192_64_0p5_0p02_0057_0015.uasset" 5286
"../../../Engine/Content/EngineMaterials/Substrate/GLints/dict_16_192_64_0p5_0p02_0056_0015.uasset" 5287
"../../../Engine/Content/EngineMaterials/Substrate/GLints/dict_16_192_64_0p5_0p02_0057_0004.uasset" 5288
"../../../Engine/Content/EngineMaterials/Substrate/GLints/dict_16_192_64_0p5_0p02_0057_0003.uasset" 5289
"../../../Engine/Content/EngineMaterials/Substrate/GLints/dict_16_192_64_0p5_0p02_0057_0006.uasset" 5290
"../../../Engine/Content/EngineMaterials/Substrate/GLints/dict_16_192_64_0p5_0p02_0057_0009.uasset" 5291
"../../../Engine/Content/EngineMaterials/Substrate/GLints/dict_16_192_64_0p5_0p02_0057_0005.uasset" 5292
"../../../Engine/Content/EngineMaterials/Substrate/GLints/dict_16_192_64_0p5_0p02_0057_0000.uasset" 5293
"../../../Engine/Content/EngineMaterials/Substrate/GLints/dict_16_192_64_0p5_0p02_0056_0013.uasset" 5294
"../../../Engine/Content/EngineMaterials/Substrate/GLints/dict_16_192_64_0p5_0p02_0057_0011.uasset" 5295
"../../../Engine/Content/EngineMaterials/Substrate/GLints/dict_16_192_64_0p5_0p02_0058_0000.uasset" 5296
"C:/Users/mikel/AppData/Local/Temp/UnrealShaderWorkingDir/A0D86DB2411DB7C2FDA35DB4901AB180/14/WorkerOutputOnly.out" 5297
"C:/Users/mikel/AppData/Local/Temp/UnrealShaderWorkingDir/A0D86DB2411DB7C2FDA35DB4901AB180/16/WorkerOutputOnly.out" 5298
"C:/Users/mikel/AppData/Local/Temp/UnrealShaderWorkingDir/A0D86DB2411DB7C2FDA35DB4901AB180/17/WorkerOutputOnly.out" 5299
"../../../Engine/Content/EngineMaterials/Substrate/GLints/dict_16_192_64_0p5_0p02_0056_0011.uasset" 5300
"../../../Engine/Content/EngineMaterials/Substrate/GLints/dict_16_192_64_0p5_0p02_0056_0006.uasset" 5301
"../../../Engine/Content/EngineMaterials/Substrate/GLints/dict_16_192_64_0p5_0p02_0056_0008.uasset" 5302
"../../../Engine/Content/EngineMaterials/Substrate/GLints/dict_16_192_64_0p5_0p02_0056_0004.uasset" 5303
"../../../Engine/Content/EngineMaterials/Substrate/GLints/dict_16_192_64_0p5_0p02_0056_0012.uasset" 5304
"../../../Engine/Content/EngineMaterials/Substrate/GLints/dict_16_192_64_0p5_0p02_0056_0003.uasset" 5305
"../../../Engine/Content/EngineMaterials/Substrate/GLints/dict_16_192_64_0p5_0p02_0056_0009.uasset" 5306
"../../../Engine/Content/EngineMaterials/Substrate/GLints/dict_16_192_64_0p5_0p02_0056_0010.uasset" 5307
"../../../Engine/Content/EngineMaterials/Substrate/GLints/dict_16_192_64_0p5_0p02_0056_0007.uasset" 5308
"../../../Engine/Content/EngineMaterials/Substrate/GLints/dict_16_192_64_0p5_0p02_0056_0002.uasset" 5309
"../../../Engine/Content/EngineMaterials/Substrate/GLints/dict_16_192_64_0p5_0p02_0056_0005.uasset" 5310
"/Engine/EngineMaterials/Substrate/GLints/dict_16_192_64_0p5_0p02_0056_0002" 5311
"/Engine/EngineMaterials/Substrate/GLints/dict_16_192_64_0p5_0p02_0056_0003" 5312
"/Engine/EngineMaterials/Substrate/GLints/dict_16_192_64_0p5_0p02_0056_0004" 5313
"/Engine/EngineMaterials/Substrate/GLints/dict_16_192_64_0p5_0p02_0056_0005" 5314
"/Engine/EngineMaterials/Substrate/GLints/dict_16_192_64_0p5_0p02_0056_0006" 5315
"/Engine/EngineMaterials/Substrate/GLints/dict_16_192_64_0p5_0p02_0056_0007" 5316
"/Engine/EngineMaterials/Substrate/GLints/dict_16_192_64_0p5_0p02_0056_0008" 5317
"/Engine/EngineMaterials/Substrate/GLints/dict_16_192_64_0p5_0p02_0056_0009" 5318
"/Engine/EngineMaterials/Substrate/GLints/dict_16_192_64_0p5_0p02_0056_0010" 5319
"/Engine/EngineMaterials/Substrate/GLints/dict_16_192_64_0p5_0p02_0056_0011" 5320
"/Engine/EngineMaterials/Substrate/GLints/dict_16_192_64_0p5_0p02_0056_0012" 5321
"/Engine/EngineMaterials/Substrate/GLints/dict_16_192_64_0p5_0p02_0056_0013" 5322
"/Engine/EngineMaterials/Substrate/GLints/dict_16_192_64_0p5_0p02_0056_0014" 5323
"/Engine/EngineMaterials/Substrate/GLints/dict_16_192_64_0p5_0p02_0056_0015" 5324
"/Engine/EngineMaterials/Substrate/GLints/dict_16_192_64_0p5_0p02_0057_0000" 5325
"/Engine/EngineMaterials/Substrate/GLints/dict_16_192_64_0p5_0p02_0057_0001" 5326
"/Engine/EngineMaterials/Substrate/GLints/dict_16_192_64_0p5_0p02_0057_0002" 5327
"/Engine/EngineMaterials/Substrate/GLints/dict_16_192_64_0p5_0p02_0057_0003" 5328
"/Engine/EngineMaterials/Substrate/GLints/dict_16_192_64_0p5_0p02_0057_0004" 5329
"/Engine/EngineMaterials/Substrate/GLints/dict_16_192_64_0p5_0p02_0057_0005" 5330
"/Engine/EngineMaterials/Substrate/GLints/dict_16_192_64_0p5_0p02_0057_0006" 5331
"/Engine/EngineMaterials/Substrate/GLints/dict_16_192_64_0p5_0p02_0057_0007" 5332
"/Engine/EngineMaterials/Substrate/GLints/dict_16_192_64_0p5_0p02_0057_0008" 5333
"/Engine/EngineMaterials/Substrate/GLints/dict_16_192_64_0p5_0p02_0057_0009" 5334
"/Engine/EngineMaterials/Substrate/GLints/dict_16_192_64_0p5_0p02_0057_0010" 5335
"/Engine/EngineMaterials/Substrate/GLints/dict_16_192_64_0p5_0p02_0057_0011" 5336
"/Engine/EngineMaterials/Substrate/GLints/dict_16_192_64_0p5_0p02_0057_0012" 5337
"/Engine/EngineMaterials/Substrate/GLints/dict_16_192_64_0p5_0p02_0057_0013" 5338
"/Engine/EngineMaterials/Substrate/GLints/dict_16_192_64_0p5_0p02_0057_0014" 5339
"/Engine/EngineMaterials/Substrate/GLints/dict_16_192_64_0p5_0p02_0057_0015" 5340
"/Engine/EngineMaterials/Substrate/GLints/dict_16_192_64_0p5_0p02_0058_0000" 5341
"/Engine/EngineMaterials/Substrate/GLints/dict_16_192_64_0p5_0p02_0058_0001" 5342
"../../../Engine/Content/EngineMaterials/Substrate/GLints/dict_16_192_64_0p5_0p02_0055_0014.uasset" 5343
"../../../Engine/Content/EngineMaterials/Substrate/GLints/dict_16_192_64_0p5_0p02_0055_0013.uasset" 5344
"../../../Engine/Content/EngineMaterials/Substrate/GLints/dict_16_192_64_0p5_0p02_0056_0001.uasset" 5345
"../../../Engine/Content/EngineMaterials/Substrate/GLints/dict_16_192_64_0p5_0p02_0055_0007.uasset" 5346
"../../../Engine/Content/EngineMaterials/Substrate/GLints/dict_16_192_64_0p5_0p02_0056_0000.uasset" 5347
"../../../Engine/Content/EngineMaterials/Substrate/GLints/dict_16_192_64_0p5_0p02_0055_0010.uasset" 5348
"../../../Engine/Content/EngineMaterials/Substrate/GLints/dict_16_192_64_0p5_0p02_0055_0012.uasset" 5349
"../../../Engine/Content/EngineMaterials/Substrate/GLints/dict_16_192_64_0p5_0p02_0055_0011.uasset" 5350
"../../../Engine/Content/EngineMaterials/Substrate/GLints/dict_16_192_64_0p5_0p02_0055_0009.uasset" 5351
"../../../Engine/Content/EngineMaterials/Substrate/GLints/dict_16_192_64_0p5_0p02_0055_0008.uasset" 5352
"../../../Engine/Content/EngineMaterials/Substrate/GLints/dict_16_192_64_0p5_0p02_0055_0015.uasset" 5353
"../../../Engine/Content/EngineMaterials/Substrate/GLints/dict_16_192_64_0p5_0p02_0055_0000.uasset" 5354
"../../../Engine/Content/EngineMaterials/Substrate/GLints/dict_16_192_64_0p5_0p02_0054_0015.uasset" 5355
"../../../Engine/Content/EngineMaterials/Substrate/GLints/dict_16_192_64_0p5_0p02_0054_0014.uasset" 5356
"../../../Engine/Content/EngineMaterials/Substrate/GLints/dict_16_192_64_0p5_0p02_0055_0003.uasset" 5357
"../../../Engine/Content/EngineMaterials/Substrate/GLints/dict_16_192_64_0p5_0p02_0054_0012.uasset" 5358
"../../../Engine/Content/EngineMaterials/Substrate/GLints/dict_16_192_64_0p5_0p02_0055_0002.uasset" 5359
"../../../Engine/Content/EngineMaterials/Substrate/GLints/dict_16_192_64_0p5_0p02_0055_0004.uasset" 5360
"../../../Engine/Content/EngineMaterials/Substrate/GLints/dict_16_192_64_0p5_0p02_0055_0001.uasset" 5361
"../../../Engine/Content/EngineMaterials/Substrate/GLints/dict_16_192_64_0p5_0p02_0055_0006.uasset" 5362
"../../../Engine/Content/EngineMaterials/Substrate/GLints/dict_16_192_64_0p5_0p02_0055_0005.uasset" 5363
"../../../Engine/Content/EngineMaterials/Substrate/GLints/dict_16_192_64_0p5_0p02_0054_0013.uasset" 5364
"../../../Engine/Content/EngineMaterials/Substrate/GLints/dict_16_192_64_0p5_0p02_0054_0011.uasset" 5365
"../../../Engine/Content/EngineMaterials/Substrate/GLints/dict_16_192_64_0p5_0p02_0054_0009.uasset" 5366
"../../../Engine/Content/EngineMaterials/Substrate/GLints/dict_16_192_64_0p5_0p02_0054_0006.uasset" 5367
"../../../Engine/Content/EngineMaterials/Substrate/GLints/dict_16_192_64_0p5_0p02_0054_0010.uasset" 5368
"../../../Engine/Content/EngineMaterials/Substrate/GLints/dict_16_192_64_0p5_0p02_0054_0008.uasset" 5369
"../../../Engine/Content/EngineMaterials/Substrate/GLints/dict_16_192_64_0p5_0p02_0054_0005.uasset" 5370
"../../../Engine/Content/EngineMaterials/Substrate/GLints/dict_16_192_64_0p5_0p02_0054_0002.uasset" 5371
"../../../Engine/Content/EngineMaterials/Substrate/GLints/dict_16_192_64_0p5_0p02_0054_0003.uasset" 5372
"../../../Engine/Content/EngineMaterials/Substrate/GLints/dict_16_192_64_0p5_0p02_0054_0004.uasset" 5373
"../../../Engine/Content/EngineMaterials/Substrate/GLints/dict_16_192_64_0p5_0p02_0054_0007.uasset" 5374
"C:/Users/mikel/AppData/Local/Temp/UnrealShaderWorkingDir/A0D86DB2411DB7C2FDA35DB4901AB180/12/WorkerOutputOnly.out" 5375
"/Engine/EngineMaterials/Substrate/GLints/dict_16_192_64_0p5_0p02_0054_0002" 5376
"/Engine/EngineMaterials/Substrate/GLints/dict_16_192_64_0p5_0p02_0054_0003" 5377
"/Engine/EngineMaterials/Substrate/GLints/dict_16_192_64_0p5_0p02_0054_0004" 5378
"/Engine/EngineMaterials/Substrate/GLints/dict_16_192_64_0p5_0p02_0054_0005" 5379
"/Engine/EngineMaterials/Substrate/GLints/dict_16_192_64_0p5_0p02_0054_0006" 5380
"/Engine/EngineMaterials/Substrate/GLints/dict_16_192_64_0p5_0p02_0054_0007" 5381
"/Engine/EngineMaterials/Substrate/GLints/dict_16_192_64_0p5_0p02_0054_0008" 5382
"/Engine/EngineMaterials/Substrate/GLints/dict_16_192_64_0p5_0p02_0054_0009" 5383
"/Engine/EngineMaterials/Substrate/GLints/dict_16_192_64_0p5_0p02_0054_0010" 5384
"/Engine/EngineMaterials/Substrate/GLints/dict_16_192_64_0p5_0p02_0054_0011" 5385
"/Engine/EngineMaterials/Substrate/GLints/dict_16_192_64_0p5_0p02_0054_0012" 5386
"/Engine/EngineMaterials/Substrate/GLints/dict_16_192_64_0p5_0p02_0054_0013" 5387
"/Engine/EngineMaterials/Substrate/GLints/dict_16_192_64_0p5_0p02_0054_0014" 5388
"/Engine/EngineMaterials/Substrate/GLints/dict_16_192_64_0p5_0p02_0054_0015" 5389
"/Engine/EngineMaterials/Substrate/GLints/dict_16_192_64_0p5_0p02_0055_0000" 5390
"/Engine/EngineMaterials/Substrate/GLints/dict_16_192_64_0p5_0p02_0055_0001" 5391
"/Engine/EngineMaterials/Substrate/GLints/dict_16_192_64_0p5_0p02_0055_0002" 5392
"/Engine/EngineMaterials/Substrate/GLints/dict_16_192_64_0p5_0p02_0055_0003" 5393
"/Engine/EngineMaterials/Substrate/GLints/dict_16_192_64_0p5_0p02_0055_0004" 5394
"/Engine/EngineMaterials/Substrate/GLints/dict_16_192_64_0p5_0p02_0055_0005" 5395
"/Engine/EngineMaterials/Substrate/GLints/dict_16_192_64_0p5_0p02_0055_0006" 5396
"/Engine/EngineMaterials/Substrate/GLints/dict_16_192_64_0p5_0p02_0055_0007" 5397
"/Engine/EngineMaterials/Substrate/GLints/dict_16_192_64_0p5_0p02_0055_0008" 5398
"/Engine/EngineMaterials/Substrate/GLints/dict_16_192_64_0p5_0p02_0055_0009" 5399
"/Engine/EngineMaterials/Substrate/GLints/dict_16_192_64_0p5_0p02_0055_0010" 5400
"/Engine/EngineMaterials/Substrate/GLints/dict_16_192_64_0p5_0p02_0055_0011" 5401
"/Engine/EngineMaterials/Substrate/GLints/dict_16_192_64_0p5_0p02_0055_0012" 5402
"/Engine/EngineMaterials/Substrate/GLints/dict_16_192_64_0p5_0p02_0055_0013" 5403
"/Engine/EngineMaterials/Substrate/GLints/dict_16_192_64_0p5_0p02_0055_0014" 5404
"/Engine/EngineMaterials/Substrate/GLints/dict_16_192_64_0p5_0p02_0055_0015" 5405
"/Engine/EngineMaterials/Substrate/GLints/dict_16_192_64_0p5_0p02_0056_0000" 5406
"/Engine/EngineMaterials/Substrate/GLints/dict_16_192_64_0p5_0p02_0056_0001" 5407
"../../../Engine/Content/EngineMaterials/Substrate/GLints/dict_16_192_64_0p5_0p02_0053_0014.uasset" 5408
"../../../Engine/Content/EngineMaterials/Substrate/GLints/dict_16_192_64_0p5_0p02_0053_0008.uasset" 5409
"../../../Engine/Content/EngineMaterials/Substrate/GLints/dict_16_192_64_0p5_0p02_0054_0000.uasset" 5410
"../../../Engine/Content/EngineMaterials/Substrate/GLints/dict_16_192_64_0p5_0p02_0053_0007.uasset" 5411
"../../../Engine/Content/EngineMaterials/Substrate/GLints/dict_16_192_64_0p5_0p02_0053_0015.uasset" 5412
"../../../Engine/Content/EngineMaterials/Substrate/GLints/dict_16_192_64_0p5_0p02_0053_0009.uasset" 5413
"../../../Engine/Content/EngineMaterials/Substrate/GLints/dict_16_192_64_0p5_0p02_0053_0010.uasset" 5414
"../../../Engine/Content/EngineMaterials/Substrate/GLints/dict_16_192_64_0p5_0p02_0053_0011.uasset" 5415
"../../../Engine/Content/EngineMaterials/Substrate/GLints/dict_16_192_64_0p5_0p02_0053_0006.uasset" 5416
"../../../Engine/Content/EngineMaterials/Substrate/GLints/dict_16_192_64_0p5_0p02_0053_0013.uasset" 5417
"../../../Engine/Content/EngineMaterials/Substrate/GLints/dict_16_192_64_0p5_0p02_0054_0001.uasset" 5418
"../../../Engine/Content/EngineMaterials/Substrate/GLints/dict_16_192_64_0p5_0p02_0053_0012.uasset" 5419
"../../../Engine/Content/EngineMaterials/Substrate/GLints/dict_16_192_64_0p5_0p02_0053_0002.uasset" 5420
"../../../Engine/Content/EngineMaterials/Substrate/GLints/dict_16_192_64_0p5_0p02_0053_0003.uasset" 5421
"../../../Engine/Content/EngineMaterials/Substrate/GLints/dict_16_192_64_0p5_0p02_0052_0014.uasset" 5422
"../../../Engine/Content/EngineMaterials/Substrate/GLints/dict_16_192_64_0p5_0p02_0052_0013.uasset" 5423
"../../../Engine/Content/EngineMaterials/Substrate/GLints/dict_16_192_64_0p5_0p02_0053_0000.uasset" 5424
"../../../Engine/Content/EngineMaterials/Substrate/GLints/dict_16_192_64_0p5_0p02_0052_0012.uasset" 5425
"../../../Engine/Content/EngineMaterials/Substrate/GLints/dict_16_192_64_0p5_0p02_0053_0004.uasset" 5426
"../../../Engine/Content/EngineMaterials/Substrate/GLints/dict_16_192_64_0p5_0p02_0053_0001.uasset" 5427
"../../../Engine/Content/EngineMaterials/Substrate/GLints/dict_16_192_64_0p5_0p02_0052_0015.uasset" 5428
"../../../Engine/Content/EngineMaterials/Substrate/GLints/dict_16_192_64_0p5_0p02_0052_0010.uasset" 5429
"../../../Engine/Content/EngineMaterials/Substrate/GLints/dict_16_192_64_0p5_0p02_0052_0011.uasset" 5430
"../../../Engine/Content/EngineMaterials/Substrate/GLints/dict_16_192_64_0p5_0p02_0052_0009.uasset" 5431
"../../../Engine/Content/EngineMaterials/Substrate/GLints/dict_16_192_64_0p5_0p02_0052_0008.uasset" 5432
"../../../Engine/Content/EngineMaterials/Substrate/GLints/dict_16_192_64_0p5_0p02_0053_0005.uasset" 5433
"../../../Engine/Content/EngineMaterials/Substrate/GLints/dict_16_192_64_0p5_0p02_0052_0007.uasset" 5434
"../../../Engine/Content/EngineMaterials/Substrate/GLints/dict_16_192_64_0p5_0p02_0052_0004.uasset" 5435
"../../../Engine/Content/EngineMaterials/Substrate/GLints/dict_16_192_64_0p5_0p02_0052_0006.uasset" 5436
"../../../Engine/Content/EngineMaterials/Substrate/GLints/dict_16_192_64_0p5_0p02_0052_0003.uasset" 5437
"../../../Engine/Content/EngineMaterials/Substrate/GLints/dict_16_192_64_0p5_0p02_0052_0002.uasset" 5438
"../../../Engine/Content/EngineMaterials/Substrate/GLints/dict_16_192_64_0p5_0p02_0052_0005.uasset" 5439
"C:/Users/mikel/AppData/Local/Temp/UnrealShaderWorkingDir/A0D86DB2411DB7C2FDA35DB4901AB180/15/WorkerOutputOnly.out" 5440
"C:/Users/mikel/AppData/Local/Temp/UnrealShaderWorkingDir/A0D86DB2411DB7C2FDA35DB4901AB180/10/WorkerOutputOnly.out" 5441
"C:/Users/mikel/AppData/Local/Temp/UnrealShaderWorkingDir/A0D86DB2411DB7C2FDA35DB4901AB180/5/WorkerOutputOnly.out" 5442
"C:/Users/mikel/Downloads/Paranoia/DerivedDataCache/VT/TEXTURE_7C16439390E24F1F9468894FB4D4BC55_VTCHUNKD2DAB16BFF152507817E734DBB935160EA97A322" 5443
"C:/Users/mikel/Downloads/Paranoia/DerivedDataCache/VT/TEXTURE_7C16439390E24F1F9468894FB4D4BC55_VTCHUNK38740DBD4108040D6985AA56705D97D46F27920C" 5444
"C:/Users/mikel/Downloads/Paranoia/DerivedDataCache/VT/TEXTURE_7C16439390E24F1F9468894FB4D4BC55_VTCHUNK84C05FFC339C0CEFE446DED1628C0AFB5362331E" 5445
"C:/Users/mikel/Downloads/Paranoia/DerivedDataCache/VT/TEXTURE_7C16439390E24F1F9468894FB4D4BC55_VTCHUNKC0393DE8C5B4673D99D1BECB92AA8C1F72FEB491" 5446
"C:/Users/mikel/Downloads/Paranoia/DerivedDataCache/VT/TEXTURE_7C16439390E24F1F9468894FB4D4BC55_VTCHUNK02D4C3BCAD7DFA48AB32B8281FB06B8B83DB6275" 5447
"C:/Users/mikel/AppData/Local/Temp/UnrealShaderWorkingDir/A0D86DB2411DB7C2FDA35DB4901AB180/11/WorkerOutputOnly.out" 5448
"/Engine/EngineMaterials/Substrate/GLints/dict_16_192_64_0p5_0p02_0052_0002" 5449
"/Engine/EngineMaterials/Substrate/GLints/dict_16_192_64_0p5_0p02_0052_0003" 5450
"/Engine/EngineMaterials/Substrate/GLints/dict_16_192_64_0p5_0p02_0052_0004" 5451
"/Engine/EngineMaterials/Substrate/GLints/dict_16_192_64_0p5_0p02_0052_0005" 5452
"/Engine/EngineMaterials/Substrate/GLints/dict_16_192_64_0p5_0p02_0052_0006" 5453
"/Engine/EngineMaterials/Substrate/GLints/dict_16_192_64_0p5_0p02_0052_0007" 5454
"/Engine/EngineMaterials/Substrate/GLints/dict_16_192_64_0p5_0p02_0052_0008" 5455
"/Engine/EngineMaterials/Substrate/GLints/dict_16_192_64_0p5_0p02_0052_0009" 5456
"/Engine/EngineMaterials/Substrate/GLints/dict_16_192_64_0p5_0p02_0052_0010" 5457
"/Engine/EngineMaterials/Substrate/GLints/dict_16_192_64_0p5_0p02_0052_0011" 5458
"/Engine/EngineMaterials/Substrate/GLints/dict_16_192_64_0p5_0p02_0052_0012" 5459
"/Engine/EngineMaterials/Substrate/GLints/dict_16_192_64_0p5_0p02_0052_0013" 5460
"/Engine/EngineMaterials/Substrate/GLints/dict_16_192_64_0p5_0p02_0052_0014" 5461
"/Engine/EngineMaterials/Substrate/GLints/dict_16_192_64_0p5_0p02_0052_0015" 5462
"/Engine/EngineMaterials/Substrate/GLints/dict_16_192_64_0p5_0p02_0053_0000" 5463
"/Engine/EngineMaterials/Substrate/GLints/dict_16_192_64_0p5_0p02_0053_0001" 5464
"/Engine/EngineMaterials/Substrate/GLints/dict_16_192_64_0p5_0p02_0053_0002" 5465
"/Engine/EngineMaterials/Substrate/GLints/dict_16_192_64_0p5_0p02_0053_0003" 5466
"/Engine/EngineMaterials/Substrate/GLints/dict_16_192_64_0p5_0p02_0053_0004" 5467
"/Engine/EngineMaterials/Substrate/GLints/dict_16_192_64_0p5_0p02_0053_0005" 5468
"/Engine/EngineMaterials/Substrate/GLints/dict_16_192_64_0p5_0p02_0053_0006" 5469
"/Engine/EngineMaterials/Substrate/GLints/dict_16_192_64_0p5_0p02_0053_0007" 5470
"/Engine/EngineMaterials/Substrate/GLints/dict_16_192_64_0p5_0p02_0053_0008" 5471
"/Engine/EngineMaterials/Substrate/GLints/dict_16_192_64_0p5_0p02_0053_0009" 5472
"/Engine/EngineMaterials/Substrate/GLints/dict_16_192_64_0p5_0p02_0053_0010" 5473
"/Engine/EngineMaterials/Substrate/GLints/dict_16_192_64_0p5_0p02_0053_0011" 5474
"/Engine/EngineMaterials/Substrate/GLints/dict_16_192_64_0p5_0p02_0053_0012" 5475
"/Engine/EngineMaterials/Substrate/GLints/dict_16_192_64_0p5_0p02_0053_0013" 5476
"/Engine/EngineMaterials/Substrate/GLints/dict_16_192_64_0p5_0p02_0053_0014" 5477
"/Engine/EngineMaterials/Substrate/GLints/dict_16_192_64_0p5_0p02_0053_0015" 5478
"/Engine/EngineMaterials/Substrate/GLints/dict_16_192_64_0p5_0p02_0054_0000" 5479
"/Engine/EngineMaterials/Substrate/GLints/dict_16_192_64_0p5_0p02_0054_0001" 5480
"../../../Engine/Content/EngineMaterials/Substrate/GLints/dict_16_192_64_0p5_0p02_0051_0014.uasset" 5481
"../../../Engine/Content/EngineMaterials/Substrate/GLints/dict_16_192_64_0p5_0p02_0050_0015.uasset" 5482
"../../../Engine/Content/EngineMaterials/Substrate/GLints/dict_16_192_64_0p5_0p02_0051_0006.uasset" 5483
"../../../Engine/Content/EngineMaterials/Substrate/GLints/dict_16_192_64_0p5_0p02_0051_0007.uasset" 5484
"../../../Engine/Content/EngineMaterials/Substrate/GLints/dict_16_192_64_0p5_0p02_0051_0002.uasset" 5485
"../../../Engine/Content/EngineMaterials/Substrate/GLints/dict_16_192_64_0p5_0p02_0051_0009.uasset" 5486
"../../../Engine/Content/EngineMaterials/Substrate/GLints/dict_16_192_64_0p5_0p02_0051_0015.uasset" 5487
"../../../Engine/Content/EngineMaterials/Substrate/GLints/dict_16_192_64_0p5_0p02_0050_0014.uasset" 5488
"../../../Engine/Content/EngineMaterials/Substrate/GLints/dict_16_192_64_0p5_0p02_0051_0008.uasset" 5489
"../../../Engine/Content/EngineMaterials/Substrate/GLints/dict_16_192_64_0p5_0p02_0051_0000.uasset" 5490
"../../../Engine/Content/EngineMaterials/Substrate/GLints/dict_16_192_64_0p5_0p02_0052_0000.uasset" 5491
"../../../Engine/Content/EngineMaterials/Substrate/GLints/dict_16_192_64_0p5_0p02_0051_0005.uasset" 5492
"../../../Engine/Content/EngineMaterials/Substrate/GLints/dict_16_192_64_0p5_0p02_0052_0001.uasset" 5493
"../../../Engine/Content/EngineMaterials/Substrate/GLints/dict_16_192_64_0p5_0p02_0050_0013.uasset" 5494
"../../../Engine/Content/EngineMaterials/Substrate/GLints/dict_16_192_64_0p5_0p02_0051_0004.uasset" 5495
"../../../Engine/Content/EngineMaterials/Substrate/GLints/dict_16_192_64_0p5_0p02_0051_0012.uasset" 5496
"../../../Engine/Content/EngineMaterials/Substrate/GLints/dict_16_192_64_0p5_0p02_0051_0001.uasset" 5497
"../../../Engine/Content/EngineMaterials/Substrate/GLints/dict_16_192_64_0p5_0p02_0051_0011.uasset" 5498
"../../../Engine/Content/EngineMaterials/Substrate/GLints/dict_16_192_64_0p5_0p02_0051_0010.uasset" 5499
"../../../Engine/Content/EngineMaterials/Substrate/GLints/dict_16_192_64_0p5_0p02_0051_0013.uasset" 5500
"../../../Engine/Content/EngineMaterials/Substrate/GLints/dict_16_192_64_0p5_0p02_0051_0003.uasset" 5501
"../../../Engine/Content/EngineMaterials/Substrate/GLints/dict_16_192_64_0p5_0p02_0050_0011.uasset" 5502
"../../../Engine/Content/EngineMaterials/Substrate/GLints/dict_16_192_64_0p5_0p02_0050_0010.uasset" 5503
"../../../Engine/Content/EngineMaterials/Substrate/GLints/dict_16_192_64_0p5_0p02_0050_0006.uasset" 5504
"../../../Engine/Content/EngineMaterials/Substrate/GLints/dict_16_192_64_0p5_0p02_0050_0003.uasset" 5505
"../../../Engine/Content/EngineMaterials/Substrate/GLints/dict_16_192_64_0p5_0p02_0050_0009.uasset" 5506
"../../../Engine/Content/EngineMaterials/Substrate/GLints/dict_16_192_64_0p5_0p02_0050_0007.uasset" 5507
"../../../Engine/Content/EngineMaterials/Substrate/GLints/dict_16_192_64_0p5_0p02_0050_0005.uasset" 5508
"../../../Engine/Content/EngineMaterials/Substrate/GLints/dict_16_192_64_0p5_0p02_0050_0004.uasset" 5509
"../../../Engine/Content/EngineMaterials/Substrate/GLints/dict_16_192_64_0p5_0p02_0050_0002.uasset" 5510
"../../../Engine/Content/EngineMaterials/Substrate/GLints/dict_16_192_64_0p5_0p02_0050_0012.uasset" 5511
"../../../Engine/Content/EngineMaterials/Substrate/GLints/dict_16_192_64_0p5_0p02_0050_0008.uasset" 5512
"/Engine/EngineMaterials/Substrate/GLints/dict_16_192_64_0p5_0p02_0050_0002" 5513
"/Engine/EngineMaterials/Substrate/GLints/dict_16_192_64_0p5_0p02_0050_0003" 5514
"/Engine/EngineMaterials/Substrate/GLints/dict_16_192_64_0p5_0p02_0050_0004" 5515
"/Engine/EngineMaterials/Substrate/GLints/dict_16_192_64_0p5_0p02_0050_0005" 5516
"/Engine/EngineMaterials/Substrate/GLints/dict_16_192_64_0p5_0p02_0050_0006" 5517
"/Engine/EngineMaterials/Substrate/GLints/dict_16_192_64_0p5_0p02_0050_0007" 5518
"/Engine/EngineMaterials/Substrate/GLints/dict_16_192_64_0p5_0p02_0050_0008" 5519
"/Engine/EngineMaterials/Substrate/GLints/dict_16_192_64_0p5_0p02_0050_0009" 5520
"/Engine/EngineMaterials/Substrate/GLints/dict_16_192_64_0p5_0p02_0050_0010" 5521
"/Engine/EngineMaterials/Substrate/GLints/dict_16_192_64_0p5_0p02_0050_0011" 5522
"/Engine/EngineMaterials/Substrate/GLints/dict_16_192_64_0p5_0p02_0050_0012" 5523
"/Engine/EngineMaterials/Substrate/GLints/dict_16_192_64_0p5_0p02_0050_0013" 5524
"/Engine/EngineMaterials/Substrate/GLints/dict_16_192_64_0p5_0p02_0050_0014" 5525
"/Engine/EngineMaterials/Substrate/GLints/dict_16_192_64_0p5_0p02_0050_0015" 5526
"/Engine/EngineMaterials/Substrate/GLints/dict_16_192_64_0p5_0p02_0051_0000" 5527
"/Engine/EngineMaterials/Substrate/GLints/dict_16_192_64_0p5_0p02_0051_0001" 5528
"/Engine/EngineMaterials/Substrate/GLints/dict_16_192_64_0p5_0p02_0051_0002" 5529
"/Engine/EngineMaterials/Substrate/GLints/dict_16_192_64_0p5_0p02_0051_0003" 5530
"/Engine/EngineMaterials/Substrate/GLints/dict_16_192_64_0p5_0p02_0051_0004" 5531
"/Engine/EngineMaterials/Substrate/GLints/dict_16_192_64_0p5_0p02_0051_0005" 5532
"/Engine/EngineMaterials/Substrate/GLints/dict_16_192_64_0p5_0p02_0051_0006" 5533
"/Engine/EngineMaterials/Substrate/GLints/dict_16_192_64_0p5_0p02_0051_0007" 5534
"/Engine/EngineMaterials/Substrate/GLints/dict_16_192_64_0p5_0p02_0051_0008" 5535
"/Engine/EngineMaterials/Substrate/GLints/dict_16_192_64_0p5_0p02_0051_0009" 5536
"/Engine/EngineMaterials/Substrate/GLints/dict_16_192_64_0p5_0p02_0051_0010" 5537
"/Engine/EngineMaterials/Substrate/GLints/dict_16_192_64_0p5_0p02_0051_0011" 5538
"/Engine/EngineMaterials/Substrate/GLints/dict_16_192_64_0p5_0p02_0051_0012" 5539
"/Engine/EngineMaterials/Substrate/GLints/dict_16_192_64_0p5_0p02_0051_0013" 5540
"/Engine/EngineMaterials/Substrate/GLints/dict_16_192_64_0p5_0p02_0051_0014" 5541
"/Engine/EngineMaterials/Substrate/GLints/dict_16_192_64_0p5_0p02_0051_0015" 5542
"/Engine/EngineMaterials/Substrate/GLints/dict_16_192_64_0p5_0p02_0052_0000" 5543
"/Engine/EngineMaterials/Substrate/GLints/dict_16_192_64_0p5_0p02_0052_0001" 5544
"../../../Engine/Content/EngineMaterials/Substrate/GLints/dict_16_192_64_0p5_0p02_0049_0014.uasset" 5545
"../../../Engine/Content/EngineMaterials/Substrate/GLints/dict_16_192_64_0p5_0p02_0049_0012.uasset" 5546
"../../../Engine/Content/EngineMaterials/Substrate/GLints/dict_16_192_64_0p5_0p02_0049_0000.uasset" 5547
"../../../Engine/Content/EngineMaterials/Substrate/GLints/dict_16_192_64_0p5_0p02_0048_0015.uasset" 5548
"../../../Engine/Content/EngineMaterials/Substrate/GLints/dict_16_192_64_0p5_0p02_0049_0013.uasset" 5549
"../../../Engine/Content/EngineMaterials/Substrate/GLints/dict_16_192_64_0p5_0p02_0050_0000.uasset" 5550
"../../../Engine/Content/EngineMaterials/Substrate/GLints/dict_16_192_64_0p5_0p02_0049_0011.uasset" 5551
"../../../Engine/Content/EngineMaterials/Substrate/GLints/dict_16_192_64_0p5_0p02_0049_0006.uasset" 5552
"../../../Engine/Content/EngineMaterials/Substrate/GLints/dict_16_192_64_0p5_0p02_0049_0001.uasset" 5553
"../../../Engine/Content/EngineMaterials/Substrate/GLints/dict_16_192_64_0p5_0p02_0049_0003.uasset" 5554
"../../../Engine/Content/EngineMaterials/Substrate/GLints/dict_16_192_64_0p5_0p02_0050_0001.uasset" 5555
"../../../Engine/Content/EngineMaterials/Substrate/GLints/dict_16_192_64_0p5_0p02_0049_0010.uasset" 5556
"../../../Engine/Content/EngineMaterials/Substrate/GLints/dict_16_192_64_0p5_0p02_0049_0015.uasset" 5557
"../../../Engine/Content/EngineMaterials/Substrate/GLints/dict_16_192_64_0p5_0p02_0049_0007.uasset" 5558
"../../../Engine/Content/EngineMaterials/Substrate/GLints/dict_16_192_64_0p5_0p02_0049_0004.uasset" 5559
"../../../Engine/Content/EngineMaterials/Substrate/GLints/dict_16_192_64_0p5_0p02_0049_0009.uasset" 5560
"../../../Engine/Content/EngineMaterials/Substrate/GLints/dict_16_192_64_0p5_0p02_0049_0005.uasset" 5561
"../../../Engine/Content/EngineMaterials/Substrate/GLints/dict_16_192_64_0p5_0p02_0049_0002.uasset" 5562
"../../../Engine/Content/EngineMaterials/Substrate/GLints/dict_16_192_64_0p5_0p02_0049_0008.uasset" 5563
"/Engine/EngineMaterials/Substrate/GLints/dict_16_192_64_0p5_0p02_0048_0015" 5564
"/Engine/EngineMaterials/Substrate/GLints/dict_16_192_64_0p5_0p02_0049_0000" 5565
"/Engine/EngineMaterials/Substrate/GLints/dict_16_192_64_0p5_0p02_0049_0001" 5566
"/Engine/EngineMaterials/Substrate/GLints/dict_16_192_64_0p5_0p02_0049_0002" 5567
"/Engine/EngineMaterials/Substrate/GLints/dict_16_192_64_0p5_0p02_0049_0003" 5568
"/Engine/EngineMaterials/Substrate/GLints/dict_16_192_64_0p5_0p02_0049_0004" 5569
"/Engine/EngineMaterials/Substrate/GLints/dict_16_192_64_0p5_0p02_0049_0005" 5570
"/Engine/EngineMaterials/Substrate/GLints/dict_16_192_64_0p5_0p02_0049_0006" 5571
"/Engine/EngineMaterials/Substrate/GLints/dict_16_192_64_0p5_0p02_0049_0007" 5572
"/Engine/EngineMaterials/Substrate/GLints/dict_16_192_64_0p5_0p02_0049_0008" 5573
"/Engine/EngineMaterials/Substrate/GLints/dict_16_192_64_0p5_0p02_0049_0009" 5574
"/Engine/EngineMaterials/Substrate/GLints/dict_16_192_64_0p5_0p02_0049_0010" 5575
"/Engine/EngineMaterials/Substrate/GLints/dict_16_192_64_0p5_0p02_0049_0011" 5576
"/Engine/EngineMaterials/Substrate/GLints/dict_16_192_64_0p5_0p02_0049_0012" 5577
"/Engine/EngineMaterials/Substrate/GLints/dict_16_192_64_0p5_0p02_0049_0013" 5578
"/Engine/EngineMaterials/Substrate/GLints/dict_16_192_64_0p5_0p02_0049_0014" 5579
"/Engine/EngineMaterials/Substrate/GLints/dict_16_192_64_0p5_0p02_0049_0015" 5580
"/Engine/EngineMaterials/Substrate/GLints/dict_16_192_64_0p5_0p02_0050_0000" 5581
"../../../Engine/Content/EngineMaterials/Substrate/GLints/dict_16_192_64_0p5_0p02_0048_0011.uasset" 5582
"../../../Engine/Content/EngineMaterials/Substrate/GLints/dict_16_192_64_0p5_0p02_0048_0005.uasset" 5583
"/Engine/EngineMaterials/Substrate/GLints/dict_16_192_64_0p5_0p02_0050_0001" 5584
"../../../Engine/Content/EngineMaterials/Substrate/GLints/dict_16_192_64_0p5_0p02_0048_0012.uasset" 5585
"../../../Engine/Content/EngineMaterials/Substrate/GLints/dict_16_192_64_0p5_0p02_0048_0009.uasset" 5586
"../../../Engine/Content/EngineMaterials/Substrate/GLints/dict_16_192_64_0p5_0p02_0048_0010.uasset" 5587
"../../../Engine/Content/EngineMaterials/Substrate/GLints/dict_16_192_64_0p5_0p02_0048_0006.uasset" 5588
"../../../Engine/Content/EngineMaterials/Substrate/GLints/dict_16_192_64_0p5_0p02_0048_0014.uasset" 5589
"../../../Engine/Content/EngineMaterials/Substrate/GLints/dict_16_192_64_0p5_0p02_0048_0004.uasset" 5590
"../../../Engine/Content/EngineMaterials/Substrate/GLints/dict_16_192_64_0p5_0p02_0048_0003.uasset" 5591
"../../../Engine/Content/EngineMaterials/Substrate/GLints/dict_16_192_64_0p5_0p02_0048_0007.uasset" 5592
"../../../Engine/Content/EngineMaterials/Substrate/GLints/dict_16_192_64_0p5_0p02_0048_0002.uasset" 5593
"../../../Engine/Content/EngineMaterials/Substrate/GLints/dict_16_192_64_0p5_0p02_0048_0013.uasset" 5594
"../../../Engine/Content/EngineMaterials/Substrate/GLints/dict_16_192_64_0p5_0p02_0048_0008.uasset" 5595
"/Engine/EngineMaterials/Substrate/GLints/dict_16_192_64_0p5_0p02_0048_0002" 5596
"/Engine/EngineMaterials/Substrate/GLints/dict_16_192_64_0p5_0p02_0048_0003" 5597
"/Engine/EngineMaterials/Substrate/GLints/dict_16_192_64_0p5_0p02_0048_0004" 5598
"/Engine/EngineMaterials/Substrate/GLints/dict_16_192_64_0p5_0p02_0048_0005" 5599
"/Engine/EngineMaterials/Substrate/GLints/dict_16_192_64_0p5_0p02_0048_0006" 5600
"/Engine/EngineMaterials/Substrate/GLints/dict_16_192_64_0p5_0p02_0048_0007" 5601
"/Engine/EngineMaterials/Substrate/GLints/dict_16_192_64_0p5_0p02_0048_0008" 5602
"/Engine/EngineMaterials/Substrate/GLints/dict_16_192_64_0p5_0p02_0048_0009" 5603
"/Engine/EngineMaterials/Substrate/GLints/dict_16_192_64_0p5_0p02_0048_0010" 5604
"/Engine/EngineMaterials/Substrate/GLints/dict_16_192_64_0p5_0p02_0048_0011" 5605
"/Engine/EngineMaterials/Substrate/GLints/dict_16_192_64_0p5_0p02_0048_0012" 5606
"/Engine/EngineMaterials/Substrate/GLints/dict_16_192_64_0p5_0p02_0048_0013" 5607
"/Engine/EngineMaterials/Substrate/GLints/dict_16_192_64_0p5_0p02_0048_0014" 5608
"../../../Engine/Content/EngineMaterials/Substrate/GLints/dict_16_192_64_0p5_0p02_0047_0010.uasset" 5609
"../../../Engine/Content/EngineMaterials/Substrate/GLints/dict_16_192_64_0p5_0p02_0047_0005.uasset" 5610
"../../../Engine/Content/EngineMaterials/Substrate/GLints/dict_16_192_64_0p5_0p02_0047_0006.uasset" 5611
"../../../Engine/Content/EngineMaterials/Substrate/GLints/dict_16_192_64_0p5_0p02_0047_0007.uasset" 5612
"../../../Engine/Content/EngineMaterials/Substrate/GLints/dict_16_192_64_0p5_0p02_0048_0001.uasset" 5613
"../../../Engine/Content/EngineMaterials/Substrate/GLints/dict_16_192_64_0p5_0p02_0047_0011.uasset" 5614
"../../../Engine/Content/EngineMaterials/Substrate/GLints/dict_16_192_64_0p5_0p02_0048_0000.uasset" 5615
"../../../Engine/Content/EngineMaterials/Substrate/GLints/dict_16_192_64_0p5_0p02_0047_0013.uasset" 5616
"../../../Engine/Content/EngineMaterials/Substrate/GLints/dict_16_192_64_0p5_0p02_0047_0012.uasset" 5617
"../../../Engine/Content/EngineMaterials/Substrate/GLints/dict_16_192_64_0p5_0p02_0047_0002.uasset" 5618
"../../../Engine/Content/EngineMaterials/Substrate/GLints/dict_16_192_64_0p5_0p02_0047_0015.uasset" 5619
"../../../Engine/Content/EngineMaterials/Substrate/GLints/dict_16_192_64_0p5_0p02_0047_0003.uasset" 5620
"../../../Engine/Content/EngineMaterials/Substrate/GLints/dict_16_192_64_0p5_0p02_0047_0008.uasset" 5621
"../../../Engine/Content/EngineMaterials/Substrate/GLints/dict_16_192_64_0p5_0p02_0047_0009.uasset" 5622
"../../../Engine/Content/EngineMaterials/Substrate/GLints/dict_16_192_64_0p5_0p02_0047_0014.uasset" 5623
"../../../Engine/Content/EngineMaterials/Substrate/GLints/dict_16_192_64_0p5_0p02_0047_0004.uasset" 5624
"/Engine/EngineMaterials/Substrate/GLints/dict_16_192_64_0p5_0p02_0047_0002" 5625
"../../../Engine/Content/EngineMaterials/Substrate/GLints/dict_16_192_64_0p5_0p02_0046_0013.uasset" 5626
"../../../Engine/Content/EngineMaterials/Substrate/GLints/dict_16_192_64_0p5_0p02_0046_0014.uasset" 5627
"/Engine/EngineMaterials/Substrate/GLints/dict_16_192_64_0p5_0p02_0047_0003" 5628
"../../../Engine/Content/EngineMaterials/Substrate/GLints/dict_16_192_64_0p5_0p02_0047_0001.uasset" 5629
"../../../Engine/Content/EngineMaterials/Substrate/GLints/dict_16_192_64_0p5_0p02_0046_0015.uasset" 5630
"../../../Engine/Content/EngineMaterials/Substrate/GLints/dict_16_192_64_0p5_0p02_0046_0011.uasset" 5631
"../../../Engine/Content/EngineMaterials/Substrate/GLints/dict_16_192_64_0p5_0p02_0047_0000.uasset" 5632
"/Engine/EngineMaterials/Substrate/GLints/dict_16_192_64_0p5_0p02_0047_0004" 5633
"/Engine/EngineMaterials/Substrate/GLints/dict_16_192_64_0p5_0p02_0047_0005" 5634
"../../../Engine/Content/EngineMaterials/Substrate/GLints/dict_16_192_64_0p5_0p02_0046_0006.uasset" 5635
"../../../Engine/Content/EngineMaterials/Substrate/GLints/dict_16_192_64_0p5_0p02_0046_0009.uasset" 5636
"/Engine/EngineMaterials/Substrate/GLints/dict_16_192_64_0p5_0p02_0047_0006" 5637
"../../../Engine/Content/EngineMaterials/Substrate/GLints/dict_16_192_64_0p5_0p02_0046_0005.uasset" 5638
"../../../Engine/Content/EngineMaterials/Substrate/GLints/dict_16_192_64_0p5_0p02_0046_0012.uasset" 5639
"../../../Engine/Content/EngineMaterials/Substrate/GLints/dict_16_192_64_0p5_0p02_0046_0010.uasset" 5640
"../../../Engine/Content/EngineMaterials/Substrate/GLints/dict_16_192_64_0p5_0p02_0046_0007.uasset" 5641
"/Engine/EngineMaterials/Substrate/GLints/dict_16_192_64_0p5_0p02_0047_0007" 5642
"../../../Engine/Content/EngineMaterials/Substrate/GLints/dict_16_192_64_0p5_0p02_0046_0002.uasset" 5643
"../../../Engine/Content/EngineMaterials/Substrate/GLints/dict_16_192_64_0p5_0p02_0046_0003.uasset" 5644
"/Engine/EngineMaterials/Substrate/GLints/dict_16_192_64_0p5_0p02_0047_0008" 5645
"../../../Engine/Content/EngineMaterials/Substrate/GLints/dict_16_192_64_0p5_0p02_0046_0008.uasset" 5646
"../../../Engine/Content/EngineMaterials/Substrate/GLints/dict_16_192_64_0p5_0p02_0046_0004.uasset" 5647
"/Engine/EngineMaterials/Substrate/GLints/dict_16_192_64_0p5_0p02_0047_0009" 5648
"/Engine/EngineMaterials/Substrate/GLints/dict_16_192_64_0p5_0p02_0047_0010" 5649
"/Engine/EngineMaterials/Substrate/GLints/dict_16_192_64_0p5_0p02_0047_0011" 5650
"/Engine/EngineMaterials/Substrate/GLints/dict_16_192_64_0p5_0p02_0047_0012" 5651
"/Engine/EngineMaterials/Substrate/GLints/dict_16_192_64_0p5_0p02_0047_0013" 5652
"/Engine/EngineMaterials/Substrate/GLints/dict_16_192_64_0p5_0p02_0047_0014" 5653
"/Engine/EngineMaterials/Substrate/GLints/dict_16_192_64_0p5_0p02_0047_0015" 5654
"/Engine/EngineMaterials/Substrate/GLints/dict_16_192_64_0p5_0p02_0048_0000" 5655
"/Engine/EngineMaterials/Substrate/GLints/dict_16_192_64_0p5_0p02_0048_0001" 5656
"/Engine/EngineMaterials/Substrate/GLints/dict_16_192_64_0p5_0p02_0046_0002" 5657
"/Engine/EngineMaterials/Substrate/GLints/dict_16_192_64_0p5_0p02_0046_0003" 5658
"/Engine/EngineMaterials/Substrate/GLints/dict_16_192_64_0p5_0p02_0046_0004" 5659
"/Engine/EngineMaterials/Substrate/GLints/dict_16_192_64_0p5_0p02_0046_0005" 5660
"/Engine/EngineMaterials/Substrate/GLints/dict_16_192_64_0p5_0p02_0046_0006" 5661
"/Engine/EngineMaterials/Substrate/GLints/dict_16_192_64_0p5_0p02_0046_0007" 5662
"/Engine/EngineMaterials/Substrate/GLints/dict_16_192_64_0p5_0p02_0046_0008" 5663
"/Engine/EngineMaterials/Substrate/GLints/dict_16_192_64_0p5_0p02_0046_0009" 5664
"/Engine/EngineMaterials/Substrate/GLints/dict_16_192_64_0p5_0p02_0046_0010" 5665
"/Engine/EngineMaterials/Substrate/GLints/dict_16_192_64_0p5_0p02_0046_0011" 5666
"/Engine/EngineMaterials/Substrate/GLints/dict_16_192_64_0p5_0p02_0046_0012" 5667
"/Engine/EngineMaterials/Substrate/GLints/dict_16_192_64_0p5_0p02_0046_0013" 5668
"/Engine/EngineMaterials/Substrate/GLints/dict_16_192_64_0p5_0p02_0046_0014" 5669
"/Engine/EngineMaterials/Substrate/GLints/dict_16_192_64_0p5_0p02_0046_0015" 5670
"/Engine/EngineMaterials/Substrate/GLints/dict_16_192_64_0p5_0p02_0047_0000" 5671
"/Engine/EngineMaterials/Substrate/GLints/dict_16_192_64_0p5_0p02_0047_0001" 5672
"../../../Engine/Content/EngineMaterials/Substrate/GLints/dict_16_192_64_0p5_0p02_0046_0000.uasset" 5673
"../../../Engine/Content/EngineMaterials/Substrate/GLints/dict_16_192_64_0p5_0p02_0045_0014.uasset" 5674
"../../../Engine/Content/EngineMaterials/Substrate/GLints/dict_16_192_64_0p5_0p02_0046_0001.uasset" 5675
"../../../Engine/Content/EngineMaterials/Substrate/GLints/dict_16_192_64_0p5_0p02_0045_0012.uasset" 5676
"../../../Engine/Content/EngineMaterials/Substrate/GLints/dict_16_192_64_0p5_0p02_0045_0011.uasset" 5677
"../../../Engine/Content/EngineMaterials/Substrate/GLints/dict_16_192_64_0p5_0p02_0045_0013.uasset" 5678
"../../../Engine/Content/EngineMaterials/Substrate/GLints/dict_16_192_64_0p5_0p02_0045_0015.uasset" 5679
"../../../Engine/Content/EngineMaterials/Substrate/GLints/dict_16_192_64_0p5_0p02_0045_0010.uasset" 5680
"../../../Engine/Content/EngineMaterials/Substrate/GLints/dict_16_192_64_0p5_0p02_0045_0009.uasset" 5681
"../../../Engine/Content/EngineMaterials/Substrate/GLints/dict_16_192_64_0p5_0p02_0045_0007.uasset" 5682
"../../../Engine/Content/EngineMaterials/Substrate/GLints/dict_16_192_64_0p5_0p02_0045_0008.uasset" 5683
"../../../Engine/Content/EngineMaterials/Substrate/GLints/dict_16_192_64_0p5_0p02_0045_0006.uasset" 5684
"../../../Engine/Content/EngineMaterials/Substrate/GLints/dict_16_192_64_0p5_0p02_0045_0005.uasset" 5685
"../../../Engine/Content/EngineMaterials/Substrate/GLints/dict_16_192_64_0p5_0p02_0045_0002.uasset" 5686
"../../../Engine/Content/EngineMaterials/Substrate/GLints/dict_16_192_64_0p5_0p02_0045_0003.uasset" 5687
"../../../Engine/Content/EngineMaterials/Substrate/GLints/dict_16_192_64_0p5_0p02_0045_0004.uasset" 5688
"../../../Engine/Content/EngineMaterials/Substrate/GLints/dict_16_192_64_0p5_0p02_0045_0001.uasset" 5689
"../../../Engine/Content/EngineMaterials/Substrate/GLints/dict_16_192_64_0p5_0p02_0045_0000.uasset" 5690
"../../../Engine/Content/EngineMaterials/Substrate/GLints/dict_16_192_64_0p5_0p02_0044_0015.uasset" 5691
"/Engine/EngineMaterials/Substrate/GLints/dict_16_192_64_0p5_0p02_0044_0015" 5692
"/Engine/EngineMaterials/Substrate/GLints/dict_16_192_64_0p5_0p02_0045_0000" 5693
"/Engine/EngineMaterials/Substrate/GLints/dict_16_192_64_0p5_0p02_0045_0001" 5694
"/Engine/EngineMaterials/Substrate/GLints/dict_16_192_64_0p5_0p02_0045_0002" 5695
"../../../Engine/Content/EngineMaterials/Substrate/GLints/dict_16_192_64_0p5_0p02_0044_0014.uasset" 5696
"../../../Engine/Content/EngineMaterials/Substrate/GLints/dict_16_192_64_0p5_0p02_0044_0013.uasset" 5697
"/Engine/EngineMaterials/Substrate/GLints/dict_16_192_64_0p5_0p02_0045_0003" 5698
"/Engine/EngineMaterials/Substrate/GLints/dict_16_192_64_0p5_0p02_0045_0004" 5699
"/Engine/EngineMaterials/Substrate/GLints/dict_16_192_64_0p5_0p02_0045_0005" 5700
"/Engine/EngineMaterials/Substrate/GLints/dict_16_192_64_0p5_0p02_0045_0006" 5701
"../../../Engine/Content/EngineMaterials/Substrate/GLints/dict_16_192_64_0p5_0p02_0044_0011.uasset" 5702
"/Engine/EngineMaterials/Substrate/GLints/dict_16_192_64_0p5_0p02_0045_0007" 5703
"../../../Engine/Content/EngineMaterials/Substrate/GLints/dict_16_192_64_0p5_0p02_0044_0009.uasset" 5704
"../../../Engine/Content/EngineMaterials/Substrate/GLints/dict_16_192_64_0p5_0p02_0044_0010.uasset" 5705
"/Engine/EngineMaterials/Substrate/GLints/dict_16_192_64_0p5_0p02_0045_0008" 5706
"../../../Engine/Content/EngineMaterials/Substrate/GLints/dict_16_192_64_0p5_0p02_0044_0008.uasset" 5707
"/Engine/EngineMaterials/Substrate/GLints/dict_16_192_64_0p5_0p02_0045_0009" 5708
"/Engine/EngineMaterials/Substrate/GLints/dict_16_192_64_0p5_0p02_0045_0010" 5709
"/Engine/EngineMaterials/Substrate/GLints/dict_16_192_64_0p5_0p02_0045_0011" 5710
"/Engine/EngineMaterials/Substrate/GLints/dict_16_192_64_0p5_0p02_0045_0012" 5711
"/Engine/EngineMaterials/Substrate/GLints/dict_16_192_64_0p5_0p02_0045_0013" 5712
"../../../Engine/Content/EngineMaterials/Substrate/GLints/dict_16_192_64_0p5_0p02_0044_0007.uasset" 5713
"/Engine/EngineMaterials/Substrate/GLints/dict_16_192_64_0p5_0p02_0045_0014" 5714
"../../../Engine/Content/EngineMaterials/Substrate/GLints/dict_16_192_64_0p5_0p02_0044_0006.uasset" 5715
"../../../Engine/Content/EngineMaterials/Substrate/GLints/dict_16_192_64_0p5_0p02_0044_0012.uasset" 5716
"/Engine/EngineMaterials/Substrate/GLints/dict_16_192_64_0p5_0p02_0045_0015" 5717
"../../../Engine/Content/EngineMaterials/Substrate/GLints/dict_16_192_64_0p5_0p02_0044_0005.uasset" 5718
"/Engine/EngineMaterials/Substrate/GLints/dict_16_192_64_0p5_0p02_0046_0000" 5719
"../../../Engine/Content/EngineMaterials/Substrate/GLints/dict_16_192_64_0p5_0p02_0044_0003.uasset" 5720
"/Engine/EngineMaterials/Substrate/GLints/dict_16_192_64_0p5_0p02_0046_0001" 5721
"/Engine/EngineMaterials/Substrate/GLints/dict_16_192_64_0p5_0p02_0044_0003" 5722
"../../../Engine/Content/EngineMaterials/Substrate/GLints/dict_16_192_64_0p5_0p02_0044_0004.uasset" 5723
"/Engine/EngineMaterials/Substrate/GLints/dict_16_192_64_0p5_0p02_0044_0005" 5724
"/Engine/EngineMaterials/Substrate/GLints/dict_16_192_64_0p5_0p02_0044_0006" 5725
"/Engine/EngineMaterials/Substrate/GLints/dict_16_192_64_0p5_0p02_0044_0007" 5726
"/Engine/EngineMaterials/Substrate/GLints/dict_16_192_64_0p5_0p02_0044_0008" 5727
"/Engine/EngineMaterials/Substrate/GLints/dict_16_192_64_0p5_0p02_0044_0009" 5728
"/Engine/EngineMaterials/Substrate/GLints/dict_16_192_64_0p5_0p02_0044_0010" 5729
"/Engine/EngineMaterials/Substrate/GLints/dict_16_192_64_0p5_0p02_0044_0011" 5730
"/Engine/EngineMaterials/Substrate/GLints/dict_16_192_64_0p5_0p02_0044_0012" 5731
"/Engine/EngineMaterials/Substrate/GLints/dict_16_192_64_0p5_0p02_0044_0013" 5732
"/Engine/EngineMaterials/Substrate/GLints/dict_16_192_64_0p5_0p02_0044_0014" 5733
"/Engine/EngineMaterials/Substrate/GLints/dict_16_192_64_0p5_0p02_0044_0004" 5734
"../../../Engine/Content/EngineMaterials/Substrate/GLints/dict_16_192_64_0p5_0p02_0044_0002.uasset" 5735
"../../../Engine/Content/EngineMaterials/Substrate/GLints/dict_16_192_64_0p5_0p02_0044_0000.uasset" 5736
"../../../Engine/Content/EngineMaterials/Substrate/GLints/dict_16_192_64_0p5_0p02_0044_0001.uasset" 5737
"../../../Engine/Content/EngineMaterials/Substrate/GLints/dict_16_192_64_0p5_0p02_0043_0014.uasset" 5738
"../../../Engine/Content/EngineMaterials/Substrate/GLints/dict_16_192_64_0p5_0p02_0043_0015.uasset" 5739
"../../../Engine/Content/EngineMaterials/Substrate/GLints/dict_16_192_64_0p5_0p02_0043_0013.uasset" 5740
"../../../Engine/Content/EngineMaterials/Substrate/GLints/dict_16_192_64_0p5_0p02_0043_0012.uasset" 5741
"../../../Engine/Content/EngineMaterials/Substrate/GLints/dict_16_192_64_0p5_0p02_0043_0011.uasset" 5742
"../../../Engine/Content/EngineMaterials/Substrate/GLints/dict_16_192_64_0p5_0p02_0043_0010.uasset" 5743
"../../../Engine/Content/EngineMaterials/Substrate/GLints/dict_16_192_64_0p5_0p02_0043_0009.uasset" 5744
"../../../Engine/Content/EngineMaterials/Substrate/GLints/dict_16_192_64_0p5_0p02_0043_0006.uasset" 5745
"../../../Engine/Content/EngineMaterials/Substrate/GLints/dict_16_192_64_0p5_0p02_0043_0007.uasset" 5746
"../../../Engine/Content/EngineMaterials/Substrate/GLints/dict_16_192_64_0p5_0p02_0043_0008.uasset" 5747
"../../../Engine/Content/EngineMaterials/Substrate/GLints/dict_16_192_64_0p5_0p02_0043_0005.uasset" 5748
"../../../Engine/Content/EngineMaterials/Substrate/GLints/dict_16_192_64_0p5_0p02_0043_0004.uasset" 5749
"../../../Engine/Content/EngineMaterials/Substrate/GLints/dict_16_192_64_0p5_0p02_0043_0003.uasset" 5750
"../../../Engine/Content/EngineMaterials/Substrate/GLints/dict_16_192_64_0p5_0p02_0043_0002.uasset" 5751
"../../../Engine/Content/EngineMaterials/Substrate/GLints/dict_16_192_64_0p5_0p02_0043_0001.uasset" 5752
"../../../Engine/Content/EngineMaterials/Substrate/GLints/dict_16_192_64_0p5_0p02_0043_0000.uasset" 5753
"../../../Engine/Content/EngineMaterials/Substrate/GLints/dict_16_192_64_0p5_0p02_0042_0014.uasset" 5754
"../../../Engine/Content/EngineMaterials/Substrate/GLints/dict_16_192_64_0p5_0p02_0042_0012.uasset" 5755
"../../../Engine/Content/EngineMaterials/Substrate/GLints/dict_16_192_64_0p5_0p02_0042_0013.uasset" 5756
"../../../Engine/Content/EngineMaterials/Substrate/GLints/dict_16_192_64_0p5_0p02_0042_0010.uasset" 5757
"../../../Engine/Content/EngineMaterials/Substrate/GLints/dict_16_192_64_0p5_0p02_0042_0011.uasset" 5758
"../../../Engine/Content/EngineMaterials/Substrate/GLints/dict_16_192_64_0p5_0p02_0042_0008.uasset" 5759
"../../../Engine/Content/EngineMaterials/Substrate/GLints/dict_16_192_64_0p5_0p02_0042_0007.uasset" 5760
"../../../Engine/Content/EngineMaterials/Substrate/GLints/dict_16_192_64_0p5_0p02_0042_0009.uasset" 5761
"../../../Engine/Content/EngineMaterials/Substrate/GLints/dict_16_192_64_0p5_0p02_0042_0006.uasset" 5762
"../../../Engine/Content/EngineMaterials/Substrate/GLints/dict_16_192_64_0p5_0p02_0042_0015.uasset" 5763
"../../../Engine/Content/EngineMaterials/Substrate/GLints/dict_16_192_64_0p5_0p02_0042_0005.uasset" 5764
"../../../Engine/Content/EngineMaterials/Substrate/GLints/dict_16_192_64_0p5_0p02_0042_0004.uasset" 5765
"../../../Engine/Content/EngineMaterials/Substrate/GLints/dict_16_192_64_0p5_0p02_0042_0003.uasset" 5766
"/Engine/EngineMaterials/Substrate/GLints/dict_16_192_64_0p5_0p02_0044_0002" 5767
"/Engine/EngineMaterials/Substrate/GLints/dict_16_192_64_0p5_0p02_0042_0004" 5768
"/Engine/EngineMaterials/Substrate/GLints/dict_16_192_64_0p5_0p02_0042_0003" 5769
"/Engine/EngineMaterials/Substrate/GLints/dict_16_192_64_0p5_0p02_0042_0005" 5770
"/Engine/EngineMaterials/Substrate/GLints/dict_16_192_64_0p5_0p02_0042_0006" 5771
"/Engine/EngineMaterials/Substrate/GLints/dict_16_192_64_0p5_0p02_0042_0007" 5772
"/Engine/EngineMaterials/Substrate/GLints/dict_16_192_64_0p5_0p02_0042_0008" 5773
"/Engine/EngineMaterials/Substrate/GLints/dict_16_192_64_0p5_0p02_0042_0009" 5774
"/Engine/EngineMaterials/Substrate/GLints/dict_16_192_64_0p5_0p02_0042_0010" 5775
"/Engine/EngineMaterials/Substrate/GLints/dict_16_192_64_0p5_0p02_0042_0011" 5776
"/Engine/EngineMaterials/Substrate/GLints/dict_16_192_64_0p5_0p02_0042_0012" 5777
"/Engine/EngineMaterials/Substrate/GLints/dict_16_192_64_0p5_0p02_0042_0013" 5778
"/Engine/EngineMaterials/Substrate/GLints/dict_16_192_64_0p5_0p02_0042_0014" 5779
"/Engine/EngineMaterials/Substrate/GLints/dict_16_192_64_0p5_0p02_0042_0015" 5780
"/Engine/EngineMaterials/Substrate/GLints/dict_16_192_64_0p5_0p02_0043_0000" 5781
"/Engine/EngineMaterials/Substrate/GLints/dict_16_192_64_0p5_0p02_0043_0001" 5782
"/Engine/EngineMaterials/Substrate/GLints/dict_16_192_64_0p5_0p02_0043_0002" 5783
"/Engine/EngineMaterials/Substrate/GLints/dict_16_192_64_0p5_0p02_0043_0003" 5784
"/Engine/EngineMaterials/Substrate/GLints/dict_16_192_64_0p5_0p02_0043_0004" 5785
"/Engine/EngineMaterials/Substrate/GLints/dict_16_192_64_0p5_0p02_0043_0005" 5786
"/Engine/EngineMaterials/Substrate/GLints/dict_16_192_64_0p5_0p02_0043_0006" 5787
"/Engine/EngineMaterials/Substrate/GLints/dict_16_192_64_0p5_0p02_0043_0007" 5788
"/Engine/EngineMaterials/Substrate/GLints/dict_16_192_64_0p5_0p02_0043_0008" 5789
"/Engine/EngineMaterials/Substrate/GLints/dict_16_192_64_0p5_0p02_0043_0009" 5790
"/Engine/EngineMaterials/Substrate/GLints/dict_16_192_64_0p5_0p02_0043_0010" 5791
"/Engine/EngineMaterials/Substrate/GLints/dict_16_192_64_0p5_0p02_0043_0011" 5792
"/Engine/EngineMaterials/Substrate/GLints/dict_16_192_64_0p5_0p02_0043_0012" 5793
"/Engine/EngineMaterials/Substrate/GLints/dict_16_192_64_0p5_0p02_0043_0013" 5794
"/Engine/EngineMaterials/Substrate/GLints/dict_16_192_64_0p5_0p02_0043_0014" 5795
"/Engine/EngineMaterials/Substrate/GLints/dict_16_192_64_0p5_0p02_0043_0015" 5796
"/Engine/EngineMaterials/Substrate/GLints/dict_16_192_64_0p5_0p02_0044_0000" 5797
"/Engine/EngineMaterials/Substrate/GLints/dict_16_192_64_0p5_0p02_0044_0001" 5798
"../../../Engine/Content/EngineMaterials/Substrate/GLints/dict_16_192_64_0p5_0p02_0042_0000.uasset" 5799
"../../../Engine/Content/EngineMaterials/Substrate/GLints/dict_16_192_64_0p5_0p02_0042_0002.uasset" 5800
"../../../Engine/Content/EngineMaterials/Substrate/GLints/dict_16_192_64_0p5_0p02_0041_0015.uasset" 5801
"../../../Engine/Content/EngineMaterials/Substrate/GLints/dict_16_192_64_0p5_0p02_0042_0001.uasset" 5802
"../../../Engine/Content/EngineMaterials/Substrate/GLints/dict_16_192_64_0p5_0p02_0041_0014.uasset" 5803
"../../../Engine/Content/EngineMaterials/Substrate/GLints/dict_16_192_64_0p5_0p02_0041_0013.uasset" 5804
"../../../Engine/Content/EngineMaterials/Substrate/GLints/dict_16_192_64_0p5_0p02_0041_0012.uasset" 5805
"/Engine/EngineMaterials/Substrate/GLints/dict_16_192_64_0p5_0p02_0041_0012" 5806
"../../../Engine/Content/EngineMaterials/Substrate/GLints/dict_16_192_64_0p5_0p02_0041_0011.uasset" 5807
"/Engine/EngineMaterials/Substrate/GLints/dict_16_192_64_0p5_0p02_0041_0013" 5808
"/Engine/EngineMaterials/Substrate/GLints/dict_16_192_64_0p5_0p02_0041_0014" 5809
"/Engine/EngineMaterials/Substrate/GLints/dict_16_192_64_0p5_0p02_0041_0015" 5810
"../../../Engine/Content/EngineMaterials/Substrate/GLints/dict_16_192_64_0p5_0p02_0041_0010.uasset" 5811
"/Engine/EngineMaterials/Substrate/GLints/dict_16_192_64_0p5_0p02_0042_0000" 5812
"/Engine/EngineMaterials/Substrate/GLints/dict_16_192_64_0p5_0p02_0042_0001" 5813
"/Engine/EngineMaterials/Substrate/GLints/dict_16_192_64_0p5_0p02_0042_0002" 5814
"/Engine/EngineMaterials/Substrate/GLints/dict_16_192_64_0p5_0p02_0041_0010" 5815
"../../../Engine/Content/EngineMaterials/Substrate/GLints/dict_16_192_64_0p5_0p02_0041_0009.uasset" 5816
"/Engine/EngineMaterials/Substrate/GLints/dict_16_192_64_0p5_0p02_0041_0011" 5817
"/Engine/EngineMaterials/Substrate/GLints/dict_16_192_64_0p5_0p02_0041_0009" 5818
"../../../Engine/Content/EngineMaterials/Substrate/GLints/dict_16_192_64_0p5_0p02_0041_0007.uasset" 5819
"../../../Engine/Content/EngineMaterials/Substrate/GLints/dict_16_192_64_0p5_0p02_0041_0008.uasset" 5820
"../../../Engine/Content/EngineMaterials/Substrate/GLints/dict_16_192_64_0p5_0p02_0041_0006.uasset" 5821
"../../../Engine/Content/EngineMaterials/Substrate/GLints/dict_16_192_64_0p5_0p02_0041_0004.uasset" 5822
"../../../Engine/Content/EngineMaterials/Substrate/GLints/dict_16_192_64_0p5_0p02_0041_0005.uasset" 5823
"../../../Engine/Content/EngineMaterials/Substrate/GLints/dict_16_192_64_0p5_0p02_0041_0003.uasset" 5824
"../../../Engine/Content/EngineMaterials/Substrate/GLints/dict_16_192_64_0p5_0p02_0041_0002.uasset" 5825
"../../../Engine/Content/EngineMaterials/Substrate/GLints/dict_16_192_64_0p5_0p02_0040_0015.uasset" 5826
"../../../Engine/Content/EngineMaterials/Substrate/GLints/dict_16_192_64_0p5_0p02_0041_0001.uasset" 5827
"../../../Engine/Content/EngineMaterials/Substrate/GLints/dict_16_192_64_0p5_0p02_0041_0000.uasset" 5828
"../../../Engine/Content/EngineMaterials/Substrate/GLints/dict_16_192_64_0p5_0p02_0040_0014.uasset" 5829
"../../../Engine/Content/EngineMaterials/Substrate/GLints/dict_16_192_64_0p5_0p02_0040_0013.uasset" 5830
"../../../Engine/Content/EngineMaterials/Substrate/GLints/dict_16_192_64_0p5_0p02_0040_0012.uasset" 5831
"../../../Engine/Content/EngineMaterials/Substrate/GLints/dict_16_192_64_0p5_0p02_0040_0011.uasset" 5832
"/Engine/EngineMaterials/Substrate/GLints/dict_16_192_64_0p5_0p02_0040_0011" 5833
"../../../Engine/Content/EngineMaterials/Substrate/GLints/dict_16_192_64_0p5_0p02_0040_0010.uasset" 5834
"/Engine/EngineMaterials/Substrate/GLints/dict_16_192_64_0p5_0p02_0040_0012" 5835
"../../../Engine/Content/EngineMaterials/Substrate/GLints/dict_16_192_64_0p5_0p02_0040_0008.uasset" 5836
"../../../Engine/Content/EngineMaterials/Substrate/GLints/dict_16_192_64_0p5_0p02_0040_0009.uasset" 5837
"/Engine/EngineMaterials/Substrate/GLints/dict_16_192_64_0p5_0p02_0040_0013" 5838
"/Engine/EngineMaterials/Substrate/GLints/dict_16_192_64_0p5_0p02_0040_0014" 5839
"../../../Engine/Content/EngineMaterials/Substrate/GLints/dict_16_192_64_0p5_0p02_0040_0007.uasset" 5840
"/Engine/EngineMaterials/Substrate/GLints/dict_16_192_64_0p5_0p02_0040_0015" 5841
"../../../Engine/Content/EngineMaterials/Substrate/GLints/dict_16_192_64_0p5_0p02_0040_0005.uasset" 5842
"../../../Engine/Content/EngineMaterials/Substrate/GLints/dict_16_192_64_0p5_0p02_0040_0006.uasset" 5843
"/Engine/EngineMaterials/Substrate/GLints/dict_16_192_64_0p5_0p02_0041_0000" 5844
"/Engine/EngineMaterials/Substrate/GLints/dict_16_192_64_0p5_0p02_0041_0001" 5845
"/Engine/EngineMaterials/Substrate/GLints/dict_16_192_64_0p5_0p02_0041_0002" 5846
"/Engine/EngineMaterials/Substrate/GLints/dict_16_192_64_0p5_0p02_0041_0003" 5847
"/Engine/EngineMaterials/Substrate/GLints/dict_16_192_64_0p5_0p02_0041_0004" 5848
"/Engine/EngineMaterials/Substrate/GLints/dict_16_192_64_0p5_0p02_0041_0005" 5849
"/Engine/EngineMaterials/Substrate/GLints/dict_16_192_64_0p5_0p02_0041_0006" 5850
"../../../Engine/Content/EngineMaterials/Substrate/GLints/dict_16_192_64_0p5_0p02_0040_0004.uasset" 5851
"/Engine/EngineMaterials/Substrate/GLints/dict_16_192_64_0p5_0p02_0041_0007" 5852
"/Engine/EngineMaterials/Substrate/GLints/dict_16_192_64_0p5_0p02_0041_0008" 5853
"../../../Engine/Content/EngineMaterials/Substrate/GLints/dict_16_192_64_0p5_0p02_0040_0003.uasset" 5854
"../../../Engine/Content/EngineMaterials/Substrate/GLints/dict_16_192_64_0p5_0p02_0040_0002.uasset" 5855
"/Engine/EngineMaterials/Substrate/GLints/dict_16_192_64_0p5_0p02_0040_0003" 5856
"/Engine/EngineMaterials/Substrate/GLints/dict_16_192_64_0p5_0p02_0040_0004" 5857
"/Engine/EngineMaterials/Substrate/GLints/dict_16_192_64_0p5_0p02_0040_0005" 5858
"/Engine/EngineMaterials/Substrate/GLints/dict_16_192_64_0p5_0p02_0040_0006" 5859
"/Engine/EngineMaterials/Substrate/GLints/dict_16_192_64_0p5_0p02_0040_0007" 5860
"../../../Engine/Content/EngineMaterials/Substrate/GLints/dict_16_192_64_0p5_0p02_0040_0001.uasset" 5861
"/Engine/EngineMaterials/Substrate/GLints/dict_16_192_64_0p5_0p02_0040_0008" 5862
"/Engine/EngineMaterials/Substrate/GLints/dict_16_192_64_0p5_0p02_0040_0009" 5863
"../../../Engine/Content/EngineMaterials/Substrate/GLints/dict_16_192_64_0p5_0p02_0040_0000.uasset" 5864
"../../../Engine/Content/EngineMaterials/Substrate/GLints/dict_16_192_64_0p5_0p02_0039_0014.uasset" 5865
"/Engine/EngineMaterials/Substrate/GLints/dict_16_192_64_0p5_0p02_0040_0010" 5866
"../../../Engine/Content/EngineMaterials/Substrate/GLints/dict_16_192_64_0p5_0p02_0039_0015.uasset" 5867
"../../../Engine/Content/EngineMaterials/Substrate/GLints/dict_16_192_64_0p5_0p02_0039_0013.uasset" 5868
"../../../Engine/Content/EngineMaterials/Substrate/GLints/dict_16_192_64_0p5_0p02_0039_0012.uasset" 5869
"/Engine/EngineMaterials/Substrate/GLints/dict_16_192_64_0p5_0p02_0040_0002" 5870
"/Engine/EngineMaterials/Substrate/GLints/dict_16_192_64_0p5_0p02_0039_0012" 5871
"/Engine/EngineMaterials/Substrate/GLints/dict_16_192_64_0p5_0p02_0039_0013" 5872
"/Engine/EngineMaterials/Substrate/GLints/dict_16_192_64_0p5_0p02_0039_0014" 5873
"/Engine/EngineMaterials/Substrate/GLints/dict_16_192_64_0p5_0p02_0039_0015" 5874
"/Engine/EngineMaterials/Substrate/GLints/dict_16_192_64_0p5_0p02_0040_0000" 5875
"../../../Engine/Content/EngineMaterials/Substrate/GLints/dict_16_192_64_0p5_0p02_0039_0011.uasset" 5876
"/Engine/EngineMaterials/Substrate/GLints/dict_16_192_64_0p5_0p02_0040_0001" 5877
"/Engine/EngineMaterials/Substrate/GLints/dict_16_192_64_0p5_0p02_0039_0011" 5878
"../../../Engine/Content/EngineMaterials/Substrate/GLints/dict_16_192_64_0p5_0p02_0039_0007.uasset" 5879
"../../../Engine/Content/EngineMaterials/Substrate/GLints/dict_16_192_64_0p5_0p02_0039_0006.uasset" 5880
"../../../Engine/Content/EngineMaterials/Substrate/GLints/dict_16_192_64_0p5_0p02_0039_0010.uasset" 5881
"../../../Engine/Content/EngineMaterials/Substrate/GLints/dict_16_192_64_0p5_0p02_0039_0008.uasset" 5882
"../../../Engine/Content/EngineMaterials/Substrate/GLints/dict_16_192_64_0p5_0p02_0039_0002.uasset" 5883
"../../../Engine/Content/EngineMaterials/Substrate/GLints/dict_16_192_64_0p5_0p02_0039_0009.uasset" 5884
"../../../Engine/Content/EngineMaterials/Substrate/GLints/dict_16_192_64_0p5_0p02_0039_0005.uasset" 5885
"../../../Engine/Content/EngineMaterials/Substrate/GLints/dict_16_192_64_0p5_0p02_0039_0003.uasset" 5886
"../../../Engine/Content/EngineMaterials/Substrate/GLints/dict_16_192_64_0p5_0p02_0039_0004.uasset" 5887
"../../../Engine/Content/EngineMaterials/Substrate/GLints/dict_16_192_64_0p5_0p02_0039_0000.uasset" 5888
"../../../Engine/Content/EngineMaterials/Substrate/GLints/dict_16_192_64_0p5_0p02_0039_0001.uasset" 5889
"../../../Engine/Content/EngineMaterials/Substrate/GLints/dict_16_192_64_0p5_0p02_0038_0015.uasset" 5890
"../../../Engine/Content/EngineMaterials/Substrate/GLints/dict_16_192_64_0p5_0p02_0038_0010.uasset" 5891
"../../../Engine/Content/EngineMaterials/Substrate/GLints/dict_16_192_64_0p5_0p02_0038_0014.uasset" 5892
"../../../Engine/Content/EngineMaterials/Substrate/GLints/dict_16_192_64_0p5_0p02_0038_0013.uasset" 5893
"../../../Engine/Content/EngineMaterials/Substrate/GLints/dict_16_192_64_0p5_0p02_0038_0012.uasset" 5894
"../../../Engine/Content/EngineMaterials/Substrate/GLints/dict_16_192_64_0p5_0p02_0038_0011.uasset" 5895
"../../../Engine/Content/EngineMaterials/Substrate/GLints/dict_16_192_64_0p5_0p02_0038_0009.uasset" 5896
"../../../Engine/Content/EngineMaterials/Substrate/GLints/dict_16_192_64_0p5_0p02_0038_0003.uasset" 5897
"../../../Engine/Content/EngineMaterials/Substrate/GLints/dict_16_192_64_0p5_0p02_0038_0007.uasset" 5898
"../../../Engine/Content/EngineMaterials/Substrate/GLints/dict_16_192_64_0p5_0p02_0038_0005.uasset" 5899
"../../../Engine/Content/EngineMaterials/Substrate/GLints/dict_16_192_64_0p5_0p02_0038_0008.uasset" 5900
"../../../Engine/Content/EngineMaterials/Substrate/GLints/dict_16_192_64_0p5_0p02_0038_0004.uasset" 5901
"../../../Engine/Content/EngineMaterials/Substrate/GLints/dict_16_192_64_0p5_0p02_0038_0002.uasset" 5902
"../../../Engine/Content/EngineMaterials/Substrate/GLints/dict_16_192_64_0p5_0p02_0038_0006.uasset" 5903
"../../../Engine/Content/EngineMaterials/Substrate/GLints/dict_16_192_64_0p5_0p02_0038_0001.uasset" 5904
"../../../Engine/Content/EngineMaterials/Substrate/GLints/dict_16_192_64_0p5_0p02_0037_0015.uasset" 5905
"../../../Engine/Content/EngineMaterials/Substrate/GLints/dict_16_192_64_0p5_0p02_0038_0000.uasset" 5906
"../../../Engine/Content/EngineMaterials/Substrate/GLints/dict_16_192_64_0p5_0p02_0037_0013.uasset" 5907
"../../../Engine/Content/EngineMaterials/Substrate/GLints/dict_16_192_64_0p5_0p02_0037_0014.uasset" 5908
"../../../Engine/Content/EngineMaterials/Substrate/GLints/dict_16_192_64_0p5_0p02_0037_0012.uasset" 5909
"../../../Engine/Content/EngineMaterials/Substrate/GLints/dict_16_192_64_0p5_0p02_0037_0011.uasset" 5910
"/Engine/EngineMaterials/Substrate/GLints/dict_16_192_64_0p5_0p02_0038_0002" 5911
"/Engine/EngineMaterials/Substrate/GLints/dict_16_192_64_0p5_0p02_0038_0003" 5912
"/Engine/EngineMaterials/Substrate/GLints/dict_16_192_64_0p5_0p02_0038_0004" 5913
"/Engine/EngineMaterials/Substrate/GLints/dict_16_192_64_0p5_0p02_0038_0005" 5914
"/Engine/EngineMaterials/Substrate/GLints/dict_16_192_64_0p5_0p02_0038_0006" 5915
"/Engine/EngineMaterials/Substrate/GLints/dict_16_192_64_0p5_0p02_0038_0007" 5916
"/Engine/EngineMaterials/Substrate/GLints/dict_16_192_64_0p5_0p02_0038_0008" 5917
"/Engine/EngineMaterials/Substrate/GLints/dict_16_192_64_0p5_0p02_0038_0009" 5918
"/Engine/EngineMaterials/Substrate/GLints/dict_16_192_64_0p5_0p02_0038_0011" 5919
"/Engine/EngineMaterials/Substrate/GLints/dict_16_192_64_0p5_0p02_0038_0012" 5920
"/Engine/EngineMaterials/Substrate/GLints/dict_16_192_64_0p5_0p02_0038_0013" 5921
"/Engine/EngineMaterials/Substrate/GLints/dict_16_192_64_0p5_0p02_0038_0014" 5922
"/Engine/EngineMaterials/Substrate/GLints/dict_16_192_64_0p5_0p02_0038_0015" 5923
"/Engine/EngineMaterials/Substrate/GLints/dict_16_192_64_0p5_0p02_0039_0000" 5924
"/Engine/EngineMaterials/Substrate/GLints/dict_16_192_64_0p5_0p02_0039_0001" 5925
"/Engine/EngineMaterials/Substrate/GLints/dict_16_192_64_0p5_0p02_0039_0002" 5926
"/Engine/EngineMaterials/Substrate/GLints/dict_16_192_64_0p5_0p02_0039_0003" 5927
"/Engine/EngineMaterials/Substrate/GLints/dict_16_192_64_0p5_0p02_0039_0004" 5928
"/Engine/EngineMaterials/Substrate/GLints/dict_16_192_64_0p5_0p02_0039_0005" 5929
"/Engine/EngineMaterials/Substrate/GLints/dict_16_192_64_0p5_0p02_0039_0006" 5930
"/Engine/EngineMaterials/Substrate/GLints/dict_16_192_64_0p5_0p02_0039_0007" 5931
"/Engine/EngineMaterials/Substrate/GLints/dict_16_192_64_0p5_0p02_0039_0008" 5932
"/Engine/EngineMaterials/Substrate/GLints/dict_16_192_64_0p5_0p02_0039_0009" 5933
"/Engine/EngineMaterials/Substrate/GLints/dict_16_192_64_0p5_0p02_0039_0010" 5934
"/Engine/EngineMaterials/Substrate/GLints/dict_16_192_64_0p5_0p02_0037_0011" 5935
"/Engine/EngineMaterials/Substrate/GLints/dict_16_192_64_0p5_0p02_0037_0012" 5936
"/Engine/EngineMaterials/Substrate/GLints/dict_16_192_64_0p5_0p02_0037_0013" 5937
"/Engine/EngineMaterials/Substrate/GLints/dict_16_192_64_0p5_0p02_0037_0014" 5938
"/Engine/EngineMaterials/Substrate/GLints/dict_16_192_64_0p5_0p02_0037_0015" 5939
"/Engine/EngineMaterials/Substrate/GLints/dict_16_192_64_0p5_0p02_0038_0000" 5940
"/Engine/EngineMaterials/Substrate/GLints/dict_16_192_64_0p5_0p02_0038_0001" 5941
"/Engine/EngineMaterials/Substrate/GLints/dict_16_192_64_0p5_0p02_0038_0010" 5942
"../../../Engine/Content/EngineMaterials/Substrate/GLints/dict_16_192_64_0p5_0p02_0037_0009.uasset" 5943
"../../../Engine/Content/EngineMaterials/Substrate/GLints/dict_16_192_64_0p5_0p02_0037_0010.uasset" 5944
"../../../Engine/Content/EngineMaterials/Substrate/GLints/dict_16_192_64_0p5_0p02_0037_0008.uasset" 5945
"../../../Engine/Content/EngineMaterials/Substrate/GLints/dict_16_192_64_0p5_0p02_0037_0006.uasset" 5946
"../../../Engine/Content/EngineMaterials/Substrate/GLints/dict_16_192_64_0p5_0p02_0037_0005.uasset" 5947
"../../../Engine/Content/EngineMaterials/Substrate/GLints/dict_16_192_64_0p5_0p02_0037_0007.uasset" 5948
"../../../Engine/Content/EngineMaterials/Substrate/GLints/dict_16_192_64_0p5_0p02_0037_0004.uasset" 5949
"../../../Engine/Content/EngineMaterials/Substrate/GLints/dict_16_192_64_0p5_0p02_0037_0003.uasset" 5950
"../../../Engine/Content/EngineMaterials/Substrate/GLints/dict_16_192_64_0p5_0p02_0036_0015.uasset" 5951
"../../../Engine/Content/EngineMaterials/Substrate/GLints/dict_16_192_64_0p5_0p02_0037_0001.uasset" 5952
"../../../Engine/Content/EngineMaterials/Substrate/GLints/dict_16_192_64_0p5_0p02_0037_0002.uasset" 5953
"../../../Engine/Content/EngineMaterials/Substrate/GLints/dict_16_192_64_0p5_0p02_0037_0000.uasset" 5954
"../../../Engine/Content/EngineMaterials/Substrate/GLints/dict_16_192_64_0p5_0p02_0036_0013.uasset" 5955
"../../../Engine/Content/EngineMaterials/Substrate/GLints/dict_16_192_64_0p5_0p02_0036_0014.uasset" 5956
"../../../Engine/Content/EngineMaterials/Substrate/GLints/dict_16_192_64_0p5_0p02_0036_0011.uasset" 5957
"../../../Engine/Content/EngineMaterials/Substrate/GLints/dict_16_192_64_0p5_0p02_0036_0008.uasset" 5958
"../../../Engine/Content/EngineMaterials/Substrate/GLints/dict_16_192_64_0p5_0p02_0036_0012.uasset" 5959
"../../../Engine/Content/EngineMaterials/Substrate/GLints/dict_16_192_64_0p5_0p02_0036_0010.uasset" 5960
"../../../Engine/Content/EngineMaterials/Substrate/GLints/dict_16_192_64_0p5_0p02_0036_0007.uasset" 5961
"../../../Engine/Content/EngineMaterials/Substrate/GLints/dict_16_192_64_0p5_0p02_0036_0006.uasset" 5962
"../../../Engine/Content/EngineMaterials/Substrate/GLints/dict_16_192_64_0p5_0p02_0036_0005.uasset" 5963
"../../../Engine/Content/EngineMaterials/Substrate/GLints/dict_16_192_64_0p5_0p02_0036_0004.uasset" 5964
"../../../Engine/Content/EngineMaterials/Substrate/GLints/dict_16_192_64_0p5_0p02_0036_0003.uasset" 5965
"../../../Engine/Content/EngineMaterials/Substrate/GLints/dict_16_192_64_0p5_0p02_0036_0002.uasset" 5966
"../../../Engine/Content/EngineMaterials/Substrate/GLints/dict_16_192_64_0p5_0p02_0036_0000.uasset" 5967
"../../../Engine/Content/EngineMaterials/Substrate/GLints/dict_16_192_64_0p5_0p02_0035_0015.uasset" 5968
"../../../Engine/Content/EngineMaterials/Substrate/GLints/dict_16_192_64_0p5_0p02_0036_0001.uasset" 5969
"../../../Engine/Content/EngineMaterials/Substrate/GLints/dict_16_192_64_0p5_0p02_0035_0012.uasset" 5970
"../../../Engine/Content/EngineMaterials/Substrate/GLints/dict_16_192_64_0p5_0p02_0035_0014.uasset" 5971
"../../../Engine/Content/EngineMaterials/Substrate/GLints/dict_16_192_64_0p5_0p02_0035_0013.uasset" 5972
"../../../Engine/Content/EngineMaterials/Substrate/GLints/dict_16_192_64_0p5_0p02_0035_0011.uasset" 5973
"../../../Engine/Content/EngineMaterials/Substrate/GLints/dict_16_192_64_0p5_0p02_0036_0009.uasset" 5974
"/Engine/EngineMaterials/Substrate/GLints/dict_16_192_64_0p5_0p02_0035_0011" 5975
"/Engine/EngineMaterials/Substrate/GLints/dict_16_192_64_0p5_0p02_0035_0012" 5976
"/Engine/EngineMaterials/Substrate/GLints/dict_16_192_64_0p5_0p02_0035_0013" 5977
"/Engine/EngineMaterials/Substrate/GLints/dict_16_192_64_0p5_0p02_0035_0014" 5978
"/Engine/EngineMaterials/Substrate/GLints/dict_16_192_64_0p5_0p02_0035_0015" 5979
"/Engine/EngineMaterials/Substrate/GLints/dict_16_192_64_0p5_0p02_0036_0000" 5980
"/Engine/EngineMaterials/Substrate/GLints/dict_16_192_64_0p5_0p02_0036_0001" 5981
"/Engine/EngineMaterials/Substrate/GLints/dict_16_192_64_0p5_0p02_0036_0002" 5982
"/Engine/EngineMaterials/Substrate/GLints/dict_16_192_64_0p5_0p02_0036_0003" 5983
"/Engine/EngineMaterials/Substrate/GLints/dict_16_192_64_0p5_0p02_0036_0004" 5984
"/Engine/EngineMaterials/Substrate/GLints/dict_16_192_64_0p5_0p02_0036_0005" 5985
"/Engine/EngineMaterials/Substrate/GLints/dict_16_192_64_0p5_0p02_0036_0006" 5986
"/Engine/EngineMaterials/Substrate/GLints/dict_16_192_64_0p5_0p02_0036_0007" 5987
"/Engine/EngineMaterials/Substrate/GLints/dict_16_192_64_0p5_0p02_0036_0008" 5988
"/Engine/EngineMaterials/Substrate/GLints/dict_16_192_64_0p5_0p02_0036_0009" 5989
"/Engine/EngineMaterials/Substrate/GLints/dict_16_192_64_0p5_0p02_0036_0010" 5990
"/Engine/EngineMaterials/Substrate/GLints/dict_16_192_64_0p5_0p02_0036_0011" 5991
"/Engine/EngineMaterials/Substrate/GLints/dict_16_192_64_0p5_0p02_0036_0012" 5992
"/Engine/EngineMaterials/Substrate/GLints/dict_16_192_64_0p5_0p02_0036_0013" 5993
"/Engine/EngineMaterials/Substrate/GLints/dict_16_192_64_0p5_0p02_0036_0014" 5994
"/Engine/EngineMaterials/Substrate/GLints/dict_16_192_64_0p5_0p02_0036_0015" 5995
"/Engine/EngineMaterials/Substrate/GLints/dict_16_192_64_0p5_0p02_0037_0000" 5996
"/Engine/EngineMaterials/Substrate/GLints/dict_16_192_64_0p5_0p02_0037_0001" 5997
"/Engine/EngineMaterials/Substrate/GLints/dict_16_192_64_0p5_0p02_0037_0002" 5998
"/Engine/EngineMaterials/Substrate/GLints/dict_16_192_64_0p5_0p02_0037_0003" 5999
"/Engine/EngineMaterials/Substrate/GLints/dict_16_192_64_0p5_0p02_0037_0004" 6000
"/Engine/EngineMaterials/Substrate/GLints/dict_16_192_64_0p5_0p02_0037_0005" 6001
"/Engine/EngineMaterials/Substrate/GLints/dict_16_192_64_0p5_0p02_0037_0006" 6002
"/Engine/EngineMaterials/Substrate/GLints/dict_16_192_64_0p5_0p02_0037_0007" 6003
"/Engine/EngineMaterials/Substrate/GLints/dict_16_192_64_0p5_0p02_0037_0008" 6004
"/Engine/EngineMaterials/Substrate/GLints/dict_16_192_64_0p5_0p02_0037_0009" 6005
"/Engine/EngineMaterials/Substrate/GLints/dict_16_192_64_0p5_0p02_0037_0010" 6006
"../../../Engine/Content/EngineMaterials/Substrate/GLints/dict_16_192_64_0p5_0p02_0035_0009.uasset" 6007
"../../../Engine/Content/EngineMaterials/Substrate/GLints/dict_16_192_64_0p5_0p02_0035_0010.uasset" 6008
"../../../Engine/Content/EngineMaterials/Substrate/GLints/dict_16_192_64_0p5_0p02_0035_0008.uasset" 6009
"../../../Engine/Content/EngineMaterials/Substrate/GLints/dict_16_192_64_0p5_0p02_0035_0007.uasset" 6010
"../../../Engine/Content/EngineMaterials/Substrate/GLints/dict_16_192_64_0p5_0p02_0035_0006.uasset" 6011
"../../../Engine/Content/EngineMaterials/Substrate/GLints/dict_16_192_64_0p5_0p02_0035_0005.uasset" 6012
"../../../Engine/Content/EngineMaterials/Substrate/GLints/dict_16_192_64_0p5_0p02_0035_0003.uasset" 6013
"../../../Engine/Content/EngineMaterials/Substrate/GLints/dict_16_192_64_0p5_0p02_0034_0015.uasset" 6014
"../../../Engine/Content/EngineMaterials/Substrate/GLints/dict_16_192_64_0p5_0p02_0035_0004.uasset" 6015
"../../../Engine/Content/EngineMaterials/Substrate/GLints/dict_16_192_64_0p5_0p02_0034_0014.uasset" 6016
"../../../Engine/Content/EngineMaterials/Substrate/GLints/dict_16_192_64_0p5_0p02_0035_0002.uasset" 6017
"../../../Engine/Content/EngineMaterials/Substrate/GLints/dict_16_192_64_0p5_0p02_0035_0001.uasset" 6018
"../../../Engine/Content/EngineMaterials/Substrate/GLints/dict_16_192_64_0p5_0p02_0035_0000.uasset" 6019
"../../../Engine/Content/EngineMaterials/Substrate/GLints/dict_16_192_64_0p5_0p02_0034_0013.uasset" 6020
"../../../Engine/Content/EngineMaterials/Substrate/GLints/dict_16_192_64_0p5_0p02_0034_0011.uasset" 6021
"../../../Engine/Content/EngineMaterials/Substrate/GLints/dict_16_192_64_0p5_0p02_0034_0012.uasset" 6022
"../../../Engine/Content/EngineMaterials/Substrate/GLints/dict_16_192_64_0p5_0p02_0034_0010.uasset" 6023
"../../../Engine/Content/EngineMaterials/Substrate/GLints/dict_16_192_64_0p5_0p02_0034_0009.uasset" 6024
"../../../Engine/Content/EngineMaterials/Substrate/GLints/dict_16_192_64_0p5_0p02_0034_0005.uasset" 6025
"../../../Engine/Content/EngineMaterials/Substrate/GLints/dict_16_192_64_0p5_0p02_0034_0003.uasset" 6026
"../../../Engine/Content/EngineMaterials/Substrate/GLints/dict_16_192_64_0p5_0p02_0034_0007.uasset" 6027
"../../../Engine/Content/EngineMaterials/Substrate/GLints/dict_16_192_64_0p5_0p02_0034_0008.uasset" 6028
"../../../Engine/Content/EngineMaterials/Substrate/GLints/dict_16_192_64_0p5_0p02_0034_0006.uasset" 6029
"../../../Engine/Content/EngineMaterials/Substrate/GLints/dict_16_192_64_0p5_0p02_0034_0004.uasset" 6030
"../../../Engine/Content/EngineMaterials/Substrate/GLints/dict_16_192_64_0p5_0p02_0034_0002.uasset" 6031
"../../../Engine/Content/EngineMaterials/Substrate/GLints/dict_16_192_64_0p5_0p02_0034_0001.uasset" 6032
"../../../Engine/Content/EngineMaterials/Substrate/GLints/dict_16_192_64_0p5_0p02_0034_0000.uasset" 6033
"../../../Engine/Content/EngineMaterials/Substrate/GLints/dict_16_192_64_0p5_0p02_0033_0013.uasset" 6034
"../../../Engine/Content/EngineMaterials/Substrate/GLints/dict_16_192_64_0p5_0p02_0033_0015.uasset" 6035
"../../../Engine/Content/EngineMaterials/Substrate/GLints/dict_16_192_64_0p5_0p02_0033_0014.uasset" 6036
"../../../Engine/Content/EngineMaterials/Substrate/GLints/dict_16_192_64_0p5_0p02_0033_0012.uasset" 6037
"../../../Engine/Content/EngineMaterials/Substrate/GLints/dict_16_192_64_0p5_0p02_0033_0011.uasset" 6038
"/Engine/EngineMaterials/Substrate/GLints/dict_16_192_64_0p5_0p02_0033_0011" 6039
"/Engine/EngineMaterials/Substrate/GLints/dict_16_192_64_0p5_0p02_0033_0012" 6040
"/Engine/EngineMaterials/Substrate/GLints/dict_16_192_64_0p5_0p02_0033_0013" 6041
"/Engine/EngineMaterials/Substrate/GLints/dict_16_192_64_0p5_0p02_0033_0014" 6042
"/Engine/EngineMaterials/Substrate/GLints/dict_16_192_64_0p5_0p02_0033_0015" 6043
"/Engine/EngineMaterials/Substrate/GLints/dict_16_192_64_0p5_0p02_0034_0000" 6044
"/Engine/EngineMaterials/Substrate/GLints/dict_16_192_64_0p5_0p02_0034_0001" 6045
"/Engine/EngineMaterials/Substrate/GLints/dict_16_192_64_0p5_0p02_0034_0002" 6046
"/Engine/EngineMaterials/Substrate/GLints/dict_16_192_64_0p5_0p02_0034_0003" 6047
"/Engine/EngineMaterials/Substrate/GLints/dict_16_192_64_0p5_0p02_0034_0004" 6048
"/Engine/EngineMaterials/Substrate/GLints/dict_16_192_64_0p5_0p02_0034_0005" 6049
"/Engine/EngineMaterials/Substrate/GLints/dict_16_192_64_0p5_0p02_0034_0006" 6050
"/Engine/EngineMaterials/Substrate/GLints/dict_16_192_64_0p5_0p02_0034_0007" 6051
"/Engine/EngineMaterials/Substrate/GLints/dict_16_192_64_0p5_0p02_0034_0008" 6052
"/Engine/EngineMaterials/Substrate/GLints/dict_16_192_64_0p5_0p02_0034_0009" 6053
"/Engine/EngineMaterials/Substrate/GLints/dict_16_192_64_0p5_0p02_0034_0010" 6054
"/Engine/EngineMaterials/Substrate/GLints/dict_16_192_64_0p5_0p02_0034_0011" 6055
"/Engine/EngineMaterials/Substrate/GLints/dict_16_192_64_0p5_0p02_0034_0012" 6056
"/Engine/EngineMaterials/Substrate/GLints/dict_16_192_64_0p5_0p02_0034_0013" 6057
"/Engine/EngineMaterials/Substrate/GLints/dict_16_192_64_0p5_0p02_0034_0014" 6058
"/Engine/EngineMaterials/Substrate/GLints/dict_16_192_64_0p5_0p02_0034_0015" 6059
"/Engine/EngineMaterials/Substrate/GLints/dict_16_192_64_0p5_0p02_0035_0000" 6060
"/Engine/EngineMaterials/Substrate/GLints/dict_16_192_64_0p5_0p02_0035_0001" 6061
"/Engine/EngineMaterials/Substrate/GLints/dict_16_192_64_0p5_0p02_0035_0002" 6062
"/Engine/EngineMaterials/Substrate/GLints/dict_16_192_64_0p5_0p02_0035_0003" 6063
"/Engine/EngineMaterials/Substrate/GLints/dict_16_192_64_0p5_0p02_0035_0004" 6064
"/Engine/EngineMaterials/Substrate/GLints/dict_16_192_64_0p5_0p02_0035_0005" 6065
"/Engine/EngineMaterials/Substrate/GLints/dict_16_192_64_0p5_0p02_0035_0006" 6066
"/Engine/EngineMaterials/Substrate/GLints/dict_16_192_64_0p5_0p02_0035_0007" 6067
"/Engine/EngineMaterials/Substrate/GLints/dict_16_192_64_0p5_0p02_0035_0008" 6068
"/Engine/EngineMaterials/Substrate/GLints/dict_16_192_64_0p5_0p02_0035_0009" 6069
"/Engine/EngineMaterials/Substrate/GLints/dict_16_192_64_0p5_0p02_0035_0010" 6070
"../../../Engine/Content/EngineMaterials/Substrate/GLints/dict_16_192_64_0p5_0p02_0033_0008.uasset" 6071
"../../../Engine/Content/EngineMaterials/Substrate/GLints/dict_16_192_64_0p5_0p02_0033_0005.uasset" 6072
"../../../Engine/Content/EngineMaterials/Substrate/GLints/dict_16_192_64_0p5_0p02_0033_0007.uasset" 6073
"../../../Engine/Content/EngineMaterials/Substrate/GLints/dict_16_192_64_0p5_0p02_0033_0000.uasset" 6074
"../../../Engine/Content/EngineMaterials/Substrate/GLints/dict_16_192_64_0p5_0p02_0033_0003.uasset" 6075
"../../../Engine/Content/EngineMaterials/Substrate/GLints/dict_16_192_64_0p5_0p02_0033_0002.uasset" 6076
"../../../Engine/Content/EngineMaterials/Substrate/GLints/dict_16_192_64_0p5_0p02_0033_0001.uasset" 6077
"../../../Engine/Content/EngineMaterials/Substrate/GLints/dict_16_192_64_0p5_0p02_0033_0004.uasset" 6078
"../../../Engine/Content/EngineMaterials/Substrate/GLints/dict_16_192_64_0p5_0p02_0032_0015.uasset" 6079
"../../../Engine/Content/EngineMaterials/Substrate/GLints/dict_16_192_64_0p5_0p02_0033_0010.uasset" 6080
"../../../Engine/Content/EngineMaterials/Substrate/GLints/dict_16_192_64_0p5_0p02_0033_0009.uasset" 6081
"../../../Engine/Content/EngineMaterials/Substrate/GLints/dict_16_192_64_0p5_0p02_0033_0006.uasset" 6082
"../../../Engine/Content/EngineMaterials/Substrate/GLints/dict_16_192_64_0p5_0p02_0032_0014.uasset" 6083
"../../../Engine/Content/EngineMaterials/Substrate/GLints/dict_16_192_64_0p5_0p02_0032_0008.uasset" 6084
"../../../Engine/Content/EngineMaterials/Substrate/GLints/dict_16_192_64_0p5_0p02_0032_0012.uasset" 6085
"../../../Engine/Content/EngineMaterials/Substrate/GLints/dict_16_192_64_0p5_0p02_0032_0005.uasset" 6086
"../../../Engine/Content/EngineMaterials/Substrate/GLints/dict_16_192_64_0p5_0p02_0032_0013.uasset" 6087
"../../../Engine/Content/EngineMaterials/Substrate/GLints/dict_16_192_64_0p5_0p02_0032_0006.uasset" 6088
"../../../Engine/Content/EngineMaterials/Substrate/GLints/dict_16_192_64_0p5_0p02_0032_0004.uasset" 6089
"../../../Engine/Content/EngineMaterials/Substrate/GLints/dict_16_192_64_0p5_0p02_0032_0011.uasset" 6090
"../../../Engine/Content/EngineMaterials/Substrate/GLints/dict_16_192_64_0p5_0p02_0032_0010.uasset" 6091
"../../../Engine/Content/EngineMaterials/Substrate/GLints/dict_16_192_64_0p5_0p02_0032_0007.uasset" 6092
"../../../Engine/Content/EngineMaterials/Substrate/GLints/dict_16_192_64_0p5_0p02_0032_0009.uasset" 6093
"../../../Engine/Content/EngineMaterials/Substrate/GLints/dict_16_192_64_0p5_0p02_0032_0003.uasset" 6094
"../../../Engine/Content/EngineMaterials/Substrate/GLints/dict_16_192_64_0p5_0p02_0032_0002.uasset" 6095
"../../../Engine/Content/EngineMaterials/Substrate/GLints/dict_16_192_64_0p5_0p02_0031_0013.uasset" 6096
"../../../Engine/Content/EngineMaterials/Substrate/GLints/dict_16_192_64_0p5_0p02_0031_0014.uasset" 6097
"../../../Engine/Content/EngineMaterials/Substrate/GLints/dict_16_192_64_0p5_0p02_0032_0001.uasset" 6098
"../../../Engine/Content/EngineMaterials/Substrate/GLints/dict_16_192_64_0p5_0p02_0032_0000.uasset" 6099
"../../../Engine/Content/EngineMaterials/Substrate/GLints/dict_16_192_64_0p5_0p02_0031_0015.uasset" 6100
"../../../Engine/Content/EngineMaterials/Substrate/GLints/dict_16_192_64_0p5_0p02_0031_0012.uasset" 6101
"../../../Engine/Content/EngineMaterials/Substrate/GLints/dict_16_192_64_0p5_0p02_0031_0011.uasset" 6102
"/Engine/EngineMaterials/Substrate/GLints/dict_16_192_64_0p5_0p02_0031_0011" 6103
"/Engine/EngineMaterials/Substrate/GLints/dict_16_192_64_0p5_0p02_0031_0012" 6104
"/Engine/EngineMaterials/Substrate/GLints/dict_16_192_64_0p5_0p02_0031_0013" 6105
"/Engine/EngineMaterials/Substrate/GLints/dict_16_192_64_0p5_0p02_0031_0014" 6106
"/Engine/EngineMaterials/Substrate/GLints/dict_16_192_64_0p5_0p02_0031_0015" 6107
"/Engine/EngineMaterials/Substrate/GLints/dict_16_192_64_0p5_0p02_0032_0000" 6108
"/Engine/EngineMaterials/Substrate/GLints/dict_16_192_64_0p5_0p02_0032_0001" 6109
"/Engine/EngineMaterials/Substrate/GLints/dict_16_192_64_0p5_0p02_0032_0002" 6110
"/Engine/EngineMaterials/Substrate/GLints/dict_16_192_64_0p5_0p02_0032_0003" 6111
"/Engine/EngineMaterials/Substrate/GLints/dict_16_192_64_0p5_0p02_0032_0004" 6112
"/Engine/EngineMaterials/Substrate/GLints/dict_16_192_64_0p5_0p02_0032_0005" 6113
"/Engine/EngineMaterials/Substrate/GLints/dict_16_192_64_0p5_0p02_0032_0006" 6114
"/Engine/EngineMaterials/Substrate/GLints/dict_16_192_64_0p5_0p02_0032_0007" 6115
"/Engine/EngineMaterials/Substrate/GLints/dict_16_192_64_0p5_0p02_0032_0008" 6116
"/Engine/EngineMaterials/Substrate/GLints/dict_16_192_64_0p5_0p02_0032_0009" 6117
"/Engine/EngineMaterials/Substrate/GLints/dict_16_192_64_0p5_0p02_0032_0010" 6118
"/Engine/EngineMaterials/Substrate/GLints/dict_16_192_64_0p5_0p02_0032_0011" 6119
"/Engine/EngineMaterials/Substrate/GLints/dict_16_192_64_0p5_0p02_0032_0012" 6120
"/Engine/EngineMaterials/Substrate/GLints/dict_16_192_64_0p5_0p02_0032_0013" 6121
"/Engine/EngineMaterials/Substrate/GLints/dict_16_192_64_0p5_0p02_0032_0014" 6122
"/Engine/EngineMaterials/Substrate/GLints/dict_16_192_64_0p5_0p02_0032_0015" 6123
"/Engine/EngineMaterials/Substrate/GLints/dict_16_192_64_0p5_0p02_0033_0000" 6124
"/Engine/EngineMaterials/Substrate/GLints/dict_16_192_64_0p5_0p02_0033_0001" 6125
"/Engine/EngineMaterials/Substrate/GLints/dict_16_192_64_0p5_0p02_0033_0002" 6126
"/Engine/EngineMaterials/Substrate/GLints/dict_16_192_64_0p5_0p02_0033_0003" 6127
"/Engine/EngineMaterials/Substrate/GLints/dict_16_192_64_0p5_0p02_0033_0004" 6128
"/Engine/EngineMaterials/Substrate/GLints/dict_16_192_64_0p5_0p02_0033_0005" 6129
"/Engine/EngineMaterials/Substrate/GLints/dict_16_192_64_0p5_0p02_0033_0006" 6130
"/Engine/EngineMaterials/Substrate/GLints/dict_16_192_64_0p5_0p02_0033_0007" 6131
"/Engine/EngineMaterials/Substrate/GLints/dict_16_192_64_0p5_0p02_0033_0008" 6132
"/Engine/EngineMaterials/Substrate/GLints/dict_16_192_64_0p5_0p02_0033_0009" 6133
"/Engine/EngineMaterials/Substrate/GLints/dict_16_192_64_0p5_0p02_0033_0010" 6134
"../../../Engine/Content/EngineMaterials/Substrate/GLints/dict_16_192_64_0p5_0p02_0031_0008.uasset" 6135
"../../../Engine/Content/EngineMaterials/Substrate/GLints/dict_16_192_64_0p5_0p02_0031_0005.uasset" 6136
"../../../Engine/Content/EngineMaterials/Substrate/GLints/dict_16_192_64_0p5_0p02_0031_0004.uasset" 6137
"../../../Engine/Content/EngineMaterials/Substrate/GLints/dict_16_192_64_0p5_0p02_0031_0007.uasset" 6138
"../../../Engine/Content/EngineMaterials/Substrate/GLints/dict_16_192_64_0p5_0p02_0031_0000.uasset" 6139
"../../../Engine/Content/EngineMaterials/Substrate/GLints/dict_16_192_64_0p5_0p02_0031_0009.uasset" 6140
"../../../Engine/Content/EngineMaterials/Substrate/GLints/dict_16_192_64_0p5_0p02_0030_0015.uasset" 6141
"../../../Engine/Content/EngineMaterials/Substrate/GLints/dict_16_192_64_0p5_0p02_0031_0006.uasset" 6142
"../../../Engine/Content/EngineMaterials/Substrate/GLints/dict_16_192_64_0p5_0p02_0031_0010.uasset" 6143
"../../../Engine/Content/EngineMaterials/Substrate/GLints/dict_16_192_64_0p5_0p02_0030_0014.uasset" 6144
"../../../Engine/Content/EngineMaterials/Substrate/GLints/dict_16_192_64_0p5_0p02_0031_0003.uasset" 6145
"../../../Engine/Content/EngineMaterials/Substrate/GLints/dict_16_192_64_0p5_0p02_0031_0001.uasset" 6146
"../../../Engine/Content/EngineMaterials/Substrate/GLints/dict_16_192_64_0p5_0p02_0031_0002.uasset" 6147
"../../../Engine/Content/EngineMaterials/Substrate/GLints/dict_16_192_64_0p5_0p02_0030_0005.uasset" 6148
"../../../Engine/Content/EngineMaterials/Substrate/GLints/dict_16_192_64_0p5_0p02_0030_0006.uasset" 6149
"../../../Engine/Content/EngineMaterials/Substrate/GLints/dict_16_192_64_0p5_0p02_0030_0002.uasset" 6150
"../../../Engine/Content/EngineMaterials/Substrate/GLints/dict_16_192_64_0p5_0p02_0030_0013.uasset" 6151
"../../../Engine/Content/EngineMaterials/Substrate/GLints/dict_16_192_64_0p5_0p02_0030_0009.uasset" 6152
"../../../Engine/Content/EngineMaterials/Substrate/GLints/dict_16_192_64_0p5_0p02_0030_0011.uasset" 6153
"../../../Engine/Content/EngineMaterials/Substrate/GLints/dict_16_192_64_0p5_0p02_0030_0007.uasset" 6154
"../../../Engine/Content/EngineMaterials/Substrate/GLints/dict_16_192_64_0p5_0p02_0030_0004.uasset" 6155
"../../../Engine/Content/EngineMaterials/Substrate/GLints/dict_16_192_64_0p5_0p02_0030_0003.uasset" 6156
"../../../Engine/Content/EngineMaterials/Substrate/GLints/dict_16_192_64_0p5_0p02_0030_0008.uasset" 6157
"../../../Engine/Content/EngineMaterials/Substrate/GLints/dict_16_192_64_0p5_0p02_0030_0010.uasset" 6158
"../../../Engine/Content/EngineMaterials/Substrate/GLints/dict_16_192_64_0p5_0p02_0030_0012.uasset" 6159
"/Engine/EngineMaterials/Substrate/GLints/dict_16_192_64_0p5_0p02_0030_0002" 6160
"/Engine/EngineMaterials/Substrate/GLints/dict_16_192_64_0p5_0p02_0030_0003" 6161
"/Engine/EngineMaterials/Substrate/GLints/dict_16_192_64_0p5_0p02_0030_0004" 6162
"/Engine/EngineMaterials/Substrate/GLints/dict_16_192_64_0p5_0p02_0030_0005" 6163
"/Engine/EngineMaterials/Substrate/GLints/dict_16_192_64_0p5_0p02_0030_0006" 6164
"/Engine/EngineMaterials/Substrate/GLints/dict_16_192_64_0p5_0p02_0030_0007" 6165
"/Engine/EngineMaterials/Substrate/GLints/dict_16_192_64_0p5_0p02_0030_0008" 6166
"/Engine/EngineMaterials/Substrate/GLints/dict_16_192_64_0p5_0p02_0030_0009" 6167
"/Engine/EngineMaterials/Substrate/GLints/dict_16_192_64_0p5_0p02_0030_0010" 6168
"../../../Engine/Content/EngineMaterials/Substrate/GLints/dict_16_192_64_0p5_0p02_0030_0001.uasset" 6169
"/Engine/EngineMaterials/Substrate/GLints/dict_16_192_64_0p5_0p02_0030_0011" 6170
"../../../Engine/Content/EngineMaterials/Substrate/GLints/dict_16_192_64_0p5_0p02_0029_0015.uasset" 6171
"../../../Engine/Content/EngineMaterials/Substrate/GLints/dict_16_192_64_0p5_0p02_0029_0012.uasset" 6172
"../../../Engine/Content/EngineMaterials/Substrate/GLints/dict_16_192_64_0p5_0p02_0029_0013.uasset" 6173
"../../../Engine/Content/EngineMaterials/Substrate/GLints/dict_16_192_64_0p5_0p02_0029_0011.uasset" 6174
"../../../Engine/Content/EngineMaterials/Substrate/GLints/dict_16_192_64_0p5_0p02_0029_0014.uasset" 6175
"/Engine/EngineMaterials/Substrate/GLints/dict_16_192_64_0p5_0p02_0030_0012" 6176
"/Engine/EngineMaterials/Substrate/GLints/dict_16_192_64_0p5_0p02_0030_0013" 6177
"/Engine/EngineMaterials/Substrate/GLints/dict_16_192_64_0p5_0p02_0030_0014" 6178
"../../../Engine/Content/EngineMaterials/Substrate/GLints/dict_16_192_64_0p5_0p02_0030_0000.uasset" 6179
"/Engine/EngineMaterials/Substrate/GLints/dict_16_192_64_0p5_0p02_0030_0015" 6180
"/Engine/EngineMaterials/Substrate/GLints/dict_16_192_64_0p5_0p02_0031_0000" 6181
"/Engine/EngineMaterials/Substrate/GLints/dict_16_192_64_0p5_0p02_0031_0001" 6182
"/Engine/EngineMaterials/Substrate/GLints/dict_16_192_64_0p5_0p02_0031_0002" 6183
"/Engine/EngineMaterials/Substrate/GLints/dict_16_192_64_0p5_0p02_0031_0003" 6184
"/Engine/EngineMaterials/Substrate/GLints/dict_16_192_64_0p5_0p02_0031_0004" 6185
"/Engine/EngineMaterials/Substrate/GLints/dict_16_192_64_0p5_0p02_0031_0005" 6186
"/Engine/EngineMaterials/Substrate/GLints/dict_16_192_64_0p5_0p02_0031_0006" 6187
"/Engine/EngineMaterials/Substrate/GLints/dict_16_192_64_0p5_0p02_0031_0007" 6188
"/Engine/EngineMaterials/Substrate/GLints/dict_16_192_64_0p5_0p02_0031_0008" 6189
"/Engine/EngineMaterials/Substrate/GLints/dict_16_192_64_0p5_0p02_0031_0009" 6190
"/Engine/EngineMaterials/Substrate/GLints/dict_16_192_64_0p5_0p02_0031_0010" 6191
"/Engine/EngineMaterials/Substrate/GLints/dict_16_192_64_0p5_0p02_0029_0011" 6192
"/Engine/EngineMaterials/Substrate/GLints/dict_16_192_64_0p5_0p02_0029_0012" 6193
"/Engine/EngineMaterials/Substrate/GLints/dict_16_192_64_0p5_0p02_0029_0013" 6194
"/Engine/EngineMaterials/Substrate/GLints/dict_16_192_64_0p5_0p02_0029_0014" 6195
"/Engine/EngineMaterials/Substrate/GLints/dict_16_192_64_0p5_0p02_0029_0015" 6196
"/Engine/EngineMaterials/Substrate/GLints/dict_16_192_64_0p5_0p02_0030_0000" 6197
"/Engine/EngineMaterials/Substrate/GLints/dict_16_192_64_0p5_0p02_0030_0001" 6198
"../../../Engine/Content/EngineMaterials/Substrate/GLints/dict_16_192_64_0p5_0p02_0029_0005.uasset" 6199
"../../../Engine/Content/EngineMaterials/Substrate/GLints/dict_16_192_64_0p5_0p02_0029_0008.uasset" 6200
"../../../Engine/Content/EngineMaterials/Substrate/GLints/dict_16_192_64_0p5_0p02_0029_0002.uasset" 6201
"../../../Engine/Content/EngineMaterials/Substrate/GLints/dict_16_192_64_0p5_0p02_0029_0003.uasset" 6202
"../../../Engine/Content/EngineMaterials/Substrate/GLints/dict_16_192_64_0p5_0p02_0028_0015.uasset" 6203
"../../../Engine/Content/EngineMaterials/Substrate/GLints/dict_16_192_64_0p5_0p02_0029_0001.uasset" 6204
"../../../Engine/Content/EngineMaterials/Substrate/GLints/dict_16_192_64_0p5_0p02_0029_0010.uasset" 6205
"../../../Engine/Content/EngineMaterials/Substrate/GLints/dict_16_192_64_0p5_0p02_0029_0004.uasset" 6206
"../../../Engine/Content/EngineMaterials/Substrate/GLints/dict_16_192_64_0p5_0p02_0029_0009.uasset" 6207
"../../../Engine/Content/EngineMaterials/Substrate/GLints/dict_16_192_64_0p5_0p02_0029_0006.uasset" 6208
"../../../Engine/Content/EngineMaterials/Substrate/GLints/dict_16_192_64_0p5_0p02_0029_0007.uasset" 6209
"../../../Engine/Content/EngineMaterials/Substrate/GLints/dict_16_192_64_0p5_0p02_0029_0000.uasset" 6210
"../../../Engine/Content/EngineMaterials/Substrate/GLints/dict_16_192_64_0p5_0p02_0028_0006.uasset" 6211
"../../../Engine/Content/EngineMaterials/Substrate/GLints/dict_16_192_64_0p5_0p02_0028_0010.uasset" 6212
"../../../Engine/Content/EngineMaterials/Substrate/GLints/dict_16_192_64_0p5_0p02_0028_0009.uasset" 6213
"../../../Engine/Content/EngineMaterials/Substrate/GLints/dict_16_192_64_0p5_0p02_0028_0013.uasset" 6214
"../../../Engine/Content/EngineMaterials/Substrate/GLints/dict_16_192_64_0p5_0p02_0028_0014.uasset" 6215
"../../../Engine/Content/EngineMaterials/Substrate/GLints/dict_16_192_64_0p5_0p02_0028_0012.uasset" 6216
"../../../Engine/Content/EngineMaterials/Substrate/GLints/dict_16_192_64_0p5_0p02_0028_0003.uasset" 6217
"../../../Engine/Content/EngineMaterials/Substrate/GLints/dict_16_192_64_0p5_0p02_0028_0004.uasset" 6218
"../../../Engine/Content/EngineMaterials/Substrate/GLints/dict_16_192_64_0p5_0p02_0028_0005.uasset" 6219
"../../../Engine/Content/EngineMaterials/Substrate/GLints/dict_16_192_64_0p5_0p02_0028_0011.uasset" 6220
"../../../Engine/Content/EngineMaterials/Substrate/GLints/dict_16_192_64_0p5_0p02_0028_0008.uasset" 6221
"../../../Engine/Content/EngineMaterials/Substrate/GLints/dict_16_192_64_0p5_0p02_0028_0007.uasset" 6222
"../../../Engine/Content/EngineMaterials/Substrate/GLints/dict_16_192_64_0p5_0p02_0028_0002.uasset" 6223
"../../../Engine/Content/EngineMaterials/Substrate/GLints/dict_16_192_64_0p5_0p02_0028_0001.uasset" 6224
"../../../Engine/Content/EngineMaterials/Substrate/GLints/dict_16_192_64_0p5_0p02_0027_0015.uasset" 6225
"../../../Engine/Content/EngineMaterials/Substrate/GLints/dict_16_192_64_0p5_0p02_0027_0013.uasset" 6226
"../../../Engine/Content/EngineMaterials/Substrate/GLints/dict_16_192_64_0p5_0p02_0027_0012.uasset" 6227
"../../../Engine/Content/EngineMaterials/Substrate/GLints/dict_16_192_64_0p5_0p02_0028_0000.uasset" 6228
"../../../Engine/Content/EngineMaterials/Substrate/GLints/dict_16_192_64_0p5_0p02_0027_0011.uasset" 6229
"../../../Engine/Content/EngineMaterials/Substrate/GLints/dict_16_192_64_0p5_0p02_0027_0014.uasset" 6230
"/Engine/EngineMaterials/Substrate/GLints/dict_16_192_64_0p5_0p02_0027_0011" 6231
"/Engine/EngineMaterials/Substrate/GLints/dict_16_192_64_0p5_0p02_0027_0012" 6232
"/Engine/EngineMaterials/Substrate/GLints/dict_16_192_64_0p5_0p02_0027_0013" 6233
"/Engine/EngineMaterials/Substrate/GLints/dict_16_192_64_0p5_0p02_0027_0014" 6234
"/Engine/EngineMaterials/Substrate/GLints/dict_16_192_64_0p5_0p02_0027_0015" 6235
"/Engine/EngineMaterials/Substrate/GLints/dict_16_192_64_0p5_0p02_0028_0000" 6236
"/Engine/EngineMaterials/Substrate/GLints/dict_16_192_64_0p5_0p02_0028_0001" 6237
"/Engine/EngineMaterials/Substrate/GLints/dict_16_192_64_0p5_0p02_0028_0002" 6238
"/Engine/EngineMaterials/Substrate/GLints/dict_16_192_64_0p5_0p02_0028_0003" 6239
"/Engine/EngineMaterials/Substrate/GLints/dict_16_192_64_0p5_0p02_0028_0004" 6240
"/Engine/EngineMaterials/Substrate/GLints/dict_16_192_64_0p5_0p02_0028_0005" 6241
"/Engine/EngineMaterials/Substrate/GLints/dict_16_192_64_0p5_0p02_0028_0006" 6242
"/Engine/EngineMaterials/Substrate/GLints/dict_16_192_64_0p5_0p02_0028_0007" 6243
"/Engine/EngineMaterials/Substrate/GLints/dict_16_192_64_0p5_0p02_0028_0008" 6244
"/Engine/EngineMaterials/Substrate/GLints/dict_16_192_64_0p5_0p02_0028_0009" 6245
"/Engine/EngineMaterials/Substrate/GLints/dict_16_192_64_0p5_0p02_0028_0010" 6246
"/Engine/EngineMaterials/Substrate/GLints/dict_16_192_64_0p5_0p02_0028_0011" 6247
"/Engine/EngineMaterials/Substrate/GLints/dict_16_192_64_0p5_0p02_0028_0012" 6248
"/Engine/EngineMaterials/Substrate/GLints/dict_16_192_64_0p5_0p02_0028_0013" 6249
"/Engine/EngineMaterials/Substrate/GLints/dict_16_192_64_0p5_0p02_0028_0014" 6250
"/Engine/EngineMaterials/Substrate/GLints/dict_16_192_64_0p5_0p02_0028_0015" 6251
"/Engine/EngineMaterials/Substrate/GLints/dict_16_192_64_0p5_0p02_0029_0000" 6252
"/Engine/EngineMaterials/Substrate/GLints/dict_16_192_64_0p5_0p02_0029_0001" 6253
"/Engine/EngineMaterials/Substrate/GLints/dict_16_192_64_0p5_0p02_0029_0002" 6254
"/Engine/EngineMaterials/Substrate/GLints/dict_16_192_64_0p5_0p02_0029_0003" 6255
"/Engine/EngineMaterials/Substrate/GLints/dict_16_192_64_0p5_0p02_0029_0004" 6256
"/Engine/EngineMaterials/Substrate/GLints/dict_16_192_64_0p5_0p02_0029_0005" 6257
"/Engine/EngineMaterials/Substrate/GLints/dict_16_192_64_0p5_0p02_0029_0006" 6258
"/Engine/EngineMaterials/Substrate/GLints/dict_16_192_64_0p5_0p02_0029_0007" 6259
"/Engine/EngineMaterials/Substrate/GLints/dict_16_192_64_0p5_0p02_0029_0008" 6260
"/Engine/EngineMaterials/Substrate/GLints/dict_16_192_64_0p5_0p02_0029_0009" 6261
"/Engine/EngineMaterials/Substrate/GLints/dict_16_192_64_0p5_0p02_0029_0010" 6262
"../../../Engine/Content/EngineMaterials/Substrate/GLints/dict_16_192_64_0p5_0p02_0026_0014.uasset" 6263
"../../../Engine/Content/EngineMaterials/Substrate/GLints/dict_16_192_64_0p5_0p02_0027_0008.uasset" 6264
"../../../Engine/Content/EngineMaterials/Substrate/GLints/dict_16_192_64_0p5_0p02_0027_0001.uasset" 6265
"../../../Engine/Content/EngineMaterials/Substrate/GLints/dict_16_192_64_0p5_0p02_0027_0010.uasset" 6266
"../../../Engine/Content/EngineMaterials/Substrate/GLints/dict_16_192_64_0p5_0p02_0027_0007.uasset" 6267
"../../../Engine/Content/EngineMaterials/Substrate/GLints/dict_16_192_64_0p5_0p02_0026_0015.uasset" 6268
"../../../Engine/Content/EngineMaterials/Substrate/GLints/dict_16_192_64_0p5_0p02_0027_0009.uasset" 6269
"../../../Engine/Content/EngineMaterials/Substrate/GLints/dict_16_192_64_0p5_0p02_0027_0003.uasset" 6270
"../../../Engine/Content/EngineMaterials/Substrate/GLints/dict_16_192_64_0p5_0p02_0027_0004.uasset" 6271
"../../../Engine/Content/EngineMaterials/Substrate/GLints/dict_16_192_64_0p5_0p02_0027_0002.uasset" 6272
"../../../Engine/Content/EngineMaterials/Substrate/GLints/dict_16_192_64_0p5_0p02_0027_0006.uasset" 6273
"../../../Engine/Content/EngineMaterials/Substrate/GLints/dict_16_192_64_0p5_0p02_0027_0000.uasset" 6274
"../../../Engine/Content/EngineMaterials/Substrate/GLints/dict_16_192_64_0p5_0p02_0027_0005.uasset" 6275
"../../../Engine/Content/EngineMaterials/Substrate/GLints/dict_16_192_64_0p5_0p02_0026_0009.uasset" 6276
"../../../Engine/Content/EngineMaterials/Substrate/GLints/dict_16_192_64_0p5_0p02_0026_0011.uasset" 6277
"../../../Engine/Content/EngineMaterials/Substrate/GLints/dict_16_192_64_0p5_0p02_0026_0013.uasset" 6278
"../../../Engine/Content/EngineMaterials/Substrate/GLints/dict_16_192_64_0p5_0p02_0026_0004.uasset" 6279
"../../../Engine/Content/EngineMaterials/Substrate/GLints/dict_16_192_64_0p5_0p02_0026_0003.uasset" 6280
"../../../Engine/Content/EngineMaterials/Substrate/GLints/dict_16_192_64_0p5_0p02_0026_0006.uasset" 6281
"/Engine/EngineMaterials/Substrate/GLints/dict_16_192_64_0p5_0p02_0026_0004" 6282
"../../../Engine/Content/EngineMaterials/Substrate/GLints/dict_16_192_64_0p5_0p02_0026_0012.uasset" 6283
"../../../Engine/Content/EngineMaterials/Substrate/GLints/dict_16_192_64_0p5_0p02_0026_0008.uasset" 6284
"../../../Engine/Content/EngineMaterials/Substrate/GLints/dict_16_192_64_0p5_0p02_0026_0005.uasset" 6285
"../../../Engine/Content/EngineMaterials/Substrate/GLints/dict_16_192_64_0p5_0p02_0026_0010.uasset" 6286
"../../../Engine/Content/EngineMaterials/Substrate/GLints/dict_16_192_64_0p5_0p02_0026_0002.uasset" 6287
"../../../Engine/Content/EngineMaterials/Substrate/GLints/dict_16_192_64_0p5_0p02_0026_0007.uasset" 6288
"/Engine/EngineMaterials/Substrate/GLints/dict_16_192_64_0p5_0p02_0026_0009" 6289
"/Engine/EngineMaterials/Substrate/GLints/dict_16_192_64_0p5_0p02_0026_0011" 6290
"/Engine/EngineMaterials/Substrate/GLints/dict_16_192_64_0p5_0p02_0026_0013" 6291
"/Engine/EngineMaterials/Substrate/GLints/dict_16_192_64_0p5_0p02_0026_0014" 6292
"/Engine/EngineMaterials/Substrate/GLints/dict_16_192_64_0p5_0p02_0026_0015" 6293
"/Engine/EngineMaterials/Substrate/GLints/dict_16_192_64_0p5_0p02_0027_0000" 6294
"/Engine/EngineMaterials/Substrate/GLints/dict_16_192_64_0p5_0p02_0027_0001" 6295
"/Engine/EngineMaterials/Substrate/GLints/dict_16_192_64_0p5_0p02_0027_0002" 6296
"/Engine/EngineMaterials/Substrate/GLints/dict_16_192_64_0p5_0p02_0027_0003" 6297
"/Engine/EngineMaterials/Substrate/GLints/dict_16_192_64_0p5_0p02_0027_0004" 6298
"/Engine/EngineMaterials/Substrate/GLints/dict_16_192_64_0p5_0p02_0027_0005" 6299
"/Engine/EngineMaterials/Substrate/GLints/dict_16_192_64_0p5_0p02_0027_0006" 6300
"/Engine/EngineMaterials/Substrate/GLints/dict_16_192_64_0p5_0p02_0027_0007" 6301
"/Engine/EngineMaterials/Substrate/GLints/dict_16_192_64_0p5_0p02_0027_0008" 6302
"/Engine/EngineMaterials/Substrate/GLints/dict_16_192_64_0p5_0p02_0027_0009" 6303
"/Engine/EngineMaterials/Substrate/GLints/dict_16_192_64_0p5_0p02_0027_0010" 6304
"/Engine/EngineMaterials/Substrate/GLints/dict_16_192_64_0p5_0p02_0026_0002" 6305
"../../../Engine/Content/EngineMaterials/Substrate/GLints/dict_16_192_64_0p5_0p02_0026_0001.uasset" 6306
"../../../Engine/Content/EngineMaterials/Substrate/GLints/dict_16_192_64_0p5_0p02_0025_0013.uasset" 6307
"../../../Engine/Content/EngineMaterials/Substrate/GLints/dict_16_192_64_0p5_0p02_0025_0011.uasset" 6308
"../../../Engine/Content/EngineMaterials/Substrate/GLints/dict_16_192_64_0p5_0p02_0026_0000.uasset" 6309
"/Engine/EngineMaterials/Substrate/GLints/dict_16_192_64_0p5_0p02_0026_0003" 6310
"../../../Engine/Content/EngineMaterials/Substrate/GLints/dict_16_192_64_0p5_0p02_0025_0014.uasset" 6311
"../../../Engine/Content/EngineMaterials/Substrate/GLints/dict_16_192_64_0p5_0p02_0025_0015.uasset" 6312
"../../../Engine/Content/EngineMaterials/Substrate/GLints/dict_16_192_64_0p5_0p02_0025_0012.uasset" 6313
"/Engine/EngineMaterials/Substrate/GLints/dict_16_192_64_0p5_0p02_0026_0005" 6314
"/Engine/EngineMaterials/Substrate/GLints/dict_16_192_64_0p5_0p02_0026_0006" 6315
"/Engine/EngineMaterials/Substrate/GLints/dict_16_192_64_0p5_0p02_0026_0007" 6316
"/Engine/EngineMaterials/Substrate/GLints/dict_16_192_64_0p5_0p02_0026_0008" 6317
"/Engine/EngineMaterials/Substrate/GLints/dict_16_192_64_0p5_0p02_0026_0010" 6318
"/Engine/EngineMaterials/Substrate/GLints/dict_16_192_64_0p5_0p02_0026_0012" 6319
"/Engine/EngineMaterials/Substrate/GLints/dict_16_192_64_0p5_0p02_0025_0011" 6320
"/Engine/EngineMaterials/Substrate/GLints/dict_16_192_64_0p5_0p02_0025_0012" 6321
"/Engine/EngineMaterials/Substrate/GLints/dict_16_192_64_0p5_0p02_0025_0013" 6322
"/Engine/EngineMaterials/Substrate/GLints/dict_16_192_64_0p5_0p02_0025_0014" 6323
"/Engine/EngineMaterials/Substrate/GLints/dict_16_192_64_0p5_0p02_0025_0015" 6324
"/Engine/EngineMaterials/Substrate/GLints/dict_16_192_64_0p5_0p02_0026_0000" 6325
"/Engine/EngineMaterials/Substrate/GLints/dict_16_192_64_0p5_0p02_0026_0001" 6326
"../../../Engine/Content/EngineMaterials/Substrate/GLints/dict_16_192_64_0p5_0p02_0025_0005.uasset" 6327
"../../../Engine/Content/EngineMaterials/Substrate/GLints/dict_16_192_64_0p5_0p02_0025_0010.uasset" 6328
"../../../Engine/Content/EngineMaterials/Substrate/GLints/dict_16_192_64_0p5_0p02_0025_0001.uasset" 6329
"../../../Engine/Content/EngineMaterials/Substrate/GLints/dict_16_192_64_0p5_0p02_0025_0006.uasset" 6330
"../../../Engine/Content/EngineMaterials/Substrate/GLints/dict_16_192_64_0p5_0p02_0025_0008.uasset" 6331
"../../../Engine/Content/EngineMaterials/Substrate/GLints/dict_16_192_64_0p5_0p02_0025_0009.uasset" 6332
"../../../Engine/Content/EngineMaterials/Substrate/GLints/dict_16_192_64_0p5_0p02_0025_0003.uasset" 6333
"../../../Engine/Content/EngineMaterials/Substrate/GLints/dict_16_192_64_0p5_0p02_0025_0000.uasset" 6334
"../../../Engine/Content/EngineMaterials/Substrate/GLints/dict_16_192_64_0p5_0p02_0025_0004.uasset" 6335
"../../../Engine/Content/EngineMaterials/Substrate/GLints/dict_16_192_64_0p5_0p02_0024_0015.uasset" 6336
"../../../Engine/Content/EngineMaterials/Substrate/GLints/dict_16_192_64_0p5_0p02_0025_0007.uasset" 6337
"../../../Engine/Content/EngineMaterials/Substrate/GLints/dict_16_192_64_0p5_0p02_0024_0014.uasset" 6338
"../../../Engine/Content/EngineMaterials/Substrate/GLints/dict_16_192_64_0p5_0p02_0025_0002.uasset" 6339
"../../../Engine/Content/EngineMaterials/Substrate/GLints/dict_16_192_64_0p5_0p02_0024_0007.uasset" 6340
"../../../Engine/Content/EngineMaterials/Substrate/GLints/dict_16_192_64_0p5_0p02_0024_0009.uasset" 6341
"../../../Engine/Content/EngineMaterials/Substrate/GLints/dict_16_192_64_0p5_0p02_0024_0011.uasset" 6342
"../../../Engine/Content/EngineMaterials/Substrate/GLints/dict_16_192_64_0p5_0p02_0024_0005.uasset" 6343
"../../../Engine/Content/EngineMaterials/Substrate/GLints/dict_16_192_64_0p5_0p02_0024_0012.uasset" 6344
"../../../Engine/Content/EngineMaterials/Substrate/GLints/dict_16_192_64_0p5_0p02_0024_0004.uasset" 6345
"../../../Engine/Content/EngineMaterials/Substrate/GLints/dict_16_192_64_0p5_0p02_0024_0008.uasset" 6346
"../../../Engine/Content/EngineMaterials/Substrate/GLints/dict_16_192_64_0p5_0p02_0024_0010.uasset" 6347
"../../../Engine/Content/EngineMaterials/Substrate/GLints/dict_16_192_64_0p5_0p02_0024_0013.uasset" 6348
"../../../Engine/Content/EngineMaterials/Substrate/GLints/dict_16_192_64_0p5_0p02_0024_0003.uasset" 6349
"../../../Engine/Content/EngineMaterials/Substrate/GLints/dict_16_192_64_0p5_0p02_0024_0006.uasset" 6350
"../../../Engine/Content/EngineMaterials/Substrate/GLints/dict_16_192_64_0p5_0p02_0024_0001.uasset" 6351
"../../../Engine/Content/EngineMaterials/Substrate/GLints/dict_16_192_64_0p5_0p02_0024_0002.uasset" 6352
"../../../Engine/Content/EngineMaterials/Substrate/GLints/dict_16_192_64_0p5_0p02_0023_0014.uasset" 6353
"../../../Engine/Content/EngineMaterials/Substrate/GLints/dict_16_192_64_0p5_0p02_0023_0015.uasset" 6354
"../../../Engine/Content/EngineMaterials/Substrate/GLints/dict_16_192_64_0p5_0p02_0023_0011.uasset" 6355
"../../../Engine/Content/EngineMaterials/Substrate/GLints/dict_16_192_64_0p5_0p02_0023_0012.uasset" 6356
"../../../Engine/Content/EngineMaterials/Substrate/GLints/dict_16_192_64_0p5_0p02_0023_0013.uasset" 6357
"../../../Engine/Content/EngineMaterials/Substrate/GLints/dict_16_192_64_0p5_0p02_0024_0000.uasset" 6358
"/Engine/EngineMaterials/Substrate/GLints/dict_16_192_64_0p5_0p02_0023_0011" 6359
"/Engine/EngineMaterials/Substrate/GLints/dict_16_192_64_0p5_0p02_0023_0012" 6360
"/Engine/EngineMaterials/Substrate/GLints/dict_16_192_64_0p5_0p02_0023_0013" 6361
"/Engine/EngineMaterials/Substrate/GLints/dict_16_192_64_0p5_0p02_0023_0014" 6362
"/Engine/EngineMaterials/Substrate/GLints/dict_16_192_64_0p5_0p02_0023_0015" 6363
"/Engine/EngineMaterials/Substrate/GLints/dict_16_192_64_0p5_0p02_0024_0000" 6364
"/Engine/EngineMaterials/Substrate/GLints/dict_16_192_64_0p5_0p02_0024_0001" 6365
"/Engine/EngineMaterials/Substrate/GLints/dict_16_192_64_0p5_0p02_0024_0002" 6366
"/Engine/EngineMaterials/Substrate/GLints/dict_16_192_64_0p5_0p02_0024_0003" 6367
"/Engine/EngineMaterials/Substrate/GLints/dict_16_192_64_0p5_0p02_0024_0010" 6368
"/Engine/EngineMaterials/Substrate/GLints/dict_16_192_64_0p5_0p02_0024_0004" 6369
"/Engine/EngineMaterials/Substrate/GLints/dict_16_192_64_0p5_0p02_0024_0005" 6370
"/Engine/EngineMaterials/Substrate/GLints/dict_16_192_64_0p5_0p02_0024_0006" 6371
"/Engine/EngineMaterials/Substrate/GLints/dict_16_192_64_0p5_0p02_0024_0007" 6372
"/Engine/EngineMaterials/Substrate/GLints/dict_16_192_64_0p5_0p02_0024_0011" 6373
"/Engine/EngineMaterials/Substrate/GLints/dict_16_192_64_0p5_0p02_0024_0008" 6374
"/Engine/EngineMaterials/Substrate/GLints/dict_16_192_64_0p5_0p02_0024_0012" 6375
"/Engine/EngineMaterials/Substrate/GLints/dict_16_192_64_0p5_0p02_0024_0009" 6376
"/Engine/EngineMaterials/Substrate/GLints/dict_16_192_64_0p5_0p02_0024_0013" 6377
"/Engine/EngineMaterials/Substrate/GLints/dict_16_192_64_0p5_0p02_0024_0014" 6378
"/Engine/EngineMaterials/Substrate/GLints/dict_16_192_64_0p5_0p02_0024_0015" 6379
"/Engine/EngineMaterials/Substrate/GLints/dict_16_192_64_0p5_0p02_0025_0000" 6380
"/Engine/EngineMaterials/Substrate/GLints/dict_16_192_64_0p5_0p02_0025_0001" 6381
"/Engine/EngineMaterials/Substrate/GLints/dict_16_192_64_0p5_0p02_0025_0002" 6382
"/Engine/EngineMaterials/Substrate/GLints/dict_16_192_64_0p5_0p02_0025_0003" 6383
"/Engine/EngineMaterials/Substrate/GLints/dict_16_192_64_0p5_0p02_0025_0004" 6384
"/Engine/EngineMaterials/Substrate/GLints/dict_16_192_64_0p5_0p02_0025_0005" 6385
"/Engine/EngineMaterials/Substrate/GLints/dict_16_192_64_0p5_0p02_0025_0006" 6386
"/Engine/EngineMaterials/Substrate/GLints/dict_16_192_64_0p5_0p02_0025_0007" 6387
"/Engine/EngineMaterials/Substrate/GLints/dict_16_192_64_0p5_0p02_0025_0008" 6388
"/Engine/EngineMaterials/Substrate/GLints/dict_16_192_64_0p5_0p02_0025_0009" 6389
"/Engine/EngineMaterials/Substrate/GLints/dict_16_192_64_0p5_0p02_0025_0010" 6390
"../../../Engine/Content/EngineMaterials/Substrate/GLints/dict_16_192_64_0p5_0p02_0023_0010.uasset" 6391
"../../../Engine/Content/EngineMaterials/Substrate/GLints/dict_16_192_64_0p5_0p02_0022_0015.uasset" 6392
"../../../Engine/Content/EngineMaterials/Substrate/GLints/dict_16_192_64_0p5_0p02_0023_0003.uasset" 6393
"../../../Engine/Content/EngineMaterials/Substrate/GLints/dict_16_192_64_0p5_0p02_0023_0009.uasset" 6394
"../../../Engine/Content/EngineMaterials/Substrate/GLints/dict_16_192_64_0p5_0p02_0023_0006.uasset" 6395
"../../../Engine/Content/EngineMaterials/Substrate/GLints/dict_16_192_64_0p5_0p02_0023_0002.uasset" 6396
"../../../Engine/Content/EngineMaterials/Substrate/GLints/dict_16_192_64_0p5_0p02_0023_0000.uasset" 6397
"../../../Engine/Content/EngineMaterials/Substrate/GLints/dict_16_192_64_0p5_0p02_0023_0007.uasset" 6398
"../../../Engine/Content/EngineMaterials/Substrate/GLints/dict_16_192_64_0p5_0p02_0022_0014.uasset" 6399
"../../../Engine/Content/EngineMaterials/Substrate/GLints/dict_16_192_64_0p5_0p02_0023_0008.uasset" 6400
"../../../Engine/Content/EngineMaterials/Substrate/GLints/dict_16_192_64_0p5_0p02_0023_0001.uasset" 6401
"../../../Engine/Content/EngineMaterials/Substrate/GLints/dict_16_192_64_0p5_0p02_0022_0013.uasset" 6402
"../../../Engine/Content/EngineMaterials/Substrate/GLints/dict_16_192_64_0p5_0p02_0023_0005.uasset" 6403
"../../../Engine/Content/EngineMaterials/Substrate/GLints/dict_16_192_64_0p5_0p02_0023_0004.uasset" 6404
"../../../Engine/Content/EngineMaterials/Substrate/GLints/dict_16_192_64_0p5_0p02_0022_0007.uasset" 6405
"../../../Engine/Content/EngineMaterials/Substrate/GLints/dict_16_192_64_0p5_0p02_0022_0010.uasset" 6406
"../../../Engine/Content/EngineMaterials/Substrate/GLints/dict_16_192_64_0p5_0p02_0022_0009.uasset" 6407
"../../../Engine/Content/EngineMaterials/Substrate/GLints/dict_16_192_64_0p5_0p02_0021_0015.uasset" 6408
"../../../Engine/Content/EngineMaterials/Substrate/GLints/dict_16_192_64_0p5_0p02_0022_0004.uasset" 6409
"../../../Engine/Content/EngineMaterials/Substrate/GLints/dict_16_192_64_0p5_0p02_0022_0011.uasset" 6410
"../../../Engine/Content/EngineMaterials/Substrate/GLints/dict_16_192_64_0p5_0p02_0022_0003.uasset" 6411
"/Engine/EngineMaterials/Substrate/GLints/dict_16_192_64_0p5_0p02_0022_0013" 6412
"../../../Engine/Content/EngineMaterials/Substrate/GLints/dict_16_192_64_0p5_0p02_0022_0012.uasset" 6413
"../../../Engine/Content/EngineMaterials/Substrate/GLints/dict_16_192_64_0p5_0p02_0022_0002.uasset" 6414
"../../../Engine/Content/EngineMaterials/Substrate/GLints/dict_16_192_64_0p5_0p02_0022_0008.uasset" 6415
"../../../Engine/Content/EngineMaterials/Substrate/GLints/dict_16_192_64_0p5_0p02_0022_0000.uasset" 6416
"../../../Engine/Content/EngineMaterials/Substrate/GLints/dict_16_192_64_0p5_0p02_0022_0005.uasset" 6417
"/Engine/EngineMaterials/Substrate/GLints/dict_16_192_64_0p5_0p02_0022_0014" 6418
"../../../Engine/Content/EngineMaterials/Substrate/GLints/dict_16_192_64_0p5_0p02_0022_0001.uasset" 6419
"/Engine/EngineMaterials/Substrate/GLints/dict_16_192_64_0p5_0p02_0022_0015" 6420
"../../../Engine/Content/EngineMaterials/Substrate/GLints/dict_16_192_64_0p5_0p02_0022_0006.uasset" 6421
"/Engine/EngineMaterials/Substrate/GLints/dict_16_192_64_0p5_0p02_0023_0000" 6422
"/Engine/EngineMaterials/Substrate/GLints/dict_16_192_64_0p5_0p02_0023_0001" 6423
"/Engine/EngineMaterials/Substrate/GLints/dict_16_192_64_0p5_0p02_0023_0002" 6424
"/Engine/EngineMaterials/Substrate/GLints/dict_16_192_64_0p5_0p02_0023_0003" 6425
"/Engine/EngineMaterials/Substrate/GLints/dict_16_192_64_0p5_0p02_0023_0004" 6426
"/Engine/EngineMaterials/Substrate/GLints/dict_16_192_64_0p5_0p02_0023_0005" 6427
"/Engine/EngineMaterials/Substrate/GLints/dict_16_192_64_0p5_0p02_0023_0006" 6428
"/Engine/EngineMaterials/Substrate/GLints/dict_16_192_64_0p5_0p02_0023_0007" 6429
"/Engine/EngineMaterials/Substrate/GLints/dict_16_192_64_0p5_0p02_0023_0008" 6430
"/Engine/EngineMaterials/Substrate/GLints/dict_16_192_64_0p5_0p02_0023_0009" 6431
"/Engine/EngineMaterials/Substrate/GLints/dict_16_192_64_0p5_0p02_0023_0010" 6432
"/Engine/EngineMaterials/Substrate/GLints/dict_16_192_64_0p5_0p02_0021_0015" 6433
"/Engine/EngineMaterials/Substrate/GLints/dict_16_192_64_0p5_0p02_0022_0000" 6434
"../../../Engine/Content/EngineMaterials/Substrate/GLints/dict_16_192_64_0p5_0p02_0021_0013.uasset" 6435
"/Engine/EngineMaterials/Substrate/GLints/dict_16_192_64_0p5_0p02_0022_0001" 6436
"../../../Engine/Content/EngineMaterials/Substrate/GLints/dict_16_192_64_0p5_0p02_0021_0011.uasset" 6437
"../../../Engine/Content/EngineMaterials/Substrate/GLints/dict_16_192_64_0p5_0p02_0021_0012.uasset" 6438
"/Engine/EngineMaterials/Substrate/GLints/dict_16_192_64_0p5_0p02_0022_0002" 6439
"/Engine/EngineMaterials/Substrate/GLints/dict_16_192_64_0p5_0p02_0022_0003" 6440
"/Engine/EngineMaterials/Substrate/GLints/dict_16_192_64_0p5_0p02_0022_0004" 6441
"/Engine/EngineMaterials/Substrate/GLints/dict_16_192_64_0p5_0p02_0022_0005" 6442
"/Engine/EngineMaterials/Substrate/GLints/dict_16_192_64_0p5_0p02_0022_0006" 6443
"../../../Engine/Content/EngineMaterials/Substrate/GLints/dict_16_192_64_0p5_0p02_0021_0014.uasset" 6444
"/Engine/EngineMaterials/Substrate/GLints/dict_16_192_64_0p5_0p02_0022_0007" 6445
"/Engine/EngineMaterials/Substrate/GLints/dict_16_192_64_0p5_0p02_0022_0008" 6446
"/Engine/EngineMaterials/Substrate/GLints/dict_16_192_64_0p5_0p02_0022_0009" 6447
"/Engine/EngineMaterials/Substrate/GLints/dict_16_192_64_0p5_0p02_0022_0010" 6448
"/Engine/EngineMaterials/Substrate/GLints/dict_16_192_64_0p5_0p02_0022_0011" 6449
"/Engine/EngineMaterials/Substrate/GLints/dict_16_192_64_0p5_0p02_0022_0012" 6450
"../../../Engine/Content/EngineMaterials/Substrate/GLints/dict_16_192_64_0p5_0p02_0021_0006.uasset" 6451
"../../../Engine/Content/EngineMaterials/Substrate/GLints/dict_16_192_64_0p5_0p02_0021_0007.uasset" 6452
"../../../Engine/Content/EngineMaterials/Substrate/GLints/dict_16_192_64_0p5_0p02_0021_0001.uasset" 6453
"../../../Engine/Content/EngineMaterials/Substrate/GLints/dict_16_192_64_0p5_0p02_0021_0005.uasset" 6454
"../../../Engine/Content/EngineMaterials/Substrate/GLints/dict_16_192_64_0p5_0p02_0021_0010.uasset" 6455
"/Engine/EngineMaterials/Substrate/GLints/dict_16_192_64_0p5_0p02_0021_0011" 6456
"../../../Engine/Content/EngineMaterials/Substrate/GLints/dict_16_192_64_0p5_0p02_0021_0009.uasset" 6457
"../../../Engine/Content/EngineMaterials/Substrate/GLints/dict_16_192_64_0p5_0p02_0021_0003.uasset" 6458
"../../../Engine/Content/EngineMaterials/Substrate/GLints/dict_16_192_64_0p5_0p02_0021_0004.uasset" 6459
"/Engine/EngineMaterials/Substrate/GLints/dict_16_192_64_0p5_0p02_0021_0012" 6460
"../../../Engine/Content/EngineMaterials/Substrate/GLints/dict_16_192_64_0p5_0p02_0021_0008.uasset" 6461
"/Engine/EngineMaterials/Substrate/GLints/dict_16_192_64_0p5_0p02_0021_0013" 6462
"/Engine/EngineMaterials/Substrate/GLints/dict_16_192_64_0p5_0p02_0021_0014" 6463
"/Engine/EngineMaterials/Substrate/GLints/dict_16_192_64_0p5_0p02_0021_0001" 6464
"/Engine/EngineMaterials/Substrate/GLints/dict_16_192_64_0p5_0p02_0021_0003" 6465
"/Engine/EngineMaterials/Substrate/GLints/dict_16_192_64_0p5_0p02_0021_0004" 6466
"../../../Engine/Content/EngineMaterials/Substrate/GLints/dict_16_192_64_0p5_0p02_0020_0014.uasset" 6467
"../../../Engine/Content/EngineMaterials/Substrate/GLints/dict_16_192_64_0p5_0p02_0020_0015.uasset" 6468
"/Engine/EngineMaterials/Substrate/GLints/dict_16_192_64_0p5_0p02_0021_0005" 6469
"../../../Engine/Content/EngineMaterials/Substrate/GLints/dict_16_192_64_0p5_0p02_0021_0002.uasset" 6470
"/Engine/EngineMaterials/Substrate/GLints/dict_16_192_64_0p5_0p02_0021_0006" 6471
"/Engine/EngineMaterials/Substrate/GLints/dict_16_192_64_0p5_0p02_0021_0007" 6472
"../../../Engine/Content/EngineMaterials/Substrate/GLints/dict_16_192_64_0p5_0p02_0021_0000.uasset" 6473
"/Engine/EngineMaterials/Substrate/GLints/dict_16_192_64_0p5_0p02_0021_0008" 6474
"/Engine/EngineMaterials/Substrate/GLints/dict_16_192_64_0p5_0p02_0021_0009" 6475
"/Engine/EngineMaterials/Substrate/GLints/dict_16_192_64_0p5_0p02_0021_0010" 6476
"/Engine/EngineMaterials/Substrate/GLints/dict_16_192_64_0p5_0p02_0020_0014" 6477
"/Engine/EngineMaterials/Substrate/GLints/dict_16_192_64_0p5_0p02_0020_0015" 6478
"/Engine/EngineMaterials/Substrate/GLints/dict_16_192_64_0p5_0p02_0021_0000" 6479
"/Engine/EngineMaterials/Substrate/GLints/dict_16_192_64_0p5_0p02_0021_0002" 6480
"../../../Engine/Content/EngineMaterials/Substrate/GLints/dict_16_192_64_0p5_0p02_0020_0013.uasset" 6481
"../../../Engine/Content/EngineMaterials/Substrate/GLints/dict_16_192_64_0p5_0p02_0020_0007.uasset" 6482
"../../../Engine/Content/EngineMaterials/Substrate/GLints/dict_16_192_64_0p5_0p02_0020_0012.uasset" 6483
"../../../Engine/Content/EngineMaterials/Substrate/GLints/dict_16_192_64_0p5_0p02_0020_0006.uasset" 6484
"../../../Engine/Content/EngineMaterials/Substrate/GLints/dict_16_192_64_0p5_0p02_0020_0011.uasset" 6485
"../../../Engine/Content/EngineMaterials/Substrate/GLints/dict_16_192_64_0p5_0p02_0020_0005.uasset" 6486
"../../../Engine/Content/EngineMaterials/Substrate/GLints/dict_16_192_64_0p5_0p02_0020_0010.uasset" 6487
"../../../Engine/Content/EngineMaterials/Substrate/GLints/dict_16_192_64_0p5_0p02_0020_0004.uasset" 6488
"../../../Engine/Content/EngineMaterials/Substrate/GLints/dict_16_192_64_0p5_0p02_0020_0003.uasset" 6489
"../../../Engine/Content/EngineMaterials/Substrate/GLints/dict_16_192_64_0p5_0p02_0020_0008.uasset" 6490
"../../../Engine/Content/EngineMaterials/Substrate/GLints/dict_16_192_64_0p5_0p02_0020_0009.uasset" 6491
"../../../Engine/Content/EngineMaterials/Substrate/GLints/dict_16_192_64_0p5_0p02_0020_0000.uasset" 6492
"../../../Engine/Content/EngineMaterials/Substrate/GLints/dict_16_192_64_0p5_0p02_0020_0002.uasset" 6493
"../../../Engine/Content/EngineMaterials/Substrate/GLints/dict_16_192_64_0p5_0p02_0019_0015.uasset" 6494
"../../../Engine/Content/EngineMaterials/Substrate/GLints/dict_16_192_64_0p5_0p02_0020_0001.uasset" 6495
"../../../Engine/Content/EngineMaterials/Substrate/GLints/dict_16_192_64_0p5_0p02_0019_0012.uasset" 6496
"../../../Engine/Content/EngineMaterials/Substrate/GLints/dict_16_192_64_0p5_0p02_0019_0009.uasset" 6497
"../../../Engine/Content/EngineMaterials/Substrate/GLints/dict_16_192_64_0p5_0p02_0019_0011.uasset" 6498
"../../../Engine/Content/EngineMaterials/Substrate/GLints/dict_16_192_64_0p5_0p02_0019_0013.uasset" 6499
"../../../Engine/Content/EngineMaterials/Substrate/GLints/dict_16_192_64_0p5_0p02_0019_0014.uasset" 6500
"../../../Engine/Content/EngineMaterials/Substrate/GLints/dict_16_192_64_0p5_0p02_0019_0010.uasset" 6501
"../../../Engine/Content/EngineMaterials/Substrate/GLints/dict_16_192_64_0p5_0p02_0019_0008.uasset" 6502
"../../../Engine/Content/EngineMaterials/Substrate/GLints/dict_16_192_64_0p5_0p02_0019_0007.uasset" 6503
"../../../Engine/Content/EngineMaterials/Substrate/GLints/dict_16_192_64_0p5_0p02_0019_0005.uasset" 6504
"../../../Engine/Content/EngineMaterials/Substrate/GLints/dict_16_192_64_0p5_0p02_0019_0004.uasset" 6505
"../../../Engine/Content/EngineMaterials/Substrate/GLints/dict_16_192_64_0p5_0p02_0019_0003.uasset" 6506
"../../../Engine/Content/EngineMaterials/Substrate/GLints/dict_16_192_64_0p5_0p02_0019_0002.uasset" 6507
"../../../Engine/Content/EngineMaterials/Substrate/GLints/dict_16_192_64_0p5_0p02_0019_0006.uasset" 6508
"../../../Engine/Content/EngineMaterials/Substrate/GLints/dict_16_192_64_0p5_0p02_0019_0001.uasset" 6509
"../../../Engine/Content/EngineMaterials/Substrate/GLints/dict_16_192_64_0p5_0p02_0019_0000.uasset" 6510
"../../../Engine/Content/EngineMaterials/Substrate/GLints/dict_16_192_64_0p5_0p02_0018_0015.uasset" 6511
"../../../Engine/Content/EngineMaterials/Substrate/GLints/dict_16_192_64_0p5_0p02_0018_0014.uasset" 6512
"/Engine/EngineMaterials/Substrate/GLints/dict_16_192_64_0p5_0p02_0019_0011" 6513
"/Engine/EngineMaterials/Substrate/GLints/dict_16_192_64_0p5_0p02_0019_0012" 6514
"/Engine/EngineMaterials/Substrate/GLints/dict_16_192_64_0p5_0p02_0019_0013" 6515
"/Engine/EngineMaterials/Substrate/GLints/dict_16_192_64_0p5_0p02_0019_0014" 6516
"/Engine/EngineMaterials/Substrate/GLints/dict_16_192_64_0p5_0p02_0019_0015" 6517
"/Engine/EngineMaterials/Substrate/GLints/dict_16_192_64_0p5_0p02_0020_0000" 6518
"/Engine/EngineMaterials/Substrate/GLints/dict_16_192_64_0p5_0p02_0020_0001" 6519
"/Engine/EngineMaterials/Substrate/GLints/dict_16_192_64_0p5_0p02_0020_0002" 6520
"/Engine/EngineMaterials/Substrate/GLints/dict_16_192_64_0p5_0p02_0020_0003" 6521
"/Engine/EngineMaterials/Substrate/GLints/dict_16_192_64_0p5_0p02_0020_0004" 6522
"/Engine/EngineMaterials/Substrate/GLints/dict_16_192_64_0p5_0p02_0020_0005" 6523
"/Engine/EngineMaterials/Substrate/GLints/dict_16_192_64_0p5_0p02_0020_0006" 6524
"/Engine/EngineMaterials/Substrate/GLints/dict_16_192_64_0p5_0p02_0020_0007" 6525
"/Engine/EngineMaterials/Substrate/GLints/dict_16_192_64_0p5_0p02_0020_0008" 6526
"/Engine/EngineMaterials/Substrate/GLints/dict_16_192_64_0p5_0p02_0020_0009" 6527
"/Engine/EngineMaterials/Substrate/GLints/dict_16_192_64_0p5_0p02_0020_0010" 6528
"/Engine/EngineMaterials/Substrate/GLints/dict_16_192_64_0p5_0p02_0020_0011" 6529
"/Engine/EngineMaterials/Substrate/GLints/dict_16_192_64_0p5_0p02_0020_0012" 6530
"/Engine/EngineMaterials/Substrate/GLints/dict_16_192_64_0p5_0p02_0020_0013" 6531
"/Engine/EngineMaterials/Substrate/GLints/dict_16_192_64_0p5_0p02_0018_0014" 6532
"/Engine/EngineMaterials/Substrate/GLints/dict_16_192_64_0p5_0p02_0018_0015" 6533
"/Engine/EngineMaterials/Substrate/GLints/dict_16_192_64_0p5_0p02_0019_0000" 6534
"/Engine/EngineMaterials/Substrate/GLints/dict_16_192_64_0p5_0p02_0019_0002" 6535
"/Engine/EngineMaterials/Substrate/GLints/dict_16_192_64_0p5_0p02_0019_0001" 6536
"/Engine/EngineMaterials/Substrate/GLints/dict_16_192_64_0p5_0p02_0019_0003" 6537
"/Engine/EngineMaterials/Substrate/GLints/dict_16_192_64_0p5_0p02_0019_0004" 6538
"/Engine/EngineMaterials/Substrate/GLints/dict_16_192_64_0p5_0p02_0019_0005" 6539
"/Engine/EngineMaterials/Substrate/GLints/dict_16_192_64_0p5_0p02_0019_0006" 6540
"/Engine/EngineMaterials/Substrate/GLints/dict_16_192_64_0p5_0p02_0019_0007" 6541
"/Engine/EngineMaterials/Substrate/GLints/dict_16_192_64_0p5_0p02_0019_0008" 6542
"/Engine/EngineMaterials/Substrate/GLints/dict_16_192_64_0p5_0p02_0019_0009" 6543
"/Engine/EngineMaterials/Substrate/GLints/dict_16_192_64_0p5_0p02_0019_0010" 6544
"../../../Engine/Content/EngineMaterials/Substrate/GLints/dict_16_192_64_0p5_0p02_0018_0005.uasset" 6545
"../../../Engine/Content/EngineMaterials/Substrate/GLints/dict_16_192_64_0p5_0p02_0018_0008.uasset" 6546
"../../../Engine/Content/EngineMaterials/Substrate/GLints/dict_16_192_64_0p5_0p02_0018_0000.uasset" 6547
"../../../Engine/Content/EngineMaterials/Substrate/GLints/dict_16_192_64_0p5_0p02_0018_0007.uasset" 6548
"../../../Engine/Content/EngineMaterials/Substrate/GLints/dict_16_192_64_0p5_0p02_0018_0013.uasset" 6549
"../../../Engine/Content/EngineMaterials/Substrate/GLints/dict_16_192_64_0p5_0p02_0017_0015.uasset" 6550
"../../../Engine/Content/EngineMaterials/Substrate/GLints/dict_16_192_64_0p5_0p02_0018_0006.uasset" 6551
"../../../Engine/Content/EngineMaterials/Substrate/GLints/dict_16_192_64_0p5_0p02_0018_0009.uasset" 6552
"../../../Engine/Content/EngineMaterials/Substrate/GLints/dict_16_192_64_0p5_0p02_0017_0013.uasset" 6553
"../../../Engine/Content/EngineMaterials/Substrate/GLints/dict_16_192_64_0p5_0p02_0017_0014.uasset" 6554
"../../../Engine/Content/EngineMaterials/Substrate/GLints/dict_16_192_64_0p5_0p02_0018_0012.uasset" 6555
"../../../Engine/Content/EngineMaterials/Substrate/GLints/dict_16_192_64_0p5_0p02_0018_0010.uasset" 6556
"../../../Engine/Content/EngineMaterials/Substrate/GLints/dict_16_192_64_0p5_0p02_0018_0004.uasset" 6557
"../../../Engine/Content/EngineMaterials/Substrate/GLints/dict_16_192_64_0p5_0p02_0018_0002.uasset" 6558
"../../../Engine/Content/EngineMaterials/Substrate/GLints/dict_16_192_64_0p5_0p02_0018_0003.uasset" 6559
"../../../Engine/Content/EngineMaterials/Substrate/GLints/dict_16_192_64_0p5_0p02_0018_0011.uasset" 6560
"../../../Engine/Content/EngineMaterials/Substrate/GLints/dict_16_192_64_0p5_0p02_0018_0001.uasset" 6561
"/Engine/EngineMaterials/Substrate/GLints/dict_16_192_64_0p5_0p02_0017_0013" 6562
"../../../Engine/Content/EngineMaterials/Substrate/GLints/dict_16_192_64_0p5_0p02_0017_0009.uasset" 6563
"../../../Engine/Content/EngineMaterials/Substrate/GLints/dict_16_192_64_0p5_0p02_0017_0010.uasset" 6564
"../../../Engine/Content/EngineMaterials/Substrate/GLints/dict_16_192_64_0p5_0p02_0017_0008.uasset" 6565
"../../../Engine/Content/EngineMaterials/Substrate/GLints/dict_16_192_64_0p5_0p02_0017_0007.uasset" 6566
"../../../Engine/Content/EngineMaterials/Substrate/GLints/dict_16_192_64_0p5_0p02_0017_0002.uasset" 6567
"../../../Engine/Content/EngineMaterials/Substrate/GLints/dict_16_192_64_0p5_0p02_0017_0003.uasset" 6568
"../../../Engine/Content/EngineMaterials/Substrate/GLints/dict_16_192_64_0p5_0p02_0017_0005.uasset" 6569
"../../../Engine/Content/EngineMaterials/Substrate/GLints/dict_16_192_64_0p5_0p02_0017_0001.uasset" 6570
"../../../Engine/Content/EngineMaterials/Substrate/GLints/dict_16_192_64_0p5_0p02_0017_0000.uasset" 6571
"../../../Engine/Content/EngineMaterials/Substrate/GLints/dict_16_192_64_0p5_0p02_0017_0012.uasset" 6572
"/Engine/EngineMaterials/Substrate/GLints/dict_16_192_64_0p5_0p02_0017_0014" 6573
"../../../Engine/Content/EngineMaterials/Substrate/GLints/dict_16_192_64_0p5_0p02_0017_0006.uasset" 6574
"../../../Engine/Content/EngineMaterials/Substrate/GLints/dict_16_192_64_0p5_0p02_0017_0011.uasset" 6575
"../../../Engine/Content/EngineMaterials/Substrate/GLints/dict_16_192_64_0p5_0p02_0016_0014.uasset" 6576
"/Engine/EngineMaterials/Substrate/GLints/dict_16_192_64_0p5_0p02_0017_0015" 6577
"/Engine/EngineMaterials/Substrate/GLints/dict_16_192_64_0p5_0p02_0018_0000" 6578
"../../../Engine/Content/EngineMaterials/Substrate/GLints/dict_16_192_64_0p5_0p02_0016_0015.uasset" 6579
"/Engine/EngineMaterials/Substrate/GLints/dict_16_192_64_0p5_0p02_0018_0001" 6580
"/Engine/EngineMaterials/Substrate/GLints/dict_16_192_64_0p5_0p02_0018_0002" 6581
"/Engine/EngineMaterials/Substrate/GLints/dict_16_192_64_0p5_0p02_0018_0003" 6582
"../../../Engine/Content/EngineMaterials/Substrate/GLints/dict_16_192_64_0p5_0p02_0017_0004.uasset" 6583
"/Engine/EngineMaterials/Substrate/GLints/dict_16_192_64_0p5_0p02_0018_0004" 6584
"/Engine/EngineMaterials/Substrate/GLints/dict_16_192_64_0p5_0p02_0018_0005" 6585
"/Engine/EngineMaterials/Substrate/GLints/dict_16_192_64_0p5_0p02_0018_0006" 6586
"/Engine/EngineMaterials/Substrate/GLints/dict_16_192_64_0p5_0p02_0018_0007" 6587
"/Engine/EngineMaterials/Substrate/GLints/dict_16_192_64_0p5_0p02_0018_0008" 6588
"/Engine/EngineMaterials/Substrate/GLints/dict_16_192_64_0p5_0p02_0018_0009" 6589
"/Engine/EngineMaterials/Substrate/GLints/dict_16_192_64_0p5_0p02_0018_0010" 6590
"/Engine/EngineMaterials/Substrate/GLints/dict_16_192_64_0p5_0p02_0018_0011" 6591
"/Engine/EngineMaterials/Substrate/GLints/dict_16_192_64_0p5_0p02_0018_0012" 6592
"/Engine/EngineMaterials/Substrate/GLints/dict_16_192_64_0p5_0p02_0018_0013" 6593
"/Engine/EngineMaterials/Substrate/GLints/dict_16_192_64_0p5_0p02_0016_0014" 6594
"/Engine/EngineMaterials/Substrate/GLints/dict_16_192_64_0p5_0p02_0016_0015" 6595
"/Engine/EngineMaterials/Substrate/GLints/dict_16_192_64_0p5_0p02_0017_0000" 6596
"/Engine/EngineMaterials/Substrate/GLints/dict_16_192_64_0p5_0p02_0017_0001" 6597
"/Engine/EngineMaterials/Substrate/GLints/dict_16_192_64_0p5_0p02_0017_0002" 6598
"/Engine/EngineMaterials/Substrate/GLints/dict_16_192_64_0p5_0p02_0017_0003" 6599
"/Engine/EngineMaterials/Substrate/GLints/dict_16_192_64_0p5_0p02_0017_0004" 6600
"/Engine/EngineMaterials/Substrate/GLints/dict_16_192_64_0p5_0p02_0017_0005" 6601
"/Engine/EngineMaterials/Substrate/GLints/dict_16_192_64_0p5_0p02_0017_0006" 6602
"/Engine/EngineMaterials/Substrate/GLints/dict_16_192_64_0p5_0p02_0017_0007" 6603
"/Engine/EngineMaterials/Substrate/GLints/dict_16_192_64_0p5_0p02_0017_0008" 6604
"/Engine/EngineMaterials/Substrate/GLints/dict_16_192_64_0p5_0p02_0017_0009" 6605
"/Engine/EngineMaterials/Substrate/GLints/dict_16_192_64_0p5_0p02_0017_0010" 6606
"/Engine/EngineMaterials/Substrate/GLints/dict_16_192_64_0p5_0p02_0017_0011" 6607
"/Engine/EngineMaterials/Substrate/GLints/dict_16_192_64_0p5_0p02_0017_0012" 6608
"../../../Engine/Content/EngineMaterials/Substrate/GLints/dict_16_192_64_0p5_0p02_0016_0006.uasset" 6609
"../../../Engine/Content/EngineMaterials/Substrate/GLints/dict_16_192_64_0p5_0p02_0015_0014.uasset" 6610
"../../../Engine/Content/EngineMaterials/Substrate/GLints/dict_16_192_64_0p5_0p02_0016_0001.uasset" 6611
"../../../Engine/Content/EngineMaterials/Substrate/GLints/dict_16_192_64_0p5_0p02_0015_0013.uasset" 6612
"../../../Engine/Content/EngineMaterials/Substrate/GLints/dict_16_192_64_0p5_0p02_0015_0015.uasset" 6613
"../../../Engine/Content/EngineMaterials/Substrate/GLints/dict_16_192_64_0p5_0p02_0016_0008.uasset" 6614
"../../../Engine/Content/EngineMaterials/Substrate/GLints/dict_16_192_64_0p5_0p02_0016_0005.uasset" 6615
"../../../Engine/Content/EngineMaterials/Substrate/GLints/dict_16_192_64_0p5_0p02_0016_0003.uasset" 6616
"../../../Engine/Content/EngineMaterials/Substrate/GLints/dict_16_192_64_0p5_0p02_0016_0013.uasset" 6617
"../../../Engine/Content/EngineMaterials/Substrate/GLints/dict_16_192_64_0p5_0p02_0016_0007.uasset" 6618
"../../../Engine/Content/EngineMaterials/Substrate/GLints/dict_16_192_64_0p5_0p02_0016_0009.uasset" 6619
"../../../Engine/Content/EngineMaterials/Substrate/GLints/dict_16_192_64_0p5_0p02_0016_0004.uasset" 6620
"../../../Engine/Content/EngineMaterials/Substrate/GLints/dict_16_192_64_0p5_0p02_0016_0011.uasset" 6621
"../../../Engine/Content/EngineMaterials/Substrate/GLints/dict_16_192_64_0p5_0p02_0016_0010.uasset" 6622
"../../../Engine/Content/EngineMaterials/Substrate/GLints/dict_16_192_64_0p5_0p02_0016_0012.uasset" 6623
"../../../Engine/Content/EngineMaterials/Substrate/GLints/dict_16_192_64_0p5_0p02_0016_0002.uasset" 6624
"../../../Engine/Content/EngineMaterials/Substrate/GLints/dict_16_192_64_0p5_0p02_0016_0000.uasset" 6625
"../../../Engine/Content/EngineMaterials/Substrate/GLints/dict_16_192_64_0p5_0p02_0015_0012.uasset" 6626
"../../../Engine/Content/EngineMaterials/Substrate/GLints/dict_16_192_64_0p5_0p02_0015_0000.uasset" 6627
"../../../Engine/Content/EngineMaterials/Substrate/GLints/dict_16_192_64_0p5_0p02_0015_0002.uasset" 6628
"../../../Engine/Content/EngineMaterials/Substrate/GLints/dict_16_192_64_0p5_0p02_0015_0010.uasset" 6629
"../../../Engine/Content/EngineMaterials/Substrate/GLints/dict_16_192_64_0p5_0p02_0015_0011.uasset" 6630
"../../../Engine/Content/EngineMaterials/Substrate/GLints/dict_16_192_64_0p5_0p02_0014_0014.uasset" 6631
"../../../Engine/Content/EngineMaterials/Substrate/GLints/dict_16_192_64_0p5_0p02_0015_0006.uasset" 6632
"../../../Engine/Content/EngineMaterials/Substrate/GLints/dict_16_192_64_0p5_0p02_0015_0007.uasset" 6633
"../../../Engine/Content/EngineMaterials/Substrate/GLints/dict_16_192_64_0p5_0p02_0015_0003.uasset" 6634
"../../../Engine/Content/EngineMaterials/Substrate/GLints/dict_16_192_64_0p5_0p02_0015_0005.uasset" 6635
"../../../Engine/Content/EngineMaterials/Substrate/GLints/dict_16_192_64_0p5_0p02_0015_0008.uasset" 6636
"../../../Engine/Content/EngineMaterials/Substrate/GLints/dict_16_192_64_0p5_0p02_0015_0004.uasset" 6637
"../../../Engine/Content/EngineMaterials/Substrate/GLints/dict_16_192_64_0p5_0p02_0015_0001.uasset" 6638
"../../../Engine/Content/EngineMaterials/Substrate/GLints/dict_16_192_64_0p5_0p02_0014_0015.uasset" 6639
"../../../Engine/Content/EngineMaterials/Substrate/GLints/dict_16_192_64_0p5_0p02_0015_0009.uasset" 6640
"/Engine/EngineMaterials/Substrate/GLints/dict_16_192_64_0p5_0p02_0014_0014" 6641
"/Engine/EngineMaterials/Substrate/GLints/dict_16_192_64_0p5_0p02_0014_0015" 6642
"/Engine/EngineMaterials/Substrate/GLints/dict_16_192_64_0p5_0p02_0015_0000" 6643
"/Engine/EngineMaterials/Substrate/GLints/dict_16_192_64_0p5_0p02_0015_0001" 6644
"/Engine/EngineMaterials/Substrate/GLints/dict_16_192_64_0p5_0p02_0015_0002" 6645
"/Engine/EngineMaterials/Substrate/GLints/dict_16_192_64_0p5_0p02_0015_0003" 6646
"/Engine/EngineMaterials/Substrate/GLints/dict_16_192_64_0p5_0p02_0015_0004" 6647
"/Engine/EngineMaterials/Substrate/GLints/dict_16_192_64_0p5_0p02_0015_0005" 6648
"/Engine/EngineMaterials/Substrate/GLints/dict_16_192_64_0p5_0p02_0015_0006" 6649
"/Engine/EngineMaterials/Substrate/GLints/dict_16_192_64_0p5_0p02_0015_0007" 6650
"/Engine/EngineMaterials/Substrate/GLints/dict_16_192_64_0p5_0p02_0015_0008" 6651
"/Engine/EngineMaterials/Substrate/GLints/dict_16_192_64_0p5_0p02_0015_0009" 6652
"/Engine/EngineMaterials/Substrate/GLints/dict_16_192_64_0p5_0p02_0015_0010" 6653
"/Engine/EngineMaterials/Substrate/GLints/dict_16_192_64_0p5_0p02_0015_0011" 6654
"/Engine/EngineMaterials/Substrate/GLints/dict_16_192_64_0p5_0p02_0015_0012" 6655
"/Engine/EngineMaterials/Substrate/GLints/dict_16_192_64_0p5_0p02_0015_0013" 6656
"/Engine/EngineMaterials/Substrate/GLints/dict_16_192_64_0p5_0p02_0015_0014" 6657
"/Engine/EngineMaterials/Substrate/GLints/dict_16_192_64_0p5_0p02_0015_0015" 6658
"/Engine/EngineMaterials/Substrate/GLints/dict_16_192_64_0p5_0p02_0016_0000" 6659
"/Engine/EngineMaterials/Substrate/GLints/dict_16_192_64_0p5_0p02_0016_0001" 6660
"/Engine/EngineMaterials/Substrate/GLints/dict_16_192_64_0p5_0p02_0016_0002" 6661
"/Engine/EngineMaterials/Substrate/GLints/dict_16_192_64_0p5_0p02_0016_0003" 6662
"/Engine/EngineMaterials/Substrate/GLints/dict_16_192_64_0p5_0p02_0016_0004" 6663
"/Engine/EngineMaterials/Substrate/GLints/dict_16_192_64_0p5_0p02_0016_0005" 6664
"/Engine/EngineMaterials/Substrate/GLints/dict_16_192_64_0p5_0p02_0016_0006" 6665
"/Engine/EngineMaterials/Substrate/GLints/dict_16_192_64_0p5_0p02_0016_0007" 6666
"/Engine/EngineMaterials/Substrate/GLints/dict_16_192_64_0p5_0p02_0016_0008" 6667
"/Engine/EngineMaterials/Substrate/GLints/dict_16_192_64_0p5_0p02_0016_0009" 6668
"/Engine/EngineMaterials/Substrate/GLints/dict_16_192_64_0p5_0p02_0016_0010" 6669
"/Engine/EngineMaterials/Substrate/GLints/dict_16_192_64_0p5_0p02_0016_0011" 6670
"/Engine/EngineMaterials/Substrate/GLints/dict_16_192_64_0p5_0p02_0016_0012" 6671
"/Engine/EngineMaterials/Substrate/GLints/dict_16_192_64_0p5_0p02_0016_0013" 6672
"../../../Engine/Content/EngineMaterials/Substrate/GLints/dict_16_192_64_0p5_0p02_0014_0003.uasset" 6673
"../../../Engine/Content/EngineMaterials/Substrate/GLints/dict_16_192_64_0p5_0p02_0014_0002.uasset" 6674
"../../../Engine/Content/EngineMaterials/Substrate/GLints/dict_16_192_64_0p5_0p02_0014_0004.uasset" 6675
"../../../Engine/Content/EngineMaterials/Substrate/GLints/dict_16_192_64_0p5_0p02_0014_0006.uasset" 6676
"../../../Engine/Content/EngineMaterials/Substrate/GLints/dict_16_192_64_0p5_0p02_0014_0001.uasset" 6677
"../../../Engine/Content/EngineMaterials/Substrate/GLints/dict_16_192_64_0p5_0p02_0014_0005.uasset" 6678
"../../../Engine/Content/EngineMaterials/Substrate/GLints/dict_16_192_64_0p5_0p02_0014_0008.uasset" 6679
"../../../Engine/Content/EngineMaterials/Substrate/GLints/dict_16_192_64_0p5_0p02_0014_0013.uasset" 6680
"../../../Engine/Content/EngineMaterials/Substrate/GLints/dict_16_192_64_0p5_0p02_0014_0010.uasset" 6681
"../../../Engine/Content/EngineMaterials/Substrate/GLints/dict_16_192_64_0p5_0p02_0014_0011.uasset" 6682
"../../../Engine/Content/EngineMaterials/Substrate/GLints/dict_16_192_64_0p5_0p02_0014_0007.uasset" 6683
"../../../Engine/Content/EngineMaterials/Substrate/GLints/dict_16_192_64_0p5_0p02_0014_0012.uasset" 6684
"../../../Engine/Content/EngineMaterials/Substrate/GLints/dict_16_192_64_0p5_0p02_0014_0000.uasset" 6685
"../../../Engine/Content/EngineMaterials/Substrate/GLints/dict_16_192_64_0p5_0p02_0014_0009.uasset" 6686
"../../../Engine/Content/EngineMaterials/Substrate/GLints/dict_16_192_64_0p5_0p02_0013_0012.uasset" 6687
"../../../Engine/Content/EngineMaterials/Substrate/GLints/dict_16_192_64_0p5_0p02_0013_0010.uasset" 6688
"../../../Engine/Content/EngineMaterials/Substrate/GLints/dict_16_192_64_0p5_0p02_0013_0011.uasset" 6689
"../../../Engine/Content/EngineMaterials/Substrate/GLints/dict_16_192_64_0p5_0p02_0013_0015.uasset" 6690
"../../../Engine/Content/EngineMaterials/Substrate/GLints/dict_16_192_64_0p5_0p02_0013_0014.uasset" 6691
"../../../Engine/Content/EngineMaterials/Substrate/GLints/dict_16_192_64_0p5_0p02_0013_0008.uasset" 6692
"../../../Engine/Content/EngineMaterials/Substrate/GLints/dict_16_192_64_0p5_0p02_0013_0006.uasset" 6693
"../../../Engine/Content/EngineMaterials/Substrate/GLints/dict_16_192_64_0p5_0p02_0013_0013.uasset" 6694
"../../../Engine/Content/EngineMaterials/Substrate/GLints/dict_16_192_64_0p5_0p02_0013_0009.uasset" 6695
"../../../Engine/Content/EngineMaterials/Substrate/GLints/dict_16_192_64_0p5_0p02_0013_0007.uasset" 6696
"../../../Engine/Content/EngineMaterials/Substrate/GLints/dict_16_192_64_0p5_0p02_0013_0004.uasset" 6697
"../../../Engine/Content/EngineMaterials/Substrate/GLints/dict_16_192_64_0p5_0p02_0013_0003.uasset" 6698
"../../../Engine/Content/EngineMaterials/Substrate/GLints/dict_16_192_64_0p5_0p02_0013_0005.uasset" 6699
"../../../Engine/Content/EngineMaterials/Substrate/GLints/dict_16_192_64_0p5_0p02_0013_0000.uasset" 6700
"../../../Engine/Content/EngineMaterials/Substrate/GLints/dict_16_192_64_0p5_0p02_0013_0001.uasset" 6701
"/Engine/EngineMaterials/Substrate/GLints/dict_16_192_64_0p5_0p02_0013_0000" 6702
"../../../Engine/Content/EngineMaterials/Substrate/GLints/dict_16_192_64_0p5_0p02_0012_0015.uasset" 6703
"/Engine/EngineMaterials/Substrate/GLints/dict_16_192_64_0p5_0p02_0013_0003" 6704
"../../../Engine/Content/EngineMaterials/Substrate/GLints/dict_16_192_64_0p5_0p02_0013_0002.uasset" 6705
"/Engine/EngineMaterials/Substrate/GLints/dict_16_192_64_0p5_0p02_0013_0004" 6706
"../../../Engine/Content/EngineMaterials/Substrate/GLints/dict_16_192_64_0p5_0p02_0012_0014.uasset" 6707
"/Engine/EngineMaterials/Substrate/GLints/dict_16_192_64_0p5_0p02_0013_0005" 6708
"/Engine/EngineMaterials/Substrate/GLints/dict_16_192_64_0p5_0p02_0013_0006" 6709
"/Engine/EngineMaterials/Substrate/GLints/dict_16_192_64_0p5_0p02_0013_0007" 6710
"/Engine/EngineMaterials/Substrate/GLints/dict_16_192_64_0p5_0p02_0013_0008" 6711
"/Engine/EngineMaterials/Substrate/GLints/dict_16_192_64_0p5_0p02_0013_0009" 6712
"/Engine/EngineMaterials/Substrate/GLints/dict_16_192_64_0p5_0p02_0013_0010" 6713
"/Engine/EngineMaterials/Substrate/GLints/dict_16_192_64_0p5_0p02_0013_0011" 6714
"/Engine/EngineMaterials/Substrate/GLints/dict_16_192_64_0p5_0p02_0013_0012" 6715
"/Engine/EngineMaterials/Substrate/GLints/dict_16_192_64_0p5_0p02_0013_0013" 6716
"/Engine/EngineMaterials/Substrate/GLints/dict_16_192_64_0p5_0p02_0013_0014" 6717
"/Engine/EngineMaterials/Substrate/GLints/dict_16_192_64_0p5_0p02_0013_0015" 6718
"/Engine/EngineMaterials/Substrate/GLints/dict_16_192_64_0p5_0p02_0014_0000" 6719
"/Engine/EngineMaterials/Substrate/GLints/dict_16_192_64_0p5_0p02_0014_0001" 6720
"/Engine/EngineMaterials/Substrate/GLints/dict_16_192_64_0p5_0p02_0014_0002" 6721
"/Engine/EngineMaterials/Substrate/GLints/dict_16_192_64_0p5_0p02_0014_0003" 6722
"/Engine/EngineMaterials/Substrate/GLints/dict_16_192_64_0p5_0p02_0014_0004" 6723
"/Engine/EngineMaterials/Substrate/GLints/dict_16_192_64_0p5_0p02_0014_0005" 6724
"/Engine/EngineMaterials/Substrate/GLints/dict_16_192_64_0p5_0p02_0014_0006" 6725
"/Engine/EngineMaterials/Substrate/GLints/dict_16_192_64_0p5_0p02_0014_0007" 6726
"/Engine/EngineMaterials/Substrate/GLints/dict_16_192_64_0p5_0p02_0014_0008" 6727
"/Engine/EngineMaterials/Substrate/GLints/dict_16_192_64_0p5_0p02_0014_0009" 6728
"/Engine/EngineMaterials/Substrate/GLints/dict_16_192_64_0p5_0p02_0014_0010" 6729
"/Engine/EngineMaterials/Substrate/GLints/dict_16_192_64_0p5_0p02_0014_0011" 6730
"/Engine/EngineMaterials/Substrate/GLints/dict_16_192_64_0p5_0p02_0014_0012" 6731
"/Engine/EngineMaterials/Substrate/GLints/dict_16_192_64_0p5_0p02_0014_0013" 6732
"/Engine/EngineMaterials/Substrate/GLints/dict_16_192_64_0p5_0p02_0012_0014" 6733
"/Engine/EngineMaterials/Substrate/GLints/dict_16_192_64_0p5_0p02_0012_0015" 6734
"/Engine/EngineMaterials/Substrate/GLints/dict_16_192_64_0p5_0p02_0013_0001" 6735
"/Engine/EngineMaterials/Substrate/GLints/dict_16_192_64_0p5_0p02_0013_0002" 6736
"../../../Engine/Content/EngineMaterials/Substrate/GLints/dict_16_192_64_0p5_0p02_0012_0002.uasset" 6737
"../../../Engine/Content/EngineMaterials/Substrate/GLints/dict_16_192_64_0p5_0p02_0011_0015.uasset" 6738
"../../../Engine/Content/EngineMaterials/Substrate/GLints/dict_16_192_64_0p5_0p02_0012_0011.uasset" 6739
"../../../Engine/Content/EngineMaterials/Substrate/GLints/dict_16_192_64_0p5_0p02_0012_0000.uasset" 6740
"../../../Engine/Content/EngineMaterials/Substrate/GLints/dict_16_192_64_0p5_0p02_0012_0005.uasset" 6741
"../../../Engine/Content/EngineMaterials/Substrate/GLints/dict_16_192_64_0p5_0p02_0012_0003.uasset" 6742
"../../../Engine/Content/EngineMaterials/Substrate/GLints/dict_16_192_64_0p5_0p02_0011_0011.uasset" 6743
"../../../Engine/Content/EngineMaterials/Substrate/GLints/dict_16_192_64_0p5_0p02_0012_0009.uasset" 6744
"../../../Engine/Content/EngineMaterials/Substrate/GLints/dict_16_192_64_0p5_0p02_0011_0014.uasset" 6745
"../../../Engine/Content/EngineMaterials/Substrate/GLints/dict_16_192_64_0p5_0p02_0011_0009.uasset" 6746
"../../../Engine/Content/EngineMaterials/Substrate/GLints/dict_16_192_64_0p5_0p02_0011_0012.uasset" 6747
"../../../Engine/Content/EngineMaterials/Substrate/GLints/dict_16_192_64_0p5_0p02_0012_0013.uasset" 6748
"../../../Engine/Content/EngineMaterials/Substrate/GLints/dict_16_192_64_0p5_0p02_0011_0013.uasset" 6749
"../../../Engine/Content/EngineMaterials/Substrate/GLints/dict_16_192_64_0p5_0p02_0011_0010.uasset" 6750
"../../../Engine/Content/EngineMaterials/Substrate/GLints/dict_16_192_64_0p5_0p02_0012_0012.uasset" 6751
"../../../Engine/Content/EngineMaterials/Substrate/GLints/dict_16_192_64_0p5_0p02_0012_0006.uasset" 6752
"../../../Engine/Content/EngineMaterials/Substrate/GLints/dict_16_192_64_0p5_0p02_0012_0007.uasset" 6753
"../../../Engine/Content/EngineMaterials/Substrate/GLints/dict_16_192_64_0p5_0p02_0012_0004.uasset" 6754
"../../../Engine/Content/EngineMaterials/Substrate/GLints/dict_16_192_64_0p5_0p02_0012_0008.uasset" 6755
"../../../Engine/Content/EngineMaterials/Substrate/GLints/dict_16_192_64_0p5_0p02_0012_0010.uasset" 6756
"../../../Engine/Content/EngineMaterials/Substrate/GLints/dict_16_192_64_0p5_0p02_0012_0001.uasset" 6757
"../../../Engine/Content/EngineMaterials/Substrate/GLints/dict_16_192_64_0p5_0p02_0011_0003.uasset" 6758
"../../../Engine/Content/EngineMaterials/Substrate/GLints/dict_16_192_64_0p5_0p02_0011_0004.uasset" 6759
"../../../Engine/Content/EngineMaterials/Substrate/GLints/dict_16_192_64_0p5_0p02_0011_0000.uasset" 6760
"../../../Engine/Content/EngineMaterials/Substrate/GLints/dict_16_192_64_0p5_0p02_0011_0008.uasset" 6761
"../../../Engine/Content/EngineMaterials/Substrate/GLints/dict_16_192_64_0p5_0p02_0011_0005.uasset" 6762
"../../../Engine/Content/EngineMaterials/Substrate/GLints/dict_16_192_64_0p5_0p02_0011_0001.uasset" 6763
"../../../Engine/Content/EngineMaterials/Substrate/GLints/dict_16_192_64_0p5_0p02_0011_0006.uasset" 6764
"../../../Engine/Content/EngineMaterials/Substrate/GLints/dict_16_192_64_0p5_0p02_0011_0007.uasset" 6765
"../../../Engine/Content/EngineMaterials/Substrate/GLints/dict_16_192_64_0p5_0p02_0011_0002.uasset" 6766
"../../../Engine/Content/EngineMaterials/Substrate/GLints/dict_16_192_64_0p5_0p02_0010_0014.uasset" 6767
"/Engine/EngineMaterials/Substrate/GLints/dict_16_192_64_0p5_0p02_0011_0002" 6768
"../../../Engine/Content/EngineMaterials/Substrate/GLints/dict_16_192_64_0p5_0p02_0010_0015.uasset" 6769
"/Engine/EngineMaterials/Substrate/GLints/dict_16_192_64_0p5_0p02_0011_0000" 6770
"/Engine/EngineMaterials/Substrate/GLints/dict_16_192_64_0p5_0p02_0011_0001" 6771
"/Engine/EngineMaterials/Substrate/GLints/dict_16_192_64_0p5_0p02_0011_0003" 6772
"/Engine/EngineMaterials/Substrate/GLints/dict_16_192_64_0p5_0p02_0011_0004" 6773
"/Engine/EngineMaterials/Substrate/GLints/dict_16_192_64_0p5_0p02_0011_0005" 6774
"/Engine/EngineMaterials/Substrate/GLints/dict_16_192_64_0p5_0p02_0011_0006" 6775
"/Engine/EngineMaterials/Substrate/GLints/dict_16_192_64_0p5_0p02_0011_0007" 6776
"/Engine/EngineMaterials/Substrate/GLints/dict_16_192_64_0p5_0p02_0011_0008" 6777
"/Engine/EngineMaterials/Substrate/GLints/dict_16_192_64_0p5_0p02_0011_0009" 6778
"/Engine/EngineMaterials/Substrate/GLints/dict_16_192_64_0p5_0p02_0011_0010" 6779
"/Engine/EngineMaterials/Substrate/GLints/dict_16_192_64_0p5_0p02_0011_0011" 6780
"/Engine/EngineMaterials/Substrate/GLints/dict_16_192_64_0p5_0p02_0011_0012" 6781
"/Engine/EngineMaterials/Substrate/GLints/dict_16_192_64_0p5_0p02_0011_0013" 6782
"/Engine/EngineMaterials/Substrate/GLints/dict_16_192_64_0p5_0p02_0011_0014" 6783
"/Engine/EngineMaterials/Substrate/GLints/dict_16_192_64_0p5_0p02_0011_0015" 6784
"/Engine/EngineMaterials/Substrate/GLints/dict_16_192_64_0p5_0p02_0012_0000" 6785
"/Engine/EngineMaterials/Substrate/GLints/dict_16_192_64_0p5_0p02_0012_0001" 6786
"/Engine/EngineMaterials/Substrate/GLints/dict_16_192_64_0p5_0p02_0012_0002" 6787
"/Engine/EngineMaterials/Substrate/GLints/dict_16_192_64_0p5_0p02_0012_0003" 6788
"/Engine/EngineMaterials/Substrate/GLints/dict_16_192_64_0p5_0p02_0012_0004" 6789
"/Engine/EngineMaterials/Substrate/GLints/dict_16_192_64_0p5_0p02_0012_0005" 6790
"/Engine/EngineMaterials/Substrate/GLints/dict_16_192_64_0p5_0p02_0012_0006" 6791
"/Engine/EngineMaterials/Substrate/GLints/dict_16_192_64_0p5_0p02_0012_0007" 6792
"/Engine/EngineMaterials/Substrate/GLints/dict_16_192_64_0p5_0p02_0012_0008" 6793
"/Engine/EngineMaterials/Substrate/GLints/dict_16_192_64_0p5_0p02_0012_0009" 6794
"/Engine/EngineMaterials/Substrate/GLints/dict_16_192_64_0p5_0p02_0012_0010" 6795
"/Engine/EngineMaterials/Substrate/GLints/dict_16_192_64_0p5_0p02_0012_0011" 6796
"/Engine/EngineMaterials/Substrate/GLints/dict_16_192_64_0p5_0p02_0012_0012" 6797
"/Engine/EngineMaterials/Substrate/GLints/dict_16_192_64_0p5_0p02_0012_0013" 6798
"/Engine/EngineMaterials/Substrate/GLints/dict_16_192_64_0p5_0p02_0010_0014" 6799
"/Engine/EngineMaterials/Substrate/GLints/dict_16_192_64_0p5_0p02_0010_0015" 6800
"../../../Engine/Content/EngineMaterials/Substrate/GLints/dict_16_192_64_0p5_0p02_0009_0013.uasset" 6801
"../../../Engine/Content/EngineMaterials/Substrate/GLints/dict_16_192_64_0p5_0p02_0010_0012.uasset" 6802
"../../../Engine/Content/EngineMaterials/Substrate/GLints/dict_16_192_64_0p5_0p02_0010_0005.uasset" 6803
"../../../Engine/Content/EngineMaterials/Substrate/GLints/dict_16_192_64_0p5_0p02_0010_0010.uasset" 6804
"../../../Engine/Content/EngineMaterials/Substrate/GLints/dict_16_192_64_0p5_0p02_0010_0011.uasset" 6805
"../../../Engine/Content/EngineMaterials/Substrate/GLints/dict_16_192_64_0p5_0p02_0009_0015.uasset" 6806
"../../../Engine/Content/EngineMaterials/Substrate/GLints/dict_16_192_64_0p5_0p02_0009_0010.uasset" 6807
"../../../Engine/Content/EngineMaterials/Substrate/GLints/dict_16_192_64_0p5_0p02_0010_0002.uasset" 6808
"../../../Engine/Content/EngineMaterials/Substrate/GLints/dict_16_192_64_0p5_0p02_0010_0000.uasset" 6809
"../../../Engine/Content/EngineMaterials/Substrate/GLints/dict_16_192_64_0p5_0p02_0010_0004.uasset" 6810
"../../../Engine/Content/EngineMaterials/Substrate/GLints/dict_16_192_64_0p5_0p02_0009_0008.uasset" 6811
"../../../Engine/Content/EngineMaterials/Substrate/GLints/dict_16_192_64_0p5_0p02_0009_0011.uasset" 6812
"../../../Engine/Content/EngineMaterials/Substrate/GLints/dict_16_192_64_0p5_0p02_0009_0009.uasset" 6813
"../../../Engine/Content/EngineMaterials/Substrate/GLints/dict_16_192_64_0p5_0p02_0010_0006.uasset" 6814
"../../../Engine/Content/EngineMaterials/Substrate/GLints/dict_16_192_64_0p5_0p02_0009_0012.uasset" 6815
"../../../Engine/Content/EngineMaterials/Substrate/GLints/dict_16_192_64_0p5_0p02_0010_0009.uasset" 6816
"../../../Engine/Content/EngineMaterials/Substrate/GLints/dict_16_192_64_0p5_0p02_0009_0014.uasset" 6817
"../../../Engine/Content/EngineMaterials/Substrate/GLints/dict_16_192_64_0p5_0p02_0010_0008.uasset" 6818
"../../../Engine/Content/EngineMaterials/Substrate/GLints/dict_16_192_64_0p5_0p02_0010_0001.uasset" 6819
"../../../Engine/Content/EngineMaterials/Substrate/GLints/dict_16_192_64_0p5_0p02_0010_0013.uasset" 6820
"../../../Engine/Content/EngineMaterials/Substrate/GLints/dict_16_192_64_0p5_0p02_0010_0003.uasset" 6821
"../../../Engine/Content/EngineMaterials/Substrate/GLints/dict_16_192_64_0p5_0p02_0009_0007.uasset" 6822
"../../../Engine/Content/EngineMaterials/Substrate/GLints/dict_16_192_64_0p5_0p02_0009_0006.uasset" 6823
"../../../Engine/Content/EngineMaterials/Substrate/GLints/dict_16_192_64_0p5_0p02_0010_0007.uasset" 6824
"../../../Engine/Content/EngineMaterials/Substrate/GLints/dict_16_192_64_0p5_0p02_0009_0000.uasset" 6825
"../../../Engine/Content/EngineMaterials/Substrate/GLints/dict_16_192_64_0p5_0p02_0009_0003.uasset" 6826
"../../../Engine/Content/EngineMaterials/Substrate/GLints/dict_16_192_64_0p5_0p02_0009_0004.uasset" 6827
"../../../Engine/Content/EngineMaterials/Substrate/GLints/dict_16_192_64_0p5_0p02_0009_0005.uasset" 6828
"../../../Engine/Content/EngineMaterials/Substrate/GLints/dict_16_192_64_0p5_0p02_0008_0015.uasset" 6829
"../../../Engine/Content/EngineMaterials/Substrate/GLints/dict_16_192_64_0p5_0p02_0009_0002.uasset" 6830
"../../../Engine/Content/EngineMaterials/Substrate/GLints/dict_16_192_64_0p5_0p02_0009_0001.uasset" 6831
"../../../Engine/Content/EngineMaterials/Substrate/GLints/dict_16_192_64_0p5_0p02_0008_0014.uasset" 6832
"/Engine/EngineMaterials/Substrate/GLints/dict_16_192_64_0p5_0p02_0008_0014" 6833
"/Engine/EngineMaterials/Substrate/GLints/dict_16_192_64_0p5_0p02_0008_0015" 6834
"/Engine/EngineMaterials/Substrate/GLints/dict_16_192_64_0p5_0p02_0009_0000" 6835
"/Engine/EngineMaterials/Substrate/GLints/dict_16_192_64_0p5_0p02_0009_0001" 6836
"/Engine/EngineMaterials/Substrate/GLints/dict_16_192_64_0p5_0p02_0009_0002" 6837
"/Engine/EngineMaterials/Substrate/GLints/dict_16_192_64_0p5_0p02_0009_0003" 6838
"/Engine/EngineMaterials/Substrate/GLints/dict_16_192_64_0p5_0p02_0009_0004" 6839
"/Engine/EngineMaterials/Substrate/GLints/dict_16_192_64_0p5_0p02_0009_0005" 6840
"/Engine/EngineMaterials/Substrate/GLints/dict_16_192_64_0p5_0p02_0009_0006" 6841
"/Engine/EngineMaterials/Substrate/GLints/dict_16_192_64_0p5_0p02_0009_0007" 6842
"/Engine/EngineMaterials/Substrate/GLints/dict_16_192_64_0p5_0p02_0009_0008" 6843
"/Engine/EngineMaterials/Substrate/GLints/dict_16_192_64_0p5_0p02_0009_0009" 6844
"/Engine/EngineMaterials/Substrate/GLints/dict_16_192_64_0p5_0p02_0009_0010" 6845
"/Engine/EngineMaterials/Substrate/GLints/dict_16_192_64_0p5_0p02_0009_0011" 6846
"/Engine/EngineMaterials/Substrate/GLints/dict_16_192_64_0p5_0p02_0009_0012" 6847
"/Engine/EngineMaterials/Substrate/GLints/dict_16_192_64_0p5_0p02_0009_0013" 6848
"/Engine/EngineMaterials/Substrate/GLints/dict_16_192_64_0p5_0p02_0009_0014" 6849
"/Engine/EngineMaterials/Substrate/GLints/dict_16_192_64_0p5_0p02_0009_0015" 6850
"/Engine/EngineMaterials/Substrate/GLints/dict_16_192_64_0p5_0p02_0010_0000" 6851
"/Engine/EngineMaterials/Substrate/GLints/dict_16_192_64_0p5_0p02_0010_0001" 6852
"/Engine/EngineMaterials/Substrate/GLints/dict_16_192_64_0p5_0p02_0010_0002" 6853
"/Engine/EngineMaterials/Substrate/GLints/dict_16_192_64_0p5_0p02_0010_0003" 6854
"/Engine/EngineMaterials/Substrate/GLints/dict_16_192_64_0p5_0p02_0010_0004" 6855
"/Engine/EngineMaterials/Substrate/GLints/dict_16_192_64_0p5_0p02_0010_0005" 6856
"/Engine/EngineMaterials/Substrate/GLints/dict_16_192_64_0p5_0p02_0010_0006" 6857
"/Engine/EngineMaterials/Substrate/GLints/dict_16_192_64_0p5_0p02_0010_0007" 6858
"/Engine/EngineMaterials/Substrate/GLints/dict_16_192_64_0p5_0p02_0010_0008" 6859
"/Engine/EngineMaterials/Substrate/GLints/dict_16_192_64_0p5_0p02_0010_0009" 6860
"/Engine/EngineMaterials/Substrate/GLints/dict_16_192_64_0p5_0p02_0010_0010" 6861
"/Engine/EngineMaterials/Substrate/GLints/dict_16_192_64_0p5_0p02_0010_0011" 6862
"/Engine/EngineMaterials/Substrate/GLints/dict_16_192_64_0p5_0p02_0010_0012" 6863
"/Engine/EngineMaterials/Substrate/GLints/dict_16_192_64_0p5_0p02_0010_0013" 6864
"../../../Engine/Content/EngineMaterials/Substrate/GLints/dict_16_192_64_0p5_0p02_0008_0008.uasset" 6865
"../../../Engine/Content/EngineMaterials/Substrate/GLints/dict_16_192_64_0p5_0p02_0007_0015.uasset" 6866
"../../../Engine/Content/EngineMaterials/Substrate/GLints/dict_16_192_64_0p5_0p02_0007_0013.uasset" 6867
"../../../Engine/Content/EngineMaterials/Substrate/GLints/dict_16_192_64_0p5_0p02_0008_0003.uasset" 6868
"../../../Engine/Content/EngineMaterials/Substrate/GLints/dict_16_192_64_0p5_0p02_0008_0012.uasset" 6869
"../../../Engine/Content/EngineMaterials/Substrate/GLints/dict_16_192_64_0p5_0p02_0007_0010.uasset" 6870
"../../../Engine/Content/EngineMaterials/Substrate/GLints/dict_16_192_64_0p5_0p02_0008_0004.uasset" 6871
"../../../Engine/Content/EngineMaterials/Substrate/GLints/dict_16_192_64_0p5_0p02_0008_0000.uasset" 6872
"../../../Engine/Content/EngineMaterials/Substrate/GLints/dict_16_192_64_0p5_0p02_0008_0011.uasset" 6873
"../../../Engine/Content/EngineMaterials/Substrate/GLints/dict_16_192_64_0p5_0p02_0008_0013.uasset" 6874
"../../../Engine/Content/EngineMaterials/Substrate/GLints/dict_16_192_64_0p5_0p02_0007_0009.uasset" 6875
"../../../Engine/Content/EngineMaterials/Substrate/GLints/dict_16_192_64_0p5_0p02_0007_0008.uasset" 6876
"../../../Engine/Content/EngineMaterials/Substrate/GLints/dict_16_192_64_0p5_0p02_0007_0007.uasset" 6877
"../../../Engine/Content/EngineMaterials/Substrate/GLints/dict_16_192_64_0p5_0p02_0007_0014.uasset" 6878
"../../../Engine/Content/EngineMaterials/Substrate/GLints/dict_16_192_64_0p5_0p02_0008_0006.uasset" 6879
"../../../Engine/Content/EngineMaterials/Substrate/GLints/dict_16_192_64_0p5_0p02_0008_0002.uasset" 6880
"../../../Engine/Content/EngineMaterials/Substrate/GLints/dict_16_192_64_0p5_0p02_0007_0012.uasset" 6881
"../../../Engine/Content/EngineMaterials/Substrate/GLints/dict_16_192_64_0p5_0p02_0008_0001.uasset" 6882
"../../../Engine/Content/EngineMaterials/Substrate/GLints/dict_16_192_64_0p5_0p02_0008_0007.uasset" 6883
"../../../Engine/Content/EngineMaterials/Substrate/GLints/dict_16_192_64_0p5_0p02_0008_0009.uasset" 6884
"../../../Engine/Content/EngineMaterials/Substrate/GLints/dict_16_192_64_0p5_0p02_0008_0010.uasset" 6885
"../../../Engine/Content/EngineMaterials/Substrate/GLints/dict_16_192_64_0p5_0p02_0007_0011.uasset" 6886
"../../../Engine/Content/EngineMaterials/Substrate/GLints/dict_16_192_64_0p5_0p02_0008_0005.uasset" 6887
"/Engine/EngineMaterials/Substrate/GLints/dict_16_192_64_0p5_0p02_0007_0007" 6888
"../../../Engine/Content/EngineMaterials/Substrate/GLints/dict_16_192_64_0p5_0p02_0007_0004.uasset" 6889
"../../../Engine/Content/EngineMaterials/Substrate/GLints/dict_16_192_64_0p5_0p02_0007_0001.uasset" 6890
"/Engine/EngineMaterials/Substrate/GLints/dict_16_192_64_0p5_0p02_0007_0008" 6891
"../../../Engine/Content/EngineMaterials/Substrate/GLints/dict_16_192_64_0p5_0p02_0006_0015.uasset" 6892
"../../../Engine/Content/EngineMaterials/Substrate/GLints/dict_16_192_64_0p5_0p02_0006_0014.uasset" 6893
"../../../Engine/Content/EngineMaterials/Substrate/GLints/dict_16_192_64_0p5_0p02_0007_0005.uasset" 6894
"../../../Engine/Content/EngineMaterials/Substrate/GLints/dict_16_192_64_0p5_0p02_0007_0006.uasset" 6895
"../../../Engine/Content/EngineMaterials/Substrate/GLints/dict_16_192_64_0p5_0p02_0007_0003.uasset" 6896
"/Engine/EngineMaterials/Substrate/GLints/dict_16_192_64_0p5_0p02_0007_0009" 6897
"/Engine/EngineMaterials/Substrate/GLints/dict_16_192_64_0p5_0p02_0007_0010" 6898
"../../../Engine/Content/EngineMaterials/Substrate/GLints/dict_16_192_64_0p5_0p02_0007_0000.uasset" 6899
"/Engine/EngineMaterials/Substrate/GLints/dict_16_192_64_0p5_0p02_0007_0011" 6900
"/Engine/EngineMaterials/Substrate/GLints/dict_16_192_64_0p5_0p02_0007_0012" 6901
"/Engine/EngineMaterials/Substrate/GLints/dict_16_192_64_0p5_0p02_0007_0013" 6902
"../../../Engine/Content/EngineMaterials/Substrate/GLints/dict_16_192_64_0p5_0p02_0007_0002.uasset" 6903
"/Engine/EngineMaterials/Substrate/GLints/dict_16_192_64_0p5_0p02_0007_0014" 6904
"/Engine/EngineMaterials/Substrate/GLints/dict_16_192_64_0p5_0p02_0007_0015" 6905
"/Engine/EngineMaterials/Substrate/GLints/dict_16_192_64_0p5_0p02_0008_0000" 6906
"/Engine/EngineMaterials/Substrate/GLints/dict_16_192_64_0p5_0p02_0008_0001" 6907
"/Engine/EngineMaterials/Substrate/GLints/dict_16_192_64_0p5_0p02_0008_0002" 6908
"/Engine/EngineMaterials/Substrate/GLints/dict_16_192_64_0p5_0p02_0008_0003" 6909
"/Engine/EngineMaterials/Substrate/GLints/dict_16_192_64_0p5_0p02_0008_0004" 6910
"/Engine/EngineMaterials/Substrate/GLints/dict_16_192_64_0p5_0p02_0008_0005" 6911
"/Engine/EngineMaterials/Substrate/GLints/dict_16_192_64_0p5_0p02_0008_0006" 6912
"/Engine/EngineMaterials/Substrate/GLints/dict_16_192_64_0p5_0p02_0008_0007" 6913
"/Engine/EngineMaterials/Substrate/GLints/dict_16_192_64_0p5_0p02_0008_0008" 6914
"/Engine/EngineMaterials/Substrate/GLints/dict_16_192_64_0p5_0p02_0008_0009" 6915
"/Engine/EngineMaterials/Substrate/GLints/dict_16_192_64_0p5_0p02_0008_0010" 6916
"/Engine/EngineMaterials/Substrate/GLints/dict_16_192_64_0p5_0p02_0008_0011" 6917
"/Engine/EngineMaterials/Substrate/GLints/dict_16_192_64_0p5_0p02_0008_0012" 6918
"/Engine/EngineMaterials/Substrate/GLints/dict_16_192_64_0p5_0p02_0008_0013" 6919
"/Engine/EngineMaterials/Substrate/GLints/dict_16_192_64_0p5_0p02_0006_0014" 6920
"/Engine/EngineMaterials/Substrate/GLints/dict_16_192_64_0p5_0p02_0006_0015" 6921
"/Engine/EngineMaterials/Substrate/GLints/dict_16_192_64_0p5_0p02_0007_0000" 6922
"/Engine/EngineMaterials/Substrate/GLints/dict_16_192_64_0p5_0p02_0007_0001" 6923
"/Engine/EngineMaterials/Substrate/GLints/dict_16_192_64_0p5_0p02_0007_0002" 6924
"/Engine/EngineMaterials/Substrate/GLints/dict_16_192_64_0p5_0p02_0007_0003" 6925
"/Engine/EngineMaterials/Substrate/GLints/dict_16_192_64_0p5_0p02_0007_0004" 6926
"/Engine/EngineMaterials/Substrate/GLints/dict_16_192_64_0p5_0p02_0007_0005" 6927
"/Engine/EngineMaterials/Substrate/GLints/dict_16_192_64_0p5_0p02_0007_0006" 6928
"../../../Engine/Content/EngineMaterials/Substrate/GLints/dict_16_192_64_0p5_0p02_0006_0001.uasset" 6929
"../../../Engine/Content/EngineMaterials/Substrate/GLints/dict_16_192_64_0p5_0p02_0005_0013.uasset" 6930
"../../../Engine/Content/EngineMaterials/Substrate/GLints/dict_16_192_64_0p5_0p02_0006_0006.uasset" 6931
"../../../Engine/Content/EngineMaterials/Substrate/GLints/dict_16_192_64_0p5_0p02_0006_0011.uasset" 6932
"../../../Engine/Content/EngineMaterials/Substrate/GLints/dict_16_192_64_0p5_0p02_0006_0008.uasset" 6933
"../../../Engine/Content/EngineMaterials/Substrate/GLints/dict_16_192_64_0p5_0p02_0006_0002.uasset" 6934
"../../../Engine/Content/EngineMaterials/Substrate/GLints/dict_16_192_64_0p5_0p02_0005_0015.uasset" 6935
"../../../Engine/Content/EngineMaterials/Substrate/GLints/dict_16_192_64_0p5_0p02_0006_0010.uasset" 6936
"../../../Engine/Content/EngineMaterials/Substrate/GLints/dict_16_192_64_0p5_0p02_0005_0012.uasset" 6937
"../../../Engine/Content/EngineMaterials/Substrate/GLints/dict_16_192_64_0p5_0p02_0006_0003.uasset" 6938
"../../../Engine/Content/EngineMaterials/Substrate/GLints/dict_16_192_64_0p5_0p02_0005_0011.uasset" 6939
"../../../Engine/Content/EngineMaterials/Substrate/GLints/dict_16_192_64_0p5_0p02_0005_0010.uasset" 6940
"../../../Engine/Content/EngineMaterials/Substrate/GLints/dict_16_192_64_0p5_0p02_0006_0013.uasset" 6941
"../../../Engine/Content/EngineMaterials/Substrate/GLints/dict_16_192_64_0p5_0p02_0006_0007.uasset" 6942
"../../../Engine/Content/EngineMaterials/Substrate/GLints/dict_16_192_64_0p5_0p02_0005_0008.uasset" 6943
"../../../Engine/Content/EngineMaterials/Substrate/GLints/dict_16_192_64_0p5_0p02_0006_0005.uasset" 6944
"../../../Engine/Content/EngineMaterials/Substrate/GLints/dict_16_192_64_0p5_0p02_0006_0012.uasset" 6945
"../../../Engine/Content/EngineMaterials/Substrate/GLints/dict_16_192_64_0p5_0p02_0006_0000.uasset" 6946
"../../../Engine/Content/EngineMaterials/Substrate/GLints/dict_16_192_64_0p5_0p02_0005_0009.uasset" 6947
"../../../Engine/Content/EngineMaterials/Substrate/GLints/dict_16_192_64_0p5_0p02_0005_0014.uasset" 6948
"../../../Engine/Content/EngineMaterials/Substrate/GLints/dict_16_192_64_0p5_0p02_0006_0004.uasset" 6949
"../../../Engine/Content/EngineMaterials/Substrate/GLints/dict_16_192_64_0p5_0p02_0006_0009.uasset" 6950
"../../../Engine/Content/EngineMaterials/Substrate/GLints/dict_16_192_64_0p5_0p02_0005_0007.uasset" 6951
"../../../Engine/Content/EngineMaterials/Substrate/GLints/dict_16_192_64_0p5_0p02_0005_0003.uasset" 6952
"../../../Engine/Content/EngineMaterials/Substrate/GLints/dict_16_192_64_0p5_0p02_0005_0004.uasset" 6953
"../../../Engine/Content/EngineMaterials/Substrate/GLints/dict_16_192_64_0p5_0p02_0005_0002.uasset" 6954
"../../../Engine/Content/EngineMaterials/Substrate/GLints/dict_16_192_64_0p5_0p02_0005_0001.uasset" 6955
"../../../Engine/Content/EngineMaterials/Substrate/GLints/dict_16_192_64_0p5_0p02_0004_0014.uasset" 6956
"../../../Engine/Content/EngineMaterials/Substrate/GLints/dict_16_192_64_0p5_0p02_0005_0005.uasset" 6957
"../../../Engine/Content/EngineMaterials/Substrate/GLints/dict_16_192_64_0p5_0p02_0005_0000.uasset" 6958
"../../../Engine/Content/EngineMaterials/Substrate/GLints/dict_16_192_64_0p5_0p02_0005_0006.uasset" 6959
"../../../Engine/Content/EngineMaterials/Substrate/GLints/dict_16_192_64_0p5_0p02_0004_0015.uasset" 6960
"/Engine/EngineMaterials/Substrate/GLints/dict_16_192_64_0p5_0p02_0004_0014" 6961
"/Engine/EngineMaterials/Substrate/GLints/dict_16_192_64_0p5_0p02_0004_0015" 6962
"/Engine/EngineMaterials/Substrate/GLints/dict_16_192_64_0p5_0p02_0005_0000" 6963
"/Engine/EngineMaterials/Substrate/GLints/dict_16_192_64_0p5_0p02_0005_0001" 6964
"/Engine/EngineMaterials/Substrate/GLints/dict_16_192_64_0p5_0p02_0005_0002" 6965
"/Engine/EngineMaterials/Substrate/GLints/dict_16_192_64_0p5_0p02_0005_0003" 6966
"/Engine/EngineMaterials/Substrate/GLints/dict_16_192_64_0p5_0p02_0005_0004" 6967
"/Engine/EngineMaterials/Substrate/GLints/dict_16_192_64_0p5_0p02_0005_0005" 6968
"/Engine/EngineMaterials/Substrate/GLints/dict_16_192_64_0p5_0p02_0005_0006" 6969
"/Engine/EngineMaterials/Substrate/GLints/dict_16_192_64_0p5_0p02_0005_0007" 6970
"/Engine/EngineMaterials/Substrate/GLints/dict_16_192_64_0p5_0p02_0005_0008" 6971
"/Engine/EngineMaterials/Substrate/GLints/dict_16_192_64_0p5_0p02_0005_0009" 6972
"/Engine/EngineMaterials/Substrate/GLints/dict_16_192_64_0p5_0p02_0005_0010" 6973
"/Engine/EngineMaterials/Substrate/GLints/dict_16_192_64_0p5_0p02_0005_0011" 6974
"/Engine/EngineMaterials/Substrate/GLints/dict_16_192_64_0p5_0p02_0005_0012" 6975
"/Engine/EngineMaterials/Substrate/GLints/dict_16_192_64_0p5_0p02_0005_0013" 6976
"/Engine/EngineMaterials/Substrate/GLints/dict_16_192_64_0p5_0p02_0005_0014" 6977
"/Engine/EngineMaterials/Substrate/GLints/dict_16_192_64_0p5_0p02_0005_0015" 6978
"/Engine/EngineMaterials/Substrate/GLints/dict_16_192_64_0p5_0p02_0006_0000" 6979
"/Engine/EngineMaterials/Substrate/GLints/dict_16_192_64_0p5_0p02_0006_0001" 6980
"/Engine/EngineMaterials/Substrate/GLints/dict_16_192_64_0p5_0p02_0006_0002" 6981
"/Engine/EngineMaterials/Substrate/GLints/dict_16_192_64_0p5_0p02_0006_0003" 6982
"/Engine/EngineMaterials/Substrate/GLints/dict_16_192_64_0p5_0p02_0006_0004" 6983
"/Engine/EngineMaterials/Substrate/GLints/dict_16_192_64_0p5_0p02_0006_0005" 6984
"/Engine/EngineMaterials/Substrate/GLints/dict_16_192_64_0p5_0p02_0006_0006" 6985
"/Engine/EngineMaterials/Substrate/GLints/dict_16_192_64_0p5_0p02_0006_0007" 6986
"/Engine/EngineMaterials/Substrate/GLints/dict_16_192_64_0p5_0p02_0006_0008" 6987
"/Engine/EngineMaterials/Substrate/GLints/dict_16_192_64_0p5_0p02_0006_0009" 6988
"/Engine/EngineMaterials/Substrate/GLints/dict_16_192_64_0p5_0p02_0006_0010" 6989
"/Engine/EngineMaterials/Substrate/GLints/dict_16_192_64_0p5_0p02_0006_0011" 6990
"/Engine/EngineMaterials/Substrate/GLints/dict_16_192_64_0p5_0p02_0006_0012" 6991
"/Engine/EngineMaterials/Substrate/GLints/dict_16_192_64_0p5_0p02_0006_0013" 6992
"../../../Engine/Content/EngineMaterials/Substrate/GLints/dict_16_192_64_0p5_0p02_0004_0004.uasset" 6993
"../../../Engine/Content/EngineMaterials/Substrate/GLints/dict_16_192_64_0p5_0p02_0004_0006.uasset" 6994
"../../../Engine/Content/EngineMaterials/Substrate/GLints/dict_16_192_64_0p5_0p02_0004_0009.uasset" 6995
"../../../Engine/Content/EngineMaterials/Substrate/GLints/dict_16_192_64_0p5_0p02_0004_0010.uasset" 6996
"../../../Engine/Content/EngineMaterials/Substrate/GLints/dict_16_192_64_0p5_0p02_0004_0003.uasset" 6997
"../../../Engine/Content/EngineMaterials/Substrate/GLints/dict_16_192_64_0p5_0p02_0004_0005.uasset" 6998
"../../../Engine/Content/EngineMaterials/Substrate/GLints/dict_16_192_64_0p5_0p02_0004_0007.uasset" 6999
"../../../Engine/Content/EngineMaterials/Substrate/GLints/dict_16_192_64_0p5_0p02_0004_0008.uasset" 7000
"../../../Engine/Content/EngineMaterials/Substrate/GLints/dict_16_192_64_0p5_0p02_0004_0013.uasset" 7001
"../../../Engine/Content/EngineMaterials/Substrate/GLints/dict_16_192_64_0p5_0p02_0004_0000.uasset" 7002
"../../../Engine/Content/EngineMaterials/Substrate/GLints/dict_16_192_64_0p5_0p02_0004_0001.uasset" 7003
"../../../Engine/Content/EngineMaterials/Substrate/GLints/dict_16_192_64_0p5_0p02_0003_0015.uasset" 7004
"../../../Engine/Content/EngineMaterials/Substrate/GLints/dict_16_192_64_0p5_0p02_0004_0011.uasset" 7005
"../../../Engine/Content/EngineMaterials/Substrate/GLints/dict_16_192_64_0p5_0p02_0004_0002.uasset" 7006
"../../../Engine/Content/EngineMaterials/Substrate/GLints/dict_16_192_64_0p5_0p02_0003_0014.uasset" 7007
"../../../Engine/Content/EngineMaterials/Substrate/GLints/dict_16_192_64_0p5_0p02_0004_0012.uasset" 7008
"../../../Engine/Content/EngineMaterials/Substrate/GLints/dict_16_192_64_0p5_0p02_0003_0013.uasset" 7009
"../../../Engine/Content/EngineMaterials/Substrate/GLints/dict_16_192_64_0p5_0p02_0003_0009.uasset" 7010
"../../../Engine/Content/EngineMaterials/Substrate/GLints/dict_16_192_64_0p5_0p02_0003_0010.uasset" 7011
"../../../Engine/Content/EngineMaterials/Substrate/GLints/dict_16_192_64_0p5_0p02_0003_0012.uasset" 7012
"../../../Engine/Content/EngineMaterials/Substrate/GLints/dict_16_192_64_0p5_0p02_0003_0011.uasset" 7013
"../../../Engine/Content/EngineMaterials/Substrate/GLints/dict_16_192_64_0p5_0p02_0003_0001.uasset" 7014
"../../../Engine/Content/EngineMaterials/Substrate/GLints/dict_16_192_64_0p5_0p02_0002_0015.uasset" 7015
"../../../Engine/Content/EngineMaterials/Substrate/GLints/dict_16_192_64_0p5_0p02_0003_0006.uasset" 7016
"../../../Engine/Content/EngineMaterials/Substrate/GLints/dict_16_192_64_0p5_0p02_0003_0004.uasset" 7017
"../../../Engine/Content/EngineMaterials/Substrate/GLints/dict_16_192_64_0p5_0p02_0002_0014.uasset" 7018
"../../../Engine/Content/EngineMaterials/Substrate/GLints/dict_16_192_64_0p5_0p02_0003_0008.uasset" 7019
"../../../Engine/Content/EngineMaterials/Substrate/GLints/dict_16_192_64_0p5_0p02_0003_0002.uasset" 7020
"../../../Engine/Content/EngineMaterials/Substrate/GLints/dict_16_192_64_0p5_0p02_0003_0007.uasset" 7021
"../../../Engine/Content/EngineMaterials/Substrate/GLints/dict_16_192_64_0p5_0p02_0003_0005.uasset" 7022
"../../../Engine/Content/EngineMaterials/Substrate/GLints/dict_16_192_64_0p5_0p02_0003_0000.uasset" 7023
"../../../Engine/Content/EngineMaterials/Substrate/GLints/dict_16_192_64_0p5_0p02_0003_0003.uasset" 7024
"/Engine/EngineMaterials/Substrate/GLints/dict_16_192_64_0p5_0p02_0002_0014" 7025
"/Engine/EngineMaterials/Substrate/GLints/dict_16_192_64_0p5_0p02_0002_0015" 7026
"/Engine/EngineMaterials/Substrate/GLints/dict_16_192_64_0p5_0p02_0003_0000" 7027
"/Engine/EngineMaterials/Substrate/GLints/dict_16_192_64_0p5_0p02_0003_0001" 7028
"/Engine/EngineMaterials/Substrate/GLints/dict_16_192_64_0p5_0p02_0003_0002" 7029
"/Engine/EngineMaterials/Substrate/GLints/dict_16_192_64_0p5_0p02_0003_0003" 7030
"/Engine/EngineMaterials/Substrate/GLints/dict_16_192_64_0p5_0p02_0003_0004" 7031
"/Engine/EngineMaterials/Substrate/GLints/dict_16_192_64_0p5_0p02_0003_0005" 7032
"/Engine/EngineMaterials/Substrate/GLints/dict_16_192_64_0p5_0p02_0003_0006" 7033
"/Engine/EngineMaterials/Substrate/GLints/dict_16_192_64_0p5_0p02_0003_0007" 7034
"/Engine/EngineMaterials/Substrate/GLints/dict_16_192_64_0p5_0p02_0003_0008" 7035
"/Engine/EngineMaterials/Substrate/GLints/dict_16_192_64_0p5_0p02_0003_0009" 7036
"/Engine/EngineMaterials/Substrate/GLints/dict_16_192_64_0p5_0p02_0003_0010" 7037
"/Engine/EngineMaterials/Substrate/GLints/dict_16_192_64_0p5_0p02_0003_0011" 7038
"/Engine/EngineMaterials/Substrate/GLints/dict_16_192_64_0p5_0p02_0003_0012" 7039
"/Engine/EngineMaterials/Substrate/GLints/dict_16_192_64_0p5_0p02_0003_0013" 7040
"/Engine/EngineMaterials/Substrate/GLints/dict_16_192_64_0p5_0p02_0003_0014" 7041
"/Engine/EngineMaterials/Substrate/GLints/dict_16_192_64_0p5_0p02_0003_0015" 7042
"/Engine/EngineMaterials/Substrate/GLints/dict_16_192_64_0p5_0p02_0004_0000" 7043
"/Engine/EngineMaterials/Substrate/GLints/dict_16_192_64_0p5_0p02_0004_0001" 7044
"/Engine/EngineMaterials/Substrate/GLints/dict_16_192_64_0p5_0p02_0004_0002" 7045
"/Engine/EngineMaterials/Substrate/GLints/dict_16_192_64_0p5_0p02_0004_0003" 7046
"/Engine/EngineMaterials/Substrate/GLints/dict_16_192_64_0p5_0p02_0004_0004" 7047
"/Engine/EngineMaterials/Substrate/GLints/dict_16_192_64_0p5_0p02_0004_0005" 7048
"/Engine/EngineMaterials/Substrate/GLints/dict_16_192_64_0p5_0p02_0004_0006" 7049
"/Engine/EngineMaterials/Substrate/GLints/dict_16_192_64_0p5_0p02_0004_0007" 7050
"/Engine/EngineMaterials/Substrate/GLints/dict_16_192_64_0p5_0p02_0004_0008" 7051
"/Engine/EngineMaterials/Substrate/GLints/dict_16_192_64_0p5_0p02_0004_0009" 7052
"/Engine/EngineMaterials/Substrate/GLints/dict_16_192_64_0p5_0p02_0004_0010" 7053
"/Engine/EngineMaterials/Substrate/GLints/dict_16_192_64_0p5_0p02_0004_0011" 7054
"/Engine/EngineMaterials/Substrate/GLints/dict_16_192_64_0p5_0p02_0004_0012" 7055
"/Engine/EngineMaterials/Substrate/GLints/dict_16_192_64_0p5_0p02_0004_0013" 7056
"../../../Engine/Content/EngineMaterials/Substrate/GLints/dict_16_192_64_0p5_0p02_0002_0005.uasset" 7057
"../../../Engine/Content/EngineMaterials/Substrate/GLints/dict_16_192_64_0p5_0p02_0002_0009.uasset" 7058
"../../../Engine/Content/EngineMaterials/Substrate/GLints/dict_16_192_64_0p5_0p02_0002_0010.uasset" 7059
"../../../Engine/Content/EngineMaterials/Substrate/GLints/dict_16_192_64_0p5_0p02_0002_0004.uasset" 7060
"../../../Engine/Content/EngineMaterials/Substrate/GLints/dict_16_192_64_0p5_0p02_0002_0006.uasset" 7061
"../../../Engine/Content/EngineMaterials/Substrate/GLints/dict_16_192_64_0p5_0p02_0001_0011.uasset" 7062
"../../../Engine/Content/EngineMaterials/Substrate/GLints/dict_16_192_64_0p5_0p02_0002_0002.uasset" 7063
"../../../Engine/Content/EngineMaterials/Substrate/GLints/dict_16_192_64_0p5_0p02_0001_0008.uasset" 7064
"../../../Engine/Content/EngineMaterials/Substrate/GLints/dict_16_192_64_0p5_0p02_0002_0001.uasset" 7065
"../../../Engine/Content/EngineMaterials/Substrate/GLints/dict_16_192_64_0p5_0p02_0002_0008.uasset" 7066
"../../../Engine/Content/EngineMaterials/Substrate/GLints/dict_16_192_64_0p5_0p02_0002_0000.uasset" 7067
"../../../Engine/Content/EngineMaterials/Substrate/GLints/dict_16_192_64_0p5_0p02_0002_0013.uasset" 7068
"../../../Engine/Content/EngineMaterials/Substrate/GLints/dict_16_192_64_0p5_0p02_0001_0012.uasset" 7069
"../../../Engine/Content/EngineMaterials/Substrate/GLints/dict_16_192_64_0p5_0p02_0001_0009.uasset" 7070
"../../../Engine/Content/EngineMaterials/Substrate/GLints/dict_16_192_64_0p5_0p02_0002_0007.uasset" 7071
"../../../Engine/Content/EngineMaterials/Substrate/GLints/dict_16_192_64_0p5_0p02_0001_0013.uasset" 7072
"../../../Engine/Content/EngineMaterials/Substrate/GLints/dict_16_192_64_0p5_0p02_0001_0007.uasset" 7073
"../../../Engine/Content/EngineMaterials/Substrate/GLints/dict_16_192_64_0p5_0p02_0002_0003.uasset" 7074
"../../../Engine/Content/EngineMaterials/Substrate/GLints/dict_16_192_64_0p5_0p02_0001_0010.uasset" 7075
"../../../Engine/Content/EngineMaterials/Substrate/GLints/dict_16_192_64_0p5_0p02_0001_0015.uasset" 7076
"../../../Engine/Content/EngineMaterials/Substrate/GLints/dict_16_192_64_0p5_0p02_0002_0012.uasset" 7077
"../../../Engine/Content/EngineMaterials/Substrate/GLints/dict_16_192_64_0p5_0p02_0001_0014.uasset" 7078
"../../../Engine/Content/EngineMaterials/Substrate/GLints/dict_16_192_64_0p5_0p02_0002_0011.uasset" 7079
"../../../Engine/Content/EngineMaterials/Substrate/GLints/dict_16_192_64_0p5_0p02_0001_0006.uasset" 7080
"../../../Engine/Content/EngineMaterials/Substrate/GLints/dict_16_192_64_0p5_0p02_0000_0014.uasset" 7081
"../../../Engine/Content/EngineMaterials/Substrate/GLints/dict_16_192_64_0p5_0p02_0001_0004.uasset" 7082
"../../../Engine/Content/EngineMaterials/Substrate/GLints/dict_16_192_64_0p5_0p02_0001_0001.uasset" 7083
"../../../Engine/Content/EngineMaterials/Substrate/GLints/dict_16_192_64_0p5_0p02_0001_0002.uasset" 7084
"../../../Engine/Content/EngineMaterials/Substrate/GLints/dict_16_192_64_0p5_0p02_0001_0000.uasset" 7085
"../../../Engine/Content/EngineMaterials/Substrate/GLints/dict_16_192_64_0p5_0p02_0001_0003.uasset" 7086
"../../../Engine/Content/EngineMaterials/Substrate/GLints/dict_16_192_64_0p5_0p02_0000_0015.uasset" 7087
"../../../Engine/Content/EngineMaterials/Substrate/GLints/dict_16_192_64_0p5_0p02_0001_0005.uasset" 7088
"/Engine/EngineMaterials/Substrate/GLints/dict_16_192_64_0p5_0p02_0000_0014" 7089
"/Engine/EngineMaterials/Substrate/GLints/dict_16_192_64_0p5_0p02_0000_0015" 7090
"/Engine/EngineMaterials/Substrate/GLints/dict_16_192_64_0p5_0p02_0001_0000" 7091
"/Engine/EngineMaterials/Substrate/GLints/dict_16_192_64_0p5_0p02_0001_0001" 7092
"/Engine/EngineMaterials/Substrate/GLints/dict_16_192_64_0p5_0p02_0001_0002" 7093
"/Engine/EngineMaterials/Substrate/GLints/dict_16_192_64_0p5_0p02_0001_0003" 7094
"/Engine/EngineMaterials/Substrate/GLints/dict_16_192_64_0p5_0p02_0001_0004" 7095
"/Engine/EngineMaterials/Substrate/GLints/dict_16_192_64_0p5_0p02_0001_0005" 7096
"/Engine/EngineMaterials/Substrate/GLints/dict_16_192_64_0p5_0p02_0001_0006" 7097
"/Engine/EngineMaterials/Substrate/GLints/dict_16_192_64_0p5_0p02_0001_0007" 7098
"/Engine/EngineMaterials/Substrate/GLints/dict_16_192_64_0p5_0p02_0001_0008" 7099
"/Engine/EngineMaterials/Substrate/GLints/dict_16_192_64_0p5_0p02_0001_0009" 7100
"/Engine/EngineMaterials/Substrate/GLints/dict_16_192_64_0p5_0p02_0001_0010" 7101
"/Engine/EngineMaterials/Substrate/GLints/dict_16_192_64_0p5_0p02_0001_0011" 7102
"/Engine/EngineMaterials/Substrate/GLints/dict_16_192_64_0p5_0p02_0001_0012" 7103
"/Engine/EngineMaterials/Substrate/GLints/dict_16_192_64_0p5_0p02_0001_0013" 7104
"/Engine/EngineMaterials/Substrate/GLints/dict_16_192_64_0p5_0p02_0001_0014" 7105
"/Engine/EngineMaterials/Substrate/GLints/dict_16_192_64_0p5_0p02_0001_0015" 7106
"/Engine/EngineMaterials/Substrate/GLints/dict_16_192_64_0p5_0p02_0002_0000" 7107
"/Engine/EngineMaterials/Substrate/GLints/dict_16_192_64_0p5_0p02_0002_0001" 7108
"/Engine/EngineMaterials/Substrate/GLints/dict_16_192_64_0p5_0p02_0002_0002" 7109
"/Engine/EngineMaterials/Substrate/GLints/dict_16_192_64_0p5_0p02_0002_0003" 7110
"/Engine/EngineMaterials/Substrate/GLints/dict_16_192_64_0p5_0p02_0002_0004" 7111
"/Engine/EngineMaterials/Substrate/GLints/dict_16_192_64_0p5_0p02_0002_0005" 7112
"/Engine/EngineMaterials/Substrate/GLints/dict_16_192_64_0p5_0p02_0002_0006" 7113
"/Engine/EngineMaterials/Substrate/GLints/dict_16_192_64_0p5_0p02_0002_0007" 7114
"/Engine/EngineMaterials/Substrate/GLints/dict_16_192_64_0p5_0p02_0002_0008" 7115
"/Engine/EngineMaterials/Substrate/GLints/dict_16_192_64_0p5_0p02_0002_0009" 7116
"/Engine/EngineMaterials/Substrate/GLints/dict_16_192_64_0p5_0p02_0002_0010" 7117
"/Engine/EngineMaterials/Substrate/GLints/dict_16_192_64_0p5_0p02_0002_0011" 7118
"/Engine/EngineMaterials/Substrate/GLints/dict_16_192_64_0p5_0p02_0002_0012" 7119
"/Engine/EngineMaterials/Substrate/GLints/dict_16_192_64_0p5_0p02_0002_0013" 7120
"../../../Engine/Content/EngineMaterials/Substrate/GLints/dict_16_192_64_0p5_0p02_0000_0013.uasset" 7121
"../../../Engine/Content/EngineMaterials/Substrate/GLints/dict_16_192_64_0p5_0p02_0000_0008.uasset" 7122
"../../../Engine/Content/EngineMaterials/Substrate/Glints2/dict_0007_0253.uasset" 7123
"../../../Engine/Content/EngineMaterials/Substrate/Glints2/dict_0007_0252.uasset" 7124
"../../../Engine/Content/EngineMaterials/Substrate/GLints/dict_16_192_64_0p5_0p02_0000_0009.uasset" 7125
"../../../Engine/Content/EngineMaterials/Substrate/GLints/dict_16_192_64_0p5_0p02_0000_0011.uasset" 7126
"../../../Engine/Content/EngineMaterials/Substrate/Glints2/dict_0007_0254.uasset" 7127
"../../../Engine/Content/EngineMaterials/Substrate/GLints/dict_16_192_64_0p5_0p02_0000_0001.uasset" 7128
"../../../Engine/Content/EngineMaterials/Substrate/GLints/dict_16_192_64_0p5_0p02_0000_0006.uasset" 7129
"../../../Engine/Content/EngineMaterials/Substrate/Glints2/dict_0007_0255.uasset" 7130
"../../../Engine/Content/EngineMaterials/Substrate/GLints/dict_16_192_64_0p5_0p02_0000_0002.uasset" 7131
"../../../Engine/Content/EngineMaterials/Substrate/GLints/AGlintTex2dArray.uasset" 7132
"../../../Engine/Content/EngineMaterials/Substrate/GLints/dict_16_192_64_0p5_0p02_0000_0010.uasset" 7133
"../../../Engine/Content/EngineMaterials/Substrate/Glints2/dict_0007_0248.uasset" 7134
"../../../Engine/Content/EngineMaterials/Substrate/Glints2/dict_0007_0250.uasset" 7135
"../../../Engine/Content/EngineMaterials/Substrate/GLints/dict_16_192_64_0p5_0p02_0000_0012.uasset" 7136
"../../../Engine/Content/EngineMaterials/Substrate/GLints/dict_16_192_64_0p5_0p02_0000_0005.uasset" 7137
"../../../Engine/Content/EngineMaterials/Substrate/Glints2/dict_0007_0251.uasset" 7138
"../../../Engine/Content/EngineMaterials/Substrate/GLints/dict_16_192_64_0p5_0p02_0000_0000.uasset" 7139
"../../../Engine/Content/EngineMaterials/Substrate/GLints/dict_16_192_64_0p5_0p02_0000_0004.uasset" 7140
"../../../Engine/Content/EngineMaterials/Substrate/GLints/dict_16_192_64_0p5_0p02_0000_0003.uasset" 7141
"../../../Engine/Content/EngineMaterials/Substrate/GLints/dict_16_192_64_0p5_0p02_0000_0007.uasset" 7142
"../../../Engine/Content/EngineMaterials/Substrate/Glints2/dict_0007_0249.uasset" 7143
"../../../Engine/Content/EngineMaterials/Substrate/Glints2/dict_0007_0243.uasset" 7144
"../../../Engine/Content/EngineMaterials/Substrate/Glints2/dict_0007_0239.uasset" 7145
"../../../Engine/Content/EngineMaterials/Substrate/Glints2/dict_0007_0245.uasset" 7146
"../../../Engine/Content/EngineMaterials/Substrate/Glints2/dict_0007_0247.uasset" 7147
"../../../Engine/Content/EngineMaterials/Substrate/Glints2/dict_0007_0244.uasset" 7148
"/Engine/EngineMaterials/Substrate/Glints2/dict_0007_0248" 7149
"../../../Engine/Content/EngineMaterials/Substrate/Glints2/dict_0007_0240.uasset" 7150
"../../../Engine/Content/EngineMaterials/Substrate/Glints2/dict_0007_0246.uasset" 7151
"../../../Engine/Content/EngineMaterials/Substrate/Glints2/dict_0007_0242.uasset" 7152
"/Engine/EngineMaterials/Substrate/Glints2/dict_0007_0249" 7153
"/Engine/EngineMaterials/Substrate/Glints2/dict_0007_0250" 7154
"/Engine/EngineMaterials/Substrate/Glints2/dict_0007_0251" 7155
"../../../Engine/Content/EngineMaterials/Substrate/Glints2/dict_0007_0241.uasset" 7156
"/Engine/EngineMaterials/Substrate/Glints2/dict_0007_0252" 7157
"/Engine/EngineMaterials/Substrate/Glints2/dict_0007_0253" 7158
"/Engine/EngineMaterials/Substrate/Glints2/dict_0007_0254" 7159
"/Engine/EngineMaterials/Substrate/Glints2/dict_0007_0255" 7160
"/Engine/EngineMaterials/Substrate/GLints/AGlintTex2dArray" 7161
"/Engine/EngineMaterials/Substrate/Glints2/dict_0007_0239" 7162
"/Engine/EngineMaterials/Substrate/Glints2/dict_0007_0240" 7163
"/Engine/EngineMaterials/Substrate/Glints2/dict_0007_0241" 7164
"/Engine/EngineMaterials/Substrate/Glints2/dict_0007_0242" 7165
"/Engine/EngineMaterials/Substrate/Glints2/dict_0007_0243" 7166
"/Engine/EngineMaterials/Substrate/Glints2/dict_0007_0244" 7167
"/Engine/EngineMaterials/Substrate/Glints2/dict_0007_0245" 7168
"/Engine/EngineMaterials/Substrate/Glints2/dict_0007_0246" 7169
"/Engine/EngineMaterials/Substrate/Glints2/dict_0007_0247" 7170
"../../../Engine/Content/EngineMaterials/Substrate/Glints2/dict_0007_0219.uasset" 7171
"../../../Engine/Content/EngineMaterials/Substrate/Glints2/dict_0007_0225.uasset" 7172
"../../../Engine/Content/EngineMaterials/Substrate/Glints2/dict_0007_0224.uasset" 7173
"../../../Engine/Content/EngineMaterials/Substrate/Glints2/dict_0007_0238.uasset" 7174
"../../../Engine/Content/EngineMaterials/Substrate/Glints2/dict_0007_0228.uasset" 7175
"../../../Engine/Content/EngineMaterials/Substrate/Glints2/dict_0007_0220.uasset" 7176
"../../../Engine/Content/EngineMaterials/Substrate/Glints2/dict_0007_0216.uasset" 7177
"../../../Engine/Content/EngineMaterials/Substrate/Glints2/dict_0007_0231.uasset" 7178
"../../../Engine/Content/EngineMaterials/Substrate/Glints2/dict_0007_0229.uasset" 7179
"../../../Engine/Content/EngineMaterials/Substrate/Glints2/dict_0007_0234.uasset" 7180
"../../../Engine/Content/EngineMaterials/Substrate/Glints2/dict_0007_0236.uasset" 7181
"../../../Engine/Content/EngineMaterials/Substrate/Glints2/dict_0007_0217.uasset" 7182
"../../../Engine/Content/EngineMaterials/Substrate/Glints2/dict_0007_0218.uasset" 7183
"../../../Engine/Content/EngineMaterials/Substrate/Glints2/dict_0007_0235.uasset" 7184
"../../../Engine/Content/EngineMaterials/Substrate/Glints2/dict_0007_0237.uasset" 7185
"../../../Engine/Content/EngineMaterials/Substrate/Glints2/dict_0007_0227.uasset" 7186
"../../../Engine/Content/EngineMaterials/Substrate/Glints2/dict_0007_0221.uasset" 7187
"../../../Engine/Content/EngineMaterials/Substrate/Glints2/dict_0007_0230.uasset" 7188
"../../../Engine/Content/EngineMaterials/Substrate/Glints2/dict_0007_0232.uasset" 7189
"../../../Engine/Content/EngineMaterials/Substrate/Glints2/dict_0007_0222.uasset" 7190
"../../../Engine/Content/EngineMaterials/Substrate/Glints2/dict_0007_0223.uasset" 7191
"../../../Engine/Content/EngineMaterials/Substrate/Glints2/dict_0007_0233.uasset" 7192
"../../../Engine/Content/EngineMaterials/Substrate/Glints2/dict_0007_0226.uasset" 7193
"../../../Engine/Content/EngineMaterials/Substrate/Glints2/dict_0007_0212.uasset" 7194
"../../../Engine/Content/EngineMaterials/Substrate/Glints2/dict_0007_0208.uasset" 7195
"../../../Engine/Content/EngineMaterials/Substrate/Glints2/dict_0007_0211.uasset" 7196
"../../../Engine/Content/EngineMaterials/Substrate/Glints2/dict_0007_0209.uasset" 7197
"../../../Engine/Content/EngineMaterials/Substrate/Glints2/dict_0007_0207.uasset" 7198
"../../../Engine/Content/EngineMaterials/Substrate/Glints2/dict_0007_0210.uasset" 7199
"../../../Engine/Content/EngineMaterials/Substrate/Glints2/dict_0007_0213.uasset" 7200
"../../../Engine/Content/EngineMaterials/Substrate/Glints2/dict_0007_0215.uasset" 7201
"../../../Engine/Content/EngineMaterials/Substrate/Glints2/dict_0007_0214.uasset" 7202
"/Engine/EngineMaterials/Substrate/Glints2/dict_0007_0207" 7203
"/Engine/EngineMaterials/Substrate/Glints2/dict_0007_0208" 7204
"/Engine/EngineMaterials/Substrate/Glints2/dict_0007_0209" 7205
"/Engine/EngineMaterials/Substrate/Glints2/dict_0007_0210" 7206
"/Engine/EngineMaterials/Substrate/Glints2/dict_0007_0211" 7207
"/Engine/EngineMaterials/Substrate/Glints2/dict_0007_0212" 7208
"/Engine/EngineMaterials/Substrate/Glints2/dict_0007_0213" 7209
"/Engine/EngineMaterials/Substrate/Glints2/dict_0007_0214" 7210
"/Engine/EngineMaterials/Substrate/Glints2/dict_0007_0215" 7211
"/Engine/EngineMaterials/Substrate/Glints2/dict_0007_0216" 7212
"/Engine/EngineMaterials/Substrate/Glints2/dict_0007_0217" 7213
"/Engine/EngineMaterials/Substrate/Glints2/dict_0007_0218" 7214
"/Engine/EngineMaterials/Substrate/Glints2/dict_0007_0219" 7215
"/Engine/EngineMaterials/Substrate/Glints2/dict_0007_0220" 7216
"/Engine/EngineMaterials/Substrate/Glints2/dict_0007_0221" 7217
"/Engine/EngineMaterials/Substrate/Glints2/dict_0007_0222" 7218
"/Engine/EngineMaterials/Substrate/Glints2/dict_0007_0223" 7219
"/Engine/EngineMaterials/Substrate/Glints2/dict_0007_0224" 7220
"/Engine/EngineMaterials/Substrate/Glints2/dict_0007_0225" 7221
"/Engine/EngineMaterials/Substrate/Glints2/dict_0007_0226" 7222
"/Engine/EngineMaterials/Substrate/Glints2/dict_0007_0227" 7223
"/Engine/EngineMaterials/Substrate/Glints2/dict_0007_0228" 7224
"/Engine/EngineMaterials/Substrate/Glints2/dict_0007_0229" 7225
"/Engine/EngineMaterials/Substrate/Glints2/dict_0007_0230" 7226
"/Engine/EngineMaterials/Substrate/Glints2/dict_0007_0231" 7227
"/Engine/EngineMaterials/Substrate/Glints2/dict_0007_0232" 7228
"/Engine/EngineMaterials/Substrate/Glints2/dict_0007_0233" 7229
"/Engine/EngineMaterials/Substrate/Glints2/dict_0007_0234" 7230
"/Engine/EngineMaterials/Substrate/Glints2/dict_0007_0235" 7231
"/Engine/EngineMaterials/Substrate/Glints2/dict_0007_0236" 7232
"/Engine/EngineMaterials/Substrate/Glints2/dict_0007_0237" 7233
"/Engine/EngineMaterials/Substrate/Glints2/dict_0007_0238" 7234
"../../../Engine/Content/EngineMaterials/Substrate/Glints2/dict_0007_0200.uasset" 7235
"../../../Engine/Content/EngineMaterials/Substrate/Glints2/dict_0007_0196.uasset" 7236
"../../../Engine/Content/EngineMaterials/Substrate/Glints2/dict_0007_0202.uasset" 7237
"../../../Engine/Content/EngineMaterials/Substrate/Glints2/dict_0007_0203.uasset" 7238
"../../../Engine/Content/EngineMaterials/Substrate/Glints2/dict_0007_0195.uasset" 7239
"../../../Engine/Content/EngineMaterials/Substrate/Glints2/dict_0007_0205.uasset" 7240
"../../../Engine/Content/EngineMaterials/Substrate/Glints2/dict_0007_0206.uasset" 7241
"../../../Engine/Content/EngineMaterials/Substrate/Glints2/dict_0007_0192.uasset" 7242
"../../../Engine/Content/EngineMaterials/Substrate/Glints2/dict_0007_0197.uasset" 7243
"../../../Engine/Content/EngineMaterials/Substrate/Glints2/dict_0007_0186.uasset" 7244
"../../../Engine/Content/EngineMaterials/Substrate/Glints2/dict_0007_0188.uasset" 7245
"../../../Engine/Content/EngineMaterials/Substrate/Glints2/dict_0007_0194.uasset" 7246
"../../../Engine/Content/EngineMaterials/Substrate/Glints2/dict_0007_0191.uasset" 7247
"../../../Engine/Content/EngineMaterials/Substrate/Glints2/dict_0007_0187.uasset" 7248
"../../../Engine/Content/EngineMaterials/Substrate/Glints2/dict_0007_0193.uasset" 7249
"../../../Engine/Content/EngineMaterials/Substrate/Glints2/dict_0007_0201.uasset" 7250
"../../../Engine/Content/EngineMaterials/Substrate/Glints2/dict_0007_0185.uasset" 7251
"../../../Engine/Content/EngineMaterials/Substrate/Glints2/dict_0007_0199.uasset" 7252
"../../../Engine/Content/EngineMaterials/Substrate/Glints2/dict_0007_0190.uasset" 7253
"../../../Engine/Content/EngineMaterials/Substrate/Glints2/dict_0007_0204.uasset" 7254
"../../../Engine/Content/EngineMaterials/Substrate/Glints2/dict_0007_0189.uasset" 7255
"../../../Engine/Content/EngineMaterials/Substrate/Glints2/dict_0007_0198.uasset" 7256
"../../../Engine/Content/EngineMaterials/Substrate/Glints2/dict_0007_0177.uasset" 7257
"../../../Engine/Content/EngineMaterials/Substrate/Glints2/dict_0007_0183.uasset" 7258
"../../../Engine/Content/EngineMaterials/Substrate/Glints2/dict_0007_0175.uasset" 7259
"../../../Engine/Content/EngineMaterials/Substrate/Glints2/dict_0007_0184.uasset" 7260
"../../../Engine/Content/EngineMaterials/Substrate/Glints2/dict_0007_0179.uasset" 7261
"../../../Engine/Content/EngineMaterials/Substrate/Glints2/dict_0007_0182.uasset" 7262
"../../../Engine/Content/EngineMaterials/Substrate/Glints2/dict_0007_0181.uasset" 7263
"../../../Engine/Content/EngineMaterials/Substrate/Glints2/dict_0007_0178.uasset" 7264
"../../../Engine/Content/EngineMaterials/Substrate/Glints2/dict_0007_0176.uasset" 7265
"../../../Engine/Content/EngineMaterials/Substrate/Glints2/dict_0007_0180.uasset" 7266
"/Engine/EngineMaterials/Substrate/Glints2/dict_0007_0175" 7267
"/Engine/EngineMaterials/Substrate/Glints2/dict_0007_0176" 7268
"/Engine/EngineMaterials/Substrate/Glints2/dict_0007_0177" 7269
"/Engine/EngineMaterials/Substrate/Glints2/dict_0007_0178" 7270
"/Engine/EngineMaterials/Substrate/Glints2/dict_0007_0179" 7271
"/Engine/EngineMaterials/Substrate/Glints2/dict_0007_0180" 7272
"/Engine/EngineMaterials/Substrate/Glints2/dict_0007_0181" 7273
"/Engine/EngineMaterials/Substrate/Glints2/dict_0007_0182" 7274
"/Engine/EngineMaterials/Substrate/Glints2/dict_0007_0183" 7275
"/Engine/EngineMaterials/Substrate/Glints2/dict_0007_0184" 7276
"/Engine/EngineMaterials/Substrate/Glints2/dict_0007_0185" 7277
"/Engine/EngineMaterials/Substrate/Glints2/dict_0007_0186" 7278
"/Engine/EngineMaterials/Substrate/Glints2/dict_0007_0187" 7279
"/Engine/EngineMaterials/Substrate/Glints2/dict_0007_0188" 7280
"/Engine/EngineMaterials/Substrate/Glints2/dict_0007_0189" 7281
"/Engine/EngineMaterials/Substrate/Glints2/dict_0007_0190" 7282
"/Engine/EngineMaterials/Substrate/Glints2/dict_0007_0191" 7283
"/Engine/EngineMaterials/Substrate/Glints2/dict_0007_0192" 7284
"/Engine/EngineMaterials/Substrate/Glints2/dict_0007_0193" 7285
"/Engine/EngineMaterials/Substrate/Glints2/dict_0007_0194" 7286
"/Engine/EngineMaterials/Substrate/Glints2/dict_0007_0195" 7287
"/Engine/EngineMaterials/Substrate/Glints2/dict_0007_0196" 7288
"/Engine/EngineMaterials/Substrate/Glints2/dict_0007_0197" 7289
"/Engine/EngineMaterials/Substrate/Glints2/dict_0007_0198" 7290
"/Engine/EngineMaterials/Substrate/Glints2/dict_0007_0199" 7291
"/Engine/EngineMaterials/Substrate/Glints2/dict_0007_0200" 7292
"/Engine/EngineMaterials/Substrate/Glints2/dict_0007_0201" 7293
"/Engine/EngineMaterials/Substrate/Glints2/dict_0007_0202" 7294
"/Engine/EngineMaterials/Substrate/Glints2/dict_0007_0203" 7295
"/Engine/EngineMaterials/Substrate/Glints2/dict_0007_0204" 7296
"/Engine/EngineMaterials/Substrate/Glints2/dict_0007_0205" 7297
"/Engine/EngineMaterials/Substrate/Glints2/dict_0007_0206" 7298
"../../../Engine/Content/EngineMaterials/Substrate/Glints2/dict_0007_0155.uasset" 7299
"../../../Engine/Content/EngineMaterials/Substrate/Glints2/dict_0007_0164.uasset" 7300
"../../../Engine/Content/EngineMaterials/Substrate/Glints2/dict_0007_0173.uasset" 7301
"../../../Engine/Content/EngineMaterials/Substrate/Glints2/dict_0007_0165.uasset" 7302
"../../../Engine/Content/EngineMaterials/Substrate/Glints2/dict_0007_0163.uasset" 7303
"../../../Engine/Content/EngineMaterials/Substrate/Glints2/dict_0007_0159.uasset" 7304
"../../../Engine/Content/EngineMaterials/Substrate/Glints2/dict_0007_0157.uasset" 7305
"../../../Engine/Content/EngineMaterials/Substrate/Glints2/dict_0007_0168.uasset" 7306
"../../../Engine/Content/EngineMaterials/Substrate/Glints2/dict_0007_0169.uasset" 7307
"../../../Engine/Content/EngineMaterials/Substrate/Glints2/dict_0007_0154.uasset" 7308
"../../../Engine/Content/EngineMaterials/Substrate/Glints2/dict_0007_0161.uasset" 7309
"../../../Engine/Content/EngineMaterials/Substrate/Glints2/dict_0007_0160.uasset" 7310
"../../../Engine/Content/EngineMaterials/Substrate/Glints2/dict_0007_0172.uasset" 7311
"../../../Engine/Content/EngineMaterials/Substrate/Glints2/dict_0007_0167.uasset" 7312
"../../../Engine/Content/EngineMaterials/Substrate/Glints2/dict_0007_0162.uasset" 7313
"../../../Engine/Content/EngineMaterials/Substrate/Glints2/dict_0007_0158.uasset" 7314
"../../../Engine/Content/EngineMaterials/Substrate/Glints2/dict_0007_0153.uasset" 7315
"../../../Engine/Content/EngineMaterials/Substrate/Glints2/dict_0007_0170.uasset" 7316
"../../../Engine/Content/EngineMaterials/Substrate/Glints2/dict_0007_0174.uasset" 7317
"../../../Engine/Content/EngineMaterials/Substrate/Glints2/dict_0007_0156.uasset" 7318
"../../../Engine/Content/EngineMaterials/Substrate/Glints2/dict_0007_0166.uasset" 7319
"../../../Engine/Content/EngineMaterials/Substrate/Glints2/dict_0007_0152.uasset" 7320
"../../../Engine/Content/EngineMaterials/Substrate/Glints2/dict_0007_0171.uasset" 7321
"../../../Engine/Content/EngineMaterials/Substrate/Glints2/dict_0007_0151.uasset" 7322
"../../../Engine/Content/EngineMaterials/Substrate/Glints2/dict_0007_0149.uasset" 7323
"../../../Engine/Content/EngineMaterials/Substrate/Glints2/dict_0007_0145.uasset" 7324
"../../../Engine/Content/EngineMaterials/Substrate/Glints2/dict_0007_0143.uasset" 7325
"../../../Engine/Content/EngineMaterials/Substrate/Glints2/dict_0007_0146.uasset" 7326
"../../../Engine/Content/EngineMaterials/Substrate/Glints2/dict_0007_0148.uasset" 7327
"../../../Engine/Content/EngineMaterials/Substrate/Glints2/dict_0007_0150.uasset" 7328
"../../../Engine/Content/EngineMaterials/Substrate/Glints2/dict_0007_0144.uasset" 7329
"../../../Engine/Content/EngineMaterials/Substrate/Glints2/dict_0007_0147.uasset" 7330
"/Engine/EngineMaterials/Substrate/Glints2/dict_0007_0143" 7331
"/Engine/EngineMaterials/Substrate/Glints2/dict_0007_0145" 7332
"/Engine/EngineMaterials/Substrate/Glints2/dict_0007_0146" 7333
"/Engine/EngineMaterials/Substrate/Glints2/dict_0007_0147" 7334
"/Engine/EngineMaterials/Substrate/Glints2/dict_0007_0148" 7335
"/Engine/EngineMaterials/Substrate/Glints2/dict_0007_0149" 7336
"/Engine/EngineMaterials/Substrate/Glints2/dict_0007_0150" 7337
"/Engine/EngineMaterials/Substrate/Glints2/dict_0007_0151" 7338
"/Engine/EngineMaterials/Substrate/Glints2/dict_0007_0152" 7339
"/Engine/EngineMaterials/Substrate/Glints2/dict_0007_0153" 7340
"/Engine/EngineMaterials/Substrate/Glints2/dict_0007_0154" 7341
"/Engine/EngineMaterials/Substrate/Glints2/dict_0007_0155" 7342
"/Engine/EngineMaterials/Substrate/Glints2/dict_0007_0156" 7343
"/Engine/EngineMaterials/Substrate/Glints2/dict_0007_0157" 7344
"/Engine/EngineMaterials/Substrate/Glints2/dict_0007_0158" 7345
"/Engine/EngineMaterials/Substrate/Glints2/dict_0007_0159" 7346
"/Engine/EngineMaterials/Substrate/Glints2/dict_0007_0160" 7347
"/Engine/EngineMaterials/Substrate/Glints2/dict_0007_0161" 7348
"/Engine/EngineMaterials/Substrate/Glints2/dict_0007_0162" 7349
"/Engine/EngineMaterials/Substrate/Glints2/dict_0007_0163" 7350
"/Engine/EngineMaterials/Substrate/Glints2/dict_0007_0164" 7351
"/Engine/EngineMaterials/Substrate/Glints2/dict_0007_0165" 7352
"/Engine/EngineMaterials/Substrate/Glints2/dict_0007_0166" 7353
"/Engine/EngineMaterials/Substrate/Glints2/dict_0007_0167" 7354
"/Engine/EngineMaterials/Substrate/Glints2/dict_0007_0168" 7355
"/Engine/EngineMaterials/Substrate/Glints2/dict_0007_0169" 7356
"/Engine/EngineMaterials/Substrate/Glints2/dict_0007_0170" 7357
"/Engine/EngineMaterials/Substrate/Glints2/dict_0007_0171" 7358
"/Engine/EngineMaterials/Substrate/Glints2/dict_0007_0172" 7359
"/Engine/EngineMaterials/Substrate/Glints2/dict_0007_0173" 7360
"/Engine/EngineMaterials/Substrate/Glints2/dict_0007_0174" 7361
"/Engine/EngineMaterials/Substrate/Glints2/dict_0007_0144" 7362
"../../../Engine/Content/EngineMaterials/Substrate/Glints2/dict_0007_0139.uasset" 7363
"../../../Engine/Content/EngineMaterials/Substrate/Glints2/dict_0007_0137.uasset" 7364
"../../../Engine/Content/EngineMaterials/Substrate/Glints2/dict_0007_0131.uasset" 7365
"../../../Engine/Content/EngineMaterials/Substrate/Glints2/dict_0007_0135.uasset" 7366
"../../../Engine/Content/EngineMaterials/Substrate/Glints2/dict_0007_0124.uasset" 7367
"../../../Engine/Content/EngineMaterials/Substrate/Glints2/dict_0007_0122.uasset" 7368
"../../../Engine/Content/EngineMaterials/Substrate/Glints2/dict_0007_0141.uasset" 7369
"../../../Engine/Content/EngineMaterials/Substrate/Glints2/dict_0007_0121.uasset" 7370
"../../../Engine/Content/EngineMaterials/Substrate/Glints2/dict_0007_0134.uasset" 7371
"../../../Engine/Content/EngineMaterials/Substrate/Glints2/dict_0007_0129.uasset" 7372
"../../../Engine/Content/EngineMaterials/Substrate/Glints2/dict_0007_0120.uasset" 7373
"../../../Engine/Content/EngineMaterials/Substrate/Glints2/dict_0007_0136.uasset" 7374
"../../../Engine/Content/EngineMaterials/Substrate/Glints2/dict_0007_0130.uasset" 7375
"../../../Engine/Content/EngineMaterials/Substrate/Glints2/dict_0007_0133.uasset" 7376
"../../../Engine/Content/EngineMaterials/Substrate/Glints2/dict_0007_0138.uasset" 7377
"../../../Engine/Content/EngineMaterials/Substrate/Glints2/dict_0007_0127.uasset" 7378
"../../../Engine/Content/EngineMaterials/Substrate/Glints2/dict_0007_0126.uasset" 7379
"../../../Engine/Content/EngineMaterials/Substrate/Glints2/dict_0007_0142.uasset" 7380
"../../../Engine/Content/EngineMaterials/Substrate/Glints2/dict_0007_0125.uasset" 7381
"../../../Engine/Content/EngineMaterials/Substrate/Glints2/dict_0007_0128.uasset" 7382
"../../../Engine/Content/EngineMaterials/Substrate/Glints2/dict_0007_0140.uasset" 7383
"../../../Engine/Content/EngineMaterials/Substrate/Glints2/dict_0007_0132.uasset" 7384
"../../../Engine/Content/EngineMaterials/Substrate/Glints2/dict_0007_0123.uasset" 7385
"../../../Engine/Content/EngineMaterials/Substrate/Glints2/dict_0007_0111.uasset" 7386
"../../../Engine/Content/EngineMaterials/Substrate/Glints2/dict_0007_0119.uasset" 7387
"../../../Engine/Content/EngineMaterials/Substrate/Glints2/dict_0007_0118.uasset" 7388
"../../../Engine/Content/EngineMaterials/Substrate/Glints2/dict_0007_0115.uasset" 7389
"../../../Engine/Content/EngineMaterials/Substrate/Glints2/dict_0007_0116.uasset" 7390
"../../../Engine/Content/EngineMaterials/Substrate/Glints2/dict_0007_0112.uasset" 7391
"../../../Engine/Content/EngineMaterials/Substrate/Glints2/dict_0007_0114.uasset" 7392
"../../../Engine/Content/EngineMaterials/Substrate/Glints2/dict_0007_0117.uasset" 7393
"../../../Engine/Content/EngineMaterials/Substrate/Glints2/dict_0007_0113.uasset" 7394
"/Engine/EngineMaterials/Substrate/Glints2/dict_0007_0112" 7395
"/Engine/EngineMaterials/Substrate/Glints2/dict_0007_0111" 7396
"/Engine/EngineMaterials/Substrate/Glints2/dict_0007_0113" 7397
"/Engine/EngineMaterials/Substrate/Glints2/dict_0007_0114" 7398
"/Engine/EngineMaterials/Substrate/Glints2/dict_0007_0115" 7399
"/Engine/EngineMaterials/Substrate/Glints2/dict_0007_0116" 7400
"/Engine/EngineMaterials/Substrate/Glints2/dict_0007_0117" 7401
"/Engine/EngineMaterials/Substrate/Glints2/dict_0007_0118" 7402
"/Engine/EngineMaterials/Substrate/Glints2/dict_0007_0119" 7403
"/Engine/EngineMaterials/Substrate/Glints2/dict_0007_0120" 7404
"/Engine/EngineMaterials/Substrate/Glints2/dict_0007_0121" 7405
"/Engine/EngineMaterials/Substrate/Glints2/dict_0007_0122" 7406
"/Engine/EngineMaterials/Substrate/Glints2/dict_0007_0123" 7407
"/Engine/EngineMaterials/Substrate/Glints2/dict_0007_0124" 7408
"/Engine/EngineMaterials/Substrate/Glints2/dict_0007_0125" 7409
"/Engine/EngineMaterials/Substrate/Glints2/dict_0007_0126" 7410
"/Engine/EngineMaterials/Substrate/Glints2/dict_0007_0127" 7411
"/Engine/EngineMaterials/Substrate/Glints2/dict_0007_0128" 7412
"/Engine/EngineMaterials/Substrate/Glints2/dict_0007_0129" 7413
"/Engine/EngineMaterials/Substrate/Glints2/dict_0007_0130" 7414
"/Engine/EngineMaterials/Substrate/Glints2/dict_0007_0131" 7415
"/Engine/EngineMaterials/Substrate/Glints2/dict_0007_0132" 7416
"/Engine/EngineMaterials/Substrate/Glints2/dict_0007_0133" 7417
"/Engine/EngineMaterials/Substrate/Glints2/dict_0007_0134" 7418
"/Engine/EngineMaterials/Substrate/Glints2/dict_0007_0135" 7419
"/Engine/EngineMaterials/Substrate/Glints2/dict_0007_0136" 7420
"/Engine/EngineMaterials/Substrate/Glints2/dict_0007_0137" 7421
"/Engine/EngineMaterials/Substrate/Glints2/dict_0007_0138" 7422
"/Engine/EngineMaterials/Substrate/Glints2/dict_0007_0139" 7423
"/Engine/EngineMaterials/Substrate/Glints2/dict_0007_0140" 7424
"/Engine/EngineMaterials/Substrate/Glints2/dict_0007_0141" 7425
"/Engine/EngineMaterials/Substrate/Glints2/dict_0007_0142" 7426
"../../../Engine/Content/EngineMaterials/Substrate/Glints2/dict_0007_0098.uasset" 7427
"../../../Engine/Content/EngineMaterials/Substrate/Glints2/dict_0007_0103.uasset" 7428
"../../../Engine/Content/EngineMaterials/Substrate/Glints2/dict_0007_0106.uasset" 7429
"../../../Engine/Content/EngineMaterials/Substrate/Glints2/dict_0007_0108.uasset" 7430
"../../../Engine/Content/EngineMaterials/Substrate/Glints2/dict_0007_0092.uasset" 7431
"../../../Engine/Content/EngineMaterials/Substrate/Glints2/dict_0007_0104.uasset" 7432
"../../../Engine/Content/EngineMaterials/Substrate/Glints2/dict_0007_0100.uasset" 7433
"../../../Engine/Content/EngineMaterials/Substrate/Glints2/dict_0007_0091.uasset" 7434
"../../../Engine/Content/EngineMaterials/Substrate/Glints2/dict_0007_0088.uasset" 7435
"../../../Engine/Content/EngineMaterials/Substrate/Glints2/dict_0007_0090.uasset" 7436
"../../../Engine/Content/EngineMaterials/Substrate/Glints2/dict_0007_0102.uasset" 7437
"../../../Engine/Content/EngineMaterials/Substrate/Glints2/dict_0007_0110.uasset" 7438
"../../../Engine/Content/EngineMaterials/Substrate/Glints2/dict_0007_0093.uasset" 7439
"../../../Engine/Content/EngineMaterials/Substrate/Glints2/dict_0007_0101.uasset" 7440
"../../../Engine/Content/EngineMaterials/Substrate/Glints2/dict_0007_0094.uasset" 7441
"../../../Engine/Content/EngineMaterials/Substrate/Glints2/dict_0007_0096.uasset" 7442
"../../../Engine/Content/EngineMaterials/Substrate/Glints2/dict_0007_0105.uasset" 7443
"../../../Engine/Content/EngineMaterials/Substrate/Glints2/dict_0007_0109.uasset" 7444
"../../../Engine/Content/EngineMaterials/Substrate/Glints2/dict_0007_0099.uasset" 7445
"../../../Engine/Content/EngineMaterials/Substrate/Glints2/dict_0007_0107.uasset" 7446
"../../../Engine/Content/EngineMaterials/Substrate/Glints2/dict_0007_0095.uasset" 7447
"../../../Engine/Content/EngineMaterials/Substrate/Glints2/dict_0007_0097.uasset" 7448
"../../../Engine/Content/EngineMaterials/Substrate/Glints2/dict_0007_0089.uasset" 7449
"../../../Engine/Content/EngineMaterials/Substrate/Glints2/dict_0007_0084.uasset" 7450
"../../../Engine/Content/EngineMaterials/Substrate/Glints2/dict_0007_0080.uasset" 7451
"../../../Engine/Content/EngineMaterials/Substrate/Glints2/dict_0007_0081.uasset" 7452
"../../../Engine/Content/EngineMaterials/Substrate/Glints2/dict_0007_0079.uasset" 7453
"../../../Engine/Content/EngineMaterials/Substrate/Glints2/dict_0007_0086.uasset" 7454
"../../../Engine/Content/EngineMaterials/Substrate/Glints2/dict_0007_0083.uasset" 7455
"../../../Engine/Content/EngineMaterials/Substrate/Glints2/dict_0007_0085.uasset" 7456
"/Engine/EngineMaterials/Substrate/Glints2/dict_0007_0079" 7457
"../../../Engine/Content/EngineMaterials/Substrate/Glints2/dict_0007_0087.uasset" 7458
"/Engine/EngineMaterials/Substrate/Glints2/dict_0007_0080" 7459
"/Engine/EngineMaterials/Substrate/Glints2/dict_0007_0081" 7460
"../../../Engine/Content/EngineMaterials/Substrate/Glints2/dict_0007_0082.uasset" 7461
"/Engine/EngineMaterials/Substrate/Glints2/dict_0007_0084" 7462
"/Engine/EngineMaterials/Substrate/Glints2/dict_0007_0086" 7463
"/Engine/EngineMaterials/Substrate/Glints2/dict_0007_0088" 7464
"/Engine/EngineMaterials/Substrate/Glints2/dict_0007_0089" 7465
"/Engine/EngineMaterials/Substrate/Glints2/dict_0007_0090" 7466
"/Engine/EngineMaterials/Substrate/Glints2/dict_0007_0091" 7467
"/Engine/EngineMaterials/Substrate/Glints2/dict_0007_0092" 7468
"/Engine/EngineMaterials/Substrate/Glints2/dict_0007_0093" 7469
"/Engine/EngineMaterials/Substrate/Glints2/dict_0007_0094" 7470
"/Engine/EngineMaterials/Substrate/Glints2/dict_0007_0095" 7471
"/Engine/EngineMaterials/Substrate/Glints2/dict_0007_0096" 7472
"/Engine/EngineMaterials/Substrate/Glints2/dict_0007_0097" 7473
"/Engine/EngineMaterials/Substrate/Glints2/dict_0007_0098" 7474
"/Engine/EngineMaterials/Substrate/Glints2/dict_0007_0099" 7475
"/Engine/EngineMaterials/Substrate/Glints2/dict_0007_0100" 7476
"/Engine/EngineMaterials/Substrate/Glints2/dict_0007_0101" 7477
"/Engine/EngineMaterials/Substrate/Glints2/dict_0007_0102" 7478
"/Engine/EngineMaterials/Substrate/Glints2/dict_0007_0103" 7479
"/Engine/EngineMaterials/Substrate/Glints2/dict_0007_0104" 7480
"/Engine/EngineMaterials/Substrate/Glints2/dict_0007_0105" 7481
"/Engine/EngineMaterials/Substrate/Glints2/dict_0007_0106" 7482
"/Engine/EngineMaterials/Substrate/Glints2/dict_0007_0107" 7483
"/Engine/EngineMaterials/Substrate/Glints2/dict_0007_0108" 7484
"/Engine/EngineMaterials/Substrate/Glints2/dict_0007_0109" 7485
"/Engine/EngineMaterials/Substrate/Glints2/dict_0007_0110" 7486
"/Engine/EngineMaterials/Substrate/Glints2/dict_0007_0082" 7487
"/Engine/EngineMaterials/Substrate/Glints2/dict_0007_0083" 7488
"/Engine/EngineMaterials/Substrate/Glints2/dict_0007_0085" 7489
"/Engine/EngineMaterials/Substrate/Glints2/dict_0007_0087" 7490
"../../../Engine/Content/EngineMaterials/Substrate/Glints2/dict_0007_0075.uasset" 7491
"../../../Engine/Content/EngineMaterials/Substrate/Glints2/dict_0007_0061.uasset" 7492
"../../../Engine/Content/EngineMaterials/Substrate/Glints2/dict_0007_0064.uasset" 7493
"../../../Engine/Content/EngineMaterials/Substrate/Glints2/dict_0007_0070.uasset" 7494
"../../../Engine/Content/EngineMaterials/Substrate/Glints2/dict_0007_0073.uasset" 7495
"../../../Engine/Content/EngineMaterials/Substrate/Glints2/dict_0007_0062.uasset" 7496
"../../../Engine/Content/EngineMaterials/Substrate/Glints2/dict_0007_0066.uasset" 7497
"../../../Engine/Content/EngineMaterials/Substrate/Glints2/dict_0007_0068.uasset" 7498
"../../../Engine/Content/EngineMaterials/Substrate/Glints2/dict_0007_0074.uasset" 7499
"../../../Engine/Content/EngineMaterials/Substrate/Glints2/dict_0007_0069.uasset" 7500
"../../../Engine/Content/EngineMaterials/Substrate/Glints2/dict_0007_0067.uasset" 7501
"../../../Engine/Content/EngineMaterials/Substrate/Glints2/dict_0007_0058.uasset" 7502
"../../../Engine/Content/EngineMaterials/Substrate/Glints2/dict_0007_0071.uasset" 7503
"../../../Engine/Content/EngineMaterials/Substrate/Glints2/dict_0007_0063.uasset" 7504
"../../../Engine/Content/EngineMaterials/Substrate/Glints2/dict_0007_0078.uasset" 7505
"../../../Engine/Content/EngineMaterials/Substrate/Glints2/dict_0007_0060.uasset" 7506
"../../../Engine/Content/EngineMaterials/Substrate/Glints2/dict_0007_0077.uasset" 7507
"../../../Engine/Content/EngineMaterials/Substrate/Glints2/dict_0007_0065.uasset" 7508
"../../../Engine/Content/EngineMaterials/Substrate/Glints2/dict_0007_0072.uasset" 7509
"../../../Engine/Content/EngineMaterials/Substrate/Glints2/dict_0007_0076.uasset" 7510
"../../../Engine/Content/EngineMaterials/Substrate/Glints2/dict_0007_0056.uasset" 7511
"../../../Engine/Content/EngineMaterials/Substrate/Glints2/dict_0007_0057.uasset" 7512
"../../../Engine/Content/EngineMaterials/Substrate/Glints2/dict_0007_0059.uasset" 7513
"../../../Engine/Content/EngineMaterials/Substrate/Glints2/dict_0007_0053.uasset" 7514
"../../../Engine/Content/EngineMaterials/Substrate/Glints2/dict_0007_0052.uasset" 7515
"../../../Engine/Content/EngineMaterials/Substrate/Glints2/dict_0007_0047.uasset" 7516
"../../../Engine/Content/EngineMaterials/Substrate/Glints2/dict_0007_0050.uasset" 7517
"../../../Engine/Content/EngineMaterials/Substrate/Glints2/dict_0007_0055.uasset" 7518
"../../../Engine/Content/EngineMaterials/Substrate/Glints2/dict_0007_0049.uasset" 7519
"../../../Engine/Content/EngineMaterials/Substrate/Glints2/dict_0007_0048.uasset" 7520
"/Engine/EngineMaterials/Substrate/Glints2/dict_0007_0052" 7521
"../../../Engine/Content/EngineMaterials/Substrate/Glints2/dict_0007_0054.uasset" 7522
"../../../Engine/Content/EngineMaterials/Substrate/Glints2/dict_0007_0051.uasset" 7523
"/Engine/EngineMaterials/Substrate/Glints2/dict_0007_0053" 7524
"/Engine/EngineMaterials/Substrate/Glints2/dict_0007_0047" 7525
"/Engine/EngineMaterials/Substrate/Glints2/dict_0007_0048" 7526
"/Engine/EngineMaterials/Substrate/Glints2/dict_0007_0049" 7527
"/Engine/EngineMaterials/Substrate/Glints2/dict_0007_0055" 7528
"/Engine/EngineMaterials/Substrate/Glints2/dict_0007_0050" 7529
"/Engine/EngineMaterials/Substrate/Glints2/dict_0007_0056" 7530
"/Engine/EngineMaterials/Substrate/Glints2/dict_0007_0057" 7531
"/Engine/EngineMaterials/Substrate/Glints2/dict_0007_0058" 7532
"/Engine/EngineMaterials/Substrate/Glints2/dict_0007_0059" 7533
"/Engine/EngineMaterials/Substrate/Glints2/dict_0007_0060" 7534
"/Engine/EngineMaterials/Substrate/Glints2/dict_0007_0061" 7535
"/Engine/EngineMaterials/Substrate/Glints2/dict_0007_0062" 7536
"/Engine/EngineMaterials/Substrate/Glints2/dict_0007_0063" 7537
"/Engine/EngineMaterials/Substrate/Glints2/dict_0007_0064" 7538
"/Engine/EngineMaterials/Substrate/Glints2/dict_0007_0065" 7539
"/Engine/EngineMaterials/Substrate/Glints2/dict_0007_0066" 7540
"/Engine/EngineMaterials/Substrate/Glints2/dict_0007_0067" 7541
"/Engine/EngineMaterials/Substrate/Glints2/dict_0007_0068" 7542
"/Engine/EngineMaterials/Substrate/Glints2/dict_0007_0069" 7543
"/Engine/EngineMaterials/Substrate/Glints2/dict_0007_0070" 7544
"/Engine/EngineMaterials/Substrate/Glints2/dict_0007_0071" 7545
"/Engine/EngineMaterials/Substrate/Glints2/dict_0007_0072" 7546
"/Engine/EngineMaterials/Substrate/Glints2/dict_0007_0073" 7547
"/Engine/EngineMaterials/Substrate/Glints2/dict_0007_0074" 7548
"/Engine/EngineMaterials/Substrate/Glints2/dict_0007_0075" 7549
"/Engine/EngineMaterials/Substrate/Glints2/dict_0007_0076" 7550
"/Engine/EngineMaterials/Substrate/Glints2/dict_0007_0077" 7551
"/Engine/EngineMaterials/Substrate/Glints2/dict_0007_0078" 7552
"/Engine/EngineMaterials/Substrate/Glints2/dict_0007_0051" 7553
"/Engine/EngineMaterials/Substrate/Glints2/dict_0007_0054" 7554
"../../../Engine/Content/EngineMaterials/Substrate/Glints2/dict_0007_0038.uasset" 7555
"../../../Engine/Content/EngineMaterials/Substrate/Glints2/dict_0007_0027.uasset" 7556
"../../../Engine/Content/EngineMaterials/Substrate/Glints2/dict_0007_0030.uasset" 7557
"../../../Engine/Content/EngineMaterials/Substrate/Glints2/dict_0007_0040.uasset" 7558
"../../../Engine/Content/EngineMaterials/Substrate/Glints2/dict_0007_0026.uasset" 7559
"../../../Engine/Content/EngineMaterials/Substrate/Glints2/dict_0007_0035.uasset" 7560
"../../../Engine/Content/EngineMaterials/Substrate/Glints2/dict_0007_0046.uasset" 7561
"../../../Engine/Content/EngineMaterials/Substrate/Glints2/dict_0007_0025.uasset" 7562
"../../../Engine/Content/EngineMaterials/Substrate/Glints2/dict_0007_0037.uasset" 7563
"../../../Engine/Content/EngineMaterials/Substrate/Glints2/dict_0007_0042.uasset" 7564
"../../../Engine/Content/EngineMaterials/Substrate/Glints2/dict_0007_0044.uasset" 7565
"../../../Engine/Content/EngineMaterials/Substrate/Glints2/dict_0007_0043.uasset" 7566
"../../../Engine/Content/EngineMaterials/Substrate/Glints2/dict_0007_0036.uasset" 7567
"../../../Engine/Content/EngineMaterials/Substrate/Glints2/dict_0007_0031.uasset" 7568
"../../../Engine/Content/EngineMaterials/Substrate/Glints2/dict_0007_0024.uasset" 7569
"../../../Engine/Content/EngineMaterials/Substrate/Glints2/dict_0007_0032.uasset" 7570
"../../../Engine/Content/EngineMaterials/Substrate/Glints2/dict_0007_0039.uasset" 7571
"../../../Engine/Content/EngineMaterials/Substrate/Glints2/dict_0007_0045.uasset" 7572
"../../../Engine/Content/EngineMaterials/Substrate/Glints2/dict_0007_0034.uasset" 7573
"../../../Engine/Content/EngineMaterials/Substrate/Glints2/dict_0007_0041.uasset" 7574
"../../../Engine/Content/EngineMaterials/Substrate/Glints2/dict_0007_0028.uasset" 7575
"../../../Engine/Content/EngineMaterials/Substrate/Glints2/dict_0007_0029.uasset" 7576
"../../../Engine/Content/EngineMaterials/Substrate/Glints2/dict_0007_0033.uasset" 7577
"../../../Engine/Content/EngineMaterials/Substrate/Glints2/dict_0007_0021.uasset" 7578
"../../../Engine/Content/EngineMaterials/Substrate/Glints2/dict_0007_0019.uasset" 7579
"../../../Engine/Content/EngineMaterials/Substrate/Glints2/dict_0007_0023.uasset" 7580
"../../../Engine/Content/EngineMaterials/Substrate/Glints2/dict_0007_0015.uasset" 7581
"../../../Engine/Content/EngineMaterials/Substrate/Glints2/dict_0007_0016.uasset" 7582
"../../../Engine/Content/EngineMaterials/Substrate/Glints2/dict_0007_0018.uasset" 7583
"../../../Engine/Content/EngineMaterials/Substrate/Glints2/dict_0007_0022.uasset" 7584
"../../../Engine/Content/EngineMaterials/Substrate/Glints2/dict_0007_0017.uasset" 7585
"../../../Engine/Content/EngineMaterials/Substrate/Glints2/dict_0007_0020.uasset" 7586
"/Engine/EngineMaterials/Substrate/Glints2/dict_0007_0015" 7587
"/Engine/EngineMaterials/Substrate/Glints2/dict_0007_0017" 7588
"/Engine/EngineMaterials/Substrate/Glints2/dict_0007_0018" 7589
"/Engine/EngineMaterials/Substrate/Glints2/dict_0007_0019" 7590
"/Engine/EngineMaterials/Substrate/Glints2/dict_0007_0020" 7591
"/Engine/EngineMaterials/Substrate/Glints2/dict_0007_0016" 7592
"/Engine/EngineMaterials/Substrate/Glints2/dict_0007_0021" 7593
"/Engine/EngineMaterials/Substrate/Glints2/dict_0007_0022" 7594
"/Engine/EngineMaterials/Substrate/Glints2/dict_0007_0023" 7595
"/Engine/EngineMaterials/Substrate/Glints2/dict_0007_0024" 7596
"/Engine/EngineMaterials/Substrate/Glints2/dict_0007_0025" 7597
"/Engine/EngineMaterials/Substrate/Glints2/dict_0007_0026" 7598
"/Engine/EngineMaterials/Substrate/Glints2/dict_0007_0027" 7599
"/Engine/EngineMaterials/Substrate/Glints2/dict_0007_0028" 7600
"/Engine/EngineMaterials/Substrate/Glints2/dict_0007_0029" 7601
"/Engine/EngineMaterials/Substrate/Glints2/dict_0007_0030" 7602
"/Engine/EngineMaterials/Substrate/Glints2/dict_0007_0031" 7603
"/Engine/EngineMaterials/Substrate/Glints2/dict_0007_0032" 7604
"/Engine/EngineMaterials/Substrate/Glints2/dict_0007_0033" 7605
"/Engine/EngineMaterials/Substrate/Glints2/dict_0007_0034" 7606
"/Engine/EngineMaterials/Substrate/Glints2/dict_0007_0035" 7607
"/Engine/EngineMaterials/Substrate/Glints2/dict_0007_0036" 7608
"/Engine/EngineMaterials/Substrate/Glints2/dict_0007_0037" 7609
"/Engine/EngineMaterials/Substrate/Glints2/dict_0007_0038" 7610
"/Engine/EngineMaterials/Substrate/Glints2/dict_0007_0039" 7611
"/Engine/EngineMaterials/Substrate/Glints2/dict_0007_0040" 7612
"/Engine/EngineMaterials/Substrate/Glints2/dict_0007_0041" 7613
"/Engine/EngineMaterials/Substrate/Glints2/dict_0007_0042" 7614
"/Engine/EngineMaterials/Substrate/Glints2/dict_0007_0043" 7615
"/Engine/EngineMaterials/Substrate/Glints2/dict_0007_0044" 7616
"/Engine/EngineMaterials/Substrate/Glints2/dict_0007_0045" 7617
"/Engine/EngineMaterials/Substrate/Glints2/dict_0007_0046" 7618
"../../../Engine/Content/EngineMaterials/Substrate/Glints2/dict_0006_0253.uasset" 7619
"../../../Engine/Content/EngineMaterials/Substrate/Glints2/dict_0007_0008.uasset" 7620
"../../../Engine/Content/EngineMaterials/Substrate/Glints2/dict_0007_0012.uasset" 7621
"../../../Engine/Content/EngineMaterials/Substrate/Glints2/dict_0007_0005.uasset" 7622
"../../../Engine/Content/EngineMaterials/Substrate/Glints2/dict_0007_0006.uasset" 7623
"../../../Engine/Content/EngineMaterials/Substrate/Glints2/dict_0006_0249.uasset" 7624
"../../../Engine/Content/EngineMaterials/Substrate/Glints2/dict_0006_0254.uasset" 7625
"../../../Engine/Content/EngineMaterials/Substrate/Glints2/dict_0007_0010.uasset" 7626
"../../../Engine/Content/EngineMaterials/Substrate/Glints2/dict_0007_0003.uasset" 7627
"../../../Engine/Content/EngineMaterials/Substrate/Glints2/dict_0007_0009.uasset" 7628
"../../../Engine/Content/EngineMaterials/Substrate/Glints2/dict_0007_0007.uasset" 7629
"../../../Engine/Content/EngineMaterials/Substrate/Glints2/dict_0007_0013.uasset" 7630
"../../../Engine/Content/EngineMaterials/Substrate/Glints2/dict_0007_0002.uasset" 7631
"../../../Engine/Content/EngineMaterials/Substrate/Glints2/dict_0007_0004.uasset" 7632
"../../../Engine/Content/EngineMaterials/Substrate/Glints2/dict_0006_0251.uasset" 7633
"../../../Engine/Content/EngineMaterials/Substrate/Glints2/dict_0006_0252.uasset" 7634
"../../../Engine/Content/EngineMaterials/Substrate/Glints2/dict_0006_0255.uasset" 7635
"../../../Engine/Content/EngineMaterials/Substrate/Glints2/dict_0007_0000.uasset" 7636
"../../../Engine/Content/EngineMaterials/Substrate/Glints2/dict_0006_0250.uasset" 7637
"../../../Engine/Content/EngineMaterials/Substrate/Glints2/dict_0007_0001.uasset" 7638
"../../../Engine/Content/EngineMaterials/Substrate/Glints2/dict_0007_0014.uasset" 7639
"../../../Engine/Content/EngineMaterials/Substrate/Glints2/dict_0006_0248.uasset" 7640
"../../../Engine/Content/EngineMaterials/Substrate/Glints2/dict_0007_0011.uasset" 7641
"/Engine/EngineMaterials/Substrate/Glints2/dict_0006_0248" 7642
"/Engine/EngineMaterials/Substrate/Glints2/dict_0006_0249" 7643
"/Engine/EngineMaterials/Substrate/Glints2/dict_0006_0250" 7644
"/Engine/EngineMaterials/Substrate/Glints2/dict_0006_0251" 7645
"../../../Engine/Content/EngineMaterials/Substrate/Glints2/dict_0006_0247.uasset" 7646
"../../../Engine/Content/EngineMaterials/Substrate/Glints2/dict_0006_0241.uasset" 7647
"../../../Engine/Content/EngineMaterials/Substrate/Glints2/dict_0006_0245.uasset" 7648
"../../../Engine/Content/EngineMaterials/Substrate/Glints2/dict_0006_0244.uasset" 7649
"../../../Engine/Content/EngineMaterials/Substrate/Glints2/dict_0006_0240.uasset" 7650
"/Engine/EngineMaterials/Substrate/Glints2/dict_0006_0252" 7651
"../../../Engine/Content/EngineMaterials/Substrate/Glints2/dict_0006_0243.uasset" 7652
"../../../Engine/Content/EngineMaterials/Substrate/Glints2/dict_0006_0239.uasset" 7653
"../../../Engine/Content/EngineMaterials/Substrate/Glints2/dict_0006_0242.uasset" 7654
"../../../Engine/Content/EngineMaterials/Substrate/Glints2/dict_0006_0246.uasset" 7655
"/Engine/EngineMaterials/Substrate/Glints2/dict_0006_0253" 7656
"/Engine/EngineMaterials/Substrate/Glints2/dict_0006_0254" 7657
"/Engine/EngineMaterials/Substrate/Glints2/dict_0006_0255" 7658
"/Engine/EngineMaterials/Substrate/Glints2/dict_0007_0000" 7659
"/Engine/EngineMaterials/Substrate/Glints2/dict_0007_0001" 7660
"/Engine/EngineMaterials/Substrate/Glints2/dict_0007_0002" 7661
"/Engine/EngineMaterials/Substrate/Glints2/dict_0007_0003" 7662
"/Engine/EngineMaterials/Substrate/Glints2/dict_0007_0004" 7663
"/Engine/EngineMaterials/Substrate/Glints2/dict_0007_0005" 7664
"/Engine/EngineMaterials/Substrate/Glints2/dict_0007_0006" 7665
"/Engine/EngineMaterials/Substrate/Glints2/dict_0007_0007" 7666
"/Engine/EngineMaterials/Substrate/Glints2/dict_0007_0008" 7667
"/Engine/EngineMaterials/Substrate/Glints2/dict_0007_0009" 7668
"/Engine/EngineMaterials/Substrate/Glints2/dict_0007_0010" 7669
"/Engine/EngineMaterials/Substrate/Glints2/dict_0007_0011" 7670
"/Engine/EngineMaterials/Substrate/Glints2/dict_0007_0012" 7671
"/Engine/EngineMaterials/Substrate/Glints2/dict_0007_0013" 7672
"/Engine/EngineMaterials/Substrate/Glints2/dict_0007_0014" 7673
"/Engine/EngineMaterials/Substrate/Glints2/dict_0006_0239" 7674
"/Engine/EngineMaterials/Substrate/Glints2/dict_0006_0240" 7675
"/Engine/EngineMaterials/Substrate/Glints2/dict_0006_0241" 7676
"/Engine/EngineMaterials/Substrate/Glints2/dict_0006_0242" 7677
"/Engine/EngineMaterials/Substrate/Glints2/dict_0006_0243" 7678
"/Engine/EngineMaterials/Substrate/Glints2/dict_0006_0244" 7679
"/Engine/EngineMaterials/Substrate/Glints2/dict_0006_0245" 7680
"/Engine/EngineMaterials/Substrate/Glints2/dict_0006_0246" 7681
"/Engine/EngineMaterials/Substrate/Glints2/dict_0006_0247" 7682
"../../../Engine/Content/EngineMaterials/Substrate/Glints2/dict_0006_0231.uasset" 7683
"../../../Engine/Content/EngineMaterials/Substrate/Glints2/dict_0006_0230.uasset" 7684
"../../../Engine/Content/EngineMaterials/Substrate/Glints2/dict_0006_0225.uasset" 7685
"../../../Engine/Content/EngineMaterials/Substrate/Glints2/dict_0006_0229.uasset" 7686
"../../../Engine/Content/EngineMaterials/Substrate/Glints2/dict_0006_0218.uasset" 7687
"../../../Engine/Content/EngineMaterials/Substrate/Glints2/dict_0006_0216.uasset" 7688
"../../../Engine/Content/EngineMaterials/Substrate/Glints2/dict_0006_0237.uasset" 7689
"../../../Engine/Content/EngineMaterials/Substrate/Glints2/dict_0006_0221.uasset" 7690
"../../../Engine/Content/EngineMaterials/Substrate/Glints2/dict_0006_0219.uasset" 7691
"../../../Engine/Content/EngineMaterials/Substrate/Glints2/dict_0006_0238.uasset" 7692
"../../../Engine/Content/EngineMaterials/Substrate/Glints2/dict_0006_0222.uasset" 7693
"../../../Engine/Content/EngineMaterials/Substrate/Glints2/dict_0006_0236.uasset" 7694
"../../../Engine/Content/EngineMaterials/Substrate/Glints2/dict_0006_0232.uasset" 7695
"../../../Engine/Content/EngineMaterials/Substrate/Glints2/dict_0006_0235.uasset" 7696
"../../../Engine/Content/EngineMaterials/Substrate/Glints2/dict_0006_0228.uasset" 7697
"../../../Engine/Content/EngineMaterials/Substrate/Glints2/dict_0006_0226.uasset" 7698
"../../../Engine/Content/EngineMaterials/Substrate/Glints2/dict_0006_0217.uasset" 7699
"../../../Engine/Content/EngineMaterials/Substrate/Glints2/dict_0006_0227.uasset" 7700
"../../../Engine/Content/EngineMaterials/Substrate/Glints2/dict_0006_0224.uasset" 7701
"../../../Engine/Content/EngineMaterials/Substrate/Glints2/dict_0006_0223.uasset" 7702
"../../../Engine/Content/EngineMaterials/Substrate/Glints2/dict_0006_0234.uasset" 7703
"../../../Engine/Content/EngineMaterials/Substrate/Glints2/dict_0006_0220.uasset" 7704
"../../../Engine/Content/EngineMaterials/Substrate/Glints2/dict_0006_0233.uasset" 7705
"../../../Engine/Content/EngineMaterials/Substrate/Glints2/dict_0006_0213.uasset" 7706
"../../../Engine/Content/EngineMaterials/Substrate/Glints2/dict_0006_0214.uasset" 7707
"../../../Engine/Content/EngineMaterials/Substrate/Glints2/dict_0006_0207.uasset" 7708
"../../../Engine/Content/EngineMaterials/Substrate/Glints2/dict_0006_0215.uasset" 7709
"../../../Engine/Content/EngineMaterials/Substrate/Glints2/dict_0006_0211.uasset" 7710
"../../../Engine/Content/EngineMaterials/Substrate/Glints2/dict_0006_0208.uasset" 7711
"../../../Engine/Content/EngineMaterials/Substrate/Glints2/dict_0006_0210.uasset" 7712
"../../../Engine/Content/EngineMaterials/Substrate/Glints2/dict_0006_0212.uasset" 7713
"../../../Engine/Content/EngineMaterials/Substrate/Glints2/dict_0006_0209.uasset" 7714
"/Engine/EngineMaterials/Substrate/Glints2/dict_0006_0207" 7715
"/Engine/EngineMaterials/Substrate/Glints2/dict_0006_0208" 7716
"/Engine/EngineMaterials/Substrate/Glints2/dict_0006_0209" 7717
"/Engine/EngineMaterials/Substrate/Glints2/dict_0006_0210" 7718
"/Engine/EngineMaterials/Substrate/Glints2/dict_0006_0211" 7719
"/Engine/EngineMaterials/Substrate/Glints2/dict_0006_0212" 7720
"/Engine/EngineMaterials/Substrate/Glints2/dict_0006_0213" 7721
"/Engine/EngineMaterials/Substrate/Glints2/dict_0006_0214" 7722
"/Engine/EngineMaterials/Substrate/Glints2/dict_0006_0215" 7723
"/Engine/EngineMaterials/Substrate/Glints2/dict_0006_0216" 7724
"/Engine/EngineMaterials/Substrate/Glints2/dict_0006_0217" 7725
"/Engine/EngineMaterials/Substrate/Glints2/dict_0006_0218" 7726
"/Engine/EngineMaterials/Substrate/Glints2/dict_0006_0219" 7727
"/Engine/EngineMaterials/Substrate/Glints2/dict_0006_0220" 7728
"/Engine/EngineMaterials/Substrate/Glints2/dict_0006_0221" 7729
"/Engine/EngineMaterials/Substrate/Glints2/dict_0006_0222" 7730
"/Engine/EngineMaterials/Substrate/Glints2/dict_0006_0223" 7731
"/Engine/EngineMaterials/Substrate/Glints2/dict_0006_0224" 7732
"/Engine/EngineMaterials/Substrate/Glints2/dict_0006_0225" 7733
"/Engine/EngineMaterials/Substrate/Glints2/dict_0006_0226" 7734
"/Engine/EngineMaterials/Substrate/Glints2/dict_0006_0227" 7735
"/Engine/EngineMaterials/Substrate/Glints2/dict_0006_0228" 7736
"/Engine/EngineMaterials/Substrate/Glints2/dict_0006_0229" 7737
"/Engine/EngineMaterials/Substrate/Glints2/dict_0006_0230" 7738
"/Engine/EngineMaterials/Substrate/Glints2/dict_0006_0231" 7739
"/Engine/EngineMaterials/Substrate/Glints2/dict_0006_0232" 7740
"/Engine/EngineMaterials/Substrate/Glints2/dict_0006_0233" 7741
"/Engine/EngineMaterials/Substrate/Glints2/dict_0006_0234" 7742
"/Engine/EngineMaterials/Substrate/Glints2/dict_0006_0235" 7743
"/Engine/EngineMaterials/Substrate/Glints2/dict_0006_0236" 7744
"/Engine/EngineMaterials/Substrate/Glints2/dict_0006_0237" 7745
"/Engine/EngineMaterials/Substrate/Glints2/dict_0006_0238" 7746
"../../../Engine/Content/EngineMaterials/Substrate/Glints2/dict_0006_0191.uasset" 7747
"../../../Engine/Content/EngineMaterials/Substrate/Glints2/dict_0006_0192.uasset" 7748
"../../../Engine/Content/EngineMaterials/Substrate/Glints2/dict_0006_0206.uasset" 7749
"../../../Engine/Content/EngineMaterials/Substrate/Glints2/dict_0006_0193.uasset" 7750
"../../../Engine/Content/EngineMaterials/Substrate/Glints2/dict_0006_0205.uasset" 7751
"../../../Engine/Content/EngineMaterials/Substrate/Glints2/dict_0006_0189.uasset" 7752
"../../../Engine/Content/EngineMaterials/Substrate/Glints2/dict_0006_0198.uasset" 7753
"../../../Engine/Content/EngineMaterials/Substrate/Glints2/dict_0006_0202.uasset" 7754
"../../../Engine/Content/EngineMaterials/Substrate/Glints2/dict_0006_0190.uasset" 7755
"../../../Engine/Content/EngineMaterials/Substrate/Glints2/dict_0006_0200.uasset" 7756
"../../../Engine/Content/EngineMaterials/Substrate/Glints2/dict_0006_0199.uasset" 7757
"../../../Engine/Content/EngineMaterials/Substrate/Glints2/dict_0006_0186.uasset" 7758
"../../../Engine/Content/EngineMaterials/Substrate/Glints2/dict_0006_0204.uasset" 7759
"../../../Engine/Content/EngineMaterials/Substrate/Glints2/dict_0006_0196.uasset" 7760
"../../../Engine/Content/EngineMaterials/Substrate/Glints2/dict_0006_0201.uasset" 7761
"../../../Engine/Content/EngineMaterials/Substrate/Glints2/dict_0006_0187.uasset" 7762
"../../../Engine/Content/EngineMaterials/Substrate/Glints2/dict_0006_0185.uasset" 7763
"../../../Engine/Content/EngineMaterials/Substrate/Glints2/dict_0006_0197.uasset" 7764
"../../../Engine/Content/EngineMaterials/Substrate/Glints2/dict_0006_0195.uasset" 7765
"../../../Engine/Content/EngineMaterials/Substrate/Glints2/dict_0006_0188.uasset" 7766
"../../../Engine/Content/EngineMaterials/Substrate/Glints2/dict_0006_0184.uasset" 7767
"../../../Engine/Content/EngineMaterials/Substrate/Glints2/dict_0006_0194.uasset" 7768
"../../../Engine/Content/EngineMaterials/Substrate/Glints2/dict_0006_0203.uasset" 7769
"/Engine/EngineMaterials/Substrate/Glints2/dict_0006_0184" 7770
"/Engine/EngineMaterials/Substrate/Glints2/dict_0006_0185" 7771
"/Engine/EngineMaterials/Substrate/Glints2/dict_0006_0186" 7772
"/Engine/EngineMaterials/Substrate/Glints2/dict_0006_0187" 7773
"../../../Engine/Content/EngineMaterials/Substrate/Glints2/dict_0006_0177.uasset" 7774
"../../../Engine/Content/EngineMaterials/Substrate/Glints2/dict_0006_0182.uasset" 7775
"../../../Engine/Content/EngineMaterials/Substrate/Glints2/dict_0006_0179.uasset" 7776
"../../../Engine/Content/EngineMaterials/Substrate/Glints2/dict_0006_0178.uasset" 7777
"../../../Engine/Content/EngineMaterials/Substrate/Glints2/dict_0006_0176.uasset" 7778
"../../../Engine/Content/EngineMaterials/Substrate/Glints2/dict_0006_0183.uasset" 7779
"../../../Engine/Content/EngineMaterials/Substrate/Glints2/dict_0006_0181.uasset" 7780
"../../../Engine/Content/EngineMaterials/Substrate/Glints2/dict_0006_0180.uasset" 7781
"/Engine/EngineMaterials/Substrate/Glints2/dict_0006_0188" 7782
"../../../Engine/Content/EngineMaterials/Substrate/Glints2/dict_0006_0175.uasset" 7783
"/Engine/EngineMaterials/Substrate/Glints2/dict_0006_0189" 7784
"/Engine/EngineMaterials/Substrate/Glints2/dict_0006_0190" 7785
"/Engine/EngineMaterials/Substrate/Glints2/dict_0006_0191" 7786
"/Engine/EngineMaterials/Substrate/Glints2/dict_0006_0192" 7787
"/Engine/EngineMaterials/Substrate/Glints2/dict_0006_0193" 7788
"/Engine/EngineMaterials/Substrate/Glints2/dict_0006_0194" 7789
"/Engine/EngineMaterials/Substrate/Glints2/dict_0006_0195" 7790
"/Engine/EngineMaterials/Substrate/Glints2/dict_0006_0196" 7791
"/Engine/EngineMaterials/Substrate/Glints2/dict_0006_0197" 7792
"/Engine/EngineMaterials/Substrate/Glints2/dict_0006_0198" 7793
"/Engine/EngineMaterials/Substrate/Glints2/dict_0006_0199" 7794
"/Engine/EngineMaterials/Substrate/Glints2/dict_0006_0200" 7795
"/Engine/EngineMaterials/Substrate/Glints2/dict_0006_0201" 7796
"/Engine/EngineMaterials/Substrate/Glints2/dict_0006_0202" 7797
"/Engine/EngineMaterials/Substrate/Glints2/dict_0006_0203" 7798
"/Engine/EngineMaterials/Substrate/Glints2/dict_0006_0204" 7799
"/Engine/EngineMaterials/Substrate/Glints2/dict_0006_0205" 7800
"/Engine/EngineMaterials/Substrate/Glints2/dict_0006_0206" 7801
"/Engine/EngineMaterials/Substrate/Glints2/dict_0006_0175" 7802
"/Engine/EngineMaterials/Substrate/Glints2/dict_0006_0176" 7803
"/Engine/EngineMaterials/Substrate/Glints2/dict_0006_0177" 7804
"/Engine/EngineMaterials/Substrate/Glints2/dict_0006_0178" 7805
"/Engine/EngineMaterials/Substrate/Glints2/dict_0006_0179" 7806
"/Engine/EngineMaterials/Substrate/Glints2/dict_0006_0180" 7807
"/Engine/EngineMaterials/Substrate/Glints2/dict_0006_0181" 7808
"/Engine/EngineMaterials/Substrate/Glints2/dict_0006_0182" 7809
"/Engine/EngineMaterials/Substrate/Glints2/dict_0006_0183" 7810
"../../../Engine/Content/EngineMaterials/Substrate/Glints2/dict_0006_0166.uasset" 7811
"../../../Engine/Content/EngineMaterials/Substrate/Glints2/dict_0006_0152.uasset" 7812
"../../../Engine/Content/EngineMaterials/Substrate/Glints2/dict_0006_0159.uasset" 7813
"../../../Engine/Content/EngineMaterials/Substrate/Glints2/dict_0006_0164.uasset" 7814
"../../../Engine/Content/EngineMaterials/Substrate/Glints2/dict_0006_0168.uasset" 7815
"../../../Engine/Content/EngineMaterials/Substrate/Glints2/dict_0006_0174.uasset" 7816
"../../../Engine/Content/EngineMaterials/Substrate/Glints2/dict_0006_0172.uasset" 7817
"../../../Engine/Content/EngineMaterials/Substrate/Glints2/dict_0006_0153.uasset" 7818
"../../../Engine/Content/EngineMaterials/Substrate/Glints2/dict_0006_0155.uasset" 7819
"../../../Engine/Content/EngineMaterials/Substrate/Glints2/dict_0006_0160.uasset" 7820
"../../../Engine/Content/EngineMaterials/Substrate/Glints2/dict_0006_0167.uasset" 7821
"../../../Engine/Content/EngineMaterials/Substrate/Glints2/dict_0006_0157.uasset" 7822
"../../../Engine/Content/EngineMaterials/Substrate/Glints2/dict_0006_0162.uasset" 7823
"../../../Engine/Content/EngineMaterials/Substrate/Glints2/dict_0006_0154.uasset" 7824
"../../../Engine/Content/EngineMaterials/Substrate/Glints2/dict_0006_0158.uasset" 7825
"../../../Engine/Content/EngineMaterials/Substrate/Glints2/dict_0006_0169.uasset" 7826
"../../../Engine/Content/EngineMaterials/Substrate/Glints2/dict_0006_0156.uasset" 7827
"../../../Engine/Content/EngineMaterials/Substrate/Glints2/dict_0006_0171.uasset" 7828
"../../../Engine/Content/EngineMaterials/Substrate/Glints2/dict_0006_0165.uasset" 7829
"../../../Engine/Content/EngineMaterials/Substrate/Glints2/dict_0006_0170.uasset" 7830
"../../../Engine/Content/EngineMaterials/Substrate/Glints2/dict_0006_0163.uasset" 7831
"../../../Engine/Content/EngineMaterials/Substrate/Glints2/dict_0006_0173.uasset" 7832
"../../../Engine/Content/EngineMaterials/Substrate/Glints2/dict_0006_0161.uasset" 7833
"../../../Engine/Content/EngineMaterials/Substrate/Glints2/dict_0006_0150.uasset" 7834
"../../../Engine/Content/EngineMaterials/Substrate/Glints2/dict_0006_0147.uasset" 7835
"../../../Engine/Content/EngineMaterials/Substrate/Glints2/dict_0006_0144.uasset" 7836
"../../../Engine/Content/EngineMaterials/Substrate/Glints2/dict_0006_0146.uasset" 7837
"../../../Engine/Content/EngineMaterials/Substrate/Glints2/dict_0006_0148.uasset" 7838
"../../../Engine/Content/EngineMaterials/Substrate/Glints2/dict_0006_0143.uasset" 7839
"../../../Engine/Content/EngineMaterials/Substrate/Glints2/dict_0006_0149.uasset" 7840
"../../../Engine/Content/EngineMaterials/Substrate/Glints2/dict_0006_0151.uasset" 7841
"../../../Engine/Content/EngineMaterials/Substrate/Glints2/dict_0006_0145.uasset" 7842
"/Engine/EngineMaterials/Substrate/Glints2/dict_0006_0143" 7843
"/Engine/EngineMaterials/Substrate/Glints2/dict_0006_0144" 7844
"/Engine/EngineMaterials/Substrate/Glints2/dict_0006_0145" 7845
"/Engine/EngineMaterials/Substrate/Glints2/dict_0006_0146" 7846
"/Engine/EngineMaterials/Substrate/Glints2/dict_0006_0147" 7847
"/Engine/EngineMaterials/Substrate/Glints2/dict_0006_0148" 7848
"/Engine/EngineMaterials/Substrate/Glints2/dict_0006_0149" 7849
"/Engine/EngineMaterials/Substrate/Glints2/dict_0006_0150" 7850
"/Engine/EngineMaterials/Substrate/Glints2/dict_0006_0151" 7851
"/Engine/EngineMaterials/Substrate/Glints2/dict_0006_0152" 7852
"/Engine/EngineMaterials/Substrate/Glints2/dict_0006_0153" 7853
"/Engine/EngineMaterials/Substrate/Glints2/dict_0006_0154" 7854
"/Engine/EngineMaterials/Substrate/Glints2/dict_0006_0155" 7855
"/Engine/EngineMaterials/Substrate/Glints2/dict_0006_0156" 7856
"/Engine/EngineMaterials/Substrate/Glints2/dict_0006_0157" 7857
"/Engine/EngineMaterials/Substrate/Glints2/dict_0006_0158" 7858
"/Engine/EngineMaterials/Substrate/Glints2/dict_0006_0159" 7859
"/Engine/EngineMaterials/Substrate/Glints2/dict_0006_0160" 7860
"/Engine/EngineMaterials/Substrate/Glints2/dict_0006_0161" 7861
"/Engine/EngineMaterials/Substrate/Glints2/dict_0006_0162" 7862
"/Engine/EngineMaterials/Substrate/Glints2/dict_0006_0163" 7863
"/Engine/EngineMaterials/Substrate/Glints2/dict_0006_0164" 7864
"/Engine/EngineMaterials/Substrate/Glints2/dict_0006_0165" 7865
"/Engine/EngineMaterials/Substrate/Glints2/dict_0006_0166" 7866
"/Engine/EngineMaterials/Substrate/Glints2/dict_0006_0167" 7867
"/Engine/EngineMaterials/Substrate/Glints2/dict_0006_0168" 7868
"/Engine/EngineMaterials/Substrate/Glints2/dict_0006_0169" 7869
"/Engine/EngineMaterials/Substrate/Glints2/dict_0006_0170" 7870
"/Engine/EngineMaterials/Substrate/Glints2/dict_0006_0171" 7871
"/Engine/EngineMaterials/Substrate/Glints2/dict_0006_0172" 7872
"/Engine/EngineMaterials/Substrate/Glints2/dict_0006_0173" 7873
"/Engine/EngineMaterials/Substrate/Glints2/dict_0006_0174" 7874
"../../../Engine/Content/EngineMaterials/Substrate/Glints2/dict_0006_0129.uasset" 7875
"../../../Engine/Content/EngineMaterials/Substrate/Glints2/dict_0006_0123.uasset" 7876
"../../../Engine/Content/EngineMaterials/Substrate/Glints2/dict_0006_0142.uasset" 7877
"../../../Engine/Content/EngineMaterials/Substrate/Glints2/dict_0006_0136.uasset" 7878
"../../../Engine/Content/EngineMaterials/Substrate/Glints2/dict_0006_0126.uasset" 7879
"../../../Engine/Content/EngineMaterials/Substrate/Glints2/dict_0006_0131.uasset" 7880
"../../../Engine/Content/EngineMaterials/Substrate/Glints2/dict_0006_0137.uasset" 7881
"../../../Engine/Content/EngineMaterials/Substrate/Glints2/dict_0006_0124.uasset" 7882
"../../../Engine/Content/EngineMaterials/Substrate/Glints2/dict_0006_0139.uasset" 7883
"../../../Engine/Content/EngineMaterials/Substrate/Glints2/dict_0006_0132.uasset" 7884
"../../../Engine/Content/EngineMaterials/Substrate/Glints2/dict_0006_0125.uasset" 7885
"../../../Engine/Content/EngineMaterials/Substrate/Glints2/dict_0006_0121.uasset" 7886
"../../../Engine/Content/EngineMaterials/Substrate/Glints2/dict_0006_0120.uasset" 7887
"../../../Engine/Content/EngineMaterials/Substrate/Glints2/dict_0006_0135.uasset" 7888
"../../../Engine/Content/EngineMaterials/Substrate/Glints2/dict_0006_0133.uasset" 7889
"../../../Engine/Content/EngineMaterials/Substrate/Glints2/dict_0006_0128.uasset" 7890
"../../../Engine/Content/EngineMaterials/Substrate/Glints2/dict_0006_0141.uasset" 7891
"../../../Engine/Content/EngineMaterials/Substrate/Glints2/dict_0006_0127.uasset" 7892
"../../../Engine/Content/EngineMaterials/Substrate/Glints2/dict_0006_0130.uasset" 7893
"../../../Engine/Content/EngineMaterials/Substrate/Glints2/dict_0006_0134.uasset" 7894
"../../../Engine/Content/EngineMaterials/Substrate/Glints2/dict_0006_0138.uasset" 7895
"../../../Engine/Content/EngineMaterials/Substrate/Glints2/dict_0006_0140.uasset" 7896
"../../../Engine/Content/EngineMaterials/Substrate/Glints2/dict_0006_0122.uasset" 7897
"/Engine/EngineMaterials/Substrate/Glints2/dict_0006_0120" 7898
"/Engine/EngineMaterials/Substrate/Glints2/dict_0006_0121" 7899
"../../../Engine/Content/EngineMaterials/Substrate/Glints2/dict_0006_0114.uasset" 7900
"../../../Engine/Content/EngineMaterials/Substrate/Glints2/dict_0006_0119.uasset" 7901
"../../../Engine/Content/EngineMaterials/Substrate/Glints2/dict_0006_0116.uasset" 7902
"../../../Engine/Content/EngineMaterials/Substrate/Glints2/dict_0006_0113.uasset" 7903
"../../../Engine/Content/EngineMaterials/Substrate/Glints2/dict_0006_0112.uasset" 7904
"../../../Engine/Content/EngineMaterials/Substrate/Glints2/dict_0006_0115.uasset" 7905
"../../../Engine/Content/EngineMaterials/Substrate/Glints2/dict_0006_0118.uasset" 7906
"../../../Engine/Content/EngineMaterials/Substrate/Glints2/dict_0006_0111.uasset" 7907
"/Engine/EngineMaterials/Substrate/Glints2/dict_0006_0122" 7908
"/Engine/EngineMaterials/Substrate/Glints2/dict_0006_0123" 7909
"../../../Engine/Content/EngineMaterials/Substrate/Glints2/dict_0006_0117.uasset" 7910
"/Engine/EngineMaterials/Substrate/Glints2/dict_0006_0124" 7911
"/Engine/EngineMaterials/Substrate/Glints2/dict_0006_0125" 7912
"/Engine/EngineMaterials/Substrate/Glints2/dict_0006_0126" 7913
"/Engine/EngineMaterials/Substrate/Glints2/dict_0006_0127" 7914
"/Engine/EngineMaterials/Substrate/Glints2/dict_0006_0128" 7915
"/Engine/EngineMaterials/Substrate/Glints2/dict_0006_0129" 7916
"/Engine/EngineMaterials/Substrate/Glints2/dict_0006_0130" 7917
"/Engine/EngineMaterials/Substrate/Glints2/dict_0006_0131" 7918
"/Engine/EngineMaterials/Substrate/Glints2/dict_0006_0132" 7919
"/Engine/EngineMaterials/Substrate/Glints2/dict_0006_0133" 7920
"/Engine/EngineMaterials/Substrate/Glints2/dict_0006_0134" 7921
"/Engine/EngineMaterials/Substrate/Glints2/dict_0006_0135" 7922
"/Engine/EngineMaterials/Substrate/Glints2/dict_0006_0136" 7923
"/Engine/EngineMaterials/Substrate/Glints2/dict_0006_0137" 7924
"/Engine/EngineMaterials/Substrate/Glints2/dict_0006_0138" 7925
"/Engine/EngineMaterials/Substrate/Glints2/dict_0006_0139" 7926
"/Engine/EngineMaterials/Substrate/Glints2/dict_0006_0140" 7927
"/Engine/EngineMaterials/Substrate/Glints2/dict_0006_0141" 7928
"/Engine/EngineMaterials/Substrate/Glints2/dict_0006_0142" 7929
"/Engine/EngineMaterials/Substrate/Glints2/dict_0006_0111" 7930
"/Engine/EngineMaterials/Substrate/Glints2/dict_0006_0112" 7931
"/Engine/EngineMaterials/Substrate/Glints2/dict_0006_0113" 7932
"/Engine/EngineMaterials/Substrate/Glints2/dict_0006_0114" 7933
"/Engine/EngineMaterials/Substrate/Glints2/dict_0006_0115" 7934
"/Engine/EngineMaterials/Substrate/Glints2/dict_0006_0116" 7935
"/Engine/EngineMaterials/Substrate/Glints2/dict_0006_0117" 7936
"/Engine/EngineMaterials/Substrate/Glints2/dict_0006_0118" 7937
"/Engine/EngineMaterials/Substrate/Glints2/dict_0006_0119" 7938
"../../../Engine/Content/EngineMaterials/Substrate/Glints2/dict_0006_0101.uasset" 7939
"../../../Engine/Content/EngineMaterials/Substrate/Glints2/dict_0006_0096.uasset" 7940
"../../../Engine/Content/EngineMaterials/Substrate/Glints2/dict_0006_0102.uasset" 7941
"../../../Engine/Content/EngineMaterials/Substrate/Glints2/dict_0006_0107.uasset" 7942
"../../../Engine/Content/EngineMaterials/Substrate/Glints2/dict_0006_0092.uasset" 7943
"../../../Engine/Content/EngineMaterials/Substrate/Glints2/dict_0006_0110.uasset" 7944
"../../../Engine/Content/EngineMaterials/Substrate/Glints2/dict_0006_0097.uasset" 7945
"../../../Engine/Content/EngineMaterials/Substrate/Glints2/dict_0006_0093.uasset" 7946
"../../../Engine/Content/EngineMaterials/Substrate/Glints2/dict_0006_0099.uasset" 7947
"../../../Engine/Content/EngineMaterials/Substrate/Glints2/dict_0006_0106.uasset" 7948
"../../../Engine/Content/EngineMaterials/Substrate/Glints2/dict_0006_0108.uasset" 7949
"../../../Engine/Content/EngineMaterials/Substrate/Glints2/dict_0006_0098.uasset" 7950
"../../../Engine/Content/EngineMaterials/Substrate/Glints2/dict_0006_0100.uasset" 7951
"../../../Engine/Content/EngineMaterials/Substrate/Glints2/dict_0006_0091.uasset" 7952
"../../../Engine/Content/EngineMaterials/Substrate/Glints2/dict_0006_0088.uasset" 7953
"../../../Engine/Content/EngineMaterials/Substrate/Glints2/dict_0006_0109.uasset" 7954
"../../../Engine/Content/EngineMaterials/Substrate/Glints2/dict_0006_0104.uasset" 7955
"../../../Engine/Content/EngineMaterials/Substrate/Glints2/dict_0006_0094.uasset" 7956
"../../../Engine/Content/EngineMaterials/Substrate/Glints2/dict_0006_0095.uasset" 7957
"../../../Engine/Content/EngineMaterials/Substrate/Glints2/dict_0006_0105.uasset" 7958
"../../../Engine/Content/EngineMaterials/Substrate/Glints2/dict_0006_0089.uasset" 7959
"../../../Engine/Content/EngineMaterials/Substrate/Glints2/dict_0006_0103.uasset" 7960
"../../../Engine/Content/EngineMaterials/Substrate/Glints2/dict_0006_0090.uasset" 7961
"../../../Engine/Content/EngineMaterials/Substrate/Glints2/dict_0006_0082.uasset" 7962
"../../../Engine/Content/EngineMaterials/Substrate/Glints2/dict_0006_0085.uasset" 7963
"../../../Engine/Content/EngineMaterials/Substrate/Glints2/dict_0006_0081.uasset" 7964
"../../../Engine/Content/EngineMaterials/Substrate/Glints2/dict_0006_0084.uasset" 7965
"../../../Engine/Content/EngineMaterials/Substrate/Glints2/dict_0006_0083.uasset" 7966
"../../../Engine/Content/EngineMaterials/Substrate/Glints2/dict_0006_0080.uasset" 7967
"../../../Engine/Content/EngineMaterials/Substrate/Glints2/dict_0006_0086.uasset" 7968
"../../../Engine/Content/EngineMaterials/Substrate/Glints2/dict_0006_0079.uasset" 7969
"../../../Engine/Content/EngineMaterials/Substrate/Glints2/dict_0006_0087.uasset" 7970
"/Engine/EngineMaterials/Substrate/Glints2/dict_0006_0079" 7971
"/Engine/EngineMaterials/Substrate/Glints2/dict_0006_0080" 7972
"/Engine/EngineMaterials/Substrate/Glints2/dict_0006_0081" 7973
"/Engine/EngineMaterials/Substrate/Glints2/dict_0006_0082" 7974
"/Engine/EngineMaterials/Substrate/Glints2/dict_0006_0083" 7975
"/Engine/EngineMaterials/Substrate/Glints2/dict_0006_0084" 7976
"/Engine/EngineMaterials/Substrate/Glints2/dict_0006_0085" 7977
"/Engine/EngineMaterials/Substrate/Glints2/dict_0006_0086" 7978
"/Engine/EngineMaterials/Substrate/Glints2/dict_0006_0087" 7979
"/Engine/EngineMaterials/Substrate/Glints2/dict_0006_0088" 7980
"/Engine/EngineMaterials/Substrate/Glints2/dict_0006_0089" 7981
"/Engine/EngineMaterials/Substrate/Glints2/dict_0006_0090" 7982
"/Engine/EngineMaterials/Substrate/Glints2/dict_0006_0091" 7983
"/Engine/EngineMaterials/Substrate/Glints2/dict_0006_0092" 7984
"/Engine/EngineMaterials/Substrate/Glints2/dict_0006_0093" 7985
"/Engine/EngineMaterials/Substrate/Glints2/dict_0006_0094" 7986
"/Engine/EngineMaterials/Substrate/Glints2/dict_0006_0095" 7987
"/Engine/EngineMaterials/Substrate/Glints2/dict_0006_0096" 7988
"/Engine/EngineMaterials/Substrate/Glints2/dict_0006_0097" 7989
"/Engine/EngineMaterials/Substrate/Glints2/dict_0006_0098" 7990
"/Engine/EngineMaterials/Substrate/Glints2/dict_0006_0099" 7991
"/Engine/EngineMaterials/Substrate/Glints2/dict_0006_0100" 7992
"/Engine/EngineMaterials/Substrate/Glints2/dict_0006_0101" 7993
"/Engine/EngineMaterials/Substrate/Glints2/dict_0006_0102" 7994
"/Engine/EngineMaterials/Substrate/Glints2/dict_0006_0103" 7995
"/Engine/EngineMaterials/Substrate/Glints2/dict_0006_0104" 7996
"/Engine/EngineMaterials/Substrate/Glints2/dict_0006_0105" 7997
"/Engine/EngineMaterials/Substrate/Glints2/dict_0006_0106" 7998
"/Engine/EngineMaterials/Substrate/Glints2/dict_0006_0107" 7999
"/Engine/EngineMaterials/Substrate/Glints2/dict_0006_0108" 8000
"/Engine/EngineMaterials/Substrate/Glints2/dict_0006_0109" 8001
"/Engine/EngineMaterials/Substrate/Glints2/dict_0006_0110" 8002
"../../../Engine/Content/EngineMaterials/Substrate/Glints2/dict_0006_0057.uasset" 8003
"../../../Engine/Content/EngineMaterials/Substrate/Glints2/dict_0006_0056.uasset" 8004
"../../../Engine/Content/EngineMaterials/Substrate/Glints2/dict_0006_0072.uasset" 8005
"../../../Engine/Content/EngineMaterials/Substrate/Glints2/dict_0006_0073.uasset" 8006
"../../../Engine/Content/EngineMaterials/Substrate/Glints2/dict_0006_0075.uasset" 8007
"../../../Engine/Content/EngineMaterials/Substrate/Glints2/dict_0006_0069.uasset" 8008
"../../../Engine/Content/EngineMaterials/Substrate/Glints2/dict_0006_0078.uasset" 8009
"../../../Engine/Content/EngineMaterials/Substrate/Glints2/dict_0006_0076.uasset" 8010
"../../../Engine/Content/EngineMaterials/Substrate/Glints2/dict_0006_0077.uasset" 8011
"../../../Engine/Content/EngineMaterials/Substrate/Glints2/dict_0006_0063.uasset" 8012
"../../../Engine/Content/EngineMaterials/Substrate/Glints2/dict_0006_0070.uasset" 8013
"../../../Engine/Content/EngineMaterials/Substrate/Glints2/dict_0006_0062.uasset" 8014
"../../../Engine/Content/EngineMaterials/Substrate/Glints2/dict_0006_0060.uasset" 8015
"../../../Engine/Content/EngineMaterials/Substrate/Glints2/dict_0006_0059.uasset" 8016
"../../../Engine/Content/EngineMaterials/Substrate/Glints2/dict_0006_0061.uasset" 8017
"../../../Engine/Content/EngineMaterials/Substrate/Glints2/dict_0006_0065.uasset" 8018
"../../../Engine/Content/EngineMaterials/Substrate/Glints2/dict_0006_0074.uasset" 8019
"../../../Engine/Content/EngineMaterials/Substrate/Glints2/dict_0006_0071.uasset" 8020
"../../../Engine/Content/EngineMaterials/Substrate/Glints2/dict_0006_0058.uasset" 8021
"../../../Engine/Content/EngineMaterials/Substrate/Glints2/dict_0006_0066.uasset" 8022
"../../../Engine/Content/EngineMaterials/Substrate/Glints2/dict_0006_0067.uasset" 8023
"../../../Engine/Content/EngineMaterials/Substrate/Glints2/dict_0006_0068.uasset" 8024
"../../../Engine/Content/EngineMaterials/Substrate/Glints2/dict_0006_0064.uasset" 8025
"/Engine/EngineMaterials/Substrate/Glints2/dict_0006_0056" 8026
"../../../Engine/Content/EngineMaterials/Substrate/Glints2/dict_0006_0052.uasset" 8027
"../../../Engine/Content/EngineMaterials/Substrate/Glints2/dict_0006_0048.uasset" 8028
"../../../Engine/Content/EngineMaterials/Substrate/Glints2/dict_0006_0055.uasset" 8029
"../../../Engine/Content/EngineMaterials/Substrate/Glints2/dict_0006_0047.uasset" 8030
"../../../Engine/Content/EngineMaterials/Substrate/Glints2/dict_0006_0054.uasset" 8031
"../../../Engine/Content/EngineMaterials/Substrate/Glints2/dict_0006_0051.uasset" 8032
"../../../Engine/Content/EngineMaterials/Substrate/Glints2/dict_0006_0049.uasset" 8033
"../../../Engine/Content/EngineMaterials/Substrate/Glints2/dict_0006_0053.uasset" 8034
"../../../Engine/Content/EngineMaterials/Substrate/Glints2/dict_0006_0050.uasset" 8035
"/Engine/EngineMaterials/Substrate/Glints2/dict_0006_0057" 8036
"/Engine/EngineMaterials/Substrate/Glints2/dict_0006_0058" 8037
"/Engine/EngineMaterials/Substrate/Glints2/dict_0006_0059" 8038
"/Engine/EngineMaterials/Substrate/Glints2/dict_0006_0060" 8039
"/Engine/EngineMaterials/Substrate/Glints2/dict_0006_0061" 8040
"/Engine/EngineMaterials/Substrate/Glints2/dict_0006_0062" 8041
"/Engine/EngineMaterials/Substrate/Glints2/dict_0006_0063" 8042
"/Engine/EngineMaterials/Substrate/Glints2/dict_0006_0064" 8043
"/Engine/EngineMaterials/Substrate/Glints2/dict_0006_0065" 8044
"/Engine/EngineMaterials/Substrate/Glints2/dict_0006_0066" 8045
"/Engine/EngineMaterials/Substrate/Glints2/dict_0006_0067" 8046
"/Engine/EngineMaterials/Substrate/Glints2/dict_0006_0068" 8047
"/Engine/EngineMaterials/Substrate/Glints2/dict_0006_0069" 8048
"/Engine/EngineMaterials/Substrate/Glints2/dict_0006_0070" 8049
"/Engine/EngineMaterials/Substrate/Glints2/dict_0006_0071" 8050
"/Engine/EngineMaterials/Substrate/Glints2/dict_0006_0072" 8051
"/Engine/EngineMaterials/Substrate/Glints2/dict_0006_0073" 8052
"/Engine/EngineMaterials/Substrate/Glints2/dict_0006_0074" 8053
"/Engine/EngineMaterials/Substrate/Glints2/dict_0006_0075" 8054
"/Engine/EngineMaterials/Substrate/Glints2/dict_0006_0076" 8055
"/Engine/EngineMaterials/Substrate/Glints2/dict_0006_0077" 8056
"/Engine/EngineMaterials/Substrate/Glints2/dict_0006_0078" 8057
"/Engine/EngineMaterials/Substrate/Glints2/dict_0006_0047" 8058
"/Engine/EngineMaterials/Substrate/Glints2/dict_0006_0048" 8059
"/Engine/EngineMaterials/Substrate/Glints2/dict_0006_0049" 8060
"/Engine/EngineMaterials/Substrate/Glints2/dict_0006_0050" 8061
"/Engine/EngineMaterials/Substrate/Glints2/dict_0006_0051" 8062
"/Engine/EngineMaterials/Substrate/Glints2/dict_0006_0052" 8063
"/Engine/EngineMaterials/Substrate/Glints2/dict_0006_0053" 8064
"/Engine/EngineMaterials/Substrate/Glints2/dict_0006_0054" 8065
"/Engine/EngineMaterials/Substrate/Glints2/dict_0006_0055" 8066
"../../../Engine/Content/EngineMaterials/Substrate/Glints2/dict_0006_0032.uasset" 8067
"../../../Engine/Content/EngineMaterials/Substrate/Glints2/dict_0006_0024.uasset" 8068
"../../../Engine/Content/EngineMaterials/Substrate/Glints2/dict_0006_0039.uasset" 8069
"../../../Engine/Content/EngineMaterials/Substrate/Glints2/dict_0006_0044.uasset" 8070
"../../../Engine/Content/EngineMaterials/Substrate/Glints2/dict_0006_0043.uasset" 8071
"../../../Engine/Content/EngineMaterials/Substrate/Glints2/dict_0006_0025.uasset" 8072
"../../../Engine/Content/EngineMaterials/Substrate/Glints2/dict_0006_0034.uasset" 8073
"../../../Engine/Content/EngineMaterials/Substrate/Glints2/dict_0006_0040.uasset" 8074
"../../../Engine/Content/EngineMaterials/Substrate/Glints2/dict_0006_0046.uasset" 8075
"../../../Engine/Content/EngineMaterials/Substrate/Glints2/dict_0006_0041.uasset" 8076
"../../../Engine/Content/EngineMaterials/Substrate/Glints2/dict_0006_0029.uasset" 8077
"../../../Engine/Content/EngineMaterials/Substrate/Glints2/dict_0006_0027.uasset" 8078
"../../../Engine/Content/EngineMaterials/Substrate/Glints2/dict_0006_0031.uasset" 8079
"../../../Engine/Content/EngineMaterials/Substrate/Glints2/dict_0006_0036.uasset" 8080
"../../../Engine/Content/EngineMaterials/Substrate/Glints2/dict_0006_0026.uasset" 8081
"../../../Engine/Content/EngineMaterials/Substrate/Glints2/dict_0006_0030.uasset" 8082
"../../../Engine/Content/EngineMaterials/Substrate/Glints2/dict_0006_0028.uasset" 8083
"../../../Engine/Content/EngineMaterials/Substrate/Glints2/dict_0006_0042.uasset" 8084
"../../../Engine/Content/EngineMaterials/Substrate/Glints2/dict_0006_0037.uasset" 8085
"../../../Engine/Content/EngineMaterials/Substrate/Glints2/dict_0006_0033.uasset" 8086
"../../../Engine/Content/EngineMaterials/Substrate/Glints2/dict_0006_0035.uasset" 8087
"../../../Engine/Content/EngineMaterials/Substrate/Glints2/dict_0006_0045.uasset" 8088
"../../../Engine/Content/EngineMaterials/Substrate/Glints2/dict_0006_0038.uasset" 8089
"../../../Engine/Content/EngineMaterials/Substrate/Glints2/dict_0006_0021.uasset" 8090
"../../../Engine/Content/EngineMaterials/Substrate/Glints2/dict_0006_0019.uasset" 8091
"../../../Engine/Content/EngineMaterials/Substrate/Glints2/dict_0006_0020.uasset" 8092
"../../../Engine/Content/EngineMaterials/Substrate/Glints2/dict_0006_0017.uasset" 8093
"../../../Engine/Content/EngineMaterials/Substrate/Glints2/dict_0006_0015.uasset" 8094
"../../../Engine/Content/EngineMaterials/Substrate/Glints2/dict_0006_0016.uasset" 8095
"../../../Engine/Content/EngineMaterials/Substrate/Glints2/dict_0006_0023.uasset" 8096
"../../../Engine/Content/EngineMaterials/Substrate/Glints2/dict_0006_0022.uasset" 8097
"../../../Engine/Content/EngineMaterials/Substrate/Glints2/dict_0006_0018.uasset" 8098
"/Engine/EngineMaterials/Substrate/Glints2/dict_0006_0015" 8099
"/Engine/EngineMaterials/Substrate/Glints2/dict_0006_0016" 8100
"/Engine/EngineMaterials/Substrate/Glints2/dict_0006_0017" 8101
"/Engine/EngineMaterials/Substrate/Glints2/dict_0006_0018" 8102
"/Engine/EngineMaterials/Substrate/Glints2/dict_0006_0019" 8103
"/Engine/EngineMaterials/Substrate/Glints2/dict_0006_0020" 8104
"/Engine/EngineMaterials/Substrate/Glints2/dict_0006_0021" 8105
"/Engine/EngineMaterials/Substrate/Glints2/dict_0006_0022" 8106
"/Engine/EngineMaterials/Substrate/Glints2/dict_0006_0023" 8107
"/Engine/EngineMaterials/Substrate/Glints2/dict_0006_0024" 8108
"/Engine/EngineMaterials/Substrate/Glints2/dict_0006_0025" 8109
"/Engine/EngineMaterials/Substrate/Glints2/dict_0006_0026" 8110
"/Engine/EngineMaterials/Substrate/Glints2/dict_0006_0027" 8111
"/Engine/EngineMaterials/Substrate/Glints2/dict_0006_0028" 8112
"/Engine/EngineMaterials/Substrate/Glints2/dict_0006_0029" 8113
"/Engine/EngineMaterials/Substrate/Glints2/dict_0006_0030" 8114
"/Engine/EngineMaterials/Substrate/Glints2/dict_0006_0031" 8115
"/Engine/EngineMaterials/Substrate/Glints2/dict_0006_0032" 8116
"/Engine/EngineMaterials/Substrate/Glints2/dict_0006_0033" 8117
"/Engine/EngineMaterials/Substrate/Glints2/dict_0006_0034" 8118
"/Engine/EngineMaterials/Substrate/Glints2/dict_0006_0035" 8119
"/Engine/EngineMaterials/Substrate/Glints2/dict_0006_0036" 8120
"/Engine/EngineMaterials/Substrate/Glints2/dict_0006_0037" 8121
"/Engine/EngineMaterials/Substrate/Glints2/dict_0006_0038" 8122
"/Engine/EngineMaterials/Substrate/Glints2/dict_0006_0039" 8123
"/Engine/EngineMaterials/Substrate/Glints2/dict_0006_0040" 8124
"/Engine/EngineMaterials/Substrate/Glints2/dict_0006_0041" 8125
"/Engine/EngineMaterials/Substrate/Glints2/dict_0006_0042" 8126
"/Engine/EngineMaterials/Substrate/Glints2/dict_0006_0043" 8127
"/Engine/EngineMaterials/Substrate/Glints2/dict_0006_0044" 8128
"/Engine/EngineMaterials/Substrate/Glints2/dict_0006_0045" 8129
"/Engine/EngineMaterials/Substrate/Glints2/dict_0006_0046" 8130
"../../../Engine/Content/EngineMaterials/Substrate/Glints2/dict_0006_0003.uasset" 8131
"../../../Engine/Content/EngineMaterials/Substrate/Glints2/dict_0005_0250.uasset" 8132
"../../../Engine/Content/EngineMaterials/Substrate/Glints2/dict_0005_0248.uasset" 8133
"../../../Engine/Content/EngineMaterials/Substrate/Glints2/dict_0005_0253.uasset" 8134
"../../../Engine/Content/EngineMaterials/Substrate/Glints2/dict_0006_0001.uasset" 8135
"../../../Engine/Content/EngineMaterials/Substrate/Glints2/dict_0006_0014.uasset" 8136
"../../../Engine/Content/EngineMaterials/Substrate/Glints2/dict_0006_0004.uasset" 8137
"../../../Engine/Content/EngineMaterials/Substrate/Glints2/dict_0006_0009.uasset" 8138
"../../../Engine/Content/EngineMaterials/Substrate/Glints2/dict_0006_0000.uasset" 8139
"../../../Engine/Content/EngineMaterials/Substrate/Glints2/dict_0006_0012.uasset" 8140
"../../../Engine/Content/EngineMaterials/Substrate/Glints2/dict_0006_0007.uasset" 8141
"../../../Engine/Content/EngineMaterials/Substrate/Glints2/dict_0005_0254.uasset" 8142
"../../../Engine/Content/EngineMaterials/Substrate/Glints2/dict_0005_0252.uasset" 8143
"../../../Engine/Content/EngineMaterials/Substrate/Glints2/dict_0005_0251.uasset" 8144
"../../../Engine/Content/EngineMaterials/Substrate/Glints2/dict_0005_0249.uasset" 8145
"../../../Engine/Content/EngineMaterials/Substrate/Glints2/dict_0006_0010.uasset" 8146
"../../../Engine/Content/EngineMaterials/Substrate/Glints2/dict_0006_0011.uasset" 8147
"../../../Engine/Content/EngineMaterials/Substrate/Glints2/dict_0006_0005.uasset" 8148
"../../../Engine/Content/EngineMaterials/Substrate/Glints2/dict_0005_0255.uasset" 8149
"../../../Engine/Content/EngineMaterials/Substrate/Glints2/dict_0006_0008.uasset" 8150
"../../../Engine/Content/EngineMaterials/Substrate/Glints2/dict_0006_0013.uasset" 8151
"../../../Engine/Content/EngineMaterials/Substrate/Glints2/dict_0006_0002.uasset" 8152
"../../../Engine/Content/EngineMaterials/Substrate/Glints2/dict_0006_0006.uasset" 8153
"/Engine/EngineMaterials/Substrate/Glints2/dict_0005_0248" 8154
"/Engine/EngineMaterials/Substrate/Glints2/dict_0005_0249" 8155
"/Engine/EngineMaterials/Substrate/Glints2/dict_0005_0250" 8156
"/Engine/EngineMaterials/Substrate/Glints2/dict_0005_0251" 8157
"/Engine/EngineMaterials/Substrate/Glints2/dict_0005_0252" 8158
"/Engine/EngineMaterials/Substrate/Glints2/dict_0005_0253" 8159
"/Engine/EngineMaterials/Substrate/Glints2/dict_0005_0254" 8160
"/Engine/EngineMaterials/Substrate/Glints2/dict_0005_0255" 8161
"/Engine/EngineMaterials/Substrate/Glints2/dict_0006_0000" 8162
"../../../Engine/Content/EngineMaterials/Substrate/Glints2/dict_0005_0240.uasset" 8163
"../../../Engine/Content/EngineMaterials/Substrate/Glints2/dict_0005_0243.uasset" 8164
"../../../Engine/Content/EngineMaterials/Substrate/Glints2/dict_0005_0246.uasset" 8165
"../../../Engine/Content/EngineMaterials/Substrate/Glints2/dict_0005_0247.uasset" 8166
"../../../Engine/Content/EngineMaterials/Substrate/Glints2/dict_0005_0239.uasset" 8167
"../../../Engine/Content/EngineMaterials/Substrate/Glints2/dict_0005_0245.uasset" 8168
"../../../Engine/Content/EngineMaterials/Substrate/Glints2/dict_0005_0242.uasset" 8169
"../../../Engine/Content/EngineMaterials/Substrate/Glints2/dict_0005_0244.uasset" 8170
"../../../Engine/Content/EngineMaterials/Substrate/Glints2/dict_0005_0241.uasset" 8171
"/Engine/EngineMaterials/Substrate/Glints2/dict_0006_0001" 8172
"/Engine/EngineMaterials/Substrate/Glints2/dict_0006_0002" 8173
"/Engine/EngineMaterials/Substrate/Glints2/dict_0006_0003" 8174
"/Engine/EngineMaterials/Substrate/Glints2/dict_0006_0004" 8175
"/Engine/EngineMaterials/Substrate/Glints2/dict_0006_0005" 8176
"/Engine/EngineMaterials/Substrate/Glints2/dict_0006_0006" 8177
"/Engine/EngineMaterials/Substrate/Glints2/dict_0006_0007" 8178
"/Engine/EngineMaterials/Substrate/Glints2/dict_0006_0008" 8179
"/Engine/EngineMaterials/Substrate/Glints2/dict_0006_0009" 8180
"/Engine/EngineMaterials/Substrate/Glints2/dict_0006_0010" 8181
"/Engine/EngineMaterials/Substrate/Glints2/dict_0006_0011" 8182
"/Engine/EngineMaterials/Substrate/Glints2/dict_0006_0012" 8183
"/Engine/EngineMaterials/Substrate/Glints2/dict_0006_0013" 8184
"/Engine/EngineMaterials/Substrate/Glints2/dict_0006_0014" 8185
"/Engine/EngineMaterials/Substrate/Glints2/dict_0005_0239" 8186
"/Engine/EngineMaterials/Substrate/Glints2/dict_0005_0240" 8187
"/Engine/EngineMaterials/Substrate/Glints2/dict_0005_0241" 8188
"/Engine/EngineMaterials/Substrate/Glints2/dict_0005_0242" 8189
"/Engine/EngineMaterials/Substrate/Glints2/dict_0005_0243" 8190
"/Engine/EngineMaterials/Substrate/Glints2/dict_0005_0244" 8191
"/Engine/EngineMaterials/Substrate/Glints2/dict_0005_0245" 8192
"/Engine/EngineMaterials/Substrate/Glints2/dict_0005_0246" 8193
"/Engine/EngineMaterials/Substrate/Glints2/dict_0005_0247" 8194
"../../../Engine/Content/EngineMaterials/Substrate/Glints2/dict_0005_0228.uasset" 8195
"../../../Engine/Content/EngineMaterials/Substrate/Glints2/dict_0005_0227.uasset" 8196
"../../../Engine/Content/EngineMaterials/Substrate/Glints2/dict_0005_0236.uasset" 8197
"../../../Engine/Content/EngineMaterials/Substrate/Glints2/dict_0005_0226.uasset" 8198
"../../../Engine/Content/EngineMaterials/Substrate/Glints2/dict_0005_0234.uasset" 8199
"../../../Engine/Content/EngineMaterials/Substrate/Glints2/dict_0005_0235.uasset" 8200
"../../../Engine/Content/EngineMaterials/Substrate/Glints2/dict_0005_0238.uasset" 8201
"../../../Engine/Content/EngineMaterials/Substrate/Glints2/dict_0005_0218.uasset" 8202
"../../../Engine/Content/EngineMaterials/Substrate/Glints2/dict_0005_0232.uasset" 8203
"../../../Engine/Content/EngineMaterials/Substrate/Glints2/dict_0005_0221.uasset" 8204
"../../../Engine/Content/EngineMaterials/Substrate/Glints2/dict_0005_0220.uasset" 8205
"../../../Engine/Content/EngineMaterials/Substrate/Glints2/dict_0005_0229.uasset" 8206
"../../../Engine/Content/EngineMaterials/Substrate/Glints2/dict_0005_0217.uasset" 8207
"../../../Engine/Content/EngineMaterials/Substrate/Glints2/dict_0005_0237.uasset" 8208
"../../../Engine/Content/EngineMaterials/Substrate/Glints2/dict_0005_0233.uasset" 8209
"../../../Engine/Content/EngineMaterials/Substrate/Glints2/dict_0005_0223.uasset" 8210
"../../../Engine/Content/EngineMaterials/Substrate/Glints2/dict_0005_0219.uasset" 8211
"../../../Engine/Content/EngineMaterials/Substrate/Glints2/dict_0005_0230.uasset" 8212
"../../../Engine/Content/EngineMaterials/Substrate/Glints2/dict_0005_0231.uasset" 8213
"../../../Engine/Content/EngineMaterials/Substrate/Glints2/dict_0005_0225.uasset" 8214
"../../../Engine/Content/EngineMaterials/Substrate/Glints2/dict_0005_0224.uasset" 8215
"../../../Engine/Content/EngineMaterials/Substrate/Glints2/dict_0005_0216.uasset" 8216
"../../../Engine/Content/EngineMaterials/Substrate/Glints2/dict_0005_0222.uasset" 8217
"../../../Engine/Content/EngineMaterials/Substrate/Glints2/dict_0005_0213.uasset" 8218
"../../../Engine/Content/EngineMaterials/Substrate/Glints2/dict_0005_0211.uasset" 8219
"../../../Engine/Content/EngineMaterials/Substrate/Glints2/dict_0005_0212.uasset" 8220
"../../../Engine/Content/EngineMaterials/Substrate/Glints2/dict_0005_0215.uasset" 8221
"../../../Engine/Content/EngineMaterials/Substrate/Glints2/dict_0005_0214.uasset" 8222
"../../../Engine/Content/EngineMaterials/Substrate/Glints2/dict_0005_0207.uasset" 8223
"../../../Engine/Content/EngineMaterials/Substrate/Glints2/dict_0005_0210.uasset" 8224
"../../../Engine/Content/EngineMaterials/Substrate/Glints2/dict_0005_0209.uasset" 8225
"../../../Engine/Content/EngineMaterials/Substrate/Glints2/dict_0005_0208.uasset" 8226
"/Engine/EngineMaterials/Substrate/Glints2/dict_0005_0207" 8227
"/Engine/EngineMaterials/Substrate/Glints2/dict_0005_0208" 8228
"/Engine/EngineMaterials/Substrate/Glints2/dict_0005_0209" 8229
"/Engine/EngineMaterials/Substrate/Glints2/dict_0005_0210" 8230
"/Engine/EngineMaterials/Substrate/Glints2/dict_0005_0211" 8231
"/Engine/EngineMaterials/Substrate/Glints2/dict_0005_0212" 8232
"/Engine/EngineMaterials/Substrate/Glints2/dict_0005_0213" 8233
"/Engine/EngineMaterials/Substrate/Glints2/dict_0005_0214" 8234
"/Engine/EngineMaterials/Substrate/Glints2/dict_0005_0215" 8235
"/Engine/EngineMaterials/Substrate/Glints2/dict_0005_0216" 8236
"/Engine/EngineMaterials/Substrate/Glints2/dict_0005_0217" 8237
"/Engine/EngineMaterials/Substrate/Glints2/dict_0005_0218" 8238
"/Engine/EngineMaterials/Substrate/Glints2/dict_0005_0219" 8239
"/Engine/EngineMaterials/Substrate/Glints2/dict_0005_0220" 8240
"/Engine/EngineMaterials/Substrate/Glints2/dict_0005_0221" 8241
"/Engine/EngineMaterials/Substrate/Glints2/dict_0005_0222" 8242
"/Engine/EngineMaterials/Substrate/Glints2/dict_0005_0223" 8243
"/Engine/EngineMaterials/Substrate/Glints2/dict_0005_0224" 8244
"/Engine/EngineMaterials/Substrate/Glints2/dict_0005_0225" 8245
"/Engine/EngineMaterials/Substrate/Glints2/dict_0005_0226" 8246
"/Engine/EngineMaterials/Substrate/Glints2/dict_0005_0227" 8247
"/Engine/EngineMaterials/Substrate/Glints2/dict_0005_0228" 8248
"/Engine/EngineMaterials/Substrate/Glints2/dict_0005_0229" 8249
"/Engine/EngineMaterials/Substrate/Glints2/dict_0005_0230" 8250
"/Engine/EngineMaterials/Substrate/Glints2/dict_0005_0231" 8251
"/Engine/EngineMaterials/Substrate/Glints2/dict_0005_0232" 8252
"/Engine/EngineMaterials/Substrate/Glints2/dict_0005_0233" 8253
"/Engine/EngineMaterials/Substrate/Glints2/dict_0005_0234" 8254
"/Engine/EngineMaterials/Substrate/Glints2/dict_0005_0235" 8255
"/Engine/EngineMaterials/Substrate/Glints2/dict_0005_0236" 8256
"/Engine/EngineMaterials/Substrate/Glints2/dict_0005_0237" 8257
"/Engine/EngineMaterials/Substrate/Glints2/dict_0005_0238" 8258
"../../../Engine/Content/EngineMaterials/Substrate/Glints2/dict_0005_0200.uasset" 8259
"../../../Engine/Content/EngineMaterials/Substrate/Glints2/dict_0005_0196.uasset" 8260
"../../../Engine/Content/EngineMaterials/Substrate/Glints2/dict_0005_0202.uasset" 8261
"../../../Engine/Content/EngineMaterials/Substrate/Glints2/dict_0005_0198.uasset" 8262
"../../../Engine/Content/EngineMaterials/Substrate/Glints2/dict_0005_0191.uasset" 8263
"../../../Engine/Content/EngineMaterials/Substrate/Glints2/dict_0005_0197.uasset" 8264
"../../../Engine/Content/EngineMaterials/Substrate/Glints2/dict_0005_0185.uasset" 8265
"../../../Engine/Content/EngineMaterials/Substrate/Glints2/dict_0005_0204.uasset" 8266
"../../../Engine/Content/EngineMaterials/Substrate/Glints2/dict_0005_0184.uasset" 8267
"../../../Engine/Content/EngineMaterials/Substrate/Glints2/dict_0005_0206.uasset" 8268
"../../../Engine/Content/EngineMaterials/Substrate/Glints2/dict_0005_0205.uasset" 8269
"../../../Engine/Content/EngineMaterials/Substrate/Glints2/dict_0005_0203.uasset" 8270
"../../../Engine/Content/EngineMaterials/Substrate/Glints2/dict_0005_0188.uasset" 8271
"../../../Engine/Content/EngineMaterials/Substrate/Glints2/dict_0005_0199.uasset" 8272
"../../../Engine/Content/EngineMaterials/Substrate/Glints2/dict_0005_0192.uasset" 8273
"../../../Engine/Content/EngineMaterials/Substrate/Glints2/dict_0005_0190.uasset" 8274
"../../../Engine/Content/EngineMaterials/Substrate/Glints2/dict_0005_0187.uasset" 8275
"../../../Engine/Content/EngineMaterials/Substrate/Glints2/dict_0005_0194.uasset" 8276
"../../../Engine/Content/EngineMaterials/Substrate/Glints2/dict_0005_0201.uasset" 8277
"../../../Engine/Content/EngineMaterials/Substrate/Glints2/dict_0005_0186.uasset" 8278
"../../../Engine/Content/EngineMaterials/Substrate/Glints2/dict_0005_0195.uasset" 8279
"../../../Engine/Content/EngineMaterials/Substrate/Glints2/dict_0005_0189.uasset" 8280
"../../../Engine/Content/EngineMaterials/Substrate/Glints2/dict_0005_0193.uasset" 8281
"../../../Engine/Content/EngineMaterials/Substrate/Glints2/dict_0005_0176.uasset" 8282
"../../../Engine/Content/EngineMaterials/Substrate/Glints2/dict_0005_0183.uasset" 8283
"../../../Engine/Content/EngineMaterials/Substrate/Glints2/dict_0005_0182.uasset" 8284
"../../../Engine/Content/EngineMaterials/Substrate/Glints2/dict_0005_0175.uasset" 8285
"../../../Engine/Content/EngineMaterials/Substrate/Glints2/dict_0005_0178.uasset" 8286
"../../../Engine/Content/EngineMaterials/Substrate/Glints2/dict_0005_0177.uasset" 8287
"../../../Engine/Content/EngineMaterials/Substrate/Glints2/dict_0005_0179.uasset" 8288
"../../../Engine/Content/EngineMaterials/Substrate/Glints2/dict_0005_0180.uasset" 8289
"../../../Engine/Content/EngineMaterials/Substrate/Glints2/dict_0005_0181.uasset" 8290
"/Engine/EngineMaterials/Substrate/Glints2/dict_0005_0175" 8291
"/Engine/EngineMaterials/Substrate/Glints2/dict_0005_0176" 8292
"/Engine/EngineMaterials/Substrate/Glints2/dict_0005_0177" 8293
"/Engine/EngineMaterials/Substrate/Glints2/dict_0005_0178" 8294
"/Engine/EngineMaterials/Substrate/Glints2/dict_0005_0179" 8295
"/Engine/EngineMaterials/Substrate/Glints2/dict_0005_0182" 8296
"/Engine/EngineMaterials/Substrate/Glints2/dict_0005_0183" 8297
"/Engine/EngineMaterials/Substrate/Glints2/dict_0005_0184" 8298
"/Engine/EngineMaterials/Substrate/Glints2/dict_0005_0185" 8299
"/Engine/EngineMaterials/Substrate/Glints2/dict_0005_0186" 8300
"/Engine/EngineMaterials/Substrate/Glints2/dict_0005_0187" 8301
"/Engine/EngineMaterials/Substrate/Glints2/dict_0005_0188" 8302
"/Engine/EngineMaterials/Substrate/Glints2/dict_0005_0189" 8303
"/Engine/EngineMaterials/Substrate/Glints2/dict_0005_0190" 8304
"/Engine/EngineMaterials/Substrate/Glints2/dict_0005_0191" 8305
"/Engine/EngineMaterials/Substrate/Glints2/dict_0005_0192" 8306
"/Engine/EngineMaterials/Substrate/Glints2/dict_0005_0193" 8307
"/Engine/EngineMaterials/Substrate/Glints2/dict_0005_0194" 8308
"/Engine/EngineMaterials/Substrate/Glints2/dict_0005_0195" 8309
"/Engine/EngineMaterials/Substrate/Glints2/dict_0005_0196" 8310
"/Engine/EngineMaterials/Substrate/Glints2/dict_0005_0197" 8311
"/Engine/EngineMaterials/Substrate/Glints2/dict_0005_0198" 8312
"/Engine/EngineMaterials/Substrate/Glints2/dict_0005_0199" 8313
"/Engine/EngineMaterials/Substrate/Glints2/dict_0005_0200" 8314
"/Engine/EngineMaterials/Substrate/Glints2/dict_0005_0201" 8315
"/Engine/EngineMaterials/Substrate/Glints2/dict_0005_0202" 8316
"/Engine/EngineMaterials/Substrate/Glints2/dict_0005_0203" 8317
"/Engine/EngineMaterials/Substrate/Glints2/dict_0005_0204" 8318
"/Engine/EngineMaterials/Substrate/Glints2/dict_0005_0205" 8319
"/Engine/EngineMaterials/Substrate/Glints2/dict_0005_0206" 8320
"/Engine/EngineMaterials/Substrate/Glints2/dict_0005_0180" 8321
"/Engine/EngineMaterials/Substrate/Glints2/dict_0005_0181" 8322
"../../../Engine/Content/EngineMaterials/Substrate/Glints2/dict_0005_0157.uasset" 8323
"../../../Engine/Content/EngineMaterials/Substrate/Glints2/dict_0005_0158.uasset" 8324
"../../../Engine/Content/EngineMaterials/Substrate/Glints2/dict_0005_0167.uasset" 8325
"../../../Engine/Content/EngineMaterials/Substrate/Glints2/dict_0005_0173.uasset" 8326
"../../../Engine/Content/EngineMaterials/Substrate/Glints2/dict_0005_0165.uasset" 8327
"../../../Engine/Content/EngineMaterials/Substrate/Glints2/dict_0005_0163.uasset" 8328
"../../../Engine/Content/EngineMaterials/Substrate/Glints2/dict_0005_0171.uasset" 8329
"../../../Engine/Content/EngineMaterials/Substrate/Glints2/dict_0005_0159.uasset" 8330
"../../../Engine/Content/EngineMaterials/Substrate/Glints2/dict_0005_0162.uasset" 8331
"../../../Engine/Content/EngineMaterials/Substrate/Glints2/dict_0005_0166.uasset" 8332
"../../../Engine/Content/EngineMaterials/Substrate/Glints2/dict_0005_0156.uasset" 8333
"../../../Engine/Content/EngineMaterials/Substrate/Glints2/dict_0005_0168.uasset" 8334
"../../../Engine/Content/EngineMaterials/Substrate/Glints2/dict_0005_0153.uasset" 8335
"../../../Engine/Content/EngineMaterials/Substrate/Glints2/dict_0005_0170.uasset" 8336
"../../../Engine/Content/EngineMaterials/Substrate/Glints2/dict_0005_0152.uasset" 8337
"../../../Engine/Content/EngineMaterials/Substrate/Glints2/dict_0005_0172.uasset" 8338
"../../../Engine/Content/EngineMaterials/Substrate/Glints2/dict_0005_0161.uasset" 8339
"../../../Engine/Content/EngineMaterials/Substrate/Glints2/dict_0005_0160.uasset" 8340
"../../../Engine/Content/EngineMaterials/Substrate/Glints2/dict_0005_0174.uasset" 8341
"../../../Engine/Content/EngineMaterials/Substrate/Glints2/dict_0005_0155.uasset" 8342
"../../../Engine/Content/EngineMaterials/Substrate/Glints2/dict_0005_0164.uasset" 8343
"../../../Engine/Content/EngineMaterials/Substrate/Glints2/dict_0005_0154.uasset" 8344
"../../../Engine/Content/EngineMaterials/Substrate/Glints2/dict_0005_0169.uasset" 8345
"../../../Engine/Content/EngineMaterials/Substrate/Glints2/dict_0005_0147.uasset" 8346
"../../../Engine/Content/EngineMaterials/Substrate/Glints2/dict_0005_0143.uasset" 8347
"../../../Engine/Content/EngineMaterials/Substrate/Glints2/dict_0005_0150.uasset" 8348
"../../../Engine/Content/EngineMaterials/Substrate/Glints2/dict_0005_0148.uasset" 8349
"../../../Engine/Content/EngineMaterials/Substrate/Glints2/dict_0005_0145.uasset" 8350
"../../../Engine/Content/EngineMaterials/Substrate/Glints2/dict_0005_0149.uasset" 8351
"../../../Engine/Content/EngineMaterials/Substrate/Glints2/dict_0005_0151.uasset" 8352
"../../../Engine/Content/EngineMaterials/Substrate/Glints2/dict_0005_0146.uasset" 8353
"../../../Engine/Content/EngineMaterials/Substrate/Glints2/dict_0005_0144.uasset" 8354
"/Engine/EngineMaterials/Substrate/Glints2/dict_0005_0145" 8355
"/Engine/EngineMaterials/Substrate/Glints2/dict_0005_0146" 8356
"/Engine/EngineMaterials/Substrate/Glints2/dict_0005_0147" 8357
"/Engine/EngineMaterials/Substrate/Glints2/dict_0005_0148" 8358
"/Engine/EngineMaterials/Substrate/Glints2/dict_0005_0149" 8359
"/Engine/EngineMaterials/Substrate/Glints2/dict_0005_0143" 8360
"/Engine/EngineMaterials/Substrate/Glints2/dict_0005_0144" 8361
"/Engine/EngineMaterials/Substrate/Glints2/dict_0005_0150" 8362
"/Engine/EngineMaterials/Substrate/Glints2/dict_0005_0151" 8363
"/Engine/EngineMaterials/Substrate/Glints2/dict_0005_0152" 8364
"/Engine/EngineMaterials/Substrate/Glints2/dict_0005_0153" 8365
"/Engine/EngineMaterials/Substrate/Glints2/dict_0005_0154" 8366
"/Engine/EngineMaterials/Substrate/Glints2/dict_0005_0155" 8367
"/Engine/EngineMaterials/Substrate/Glints2/dict_0005_0156" 8368
"/Engine/EngineMaterials/Substrate/Glints2/dict_0005_0157" 8369
"/Engine/EngineMaterials/Substrate/Glints2/dict_0005_0158" 8370
"/Engine/EngineMaterials/Substrate/Glints2/dict_0005_0159" 8371
"/Engine/EngineMaterials/Substrate/Glints2/dict_0005_0160" 8372
"/Engine/EngineMaterials/Substrate/Glints2/dict_0005_0161" 8373
"/Engine/EngineMaterials/Substrate/Glints2/dict_0005_0162" 8374
"/Engine/EngineMaterials/Substrate/Glints2/dict_0005_0163" 8375
"/Engine/EngineMaterials/Substrate/Glints2/dict_0005_0164" 8376
"/Engine/EngineMaterials/Substrate/Glints2/dict_0005_0165" 8377
"/Engine/EngineMaterials/Substrate/Glints2/dict_0005_0166" 8378
"/Engine/EngineMaterials/Substrate/Glints2/dict_0005_0167" 8379
"/Engine/EngineMaterials/Substrate/Glints2/dict_0005_0168" 8380
"/Engine/EngineMaterials/Substrate/Glints2/dict_0005_0169" 8381
"/Engine/EngineMaterials/Substrate/Glints2/dict_0005_0170" 8382
"/Engine/EngineMaterials/Substrate/Glints2/dict_0005_0171" 8383
"/Engine/EngineMaterials/Substrate/Glints2/dict_0005_0172" 8384
"/Engine/EngineMaterials/Substrate/Glints2/dict_0005_0173" 8385
"/Engine/EngineMaterials/Substrate/Glints2/dict_0005_0174" 8386
"../../../Engine/Content/EngineMaterials/Substrate/Glints2/dict_0005_0128.uasset" 8387
"../../../Engine/Content/EngineMaterials/Substrate/Glints2/dict_0005_0139.uasset" 8388
"../../../Engine/Content/EngineMaterials/Substrate/Glints2/dict_0005_0141.uasset" 8389
"../../../Engine/Content/EngineMaterials/Substrate/Glints2/dict_0005_0122.uasset" 8390
"../../../Engine/Content/EngineMaterials/Substrate/Glints2/dict_0005_0142.uasset" 8391
"../../../Engine/Content/EngineMaterials/Substrate/Glints2/dict_0005_0125.uasset" 8392
"../../../Engine/Content/EngineMaterials/Substrate/Glints2/dict_0005_0121.uasset" 8393
"../../../Engine/Content/EngineMaterials/Substrate/Glints2/dict_0005_0124.uasset" 8394
"../../../Engine/Content/EngineMaterials/Substrate/Glints2/dict_0005_0133.uasset" 8395
"../../../Engine/Content/EngineMaterials/Substrate/Glints2/dict_0005_0126.uasset" 8396
"../../../Engine/Content/EngineMaterials/Substrate/Glints2/dict_0005_0134.uasset" 8397
"../../../Engine/Content/EngineMaterials/Substrate/Glints2/dict_0005_0131.uasset" 8398
"../../../Engine/Content/EngineMaterials/Substrate/Glints2/dict_0005_0130.uasset" 8399
"../../../Engine/Content/EngineMaterials/Substrate/Glints2/dict_0005_0136.uasset" 8400
"../../../Engine/Content/EngineMaterials/Substrate/Glints2/dict_0005_0127.uasset" 8401
"../../../Engine/Content/EngineMaterials/Substrate/Glints2/dict_0005_0135.uasset" 8402
"../../../Engine/Content/EngineMaterials/Substrate/Glints2/dict_0005_0137.uasset" 8403
"../../../Engine/Content/EngineMaterials/Substrate/Glints2/dict_0005_0138.uasset" 8404
"../../../Engine/Content/EngineMaterials/Substrate/Glints2/dict_0005_0129.uasset" 8405
"../../../Engine/Content/EngineMaterials/Substrate/Glints2/dict_0005_0120.uasset" 8406
"../../../Engine/Content/EngineMaterials/Substrate/Glints2/dict_0005_0123.uasset" 8407
"../../../Engine/Content/EngineMaterials/Substrate/Glints2/dict_0005_0132.uasset" 8408
"../../../Engine/Content/EngineMaterials/Substrate/Glints2/dict_0005_0140.uasset" 8409
"../../../Engine/Content/EngineMaterials/Substrate/Glints2/dict_0005_0111.uasset" 8410
"../../../Engine/Content/EngineMaterials/Substrate/Glints2/dict_0005_0119.uasset" 8411
"../../../Engine/Content/EngineMaterials/Substrate/Glints2/dict_0005_0115.uasset" 8412
"../../../Engine/Content/EngineMaterials/Substrate/Glints2/dict_0005_0117.uasset" 8413
"../../../Engine/Content/EngineMaterials/Substrate/Glints2/dict_0005_0113.uasset" 8414
"../../../Engine/Content/EngineMaterials/Substrate/Glints2/dict_0005_0116.uasset" 8415
"/Engine/EngineMaterials/Substrate/Glints2/dict_0005_0120" 8416
"../../../Engine/Content/EngineMaterials/Substrate/Glints2/dict_0005_0112.uasset" 8417
"../../../Engine/Content/EngineMaterials/Substrate/Glints2/dict_0005_0114.uasset" 8418
"../../../Engine/Content/EngineMaterials/Substrate/Glints2/dict_0005_0118.uasset" 8419
"/Engine/EngineMaterials/Substrate/Glints2/dict_0005_0121" 8420
"/Engine/EngineMaterials/Substrate/Glints2/dict_0005_0122" 8421
"/Engine/EngineMaterials/Substrate/Glints2/dict_0005_0123" 8422
"/Engine/EngineMaterials/Substrate/Glints2/dict_0005_0124" 8423
"/Engine/EngineMaterials/Substrate/Glints2/dict_0005_0125" 8424
"/Engine/EngineMaterials/Substrate/Glints2/dict_0005_0126" 8425
"/Engine/EngineMaterials/Substrate/Glints2/dict_0005_0127" 8426
"/Engine/EngineMaterials/Substrate/Glints2/dict_0005_0128" 8427
"/Engine/EngineMaterials/Substrate/Glints2/dict_0005_0129" 8428
"/Engine/EngineMaterials/Substrate/Glints2/dict_0005_0130" 8429
"/Engine/EngineMaterials/Substrate/Glints2/dict_0005_0131" 8430
"/Engine/EngineMaterials/Substrate/Glints2/dict_0005_0132" 8431
"/Engine/EngineMaterials/Substrate/Glints2/dict_0005_0133" 8432
"/Engine/EngineMaterials/Substrate/Glints2/dict_0005_0134" 8433
"/Engine/EngineMaterials/Substrate/Glints2/dict_0005_0135" 8434
"/Engine/EngineMaterials/Substrate/Glints2/dict_0005_0136" 8435
"/Engine/EngineMaterials/Substrate/Glints2/dict_0005_0137" 8436
"/Engine/EngineMaterials/Substrate/Glints2/dict_0005_0138" 8437
"/Engine/EngineMaterials/Substrate/Glints2/dict_0005_0139" 8438
"/Engine/EngineMaterials/Substrate/Glints2/dict_0005_0140" 8439
"/Engine/EngineMaterials/Substrate/Glints2/dict_0005_0141" 8440
"/Engine/EngineMaterials/Substrate/Glints2/dict_0005_0142" 8441
"/Engine/EngineMaterials/Substrate/Glints2/dict_0005_0111" 8442
"/Engine/EngineMaterials/Substrate/Glints2/dict_0005_0112" 8443
"/Engine/EngineMaterials/Substrate/Glints2/dict_0005_0113" 8444
"/Engine/EngineMaterials/Substrate/Glints2/dict_0005_0114" 8445
"/Engine/EngineMaterials/Substrate/Glints2/dict_0005_0115" 8446
"/Engine/EngineMaterials/Substrate/Glints2/dict_0005_0116" 8447
"/Engine/EngineMaterials/Substrate/Glints2/dict_0005_0117" 8448
"/Engine/EngineMaterials/Substrate/Glints2/dict_0005_0118" 8449
"/Engine/EngineMaterials/Substrate/Glints2/dict_0005_0119" 8450
"../../../Engine/Content/EngineMaterials/Substrate/Glints2/dict_0005_0110.uasset" 8451
"../../../Engine/Content/EngineMaterials/Substrate/Glints2/dict_0005_0090.uasset" 8452
"../../../Engine/Content/EngineMaterials/Substrate/Glints2/dict_0005_0093.uasset" 8453
"../../../Engine/Content/EngineMaterials/Substrate/Glints2/dict_0005_0101.uasset" 8454
"../../../Engine/Content/EngineMaterials/Substrate/Glints2/dict_0005_0096.uasset" 8455
"../../../Engine/Content/EngineMaterials/Substrate/Glints2/dict_0005_0094.uasset" 8456
"../../../Engine/Content/EngineMaterials/Substrate/Glints2/dict_0005_0106.uasset" 8457
"../../../Engine/Content/EngineMaterials/Substrate/Glints2/dict_0005_0102.uasset" 8458
"../../../Engine/Content/EngineMaterials/Substrate/Glints2/dict_0005_0089.uasset" 8459
"../../../Engine/Content/EngineMaterials/Substrate/Glints2/dict_0005_0098.uasset" 8460
"../../../Engine/Content/EngineMaterials/Substrate/Glints2/dict_0005_0095.uasset" 8461
"../../../Engine/Content/EngineMaterials/Substrate/Glints2/dict_0005_0099.uasset" 8462
"../../../Engine/Content/EngineMaterials/Substrate/Glints2/dict_0005_0103.uasset" 8463
"../../../Engine/Content/EngineMaterials/Substrate/Glints2/dict_0005_0108.uasset" 8464
"../../../Engine/Content/EngineMaterials/Substrate/Glints2/dict_0005_0092.uasset" 8465
"../../../Engine/Content/EngineMaterials/Substrate/Glints2/dict_0005_0100.uasset" 8466
"../../../Engine/Content/EngineMaterials/Substrate/Glints2/dict_0005_0104.uasset" 8467
"../../../Engine/Content/EngineMaterials/Substrate/Glints2/dict_0005_0088.uasset" 8468
"../../../Engine/Content/EngineMaterials/Substrate/Glints2/dict_0005_0109.uasset" 8469
"../../../Engine/Content/EngineMaterials/Substrate/Glints2/dict_0005_0091.uasset" 8470
"../../../Engine/Content/EngineMaterials/Substrate/Glints2/dict_0005_0107.uasset" 8471
"../../../Engine/Content/EngineMaterials/Substrate/Glints2/dict_0005_0097.uasset" 8472
"../../../Engine/Content/EngineMaterials/Substrate/Glints2/dict_0005_0105.uasset" 8473
"../../../Engine/Content/EngineMaterials/Substrate/Glints2/dict_0005_0087.uasset" 8474
"../../../Engine/Content/EngineMaterials/Substrate/Glints2/dict_0005_0081.uasset" 8475
"../../../Engine/Content/EngineMaterials/Substrate/Glints2/dict_0005_0086.uasset" 8476
"../../../Engine/Content/EngineMaterials/Substrate/Glints2/dict_0005_0084.uasset" 8477
"../../../Engine/Content/EngineMaterials/Substrate/Glints2/dict_0005_0082.uasset" 8478
"../../../Engine/Content/EngineMaterials/Substrate/Glints2/dict_0005_0080.uasset" 8479
"../../../Engine/Content/EngineMaterials/Substrate/Glints2/dict_0005_0085.uasset" 8480
"../../../Engine/Content/EngineMaterials/Substrate/Glints2/dict_0005_0079.uasset" 8481
"../../../Engine/Content/EngineMaterials/Substrate/Glints2/dict_0005_0083.uasset" 8482
"/Engine/EngineMaterials/Substrate/Glints2/dict_0005_0079" 8483
"/Engine/EngineMaterials/Substrate/Glints2/dict_0005_0080" 8484
"/Engine/EngineMaterials/Substrate/Glints2/dict_0005_0081" 8485
"/Engine/EngineMaterials/Substrate/Glints2/dict_0005_0082" 8486
"/Engine/EngineMaterials/Substrate/Glints2/dict_0005_0083" 8487
"/Engine/EngineMaterials/Substrate/Glints2/dict_0005_0084" 8488
"/Engine/EngineMaterials/Substrate/Glints2/dict_0005_0085" 8489
"/Engine/EngineMaterials/Substrate/Glints2/dict_0005_0086" 8490
"/Engine/EngineMaterials/Substrate/Glints2/dict_0005_0087" 8491
"/Engine/EngineMaterials/Substrate/Glints2/dict_0005_0088" 8492
"/Engine/EngineMaterials/Substrate/Glints2/dict_0005_0089" 8493
"/Engine/EngineMaterials/Substrate/Glints2/dict_0005_0090" 8494
"/Engine/EngineMaterials/Substrate/Glints2/dict_0005_0091" 8495
"/Engine/EngineMaterials/Substrate/Glints2/dict_0005_0092" 8496
"/Engine/EngineMaterials/Substrate/Glints2/dict_0005_0093" 8497
"/Engine/EngineMaterials/Substrate/Glints2/dict_0005_0094" 8498
"/Engine/EngineMaterials/Substrate/Glints2/dict_0005_0095" 8499
"/Engine/EngineMaterials/Substrate/Glints2/dict_0005_0096" 8500
"/Engine/EngineMaterials/Substrate/Glints2/dict_0005_0097" 8501
"/Engine/EngineMaterials/Substrate/Glints2/dict_0005_0098" 8502
"/Engine/EngineMaterials/Substrate/Glints2/dict_0005_0099" 8503
"/Engine/EngineMaterials/Substrate/Glints2/dict_0005_0100" 8504
"/Engine/EngineMaterials/Substrate/Glints2/dict_0005_0101" 8505
"/Engine/EngineMaterials/Substrate/Glints2/dict_0005_0102" 8506
"/Engine/EngineMaterials/Substrate/Glints2/dict_0005_0103" 8507
"/Engine/EngineMaterials/Substrate/Glints2/dict_0005_0104" 8508
"/Engine/EngineMaterials/Substrate/Glints2/dict_0005_0105" 8509
"/Engine/EngineMaterials/Substrate/Glints2/dict_0005_0106" 8510
"/Engine/EngineMaterials/Substrate/Glints2/dict_0005_0107" 8511
"/Engine/EngineMaterials/Substrate/Glints2/dict_0005_0108" 8512
"/Engine/EngineMaterials/Substrate/Glints2/dict_0005_0109" 8513
"/Engine/EngineMaterials/Substrate/Glints2/dict_0005_0110" 8514
"../../../Engine/Content/EngineMaterials/Substrate/Glints2/dict_0005_0078.uasset" 8515
"../../../Engine/Content/EngineMaterials/Substrate/Glints2/dict_0005_0064.uasset" 8516
"../../../Engine/Content/EngineMaterials/Substrate/Glints2/dict_0005_0074.uasset" 8517
"../../../Engine/Content/EngineMaterials/Substrate/Glints2/dict_0005_0060.uasset" 8518
"../../../Engine/Content/EngineMaterials/Substrate/Glints2/dict_0005_0075.uasset" 8519
"../../../Engine/Content/EngineMaterials/Substrate/Glints2/dict_0005_0073.uasset" 8520
"../../../Engine/Content/EngineMaterials/Substrate/Glints2/dict_0005_0067.uasset" 8521
"../../../Engine/Content/EngineMaterials/Substrate/Glints2/dict_0005_0069.uasset" 8522
"../../../Engine/Content/EngineMaterials/Substrate/Glints2/dict_0005_0062.uasset" 8523
"../../../Engine/Content/EngineMaterials/Substrate/Glints2/dict_0005_0066.uasset" 8524
"../../../Engine/Content/EngineMaterials/Substrate/Glints2/dict_0005_0077.uasset" 8525
"../../../Engine/Content/EngineMaterials/Substrate/Glints2/dict_0005_0058.uasset" 8526
"../../../Engine/Content/EngineMaterials/Substrate/Glints2/dict_0005_0068.uasset" 8527
"../../../Engine/Content/EngineMaterials/Substrate/Glints2/dict_0005_0057.uasset" 8528
"../../../Engine/Content/EngineMaterials/Substrate/Glints2/dict_0005_0061.uasset" 8529
"../../../Engine/Content/EngineMaterials/Substrate/Glints2/dict_0005_0059.uasset" 8530
"../../../Engine/Content/EngineMaterials/Substrate/Glints2/dict_0005_0063.uasset" 8531
"../../../Engine/Content/EngineMaterials/Substrate/Glints2/dict_0005_0070.uasset" 8532
"../../../Engine/Content/EngineMaterials/Substrate/Glints2/dict_0005_0072.uasset" 8533
"../../../Engine/Content/EngineMaterials/Substrate/Glints2/dict_0005_0056.uasset" 8534
"../../../Engine/Content/EngineMaterials/Substrate/Glints2/dict_0005_0071.uasset" 8535
"../../../Engine/Content/EngineMaterials/Substrate/Glints2/dict_0005_0065.uasset" 8536
"../../../Engine/Content/EngineMaterials/Substrate/Glints2/dict_0005_0076.uasset" 8537
"/Engine/EngineMaterials/Substrate/Glints2/dict_0005_0056" 8538
"../../../Engine/Content/EngineMaterials/Substrate/Glints2/dict_0005_0055.uasset" 8539
"../../../Engine/Content/EngineMaterials/Substrate/Glints2/dict_0005_0047.uasset" 8540
"../../../Engine/Content/EngineMaterials/Substrate/Glints2/dict_0005_0048.uasset" 8541
"../../../Engine/Content/EngineMaterials/Substrate/Glints2/dict_0005_0053.uasset" 8542
"/Engine/EngineMaterials/Substrate/Glints2/dict_0005_0057" 8543
"../../../Engine/Content/EngineMaterials/Substrate/Glints2/dict_0005_0052.uasset" 8544
"../../../Engine/Content/EngineMaterials/Substrate/Glints2/dict_0005_0050.uasset" 8545
"/Engine/EngineMaterials/Substrate/Glints2/dict_0005_0058" 8546
"../../../Engine/Content/EngineMaterials/Substrate/Glints2/dict_0005_0049.uasset" 8547
"../../../Engine/Content/EngineMaterials/Substrate/Glints2/dict_0005_0051.uasset" 8548
"../../../Engine/Content/EngineMaterials/Substrate/Glints2/dict_0005_0054.uasset" 8549
"/Engine/EngineMaterials/Substrate/Glints2/dict_0005_0059" 8550
"/Engine/EngineMaterials/Substrate/Glints2/dict_0005_0060" 8551
"/Engine/EngineMaterials/Substrate/Glints2/dict_0005_0061" 8552
"/Engine/EngineMaterials/Substrate/Glints2/dict_0005_0062" 8553
"/Engine/EngineMaterials/Substrate/Glints2/dict_0005_0063" 8554
"/Engine/EngineMaterials/Substrate/Glints2/dict_0005_0064" 8555
"/Engine/EngineMaterials/Substrate/Glints2/dict_0005_0065" 8556
"/Engine/EngineMaterials/Substrate/Glints2/dict_0005_0066" 8557
"/Engine/EngineMaterials/Substrate/Glints2/dict_0005_0067" 8558
"/Engine/EngineMaterials/Substrate/Glints2/dict_0005_0068" 8559
"/Engine/EngineMaterials/Substrate/Glints2/dict_0005_0069" 8560
"/Engine/EngineMaterials/Substrate/Glints2/dict_0005_0070" 8561
"/Engine/EngineMaterials/Substrate/Glints2/dict_0005_0071" 8562
"/Engine/EngineMaterials/Substrate/Glints2/dict_0005_0072" 8563
"/Engine/EngineMaterials/Substrate/Glints2/dict_0005_0073" 8564
"/Engine/EngineMaterials/Substrate/Glints2/dict_0005_0074" 8565
"/Engine/EngineMaterials/Substrate/Glints2/dict_0005_0075" 8566
"/Engine/EngineMaterials/Substrate/Glints2/dict_0005_0076" 8567
"/Engine/EngineMaterials/Substrate/Glints2/dict_0005_0077" 8568
"/Engine/EngineMaterials/Substrate/Glints2/dict_0005_0078" 8569
"/Engine/EngineMaterials/Substrate/Glints2/dict_0005_0047" 8570
"/Engine/EngineMaterials/Substrate/Glints2/dict_0005_0048" 8571
"/Engine/EngineMaterials/Substrate/Glints2/dict_0005_0049" 8572
"/Engine/EngineMaterials/Substrate/Glints2/dict_0005_0050" 8573
"/Engine/EngineMaterials/Substrate/Glints2/dict_0005_0051" 8574
"/Engine/EngineMaterials/Substrate/Glints2/dict_0005_0052" 8575
"/Engine/EngineMaterials/Substrate/Glints2/dict_0005_0053" 8576
"/Engine/EngineMaterials/Substrate/Glints2/dict_0005_0054" 8577
"/Engine/EngineMaterials/Substrate/Glints2/dict_0005_0055" 8578
"../../../Engine/Content/EngineMaterials/Substrate/Glints2/dict_0005_0024.uasset" 8579
"../../../Engine/Content/EngineMaterials/Substrate/Glints2/dict_0005_0033.uasset" 8580
"../../../Engine/Content/EngineMaterials/Substrate/Glints2/dict_0005_0045.uasset" 8581
"../../../Engine/Content/EngineMaterials/Substrate/Glints2/dict_0005_0041.uasset" 8582
"../../../Engine/Content/EngineMaterials/Substrate/Glints2/dict_0005_0026.uasset" 8583
"../../../Engine/Content/EngineMaterials/Substrate/Glints2/dict_0005_0046.uasset" 8584
"../../../Engine/Content/EngineMaterials/Substrate/Glints2/dict_0005_0040.uasset" 8585
"../../../Engine/Content/EngineMaterials/Substrate/Glints2/dict_0005_0036.uasset" 8586
"../../../Engine/Content/EngineMaterials/Substrate/Glints2/dict_0005_0025.uasset" 8587
"../../../Engine/Content/EngineMaterials/Substrate/Glints2/dict_0005_0029.uasset" 8588
"../../../Engine/Content/EngineMaterials/Substrate/Glints2/dict_0005_0028.uasset" 8589
"../../../Engine/Content/EngineMaterials/Substrate/Glints2/dict_0005_0035.uasset" 8590
"../../../Engine/Content/EngineMaterials/Substrate/Glints2/dict_0005_0034.uasset" 8591
"../../../Engine/Content/EngineMaterials/Substrate/Glints2/dict_0005_0037.uasset" 8592
"../../../Engine/Content/EngineMaterials/Substrate/Glints2/dict_0005_0043.uasset" 8593
"../../../Engine/Content/EngineMaterials/Substrate/Glints2/dict_0005_0031.uasset" 8594
"../../../Engine/Content/EngineMaterials/Substrate/Glints2/dict_0005_0027.uasset" 8595
"../../../Engine/Content/EngineMaterials/Substrate/Glints2/dict_0005_0042.uasset" 8596
"../../../Engine/Content/EngineMaterials/Substrate/Glints2/dict_0005_0044.uasset" 8597
"../../../Engine/Content/EngineMaterials/Substrate/Glints2/dict_0005_0030.uasset" 8598
"../../../Engine/Content/EngineMaterials/Substrate/Glints2/dict_0005_0039.uasset" 8599
"../../../Engine/Content/EngineMaterials/Substrate/Glints2/dict_0005_0038.uasset" 8600
"../../../Engine/Content/EngineMaterials/Substrate/Glints2/dict_0005_0032.uasset" 8601
"../../../Engine/Content/EngineMaterials/Substrate/Glints2/dict_0005_0018.uasset" 8602
"../../../Engine/Content/EngineMaterials/Substrate/Glints2/dict_0005_0021.uasset" 8603
"../../../Engine/Content/EngineMaterials/Substrate/Glints2/dict_0005_0023.uasset" 8604
"../../../Engine/Content/EngineMaterials/Substrate/Glints2/dict_0005_0020.uasset" 8605
"../../../Engine/Content/EngineMaterials/Substrate/Glints2/dict_0005_0022.uasset" 8606
"../../../Engine/Content/EngineMaterials/Substrate/Glints2/dict_0005_0016.uasset" 8607
"../../../Engine/Content/EngineMaterials/Substrate/Glints2/dict_0005_0017.uasset" 8608
"../../../Engine/Content/EngineMaterials/Substrate/Glints2/dict_0005_0015.uasset" 8609
"../../../Engine/Content/EngineMaterials/Substrate/Glints2/dict_0005_0019.uasset" 8610
"/Engine/EngineMaterials/Substrate/Glints2/dict_0005_0015" 8611
"/Engine/EngineMaterials/Substrate/Glints2/dict_0005_0016" 8612
"/Engine/EngineMaterials/Substrate/Glints2/dict_0005_0017" 8613
"/Engine/EngineMaterials/Substrate/Glints2/dict_0005_0018" 8614
"/Engine/EngineMaterials/Substrate/Glints2/dict_0005_0019" 8615
"/Engine/EngineMaterials/Substrate/Glints2/dict_0005_0020" 8616
"/Engine/EngineMaterials/Substrate/Glints2/dict_0005_0021" 8617
"/Engine/EngineMaterials/Substrate/Glints2/dict_0005_0022" 8618
"/Engine/EngineMaterials/Substrate/Glints2/dict_0005_0023" 8619
"/Engine/EngineMaterials/Substrate/Glints2/dict_0005_0024" 8620
"/Engine/EngineMaterials/Substrate/Glints2/dict_0005_0025" 8621
"/Engine/EngineMaterials/Substrate/Glints2/dict_0005_0026" 8622
"/Engine/EngineMaterials/Substrate/Glints2/dict_0005_0027" 8623
"/Engine/EngineMaterials/Substrate/Glints2/dict_0005_0028" 8624
"/Engine/EngineMaterials/Substrate/Glints2/dict_0005_0029" 8625
"/Engine/EngineMaterials/Substrate/Glints2/dict_0005_0030" 8626
"/Engine/EngineMaterials/Substrate/Glints2/dict_0005_0031" 8627
"/Engine/EngineMaterials/Substrate/Glints2/dict_0005_0032" 8628
"/Engine/EngineMaterials/Substrate/Glints2/dict_0005_0033" 8629
"/Engine/EngineMaterials/Substrate/Glints2/dict_0005_0034" 8630
"/Engine/EngineMaterials/Substrate/Glints2/dict_0005_0035" 8631
"/Engine/EngineMaterials/Substrate/Glints2/dict_0005_0036" 8632
"/Engine/EngineMaterials/Substrate/Glints2/dict_0005_0037" 8633
"/Engine/EngineMaterials/Substrate/Glints2/dict_0005_0038" 8634
"/Engine/EngineMaterials/Substrate/Glints2/dict_0005_0039" 8635
"/Engine/EngineMaterials/Substrate/Glints2/dict_0005_0040" 8636
"/Engine/EngineMaterials/Substrate/Glints2/dict_0005_0041" 8637
"/Engine/EngineMaterials/Substrate/Glints2/dict_0005_0042" 8638
"/Engine/EngineMaterials/Substrate/Glints2/dict_0005_0043" 8639
"/Engine/EngineMaterials/Substrate/Glints2/dict_0005_0044" 8640
"/Engine/EngineMaterials/Substrate/Glints2/dict_0005_0045" 8641
"/Engine/EngineMaterials/Substrate/Glints2/dict_0005_0046" 8642
"../../../Engine/Content/EngineMaterials/Substrate/Glints2/dict_0005_0004.uasset" 8643
"../../../Engine/Content/EngineMaterials/Substrate/Glints2/dict_0005_0002.uasset" 8644
"../../../Engine/Content/EngineMaterials/Substrate/Glints2/dict_0005_0012.uasset" 8645
"../../../Engine/Content/EngineMaterials/Substrate/Glints2/dict_0005_0011.uasset" 8646
"../../../Engine/Content/EngineMaterials/Substrate/Glints2/dict_0005_0014.uasset" 8647
"../../../Engine/Content/EngineMaterials/Substrate/Glints2/dict_0005_0009.uasset" 8648
"../../../Engine/Content/EngineMaterials/Substrate/Glints2/dict_0005_0006.uasset" 8649
"../../../Engine/Content/EngineMaterials/Substrate/Glints2/dict_0005_0010.uasset" 8650
"../../../Engine/Content/EngineMaterials/Substrate/Glints2/dict_0004_0250.uasset" 8651
"../../../Engine/Content/EngineMaterials/Substrate/Glints2/dict_0005_0005.uasset" 8652
"../../../Engine/Content/EngineMaterials/Substrate/Glints2/dict_0005_0013.uasset" 8653
"../../../Engine/Content/EngineMaterials/Substrate/Glints2/dict_0005_0007.uasset" 8654
"../../../Engine/Content/EngineMaterials/Substrate/Glints2/dict_0005_0003.uasset" 8655
"../../../Engine/Content/EngineMaterials/Substrate/Glints2/dict_0004_0249.uasset" 8656
"../../../Engine/Content/EngineMaterials/Substrate/Glints2/dict_0005_0000.uasset" 8657
"../../../Engine/Content/EngineMaterials/Substrate/Glints2/dict_0005_0001.uasset" 8658
"../../../Engine/Content/EngineMaterials/Substrate/Glints2/dict_0004_0255.uasset" 8659
"../../../Engine/Content/EngineMaterials/Substrate/Glints2/dict_0004_0251.uasset" 8660
"../../../Engine/Content/EngineMaterials/Substrate/Glints2/dict_0004_0254.uasset" 8661
"../../../Engine/Content/EngineMaterials/Substrate/Glints2/dict_0004_0248.uasset" 8662
"../../../Engine/Content/EngineMaterials/Substrate/Glints2/dict_0004_0252.uasset" 8663
"../../../Engine/Content/EngineMaterials/Substrate/Glints2/dict_0004_0253.uasset" 8664
"../../../Engine/Content/EngineMaterials/Substrate/Glints2/dict_0004_0244.uasset" 8665
"../../../Engine/Content/EngineMaterials/Substrate/Glints2/dict_0004_0246.uasset" 8666
"../../../Engine/Content/EngineMaterials/Substrate/Glints2/dict_0005_0008.uasset" 8667
"../../../Engine/Content/EngineMaterials/Substrate/Glints2/dict_0004_0247.uasset" 8668
"../../../Engine/Content/EngineMaterials/Substrate/Glints2/dict_0004_0242.uasset" 8669
"../../../Engine/Content/EngineMaterials/Substrate/Glints2/dict_0004_0241.uasset" 8670
"../../../Engine/Content/EngineMaterials/Substrate/Glints2/dict_0004_0245.uasset" 8671
"../../../Engine/Content/EngineMaterials/Substrate/Glints2/dict_0004_0240.uasset" 8672
"/Engine/EngineMaterials/Substrate/Glints2/dict_0004_0240" 8673
"../../../Engine/Content/EngineMaterials/Substrate/Glints2/dict_0004_0243.uasset" 8674
"../../../Engine/Content/EngineMaterials/Substrate/Glints2/dict_0004_0239.uasset" 8675
"/Engine/EngineMaterials/Substrate/Glints2/dict_0004_0241" 8676
"/Engine/EngineMaterials/Substrate/Glints2/dict_0004_0242" 8677
"/Engine/EngineMaterials/Substrate/Glints2/dict_0004_0244" 8678
"/Engine/EngineMaterials/Substrate/Glints2/dict_0004_0245" 8679
"/Engine/EngineMaterials/Substrate/Glints2/dict_0004_0246" 8680
"/Engine/EngineMaterials/Substrate/Glints2/dict_0004_0247" 8681
"/Engine/EngineMaterials/Substrate/Glints2/dict_0004_0248" 8682
"/Engine/EngineMaterials/Substrate/Glints2/dict_0004_0249" 8683
"/Engine/EngineMaterials/Substrate/Glints2/dict_0004_0250" 8684
"/Engine/EngineMaterials/Substrate/Glints2/dict_0004_0251" 8685
"/Engine/EngineMaterials/Substrate/Glints2/dict_0004_0252" 8686
"/Engine/EngineMaterials/Substrate/Glints2/dict_0004_0253" 8687
"/Engine/EngineMaterials/Substrate/Glints2/dict_0004_0254" 8688
"/Engine/EngineMaterials/Substrate/Glints2/dict_0004_0255" 8689
"/Engine/EngineMaterials/Substrate/Glints2/dict_0005_0000" 8690
"/Engine/EngineMaterials/Substrate/Glints2/dict_0005_0001" 8691
"/Engine/EngineMaterials/Substrate/Glints2/dict_0005_0002" 8692
"/Engine/EngineMaterials/Substrate/Glints2/dict_0005_0003" 8693
"/Engine/EngineMaterials/Substrate/Glints2/dict_0005_0004" 8694
"/Engine/EngineMaterials/Substrate/Glints2/dict_0005_0005" 8695
"/Engine/EngineMaterials/Substrate/Glints2/dict_0005_0006" 8696
"/Engine/EngineMaterials/Substrate/Glints2/dict_0005_0007" 8697
"/Engine/EngineMaterials/Substrate/Glints2/dict_0005_0008" 8698
"/Engine/EngineMaterials/Substrate/Glints2/dict_0005_0009" 8699
"/Engine/EngineMaterials/Substrate/Glints2/dict_0005_0010" 8700
"/Engine/EngineMaterials/Substrate/Glints2/dict_0005_0011" 8701
"/Engine/EngineMaterials/Substrate/Glints2/dict_0005_0012" 8702
"/Engine/EngineMaterials/Substrate/Glints2/dict_0005_0013" 8703
"/Engine/EngineMaterials/Substrate/Glints2/dict_0005_0014" 8704
"/Engine/EngineMaterials/Substrate/Glints2/dict_0004_0239" 8705
"/Engine/EngineMaterials/Substrate/Glints2/dict_0004_0243" 8706
"../../../Engine/Content/EngineMaterials/Substrate/Glints2/dict_0004_0233.uasset" 8707
"../../../Engine/Content/EngineMaterials/Substrate/Glints2/dict_0004_0229.uasset" 8708
"../../../Engine/Content/EngineMaterials/Substrate/Glints2/dict_0004_0218.uasset" 8709
"../../../Engine/Content/EngineMaterials/Substrate/Glints2/dict_0004_0216.uasset" 8710
"../../../Engine/Content/EngineMaterials/Substrate/Glints2/dict_0004_0238.uasset" 8711
"../../../Engine/Content/EngineMaterials/Substrate/Glints2/dict_0004_0225.uasset" 8712
"../../../Engine/Content/EngineMaterials/Substrate/Glints2/dict_0004_0232.uasset" 8713
"../../../Engine/Content/EngineMaterials/Substrate/Glints2/dict_0004_0223.uasset" 8714
"../../../Engine/Content/EngineMaterials/Substrate/Glints2/dict_0004_0234.uasset" 8715
"../../../Engine/Content/EngineMaterials/Substrate/Glints2/dict_0004_0236.uasset" 8716
"../../../Engine/Content/EngineMaterials/Substrate/Glints2/dict_0004_0224.uasset" 8717
"../../../Engine/Content/EngineMaterials/Substrate/Glints2/dict_0004_0220.uasset" 8718
"../../../Engine/Content/EngineMaterials/Substrate/Glints2/dict_0004_0231.uasset" 8719
"../../../Engine/Content/EngineMaterials/Substrate/Glints2/dict_0004_0219.uasset" 8720
"../../../Engine/Content/EngineMaterials/Substrate/Glints2/dict_0004_0217.uasset" 8721
"../../../Engine/Content/EngineMaterials/Substrate/Glints2/dict_0004_0230.uasset" 8722
"../../../Engine/Content/EngineMaterials/Substrate/Glints2/dict_0004_0222.uasset" 8723
"../../../Engine/Content/EngineMaterials/Substrate/Glints2/dict_0004_0226.uasset" 8724
"../../../Engine/Content/EngineMaterials/Substrate/Glints2/dict_0004_0221.uasset" 8725
"../../../Engine/Content/EngineMaterials/Substrate/Glints2/dict_0004_0235.uasset" 8726
"../../../Engine/Content/EngineMaterials/Substrate/Glints2/dict_0004_0237.uasset" 8727
"../../../Engine/Content/EngineMaterials/Substrate/Glints2/dict_0004_0227.uasset" 8728
"../../../Engine/Content/EngineMaterials/Substrate/Glints2/dict_0004_0228.uasset" 8729
"../../../Engine/Content/EngineMaterials/Substrate/Glints2/dict_0004_0214.uasset" 8730
"../../../Engine/Content/EngineMaterials/Substrate/Glints2/dict_0004_0208.uasset" 8731
"../../../Engine/Content/EngineMaterials/Substrate/Glints2/dict_0004_0211.uasset" 8732
"../../../Engine/Content/EngineMaterials/Substrate/Glints2/dict_0004_0207.uasset" 8733
"../../../Engine/Content/EngineMaterials/Substrate/Glints2/dict_0004_0210.uasset" 8734
"../../../Engine/Content/EngineMaterials/Substrate/Glints2/dict_0004_0213.uasset" 8735
"../../../Engine/Content/EngineMaterials/Substrate/Glints2/dict_0004_0212.uasset" 8736
"/Engine/EngineMaterials/Substrate/Glints2/dict_0004_0207" 8737
"../../../Engine/Content/EngineMaterials/Substrate/Glints2/dict_0004_0215.uasset" 8738
"../../../Engine/Content/EngineMaterials/Substrate/Glints2/dict_0004_0209.uasset" 8739
"/Engine/EngineMaterials/Substrate/Glints2/dict_0004_0210" 8740
"/Engine/EngineMaterials/Substrate/Glints2/dict_0004_0211" 8741
"/Engine/EngineMaterials/Substrate/Glints2/dict_0004_0208" 8742
"/Engine/EngineMaterials/Substrate/Glints2/dict_0004_0212" 8743
"/Engine/EngineMaterials/Substrate/Glints2/dict_0004_0213" 8744
"/Engine/EngineMaterials/Substrate/Glints2/dict_0004_0214" 8745
"/Engine/EngineMaterials/Substrate/Glints2/dict_0004_0216" 8746
"/Engine/EngineMaterials/Substrate/Glints2/dict_0004_0217" 8747
"/Engine/EngineMaterials/Substrate/Glints2/dict_0004_0218" 8748
"/Engine/EngineMaterials/Substrate/Glints2/dict_0004_0219" 8749
"/Engine/EngineMaterials/Substrate/Glints2/dict_0004_0220" 8750
"/Engine/EngineMaterials/Substrate/Glints2/dict_0004_0221" 8751
"/Engine/EngineMaterials/Substrate/Glints2/dict_0004_0222" 8752
"/Engine/EngineMaterials/Substrate/Glints2/dict_0004_0223" 8753
"/Engine/EngineMaterials/Substrate/Glints2/dict_0004_0224" 8754
"/Engine/EngineMaterials/Substrate/Glints2/dict_0004_0225" 8755
"/Engine/EngineMaterials/Substrate/Glints2/dict_0004_0226" 8756
"/Engine/EngineMaterials/Substrate/Glints2/dict_0004_0227" 8757
"/Engine/EngineMaterials/Substrate/Glints2/dict_0004_0228" 8758
"/Engine/EngineMaterials/Substrate/Glints2/dict_0004_0229" 8759
"/Engine/EngineMaterials/Substrate/Glints2/dict_0004_0230" 8760
"/Engine/EngineMaterials/Substrate/Glints2/dict_0004_0231" 8761
"/Engine/EngineMaterials/Substrate/Glints2/dict_0004_0232" 8762
"/Engine/EngineMaterials/Substrate/Glints2/dict_0004_0233" 8763
"/Engine/EngineMaterials/Substrate/Glints2/dict_0004_0234" 8764
"/Engine/EngineMaterials/Substrate/Glints2/dict_0004_0235" 8765
"/Engine/EngineMaterials/Substrate/Glints2/dict_0004_0236" 8766
"/Engine/EngineMaterials/Substrate/Glints2/dict_0004_0237" 8767
"/Engine/EngineMaterials/Substrate/Glints2/dict_0004_0238" 8768
"/Engine/EngineMaterials/Substrate/Glints2/dict_0004_0209" 8769
"/Engine/EngineMaterials/Substrate/Glints2/dict_0004_0215" 8770
"../../../Engine/Content/EngineMaterials/Substrate/Glints2/dict_0004_0200.uasset" 8771
"../../../Engine/Content/EngineMaterials/Substrate/Glints2/dict_0004_0191.uasset" 8772
"../../../Engine/Content/EngineMaterials/Substrate/Glints2/dict_0004_0198.uasset" 8773
"../../../Engine/Content/EngineMaterials/Substrate/Glints2/dict_0004_0192.uasset" 8774
"../../../Engine/Content/EngineMaterials/Substrate/Glints2/dict_0004_0193.uasset" 8775
"../../../Engine/Content/EngineMaterials/Substrate/Glints2/dict_0004_0199.uasset" 8776
"../../../Engine/Content/EngineMaterials/Substrate/Glints2/dict_0004_0187.uasset" 8777
"../../../Engine/Content/EngineMaterials/Substrate/Glints2/dict_0004_0184.uasset" 8778
"../../../Engine/Content/EngineMaterials/Substrate/Glints2/dict_0004_0203.uasset" 8779
"../../../Engine/Content/EngineMaterials/Substrate/Glints2/dict_0004_0206.uasset" 8780
"../../../Engine/Content/EngineMaterials/Substrate/Glints2/dict_0004_0202.uasset" 8781
"../../../Engine/Content/EngineMaterials/Substrate/Glints2/dict_0004_0185.uasset" 8782
"../../../Engine/Content/EngineMaterials/Substrate/Glints2/dict_0004_0188.uasset" 8783
"../../../Engine/Content/EngineMaterials/Substrate/Glints2/dict_0004_0190.uasset" 8784
"../../../Engine/Content/EngineMaterials/Substrate/Glints2/dict_0004_0195.uasset" 8785
"../../../Engine/Content/EngineMaterials/Substrate/Glints2/dict_0004_0205.uasset" 8786
"../../../Engine/Content/EngineMaterials/Substrate/Glints2/dict_0004_0204.uasset" 8787
"../../../Engine/Content/EngineMaterials/Substrate/Glints2/dict_0004_0194.uasset" 8788
"../../../Engine/Content/EngineMaterials/Substrate/Glints2/dict_0004_0196.uasset" 8789
"../../../Engine/Content/EngineMaterials/Substrate/Glints2/dict_0004_0197.uasset" 8790
"../../../Engine/Content/EngineMaterials/Substrate/Glints2/dict_0004_0186.uasset" 8791
"../../../Engine/Content/EngineMaterials/Substrate/Glints2/dict_0004_0189.uasset" 8792
"../../../Engine/Content/EngineMaterials/Substrate/Glints2/dict_0004_0201.uasset" 8793
"../../../Engine/Content/EngineMaterials/Substrate/Glints2/dict_0004_0177.uasset" 8794
"../../../Engine/Content/EngineMaterials/Substrate/Glints2/dict_0004_0182.uasset" 8795
"../../../Engine/Content/EngineMaterials/Substrate/Glints2/dict_0004_0183.uasset" 8796
"/Engine/EngineMaterials/Substrate/Glints2/dict_0004_0177" 8797
"../../../Engine/Content/EngineMaterials/Substrate/Glints2/dict_0004_0176.uasset" 8798
"/Engine/EngineMaterials/Substrate/Glints2/dict_0004_0182" 8799
"../../../Engine/Content/EngineMaterials/Substrate/Glints2/dict_0004_0179.uasset" 8800
"../../../Engine/Content/EngineMaterials/Substrate/Glints2/dict_0004_0181.uasset" 8801
"../../../Engine/Content/EngineMaterials/Substrate/Glints2/dict_0004_0180.uasset" 8802
"../../../Engine/Content/EngineMaterials/Substrate/Glints2/dict_0004_0175.uasset" 8803
"/Engine/EngineMaterials/Substrate/Glints2/dict_0004_0183" 8804
"/Engine/EngineMaterials/Substrate/Glints2/dict_0004_0184" 8805
"/Engine/EngineMaterials/Substrate/Glints2/dict_0004_0185" 8806
"/Engine/EngineMaterials/Substrate/Glints2/dict_0004_0186" 8807
"../../../Engine/Content/EngineMaterials/Substrate/Glints2/dict_0004_0178.uasset" 8808
"/Engine/EngineMaterials/Substrate/Glints2/dict_0004_0187" 8809
"/Engine/EngineMaterials/Substrate/Glints2/dict_0004_0188" 8810
"/Engine/EngineMaterials/Substrate/Glints2/dict_0004_0189" 8811
"/Engine/EngineMaterials/Substrate/Glints2/dict_0004_0190" 8812
"/Engine/EngineMaterials/Substrate/Glints2/dict_0004_0191" 8813
"/Engine/EngineMaterials/Substrate/Glints2/dict_0004_0192" 8814
"/Engine/EngineMaterials/Substrate/Glints2/dict_0004_0193" 8815
"/Engine/EngineMaterials/Substrate/Glints2/dict_0004_0194" 8816
"/Engine/EngineMaterials/Substrate/Glints2/dict_0004_0195" 8817
"/Engine/EngineMaterials/Substrate/Glints2/dict_0004_0196" 8818
"/Engine/EngineMaterials/Substrate/Glints2/dict_0004_0197" 8819
"/Engine/EngineMaterials/Substrate/Glints2/dict_0004_0198" 8820
"/Engine/EngineMaterials/Substrate/Glints2/dict_0004_0199" 8821
"/Engine/EngineMaterials/Substrate/Glints2/dict_0004_0200" 8822
"/Engine/EngineMaterials/Substrate/Glints2/dict_0004_0201" 8823
"/Engine/EngineMaterials/Substrate/Glints2/dict_0004_0202" 8824
"/Engine/EngineMaterials/Substrate/Glints2/dict_0004_0203" 8825
"/Engine/EngineMaterials/Substrate/Glints2/dict_0004_0204" 8826
"/Engine/EngineMaterials/Substrate/Glints2/dict_0004_0205" 8827
"/Engine/EngineMaterials/Substrate/Glints2/dict_0004_0206" 8828
"/Engine/EngineMaterials/Substrate/Glints2/dict_0004_0175" 8829
"/Engine/EngineMaterials/Substrate/Glints2/dict_0004_0178" 8830
"/Engine/EngineMaterials/Substrate/Glints2/dict_0004_0179" 8831
"/Engine/EngineMaterials/Substrate/Glints2/dict_0004_0180" 8832
"/Engine/EngineMaterials/Substrate/Glints2/dict_0004_0181" 8833
"/Engine/EngineMaterials/Substrate/Glints2/dict_0004_0176" 8834
"../../../Engine/Content/EngineMaterials/Substrate/Glints2/dict_0004_0152.uasset" 8835
"../../../Engine/Content/EngineMaterials/Substrate/Glints2/dict_0004_0169.uasset" 8836
"../../../Engine/Content/EngineMaterials/Substrate/Glints2/dict_0004_0171.uasset" 8837
"../../../Engine/Content/EngineMaterials/Substrate/Glints2/dict_0004_0168.uasset" 8838
"../../../Engine/Content/EngineMaterials/Substrate/Glints2/dict_0004_0166.uasset" 8839
"../../../Engine/Content/EngineMaterials/Substrate/Glints2/dict_0004_0159.uasset" 8840
"../../../Engine/Content/EngineMaterials/Substrate/Glints2/dict_0004_0170.uasset" 8841
"../../../Engine/Content/EngineMaterials/Substrate/Glints2/dict_0004_0157.uasset" 8842
"../../../Engine/Content/EngineMaterials/Substrate/Glints2/dict_0004_0162.uasset" 8843
"../../../Engine/Content/EngineMaterials/Substrate/Glints2/dict_0004_0156.uasset" 8844
"../../../Engine/Content/EngineMaterials/Substrate/Glints2/dict_0004_0158.uasset" 8845
"../../../Engine/Content/EngineMaterials/Substrate/Glints2/dict_0004_0172.uasset" 8846
"../../../Engine/Content/EngineMaterials/Substrate/Glints2/dict_0004_0161.uasset" 8847
"../../../Engine/Content/EngineMaterials/Substrate/Glints2/dict_0004_0154.uasset" 8848
"../../../Engine/Content/EngineMaterials/Substrate/Glints2/dict_0004_0163.uasset" 8849
"../../../Engine/Content/EngineMaterials/Substrate/Glints2/dict_0004_0167.uasset" 8850
"../../../Engine/Content/EngineMaterials/Substrate/Glints2/dict_0004_0155.uasset" 8851
"../../../Engine/Content/EngineMaterials/Substrate/Glints2/dict_0004_0174.uasset" 8852
"../../../Engine/Content/EngineMaterials/Substrate/Glints2/dict_0004_0173.uasset" 8853
"../../../Engine/Content/EngineMaterials/Substrate/Glints2/dict_0004_0160.uasset" 8854
"../../../Engine/Content/EngineMaterials/Substrate/Glints2/dict_0004_0164.uasset" 8855
"../../../Engine/Content/EngineMaterials/Substrate/Glints2/dict_0004_0153.uasset" 8856
"../../../Engine/Content/EngineMaterials/Substrate/Glints2/dict_0004_0165.uasset" 8857
"../../../Engine/Content/EngineMaterials/Substrate/Glints2/dict_0004_0145.uasset" 8858
"../../../Engine/Content/EngineMaterials/Substrate/Glints2/dict_0004_0150.uasset" 8859
"../../../Engine/Content/EngineMaterials/Substrate/Glints2/dict_0004_0149.uasset" 8860
"../../../Engine/Content/EngineMaterials/Substrate/Glints2/dict_0004_0143.uasset" 8861
"../../../Engine/Content/EngineMaterials/Substrate/Glints2/dict_0004_0146.uasset" 8862
"../../../Engine/Content/EngineMaterials/Substrate/Glints2/dict_0004_0151.uasset" 8863
"../../../Engine/Content/EngineMaterials/Substrate/Glints2/dict_0004_0147.uasset" 8864
"../../../Engine/Content/EngineMaterials/Substrate/Glints2/dict_0004_0148.uasset" 8865
"../../../Engine/Content/EngineMaterials/Substrate/Glints2/dict_0004_0144.uasset" 8866
"/Engine/EngineMaterials/Substrate/Glints2/dict_0004_0149" 8867
"/Engine/EngineMaterials/Substrate/Glints2/dict_0004_0143" 8868
"/Engine/EngineMaterials/Substrate/Glints2/dict_0004_0144" 8869
"/Engine/EngineMaterials/Substrate/Glints2/dict_0004_0145" 8870
"/Engine/EngineMaterials/Substrate/Glints2/dict_0004_0146" 8871
"/Engine/EngineMaterials/Substrate/Glints2/dict_0004_0147" 8872
"/Engine/EngineMaterials/Substrate/Glints2/dict_0004_0150" 8873
"/Engine/EngineMaterials/Substrate/Glints2/dict_0004_0151" 8874
"/Engine/EngineMaterials/Substrate/Glints2/dict_0004_0148" 8875
"/Engine/EngineMaterials/Substrate/Glints2/dict_0004_0152" 8876
"/Engine/EngineMaterials/Substrate/Glints2/dict_0004_0153" 8877
"/Engine/EngineMaterials/Substrate/Glints2/dict_0004_0154" 8878
"/Engine/EngineMaterials/Substrate/Glints2/dict_0004_0155" 8879
"/Engine/EngineMaterials/Substrate/Glints2/dict_0004_0156" 8880
"/Engine/EngineMaterials/Substrate/Glints2/dict_0004_0157" 8881
"/Engine/EngineMaterials/Substrate/Glints2/dict_0004_0158" 8882
"/Engine/EngineMaterials/Substrate/Glints2/dict_0004_0159" 8883
"/Engine/EngineMaterials/Substrate/Glints2/dict_0004_0160" 8884
"/Engine/EngineMaterials/Substrate/Glints2/dict_0004_0161" 8885
"/Engine/EngineMaterials/Substrate/Glints2/dict_0004_0162" 8886
"/Engine/EngineMaterials/Substrate/Glints2/dict_0004_0163" 8887
"/Engine/EngineMaterials/Substrate/Glints2/dict_0004_0164" 8888
"/Engine/EngineMaterials/Substrate/Glints2/dict_0004_0165" 8889
"/Engine/EngineMaterials/Substrate/Glints2/dict_0004_0166" 8890
"/Engine/EngineMaterials/Substrate/Glints2/dict_0004_0167" 8891
"/Engine/EngineMaterials/Substrate/Glints2/dict_0004_0168" 8892
"/Engine/EngineMaterials/Substrate/Glints2/dict_0004_0169" 8893
"/Engine/EngineMaterials/Substrate/Glints2/dict_0004_0170" 8894
"/Engine/EngineMaterials/Substrate/Glints2/dict_0004_0171" 8895
"/Engine/EngineMaterials/Substrate/Glints2/dict_0004_0172" 8896
"/Engine/EngineMaterials/Substrate/Glints2/dict_0004_0173" 8897
"/Engine/EngineMaterials/Substrate/Glints2/dict_0004_0174" 8898
"../../../Engine/Content/EngineMaterials/Substrate/Glints2/dict_0004_0121.uasset" 8899
"../../../Engine/Content/EngineMaterials/Substrate/Glints2/dict_0004_0124.uasset" 8900
"../../../Engine/Content/EngineMaterials/Substrate/Glints2/dict_0004_0137.uasset" 8901
"../../../Engine/Content/EngineMaterials/Substrate/Glints2/dict_0004_0120.uasset" 8902
"../../../Engine/Content/EngineMaterials/Substrate/Glints2/dict_0004_0126.uasset" 8903
"../../../Engine/Content/EngineMaterials/Substrate/Glints2/dict_0004_0135.uasset" 8904
"../../../Engine/Content/EngineMaterials/Substrate/Glints2/dict_0004_0129.uasset" 8905
"../../../Engine/Content/EngineMaterials/Substrate/Glints2/dict_0004_0123.uasset" 8906
"../../../Engine/Content/EngineMaterials/Substrate/Glints2/dict_0004_0122.uasset" 8907
"../../../Engine/Content/EngineMaterials/Substrate/Glints2/dict_0004_0130.uasset" 8908
"../../../Engine/Content/EngineMaterials/Substrate/Glints2/dict_0004_0132.uasset" 8909
"../../../Engine/Content/EngineMaterials/Substrate/Glints2/dict_0004_0128.uasset" 8910
"../../../Engine/Content/EngineMaterials/Substrate/Glints2/dict_0004_0139.uasset" 8911
"../../../Engine/Content/EngineMaterials/Substrate/Glints2/dict_0004_0136.uasset" 8912
"../../../Engine/Content/EngineMaterials/Substrate/Glints2/dict_0004_0125.uasset" 8913
"../../../Engine/Content/EngineMaterials/Substrate/Glints2/dict_0004_0138.uasset" 8914
"../../../Engine/Content/EngineMaterials/Substrate/Glints2/dict_0004_0142.uasset" 8915
"../../../Engine/Content/EngineMaterials/Substrate/Glints2/dict_0004_0131.uasset" 8916
"../../../Engine/Content/EngineMaterials/Substrate/Glints2/dict_0004_0133.uasset" 8917
"../../../Engine/Content/EngineMaterials/Substrate/Glints2/dict_0004_0134.uasset" 8918
"../../../Engine/Content/EngineMaterials/Substrate/Glints2/dict_0004_0140.uasset" 8919
"../../../Engine/Content/EngineMaterials/Substrate/Glints2/dict_0004_0127.uasset" 8920
"../../../Engine/Content/EngineMaterials/Substrate/Glints2/dict_0004_0141.uasset" 8921
"/Engine/EngineMaterials/Substrate/Glints2/dict_0004_0120" 8922
"/Engine/EngineMaterials/Substrate/Glints2/dict_0004_0121" 8923
"/Engine/EngineMaterials/Substrate/Glints2/dict_0004_0122" 8924
"/Engine/EngineMaterials/Substrate/Glints2/dict_0004_0123" 8925
"../../../Engine/Content/EngineMaterials/Substrate/Glints2/dict_0004_0119.uasset" 8926
"../../../Engine/Content/EngineMaterials/Substrate/Glints2/dict_0004_0114.uasset" 8927
"../../../Engine/Content/EngineMaterials/Substrate/Glints2/dict_0004_0113.uasset" 8928
"/Engine/EngineMaterials/Substrate/Glints2/dict_0004_0124" 8929
"../../../Engine/Content/EngineMaterials/Substrate/Glints2/dict_0004_0115.uasset" 8930
"../../../Engine/Content/EngineMaterials/Substrate/Glints2/dict_0004_0116.uasset" 8931
"../../../Engine/Content/EngineMaterials/Substrate/Glints2/dict_0004_0111.uasset" 8932
"../../../Engine/Content/EngineMaterials/Substrate/Glints2/dict_0004_0112.uasset" 8933
"../../../Engine/Content/EngineMaterials/Substrate/Glints2/dict_0004_0117.uasset" 8934
"../../../Engine/Content/EngineMaterials/Substrate/Glints2/dict_0004_0118.uasset" 8935
"/Engine/EngineMaterials/Substrate/Glints2/dict_0004_0125" 8936
"/Engine/EngineMaterials/Substrate/Glints2/dict_0004_0126" 8937
"/Engine/EngineMaterials/Substrate/Glints2/dict_0004_0127" 8938
"/Engine/EngineMaterials/Substrate/Glints2/dict_0004_0128" 8939
"/Engine/EngineMaterials/Substrate/Glints2/dict_0004_0129" 8940
"/Engine/EngineMaterials/Substrate/Glints2/dict_0004_0130" 8941
"/Engine/EngineMaterials/Substrate/Glints2/dict_0004_0131" 8942
"/Engine/EngineMaterials/Substrate/Glints2/dict_0004_0132" 8943
"/Engine/EngineMaterials/Substrate/Glints2/dict_0004_0133" 8944
"/Engine/EngineMaterials/Substrate/Glints2/dict_0004_0134" 8945
"/Engine/EngineMaterials/Substrate/Glints2/dict_0004_0135" 8946
"/Engine/EngineMaterials/Substrate/Glints2/dict_0004_0136" 8947
"/Engine/EngineMaterials/Substrate/Glints2/dict_0004_0137" 8948
"/Engine/EngineMaterials/Substrate/Glints2/dict_0004_0138" 8949
"/Engine/EngineMaterials/Substrate/Glints2/dict_0004_0139" 8950
"/Engine/EngineMaterials/Substrate/Glints2/dict_0004_0140" 8951
"/Engine/EngineMaterials/Substrate/Glints2/dict_0004_0141" 8952
"/Engine/EngineMaterials/Substrate/Glints2/dict_0004_0142" 8953
"/Engine/EngineMaterials/Substrate/Glints2/dict_0004_0111" 8954
"/Engine/EngineMaterials/Substrate/Glints2/dict_0004_0112" 8955
"/Engine/EngineMaterials/Substrate/Glints2/dict_0004_0113" 8956
"/Engine/EngineMaterials/Substrate/Glints2/dict_0004_0114" 8957
"/Engine/EngineMaterials/Substrate/Glints2/dict_0004_0115" 8958
"/Engine/EngineMaterials/Substrate/Glints2/dict_0004_0116" 8959
"/Engine/EngineMaterials/Substrate/Glints2/dict_0004_0117" 8960
"/Engine/EngineMaterials/Substrate/Glints2/dict_0004_0118" 8961
"/Engine/EngineMaterials/Substrate/Glints2/dict_0004_0119" 8962
"../../../Engine/Content/EngineMaterials/Substrate/Glints2/dict_0004_0101.uasset" 8963
"../../../Engine/Content/EngineMaterials/Substrate/Glints2/dict_0004_0093.uasset" 8964
"../../../Engine/Content/EngineMaterials/Substrate/Glints2/dict_0004_0105.uasset" 8965
"../../../Engine/Content/EngineMaterials/Substrate/Glints2/dict_0004_0088.uasset" 8966
"../../../Engine/Content/EngineMaterials/Substrate/Glints2/dict_0004_0099.uasset" 8967
"../../../Engine/Content/EngineMaterials/Substrate/Glints2/dict_0004_0106.uasset" 8968
"../../../Engine/Content/EngineMaterials/Substrate/Glints2/dict_0004_0089.uasset" 8969
"../../../Engine/Content/EngineMaterials/Substrate/Glints2/dict_0004_0095.uasset" 8970
"../../../Engine/Content/EngineMaterials/Substrate/Glints2/dict_0004_0108.uasset" 8971
"../../../Engine/Content/EngineMaterials/Substrate/Glints2/dict_0004_0090.uasset" 8972
"../../../Engine/Content/EngineMaterials/Substrate/Glints2/dict_0004_0091.uasset" 8973
"../../../Engine/Content/EngineMaterials/Substrate/Glints2/dict_0004_0096.uasset" 8974
"../../../Engine/Content/EngineMaterials/Substrate/Glints2/dict_0004_0097.uasset" 8975
"../../../Engine/Content/EngineMaterials/Substrate/Glints2/dict_0004_0110.uasset" 8976
"../../../Engine/Content/EngineMaterials/Substrate/Glints2/dict_0004_0098.uasset" 8977
"../../../Engine/Content/EngineMaterials/Substrate/Glints2/dict_0004_0100.uasset" 8978
"../../../Engine/Content/EngineMaterials/Substrate/Glints2/dict_0004_0104.uasset" 8979
"../../../Engine/Content/EngineMaterials/Substrate/Glints2/dict_0004_0092.uasset" 8980
"../../../Engine/Content/EngineMaterials/Substrate/Glints2/dict_0004_0107.uasset" 8981
"../../../Engine/Content/EngineMaterials/Substrate/Glints2/dict_0004_0109.uasset" 8982
"../../../Engine/Content/EngineMaterials/Substrate/Glints2/dict_0004_0103.uasset" 8983
"../../../Engine/Content/EngineMaterials/Substrate/Glints2/dict_0004_0102.uasset" 8984
"../../../Engine/Content/EngineMaterials/Substrate/Glints2/dict_0004_0094.uasset" 8985
"../../../Engine/Content/EngineMaterials/Substrate/Glints2/dict_0004_0081.uasset" 8986
"../../../Engine/Content/EngineMaterials/Substrate/Glints2/dict_0004_0087.uasset" 8987
"../../../Engine/Content/EngineMaterials/Substrate/Glints2/dict_0004_0084.uasset" 8988
"../../../Engine/Content/EngineMaterials/Substrate/Glints2/dict_0004_0080.uasset" 8989
"../../../Engine/Content/EngineMaterials/Substrate/Glints2/dict_0004_0085.uasset" 8990
"../../../Engine/Content/EngineMaterials/Substrate/Glints2/dict_0004_0086.uasset" 8991
"../../../Engine/Content/EngineMaterials/Substrate/Glints2/dict_0004_0079.uasset" 8992
"../../../Engine/Content/EngineMaterials/Substrate/Glints2/dict_0004_0082.uasset" 8993
"../../../Engine/Content/EngineMaterials/Substrate/Glints2/dict_0004_0083.uasset" 8994
"/Engine/EngineMaterials/Substrate/Glints2/dict_0004_0079" 8995
"/Engine/EngineMaterials/Substrate/Glints2/dict_0004_0080" 8996
"/Engine/EngineMaterials/Substrate/Glints2/dict_0004_0081" 8997
"/Engine/EngineMaterials/Substrate/Glints2/dict_0004_0082" 8998
"/Engine/EngineMaterials/Substrate/Glints2/dict_0004_0083" 8999
"/Engine/EngineMaterials/Substrate/Glints2/dict_0004_0084" 9000
"/Engine/EngineMaterials/Substrate/Glints2/dict_0004_0085" 9001
"/Engine/EngineMaterials/Substrate/Glints2/dict_0004_0086" 9002
"/Engine/EngineMaterials/Substrate/Glints2/dict_0004_0087" 9003
"/Engine/EngineMaterials/Substrate/Glints2/dict_0004_0088" 9004
"/Engine/EngineMaterials/Substrate/Glints2/dict_0004_0089" 9005
"/Engine/EngineMaterials/Substrate/Glints2/dict_0004_0090" 9006
"/Engine/EngineMaterials/Substrate/Glints2/dict_0004_0091" 9007
"/Engine/EngineMaterials/Substrate/Glints2/dict_0004_0092" 9008
"/Engine/EngineMaterials/Substrate/Glints2/dict_0004_0093" 9009
"/Engine/EngineMaterials/Substrate/Glints2/dict_0004_0094" 9010
"/Engine/EngineMaterials/Substrate/Glints2/dict_0004_0095" 9011
"/Engine/EngineMaterials/Substrate/Glints2/dict_0004_0096" 9012
"/Engine/EngineMaterials/Substrate/Glints2/dict_0004_0097" 9013
"/Engine/EngineMaterials/Substrate/Glints2/dict_0004_0098" 9014
"/Engine/EngineMaterials/Substrate/Glints2/dict_0004_0099" 9015
"/Engine/EngineMaterials/Substrate/Glints2/dict_0004_0100" 9016
"/Engine/EngineMaterials/Substrate/Glints2/dict_0004_0101" 9017
"/Engine/EngineMaterials/Substrate/Glints2/dict_0004_0102" 9018
"/Engine/EngineMaterials/Substrate/Glints2/dict_0004_0103" 9019
"/Engine/EngineMaterials/Substrate/Glints2/dict_0004_0104" 9020
"/Engine/EngineMaterials/Substrate/Glints2/dict_0004_0105" 9021
"/Engine/EngineMaterials/Substrate/Glints2/dict_0004_0106" 9022
"/Engine/EngineMaterials/Substrate/Glints2/dict_0004_0107" 9023
"/Engine/EngineMaterials/Substrate/Glints2/dict_0004_0108" 9024
"/Engine/EngineMaterials/Substrate/Glints2/dict_0004_0109" 9025
"/Engine/EngineMaterials/Substrate/Glints2/dict_0004_0110" 9026
"../../../Engine/Content/EngineMaterials/Substrate/Glints2/dict_0004_0072.uasset" 9027
"../../../Engine/Content/EngineMaterials/Substrate/Glints2/dict_0004_0061.uasset" 9028
"../../../Engine/Content/EngineMaterials/Substrate/Glints2/dict_0004_0056.uasset" 9029
"../../../Engine/Content/EngineMaterials/Substrate/Glints2/dict_0004_0058.uasset" 9030
"../../../Engine/Content/EngineMaterials/Substrate/Glints2/dict_0004_0063.uasset" 9031
"../../../Engine/Content/EngineMaterials/Substrate/Glints2/dict_0004_0071.uasset" 9032
"../../../Engine/Content/EngineMaterials/Substrate/Glints2/dict_0004_0077.uasset" 9033
"../../../Engine/Content/EngineMaterials/Substrate/Glints2/dict_0004_0068.uasset" 9034
"../../../Engine/Content/EngineMaterials/Substrate/Glints2/dict_0004_0076.uasset" 9035
"../../../Engine/Content/EngineMaterials/Substrate/Glints2/dict_0004_0062.uasset" 9036
"../../../Engine/Content/EngineMaterials/Substrate/Glints2/dict_0004_0069.uasset" 9037
"../../../Engine/Content/EngineMaterials/Substrate/Glints2/dict_0004_0066.uasset" 9038
"../../../Engine/Content/EngineMaterials/Substrate/Glints2/dict_0004_0074.uasset" 9039
"../../../Engine/Content/EngineMaterials/Substrate/Glints2/dict_0004_0070.uasset" 9040
"../../../Engine/Content/EngineMaterials/Substrate/Glints2/dict_0004_0067.uasset" 9041
"../../../Engine/Content/EngineMaterials/Substrate/Glints2/dict_0004_0065.uasset" 9042
"../../../Engine/Content/EngineMaterials/Substrate/Glints2/dict_0004_0073.uasset" 9043
"../../../Engine/Content/EngineMaterials/Substrate/Glints2/dict_0004_0078.uasset" 9044
"../../../Engine/Content/EngineMaterials/Substrate/Glints2/dict_0004_0064.uasset" 9045
"../../../Engine/Content/EngineMaterials/Substrate/Glints2/dict_0004_0060.uasset" 9046
"../../../Engine/Content/EngineMaterials/Substrate/Glints2/dict_0004_0075.uasset" 9047
"../../../Engine/Content/EngineMaterials/Substrate/Glints2/dict_0004_0057.uasset" 9048
"../../../Engine/Content/EngineMaterials/Substrate/Glints2/dict_0004_0059.uasset" 9049
"/Engine/EngineMaterials/Substrate/Glints2/dict_0004_0056" 9050
"/Engine/EngineMaterials/Substrate/Glints2/dict_0004_0057" 9051
"/Engine/EngineMaterials/Substrate/Glints2/dict_0004_0058" 9052
"../../../Engine/Content/EngineMaterials/Substrate/Glints2/dict_0004_0050.uasset" 9053
"../../../Engine/Content/EngineMaterials/Substrate/Glints2/dict_0004_0053.uasset" 9054
"/Engine/EngineMaterials/Substrate/Glints2/dict_0004_0059" 9055
"../../../Engine/Content/EngineMaterials/Substrate/Glints2/dict_0004_0049.uasset" 9056
"../../../Engine/Content/EngineMaterials/Substrate/Glints2/dict_0004_0054.uasset" 9057
"../../../Engine/Content/EngineMaterials/Substrate/Glints2/dict_0004_0052.uasset" 9058
"../../../Engine/Content/EngineMaterials/Substrate/Glints2/dict_0004_0047.uasset" 9059
"../../../Engine/Content/EngineMaterials/Substrate/Glints2/dict_0004_0055.uasset" 9060
"../../../Engine/Content/EngineMaterials/Substrate/Glints2/dict_0004_0051.uasset" 9061
"/Engine/EngineMaterials/Substrate/Glints2/dict_0004_0060" 9062
"../../../Engine/Content/EngineMaterials/Substrate/Glints2/dict_0004_0048.uasset" 9063
"/Engine/EngineMaterials/Substrate/Glints2/dict_0004_0061" 9064
"/Engine/EngineMaterials/Substrate/Glints2/dict_0004_0062" 9065
"/Engine/EngineMaterials/Substrate/Glints2/dict_0004_0063" 9066
"/Engine/EngineMaterials/Substrate/Glints2/dict_0004_0064" 9067
"/Engine/EngineMaterials/Substrate/Glints2/dict_0004_0065" 9068
"/Engine/EngineMaterials/Substrate/Glints2/dict_0004_0066" 9069
"/Engine/EngineMaterials/Substrate/Glints2/dict_0004_0067" 9070
"/Engine/EngineMaterials/Substrate/Glints2/dict_0004_0068" 9071
"/Engine/EngineMaterials/Substrate/Glints2/dict_0004_0069" 9072
"/Engine/EngineMaterials/Substrate/Glints2/dict_0004_0070" 9073
"/Engine/EngineMaterials/Substrate/Glints2/dict_0004_0071" 9074
"/Engine/EngineMaterials/Substrate/Glints2/dict_0004_0072" 9075
"/Engine/EngineMaterials/Substrate/Glints2/dict_0004_0073" 9076
"/Engine/EngineMaterials/Substrate/Glints2/dict_0004_0074" 9077
"/Engine/EngineMaterials/Substrate/Glints2/dict_0004_0075" 9078
"/Engine/EngineMaterials/Substrate/Glints2/dict_0004_0076" 9079
"/Engine/EngineMaterials/Substrate/Glints2/dict_0004_0077" 9080
"/Engine/EngineMaterials/Substrate/Glints2/dict_0004_0078" 9081
"/Engine/EngineMaterials/Substrate/Glints2/dict_0004_0047" 9082
"/Engine/EngineMaterials/Substrate/Glints2/dict_0004_0048" 9083
"/Engine/EngineMaterials/Substrate/Glints2/dict_0004_0049" 9084
"/Engine/EngineMaterials/Substrate/Glints2/dict_0004_0050" 9085
"/Engine/EngineMaterials/Substrate/Glints2/dict_0004_0051" 9086
"/Engine/EngineMaterials/Substrate/Glints2/dict_0004_0052" 9087
"/Engine/EngineMaterials/Substrate/Glints2/dict_0004_0053" 9088
"/Engine/EngineMaterials/Substrate/Glints2/dict_0004_0054" 9089
"/Engine/EngineMaterials/Substrate/Glints2/dict_0004_0055" 9090
"../../../Engine/Content/EngineMaterials/Substrate/Glints2/dict_0004_0029.uasset" 9091
"../../../Engine/Content/EngineMaterials/Substrate/Glints2/dict_0004_0045.uasset" 9092
"../../../Engine/Content/EngineMaterials/Substrate/Glints2/dict_0004_0033.uasset" 9093
"../../../Engine/Content/EngineMaterials/Substrate/Glints2/dict_0004_0035.uasset" 9094
"../../../Engine/Content/EngineMaterials/Substrate/Glints2/dict_0004_0034.uasset" 9095
"../../../Engine/Content/EngineMaterials/Substrate/Glints2/dict_0004_0024.uasset" 9096
"../../../Engine/Content/EngineMaterials/Substrate/Glints2/dict_0004_0036.uasset" 9097
"../../../Engine/Content/EngineMaterials/Substrate/Glints2/dict_0004_0044.uasset" 9098
"../../../Engine/Content/EngineMaterials/Substrate/Glints2/dict_0004_0042.uasset" 9099
"../../../Engine/Content/EngineMaterials/Substrate/Glints2/dict_0004_0038.uasset" 9100
"../../../Engine/Content/EngineMaterials/Substrate/Glints2/dict_0004_0025.uasset" 9101
"../../../Engine/Content/EngineMaterials/Substrate/Glints2/dict_0004_0039.uasset" 9102
"../../../Engine/Content/EngineMaterials/Substrate/Glints2/dict_0004_0037.uasset" 9103
"../../../Engine/Content/EngineMaterials/Substrate/Glints2/dict_0004_0030.uasset" 9104
"../../../Engine/Content/EngineMaterials/Substrate/Glints2/dict_0004_0043.uasset" 9105
"../../../Engine/Content/EngineMaterials/Substrate/Glints2/dict_0004_0031.uasset" 9106
"../../../Engine/Content/EngineMaterials/Substrate/Glints2/dict_0004_0041.uasset" 9107
"../../../Engine/Content/EngineMaterials/Substrate/Glints2/dict_0004_0027.uasset" 9108
"../../../Engine/Content/EngineMaterials/Substrate/Glints2/dict_0004_0028.uasset" 9109
"../../../Engine/Content/EngineMaterials/Substrate/Glints2/dict_0004_0046.uasset" 9110
"../../../Engine/Content/EngineMaterials/Substrate/Glints2/dict_0004_0040.uasset" 9111
"../../../Engine/Content/EngineMaterials/Substrate/Glints2/dict_0004_0032.uasset" 9112
"../../../Engine/Content/EngineMaterials/Substrate/Glints2/dict_0004_0026.uasset" 9113
"../../../Engine/Content/EngineMaterials/Substrate/Glints2/dict_0004_0022.uasset" 9114
"../../../Engine/Content/EngineMaterials/Substrate/Glints2/dict_0004_0020.uasset" 9115
"../../../Engine/Content/EngineMaterials/Substrate/Glints2/dict_0004_0021.uasset" 9116
"../../../Engine/Content/EngineMaterials/Substrate/Glints2/dict_0004_0018.uasset" 9117
"../../../Engine/Content/EngineMaterials/Substrate/Glints2/dict_0004_0015.uasset" 9118
"../../../Engine/Content/EngineMaterials/Substrate/Glints2/dict_0004_0023.uasset" 9119
"../../../Engine/Content/EngineMaterials/Substrate/Glints2/dict_0004_0017.uasset" 9120
"../../../Engine/Content/EngineMaterials/Substrate/Glints2/dict_0004_0016.uasset" 9121
"../../../Engine/Content/EngineMaterials/Substrate/Glints2/dict_0004_0019.uasset" 9122
"/Engine/EngineMaterials/Substrate/Glints2/dict_0004_0015" 9123
"/Engine/EngineMaterials/Substrate/Glints2/dict_0004_0016" 9124
"/Engine/EngineMaterials/Substrate/Glints2/dict_0004_0017" 9125
"/Engine/EngineMaterials/Substrate/Glints2/dict_0004_0018" 9126
"/Engine/EngineMaterials/Substrate/Glints2/dict_0004_0019" 9127
"/Engine/EngineMaterials/Substrate/Glints2/dict_0004_0020" 9128
"/Engine/EngineMaterials/Substrate/Glints2/dict_0004_0021" 9129
"/Engine/EngineMaterials/Substrate/Glints2/dict_0004_0022" 9130
"/Engine/EngineMaterials/Substrate/Glints2/dict_0004_0023" 9131
"/Engine/EngineMaterials/Substrate/Glints2/dict_0004_0024" 9132
"/Engine/EngineMaterials/Substrate/Glints2/dict_0004_0025" 9133
"/Engine/EngineMaterials/Substrate/Glints2/dict_0004_0026" 9134
"/Engine/EngineMaterials/Substrate/Glints2/dict_0004_0027" 9135
"/Engine/EngineMaterials/Substrate/Glints2/dict_0004_0028" 9136
"/Engine/EngineMaterials/Substrate/Glints2/dict_0004_0029" 9137
"/Engine/EngineMaterials/Substrate/Glints2/dict_0004_0030" 9138
"/Engine/EngineMaterials/Substrate/Glints2/dict_0004_0031" 9139
"/Engine/EngineMaterials/Substrate/Glints2/dict_0004_0032" 9140
"/Engine/EngineMaterials/Substrate/Glints2/dict_0004_0033" 9141
"/Engine/EngineMaterials/Substrate/Glints2/dict_0004_0034" 9142
"/Engine/EngineMaterials/Substrate/Glints2/dict_0004_0035" 9143
"/Engine/EngineMaterials/Substrate/Glints2/dict_0004_0036" 9144
"/Engine/EngineMaterials/Substrate/Glints2/dict_0004_0037" 9145
"/Engine/EngineMaterials/Substrate/Glints2/dict_0004_0038" 9146
"/Engine/EngineMaterials/Substrate/Glints2/dict_0004_0039" 9147
"/Engine/EngineMaterials/Substrate/Glints2/dict_0004_0040" 9148
"/Engine/EngineMaterials/Substrate/Glints2/dict_0004_0041" 9149
"/Engine/EngineMaterials/Substrate/Glints2/dict_0004_0042" 9150
"/Engine/EngineMaterials/Substrate/Glints2/dict_0004_0043" 9151
"/Engine/EngineMaterials/Substrate/Glints2/dict_0004_0044" 9152
"/Engine/EngineMaterials/Substrate/Glints2/dict_0004_0045" 9153
"/Engine/EngineMaterials/Substrate/Glints2/dict_0004_0046" 9154
"../../../Engine/Content/EngineMaterials/Substrate/Glints2/dict_0004_0004.uasset" 9155
"../../../Engine/Content/EngineMaterials/Substrate/Glints2/dict_0004_0012.uasset" 9156
"../../../Engine/Content/EngineMaterials/Substrate/Glints2/dict_0003_0252.uasset" 9157
"../../../Engine/Content/EngineMaterials/Substrate/Glints2/dict_0004_0011.uasset" 9158
"../../../Engine/Content/EngineMaterials/Substrate/Glints2/dict_0004_0009.uasset" 9159
"../../../Engine/Content/EngineMaterials/Substrate/Glints2/dict_0003_0248.uasset" 9160
"../../../Engine/Content/EngineMaterials/Substrate/Glints2/dict_0004_0001.uasset" 9161
"../../../Engine/Content/EngineMaterials/Substrate/Glints2/dict_0004_0010.uasset" 9162
"../../../Engine/Content/EngineMaterials/Substrate/Glints2/dict_0004_0003.uasset" 9163
"../../../Engine/Content/EngineMaterials/Substrate/Glints2/dict_0003_0251.uasset" 9164
"../../../Engine/Content/EngineMaterials/Substrate/Glints2/dict_0004_0006.uasset" 9165
"../../../Engine/Content/EngineMaterials/Substrate/Glints2/dict_0003_0253.uasset" 9166
"../../../Engine/Content/EngineMaterials/Substrate/Glints2/dict_0004_0007.uasset" 9167
"../../../Engine/Content/EngineMaterials/Substrate/Glints2/dict_0004_0005.uasset" 9168
"../../../Engine/Content/EngineMaterials/Substrate/Glints2/dict_0004_0002.uasset" 9169
"../../../Engine/Content/EngineMaterials/Substrate/Glints2/dict_0003_0254.uasset" 9170
"../../../Engine/Content/EngineMaterials/Substrate/Glints2/dict_0004_0000.uasset" 9171
"../../../Engine/Content/EngineMaterials/Substrate/Glints2/dict_0004_0008.uasset" 9172
"../../../Engine/Content/EngineMaterials/Substrate/Glints2/dict_0003_0255.uasset" 9173
"../../../Engine/Content/EngineMaterials/Substrate/Glints2/dict_0004_0014.uasset" 9174
"../../../Engine/Content/EngineMaterials/Substrate/Glints2/dict_0003_0250.uasset" 9175
"../../../Engine/Content/EngineMaterials/Substrate/Glints2/dict_0004_0013.uasset" 9176
"../../../Engine/Content/EngineMaterials/Substrate/Glints2/dict_0003_0249.uasset" 9177
"../../../Engine/Content/EngineMaterials/Substrate/Glints2/dict_0003_0246.uasset" 9178
"../../../Engine/Content/EngineMaterials/Substrate/Glints2/dict_0003_0247.uasset" 9179
"../../../Engine/Content/EngineMaterials/Substrate/Glints2/dict_0003_0244.uasset" 9180
"../../../Engine/Content/EngineMaterials/Substrate/Glints2/dict_0003_0239.uasset" 9181
"/Engine/EngineMaterials/Substrate/Glints2/dict_0003_0244" 9182
"../../../Engine/Content/EngineMaterials/Substrate/Glints2/dict_0003_0243.uasset" 9183
"../../../Engine/Content/EngineMaterials/Substrate/Glints2/dict_0003_0245.uasset" 9184
"../../../Engine/Content/EngineMaterials/Substrate/Glints2/dict_0003_0241.uasset" 9185
"../../../Engine/Content/EngineMaterials/Substrate/Glints2/dict_0003_0240.uasset" 9186
"/Engine/EngineMaterials/Substrate/Glints2/dict_0003_0246" 9187
"/Engine/EngineMaterials/Substrate/Glints2/dict_0003_0247" 9188
"/Engine/EngineMaterials/Substrate/Glints2/dict_0003_0248" 9189
"../../../Engine/Content/EngineMaterials/Substrate/Glints2/dict_0003_0242.uasset" 9190
"/Engine/EngineMaterials/Substrate/Glints2/dict_0003_0249" 9191
"/Engine/EngineMaterials/Substrate/Glints2/dict_0003_0250" 9192
"/Engine/EngineMaterials/Substrate/Glints2/dict_0003_0251" 9193
"/Engine/EngineMaterials/Substrate/Glints2/dict_0003_0252" 9194
"/Engine/EngineMaterials/Substrate/Glints2/dict_0003_0253" 9195
"/Engine/EngineMaterials/Substrate/Glints2/dict_0003_0254" 9196
"/Engine/EngineMaterials/Substrate/Glints2/dict_0003_0255" 9197
"/Engine/EngineMaterials/Substrate/Glints2/dict_0004_0000" 9198
"/Engine/EngineMaterials/Substrate/Glints2/dict_0004_0001" 9199
"/Engine/EngineMaterials/Substrate/Glints2/dict_0004_0002" 9200
"/Engine/EngineMaterials/Substrate/Glints2/dict_0004_0003" 9201
"/Engine/EngineMaterials/Substrate/Glints2/dict_0004_0004" 9202
"/Engine/EngineMaterials/Substrate/Glints2/dict_0004_0005" 9203
"/Engine/EngineMaterials/Substrate/Glints2/dict_0004_0006" 9204
"/Engine/EngineMaterials/Substrate/Glints2/dict_0004_0007" 9205
"/Engine/EngineMaterials/Substrate/Glints2/dict_0004_0008" 9206
"/Engine/EngineMaterials/Substrate/Glints2/dict_0004_0009" 9207
"/Engine/EngineMaterials/Substrate/Glints2/dict_0004_0010" 9208
"/Engine/EngineMaterials/Substrate/Glints2/dict_0004_0011" 9209
"/Engine/EngineMaterials/Substrate/Glints2/dict_0004_0012" 9210
"/Engine/EngineMaterials/Substrate/Glints2/dict_0004_0013" 9211
"/Engine/EngineMaterials/Substrate/Glints2/dict_0004_0014" 9212
"/Engine/EngineMaterials/Substrate/Glints2/dict_0003_0239" 9213
"/Engine/EngineMaterials/Substrate/Glints2/dict_0003_0240" 9214
"/Engine/EngineMaterials/Substrate/Glints2/dict_0003_0241" 9215
"/Engine/EngineMaterials/Substrate/Glints2/dict_0003_0242" 9216
"/Engine/EngineMaterials/Substrate/Glints2/dict_0003_0243" 9217
"/Engine/EngineMaterials/Substrate/Glints2/dict_0003_0245" 9218
"../../../Engine/Content/EngineMaterials/Substrate/Glints2/dict_0003_0222.uasset" 9219
"../../../Engine/Content/EngineMaterials/Substrate/Glints2/dict_0003_0216.uasset" 9220
"../../../Engine/Content/EngineMaterials/Substrate/Glints2/dict_0003_0225.uasset" 9221
"../../../Engine/Content/EngineMaterials/Substrate/Glints2/dict_0003_0237.uasset" 9222
"../../../Engine/Content/EngineMaterials/Substrate/Glints2/dict_0003_0228.uasset" 9223
"../../../Engine/Content/EngineMaterials/Substrate/Glints2/dict_0003_0229.uasset" 9224
"../../../Engine/Content/EngineMaterials/Substrate/Glints2/dict_0003_0230.uasset" 9225
"../../../Engine/Content/EngineMaterials/Substrate/Glints2/dict_0003_0217.uasset" 9226
"../../../Engine/Content/EngineMaterials/Substrate/Glints2/dict_0003_0227.uasset" 9227
"../../../Engine/Content/EngineMaterials/Substrate/Glints2/dict_0003_0233.uasset" 9228
"../../../Engine/Content/EngineMaterials/Substrate/Glints2/dict_0003_0221.uasset" 9229
"../../../Engine/Content/EngineMaterials/Substrate/Glints2/dict_0003_0219.uasset" 9230
"../../../Engine/Content/EngineMaterials/Substrate/Glints2/dict_0003_0234.uasset" 9231
"../../../Engine/Content/EngineMaterials/Substrate/Glints2/dict_0003_0232.uasset" 9232
"../../../Engine/Content/EngineMaterials/Substrate/Glints2/dict_0003_0224.uasset" 9233
"../../../Engine/Content/EngineMaterials/Substrate/Glints2/dict_0003_0220.uasset" 9234
"../../../Engine/Content/EngineMaterials/Substrate/Glints2/dict_0003_0223.uasset" 9235
"../../../Engine/Content/EngineMaterials/Substrate/Glints2/dict_0003_0236.uasset" 9236
"../../../Engine/Content/EngineMaterials/Substrate/Glints2/dict_0003_0231.uasset" 9237
"../../../Engine/Content/EngineMaterials/Substrate/Glints2/dict_0003_0218.uasset" 9238
"../../../Engine/Content/EngineMaterials/Substrate/Glints2/dict_0003_0226.uasset" 9239
"../../../Engine/Content/EngineMaterials/Substrate/Glints2/dict_0003_0238.uasset" 9240
"../../../Engine/Content/EngineMaterials/Substrate/Glints2/dict_0003_0235.uasset" 9241
"../../../Engine/Content/EngineMaterials/Substrate/Glints2/dict_0003_0213.uasset" 9242
"../../../Engine/Content/EngineMaterials/Substrate/Glints2/dict_0003_0211.uasset" 9243
"../../../Engine/Content/EngineMaterials/Substrate/Glints2/dict_0003_0212.uasset" 9244
"../../../Engine/Content/EngineMaterials/Substrate/Glints2/dict_0003_0214.uasset" 9245
"../../../Engine/Content/EngineMaterials/Substrate/Glints2/dict_0003_0209.uasset" 9246
"../../../Engine/Content/EngineMaterials/Substrate/Glints2/dict_0003_0207.uasset" 9247
"../../../Engine/Content/EngineMaterials/Substrate/Glints2/dict_0003_0208.uasset" 9248
"../../../Engine/Content/EngineMaterials/Substrate/Glints2/dict_0003_0215.uasset" 9249
"../../../Engine/Content/EngineMaterials/Substrate/Glints2/dict_0003_0210.uasset" 9250
"/Engine/EngineMaterials/Substrate/Glints2/dict_0003_0207" 9251
"/Engine/EngineMaterials/Substrate/Glints2/dict_0003_0208" 9252
"/Engine/EngineMaterials/Substrate/Glints2/dict_0003_0209" 9253
"/Engine/EngineMaterials/Substrate/Glints2/dict_0003_0210" 9254
"/Engine/EngineMaterials/Substrate/Glints2/dict_0003_0211" 9255
"/Engine/EngineMaterials/Substrate/Glints2/dict_0003_0213" 9256
"/Engine/EngineMaterials/Substrate/Glints2/dict_0003_0212" 9257
"/Engine/EngineMaterials/Substrate/Glints2/dict_0003_0214" 9258
"/Engine/EngineMaterials/Substrate/Glints2/dict_0003_0215" 9259
"/Engine/EngineMaterials/Substrate/Glints2/dict_0003_0216" 9260
"/Engine/EngineMaterials/Substrate/Glints2/dict_0003_0217" 9261
"/Engine/EngineMaterials/Substrate/Glints2/dict_0003_0218" 9262
"/Engine/EngineMaterials/Substrate/Glints2/dict_0003_0219" 9263
"/Engine/EngineMaterials/Substrate/Glints2/dict_0003_0220" 9264
"/Engine/EngineMaterials/Substrate/Glints2/dict_0003_0221" 9265
"/Engine/EngineMaterials/Substrate/Glints2/dict_0003_0222" 9266
"/Engine/EngineMaterials/Substrate/Glints2/dict_0003_0223" 9267
"/Engine/EngineMaterials/Substrate/Glints2/dict_0003_0224" 9268
"/Engine/EngineMaterials/Substrate/Glints2/dict_0003_0225" 9269
"/Engine/EngineMaterials/Substrate/Glints2/dict_0003_0226" 9270
"/Engine/EngineMaterials/Substrate/Glints2/dict_0003_0227" 9271
"/Engine/EngineMaterials/Substrate/Glints2/dict_0003_0228" 9272
"/Engine/EngineMaterials/Substrate/Glints2/dict_0003_0229" 9273
"/Engine/EngineMaterials/Substrate/Glints2/dict_0003_0230" 9274
"/Engine/EngineMaterials/Substrate/Glints2/dict_0003_0231" 9275
"/Engine/EngineMaterials/Substrate/Glints2/dict_0003_0232" 9276
"/Engine/EngineMaterials/Substrate/Glints2/dict_0003_0233" 9277
"/Engine/EngineMaterials/Substrate/Glints2/dict_0003_0234" 9278
"/Engine/EngineMaterials/Substrate/Glints2/dict_0003_0235" 9279
"/Engine/EngineMaterials/Substrate/Glints2/dict_0003_0236" 9280
"/Engine/EngineMaterials/Substrate/Glints2/dict_0003_0237" 9281
"/Engine/EngineMaterials/Substrate/Glints2/dict_0003_0238" 9282
"../../../Engine/Content/EngineMaterials/Substrate/Glints2/dict_0003_0185.uasset" 9283
"../../../Engine/Content/EngineMaterials/Substrate/Glints2/dict_0003_0194.uasset" 9284
"../../../Engine/Content/EngineMaterials/Substrate/Glints2/dict_0003_0187.uasset" 9285
"../../../Engine/Content/EngineMaterials/Substrate/Glints2/dict_0003_0199.uasset" 9286
"../../../Engine/Content/EngineMaterials/Substrate/Glints2/dict_0003_0201.uasset" 9287
"../../../Engine/Content/EngineMaterials/Substrate/Glints2/dict_0003_0193.uasset" 9288
"../../../Engine/Content/EngineMaterials/Substrate/Glints2/dict_0003_0200.uasset" 9289
"../../../Engine/Content/EngineMaterials/Substrate/Glints2/dict_0003_0188.uasset" 9290
"../../../Engine/Content/EngineMaterials/Substrate/Glints2/dict_0003_0195.uasset" 9291
"../../../Engine/Content/EngineMaterials/Substrate/Glints2/dict_0003_0205.uasset" 9292
"../../../Engine/Content/EngineMaterials/Substrate/Glints2/dict_0003_0190.uasset" 9293
"../../../Engine/Content/EngineMaterials/Substrate/Glints2/dict_0003_0204.uasset" 9294
"../../../Engine/Content/EngineMaterials/Substrate/Glints2/dict_0003_0197.uasset" 9295
"../../../Engine/Content/EngineMaterials/Substrate/Glints2/dict_0003_0206.uasset" 9296
"../../../Engine/Content/EngineMaterials/Substrate/Glints2/dict_0003_0202.uasset" 9297
"../../../Engine/Content/EngineMaterials/Substrate/Glints2/dict_0003_0184.uasset" 9298
"../../../Engine/Content/EngineMaterials/Substrate/Glints2/dict_0003_0196.uasset" 9299
"../../../Engine/Content/EngineMaterials/Substrate/Glints2/dict_0003_0189.uasset" 9300
"../../../Engine/Content/EngineMaterials/Substrate/Glints2/dict_0003_0203.uasset" 9301
"../../../Engine/Content/EngineMaterials/Substrate/Glints2/dict_0003_0191.uasset" 9302
"../../../Engine/Content/EngineMaterials/Substrate/Glints2/dict_0003_0198.uasset" 9303
"../../../Engine/Content/EngineMaterials/Substrate/Glints2/dict_0003_0192.uasset" 9304
"../../../Engine/Content/EngineMaterials/Substrate/Glints2/dict_0003_0186.uasset" 9305
"/Engine/EngineMaterials/Substrate/Glints2/dict_0003_0184" 9306
"/Engine/EngineMaterials/Substrate/Glints2/dict_0003_0185" 9307
"/Engine/EngineMaterials/Substrate/Glints2/dict_0003_0186" 9308
"../../../Engine/Content/EngineMaterials/Substrate/Glints2/dict_0003_0179.uasset" 9309
"../../../Engine/Content/EngineMaterials/Substrate/Glints2/dict_0003_0182.uasset" 9310
"../../../Engine/Content/EngineMaterials/Substrate/Glints2/dict_0003_0181.uasset" 9311
"../../../Engine/Content/EngineMaterials/Substrate/Glints2/dict_0003_0180.uasset" 9312
"../../../Engine/Content/EngineMaterials/Substrate/Glints2/dict_0003_0177.uasset" 9313
"/Engine/EngineMaterials/Substrate/Glints2/dict_0003_0187" 9314
"../../../Engine/Content/EngineMaterials/Substrate/Glints2/dict_0003_0176.uasset" 9315
"../../../Engine/Content/EngineMaterials/Substrate/Glints2/dict_0003_0178.uasset" 9316
"/Engine/EngineMaterials/Substrate/Glints2/dict_0003_0188" 9317
"../../../Engine/Content/EngineMaterials/Substrate/Glints2/dict_0003_0175.uasset" 9318
"../../../Engine/Content/EngineMaterials/Substrate/Glints2/dict_0003_0183.uasset" 9319
"/Engine/EngineMaterials/Substrate/Glints2/dict_0003_0189" 9320
"/Engine/EngineMaterials/Substrate/Glints2/dict_0003_0190" 9321
"/Engine/EngineMaterials/Substrate/Glints2/dict_0003_0191" 9322
"/Engine/EngineMaterials/Substrate/Glints2/dict_0003_0192" 9323
"/Engine/EngineMaterials/Substrate/Glints2/dict_0003_0193" 9324
"/Engine/EngineMaterials/Substrate/Glints2/dict_0003_0194" 9325
"/Engine/EngineMaterials/Substrate/Glints2/dict_0003_0195" 9326
"/Engine/EngineMaterials/Substrate/Glints2/dict_0003_0196" 9327
"/Engine/EngineMaterials/Substrate/Glints2/dict_0003_0197" 9328
"/Engine/EngineMaterials/Substrate/Glints2/dict_0003_0198" 9329
"/Engine/EngineMaterials/Substrate/Glints2/dict_0003_0199" 9330
"/Engine/EngineMaterials/Substrate/Glints2/dict_0003_0200" 9331
"/Engine/EngineMaterials/Substrate/Glints2/dict_0003_0201" 9332
"/Engine/EngineMaterials/Substrate/Glints2/dict_0003_0202" 9333
"/Engine/EngineMaterials/Substrate/Glints2/dict_0003_0203" 9334
"/Engine/EngineMaterials/Substrate/Glints2/dict_0003_0204" 9335
"/Engine/EngineMaterials/Substrate/Glints2/dict_0003_0205" 9336
"/Engine/EngineMaterials/Substrate/Glints2/dict_0003_0206" 9337
"/Engine/EngineMaterials/Substrate/Glints2/dict_0003_0175" 9338
"/Engine/EngineMaterials/Substrate/Glints2/dict_0003_0176" 9339
"/Engine/EngineMaterials/Substrate/Glints2/dict_0003_0177" 9340
"/Engine/EngineMaterials/Substrate/Glints2/dict_0003_0178" 9341
"/Engine/EngineMaterials/Substrate/Glints2/dict_0003_0179" 9342
"/Engine/EngineMaterials/Substrate/Glints2/dict_0003_0180" 9343
"/Engine/EngineMaterials/Substrate/Glints2/dict_0003_0181" 9344
"/Engine/EngineMaterials/Substrate/Glints2/dict_0003_0182" 9345
"/Engine/EngineMaterials/Substrate/Glints2/dict_0003_0183" 9346
"../../../Engine/Content/EngineMaterials/Substrate/Glints2/dict_0003_0165.uasset" 9347
"../../../Engine/Content/EngineMaterials/Substrate/Glints2/dict_0003_0160.uasset" 9348
"../../../Engine/Content/EngineMaterials/Substrate/Glints2/dict_0003_0154.uasset" 9349
"../../../Engine/Content/EngineMaterials/Substrate/Glints2/dict_0003_0173.uasset" 9350
"../../../Engine/Content/EngineMaterials/Substrate/Glints2/dict_0003_0156.uasset" 9351
"../../../Engine/Content/EngineMaterials/Substrate/Glints2/dict_0003_0161.uasset" 9352
"../../../Engine/Content/EngineMaterials/Substrate/Glints2/dict_0003_0155.uasset" 9353
"../../../Engine/Content/EngineMaterials/Substrate/Glints2/dict_0003_0172.uasset" 9354
"../../../Engine/Content/EngineMaterials/Substrate/Glints2/dict_0003_0158.uasset" 9355
"../../../Engine/Content/EngineMaterials/Substrate/Glints2/dict_0003_0162.uasset" 9356
"../../../Engine/Content/EngineMaterials/Substrate/Glints2/dict_0003_0159.uasset" 9357
"../../../Engine/Content/EngineMaterials/Substrate/Glints2/dict_0003_0167.uasset" 9358
"../../../Engine/Content/EngineMaterials/Substrate/Glints2/dict_0003_0153.uasset" 9359
"../../../Engine/Content/EngineMaterials/Substrate/Glints2/dict_0003_0170.uasset" 9360
"../../../Engine/Content/EngineMaterials/Substrate/Glints2/dict_0003_0168.uasset" 9361
"../../../Engine/Content/EngineMaterials/Substrate/Glints2/dict_0003_0171.uasset" 9362
"../../../Engine/Content/EngineMaterials/Substrate/Glints2/dict_0003_0152.uasset" 9363
"../../../Engine/Content/EngineMaterials/Substrate/Glints2/dict_0003_0174.uasset" 9364
"../../../Engine/Content/EngineMaterials/Substrate/Glints2/dict_0003_0166.uasset" 9365
"../../../Engine/Content/EngineMaterials/Substrate/Glints2/dict_0003_0164.uasset" 9366
"../../../Engine/Content/EngineMaterials/Substrate/Glints2/dict_0003_0157.uasset" 9367
"../../../Engine/Content/EngineMaterials/Substrate/Glints2/dict_0003_0163.uasset" 9368
"../../../Engine/Content/EngineMaterials/Substrate/Glints2/dict_0003_0169.uasset" 9369
"../../../Engine/Content/EngineMaterials/Substrate/Glints2/dict_0003_0144.uasset" 9370
"../../../Engine/Content/EngineMaterials/Substrate/Glints2/dict_0003_0148.uasset" 9371
"../../../Engine/Content/EngineMaterials/Substrate/Glints2/dict_0003_0147.uasset" 9372
"../../../Engine/Content/EngineMaterials/Substrate/Glints2/dict_0003_0149.uasset" 9373
"../../../Engine/Content/EngineMaterials/Substrate/Glints2/dict_0003_0150.uasset" 9374
"../../../Engine/Content/EngineMaterials/Substrate/Glints2/dict_0003_0151.uasset" 9375
"../../../Engine/Content/EngineMaterials/Substrate/Glints2/dict_0003_0145.uasset" 9376
"../../../Engine/Content/EngineMaterials/Substrate/Glints2/dict_0003_0143.uasset" 9377
"../../../Engine/Content/EngineMaterials/Substrate/Glints2/dict_0003_0146.uasset" 9378
"/Engine/EngineMaterials/Substrate/Glints2/dict_0003_0143" 9379
"/Engine/EngineMaterials/Substrate/Glints2/dict_0003_0144" 9380
"/Engine/EngineMaterials/Substrate/Glints2/dict_0003_0145" 9381
"/Engine/EngineMaterials/Substrate/Glints2/dict_0003_0146" 9382
"/Engine/EngineMaterials/Substrate/Glints2/dict_0003_0147" 9383
"/Engine/EngineMaterials/Substrate/Glints2/dict_0003_0148" 9384
"/Engine/EngineMaterials/Substrate/Glints2/dict_0003_0149" 9385
"/Engine/EngineMaterials/Substrate/Glints2/dict_0003_0150" 9386
"/Engine/EngineMaterials/Substrate/Glints2/dict_0003_0151" 9387
"/Engine/EngineMaterials/Substrate/Glints2/dict_0003_0152" 9388
"/Engine/EngineMaterials/Substrate/Glints2/dict_0003_0153" 9389
"/Engine/EngineMaterials/Substrate/Glints2/dict_0003_0154" 9390
"/Engine/EngineMaterials/Substrate/Glints2/dict_0003_0155" 9391
"/Engine/EngineMaterials/Substrate/Glints2/dict_0003_0156" 9392
"/Engine/EngineMaterials/Substrate/Glints2/dict_0003_0157" 9393
"/Engine/EngineMaterials/Substrate/Glints2/dict_0003_0158" 9394
"/Engine/EngineMaterials/Substrate/Glints2/dict_0003_0159" 9395
"/Engine/EngineMaterials/Substrate/Glints2/dict_0003_0160" 9396
"/Engine/EngineMaterials/Substrate/Glints2/dict_0003_0161" 9397
"/Engine/EngineMaterials/Substrate/Glints2/dict_0003_0162" 9398
"/Engine/EngineMaterials/Substrate/Glints2/dict_0003_0163" 9399
"/Engine/EngineMaterials/Substrate/Glints2/dict_0003_0164" 9400
"/Engine/EngineMaterials/Substrate/Glints2/dict_0003_0165" 9401
"/Engine/EngineMaterials/Substrate/Glints2/dict_0003_0166" 9402
"/Engine/EngineMaterials/Substrate/Glints2/dict_0003_0167" 9403
"/Engine/EngineMaterials/Substrate/Glints2/dict_0003_0168" 9404
"/Engine/EngineMaterials/Substrate/Glints2/dict_0003_0169" 9405
"/Engine/EngineMaterials/Substrate/Glints2/dict_0003_0170" 9406
"/Engine/EngineMaterials/Substrate/Glints2/dict_0003_0171" 9407
"/Engine/EngineMaterials/Substrate/Glints2/dict_0003_0172" 9408
"/Engine/EngineMaterials/Substrate/Glints2/dict_0003_0173" 9409
"/Engine/EngineMaterials/Substrate/Glints2/dict_0003_0174" 9410
"../../../Engine/Content/EngineMaterials/Substrate/Glints2/dict_0003_0120.uasset" 9411
"../../../Engine/Content/EngineMaterials/Substrate/Glints2/dict_0003_0121.uasset" 9412
"../../../Engine/Content/EngineMaterials/Substrate/Glints2/dict_0003_0140.uasset" 9413
"../../../Engine/Content/EngineMaterials/Substrate/Glints2/dict_0003_0123.uasset" 9414
"../../../Engine/Content/EngineMaterials/Substrate/Glints2/dict_0003_0132.uasset" 9415
"../../../Engine/Content/EngineMaterials/Substrate/Glints2/dict_0003_0131.uasset" 9416
"../../../Engine/Content/EngineMaterials/Substrate/Glints2/dict_0003_0133.uasset" 9417
"../../../Engine/Content/EngineMaterials/Substrate/Glints2/dict_0003_0138.uasset" 9418
"../../../Engine/Content/EngineMaterials/Substrate/Glints2/dict_0003_0126.uasset" 9419
"../../../Engine/Content/EngineMaterials/Substrate/Glints2/dict_0003_0127.uasset" 9420
"../../../Engine/Content/EngineMaterials/Substrate/Glints2/dict_0003_0134.uasset" 9421
"../../../Engine/Content/EngineMaterials/Substrate/Glints2/dict_0003_0141.uasset" 9422
"../../../Engine/Content/EngineMaterials/Substrate/Glints2/dict_0003_0125.uasset" 9423
"../../../Engine/Content/EngineMaterials/Substrate/Glints2/dict_0003_0128.uasset" 9424
"../../../Engine/Content/EngineMaterials/Substrate/Glints2/dict_0003_0124.uasset" 9425
"../../../Engine/Content/EngineMaterials/Substrate/Glints2/dict_0003_0136.uasset" 9426
"../../../Engine/Content/EngineMaterials/Substrate/Glints2/dict_0003_0122.uasset" 9427
"../../../Engine/Content/EngineMaterials/Substrate/Glints2/dict_0003_0139.uasset" 9428
"../../../Engine/Content/EngineMaterials/Substrate/Glints2/dict_0003_0135.uasset" 9429
"../../../Engine/Content/EngineMaterials/Substrate/Glints2/dict_0003_0142.uasset" 9430
"../../../Engine/Content/EngineMaterials/Substrate/Glints2/dict_0003_0130.uasset" 9431
"../../../Engine/Content/EngineMaterials/Substrate/Glints2/dict_0003_0129.uasset" 9432
"../../../Engine/Content/EngineMaterials/Substrate/Glints2/dict_0003_0137.uasset" 9433
"../../../Engine/Content/EngineMaterials/Substrate/Glints2/dict_0003_0116.uasset" 9434
"../../../Engine/Content/EngineMaterials/Substrate/Glints2/dict_0003_0118.uasset" 9435
"../../../Engine/Content/EngineMaterials/Substrate/Glints2/dict_0003_0111.uasset" 9436
"../../../Engine/Content/EngineMaterials/Substrate/Glints2/dict_0003_0114.uasset" 9437
"../../../Engine/Content/EngineMaterials/Substrate/Glints2/dict_0003_0113.uasset" 9438
"../../../Engine/Content/EngineMaterials/Substrate/Glints2/dict_0003_0115.uasset" 9439
"../../../Engine/Content/EngineMaterials/Substrate/Glints2/dict_0003_0117.uasset" 9440
"../../../Engine/Content/EngineMaterials/Substrate/Glints2/dict_0003_0119.uasset" 9441
"../../../Engine/Content/EngineMaterials/Substrate/Glints2/dict_0003_0112.uasset" 9442
"/Engine/EngineMaterials/Substrate/Glints2/dict_0003_0111" 9443
"/Engine/EngineMaterials/Substrate/Glints2/dict_0003_0112" 9444
"/Engine/EngineMaterials/Substrate/Glints2/dict_0003_0113" 9445
"/Engine/EngineMaterials/Substrate/Glints2/dict_0003_0114" 9446
"/Engine/EngineMaterials/Substrate/Glints2/dict_0003_0115" 9447
"/Engine/EngineMaterials/Substrate/Glints2/dict_0003_0116" 9448
"/Engine/EngineMaterials/Substrate/Glints2/dict_0003_0117" 9449
"/Engine/EngineMaterials/Substrate/Glints2/dict_0003_0118" 9450
"/Engine/EngineMaterials/Substrate/Glints2/dict_0003_0119" 9451
"/Engine/EngineMaterials/Substrate/Glints2/dict_0003_0120" 9452
"/Engine/EngineMaterials/Substrate/Glints2/dict_0003_0121" 9453
"/Engine/EngineMaterials/Substrate/Glints2/dict_0003_0122" 9454
"/Engine/EngineMaterials/Substrate/Glints2/dict_0003_0123" 9455
"/Engine/EngineMaterials/Substrate/Glints2/dict_0003_0124" 9456
"/Engine/EngineMaterials/Substrate/Glints2/dict_0003_0125" 9457
"/Engine/EngineMaterials/Substrate/Glints2/dict_0003_0126" 9458
"/Engine/EngineMaterials/Substrate/Glints2/dict_0003_0127" 9459
"/Engine/EngineMaterials/Substrate/Glints2/dict_0003_0128" 9460
"/Engine/EngineMaterials/Substrate/Glints2/dict_0003_0129" 9461
"/Engine/EngineMaterials/Substrate/Glints2/dict_0003_0130" 9462
"/Engine/EngineMaterials/Substrate/Glints2/dict_0003_0131" 9463
"/Engine/EngineMaterials/Substrate/Glints2/dict_0003_0132" 9464
"/Engine/EngineMaterials/Substrate/Glints2/dict_0003_0133" 9465
"/Engine/EngineMaterials/Substrate/Glints2/dict_0003_0134" 9466
"/Engine/EngineMaterials/Substrate/Glints2/dict_0003_0135" 9467
"/Engine/EngineMaterials/Substrate/Glints2/dict_0003_0136" 9468
"/Engine/EngineMaterials/Substrate/Glints2/dict_0003_0137" 9469
"/Engine/EngineMaterials/Substrate/Glints2/dict_0003_0138" 9470
"/Engine/EngineMaterials/Substrate/Glints2/dict_0003_0139" 9471
"/Engine/EngineMaterials/Substrate/Glints2/dict_0003_0140" 9472
"/Engine/EngineMaterials/Substrate/Glints2/dict_0003_0141" 9473
"/Engine/EngineMaterials/Substrate/Glints2/dict_0003_0142" 9474
"../../../Engine/Content/EngineMaterials/Substrate/Glints2/dict_0003_0100.uasset" 9475
"../../../Engine/Content/EngineMaterials/Substrate/Glints2/dict_0003_0106.uasset" 9476
"../../../Engine/Content/EngineMaterials/Substrate/Glints2/dict_0003_0109.uasset" 9477
"../../../Engine/Content/EngineMaterials/Substrate/Glints2/dict_0003_0095.uasset" 9478
"../../../Engine/Content/EngineMaterials/Substrate/Glints2/dict_0003_0103.uasset" 9479
"../../../Engine/Content/EngineMaterials/Substrate/Glints2/dict_0003_0110.uasset" 9480
"../../../Engine/Content/EngineMaterials/Substrate/Glints2/dict_0003_0089.uasset" 9481
"../../../Engine/Content/EngineMaterials/Substrate/Glints2/dict_0003_0102.uasset" 9482
"../../../Engine/Content/EngineMaterials/Substrate/Glints2/dict_0003_0094.uasset" 9483
"../../../Engine/Content/EngineMaterials/Substrate/Glints2/dict_0003_0104.uasset" 9484
"../../../Engine/Content/EngineMaterials/Substrate/Glints2/dict_0003_0093.uasset" 9485
"../../../Engine/Content/EngineMaterials/Substrate/Glints2/dict_0003_0088.uasset" 9486
"../../../Engine/Content/EngineMaterials/Substrate/Glints2/dict_0003_0091.uasset" 9487
"../../../Engine/Content/EngineMaterials/Substrate/Glints2/dict_0003_0105.uasset" 9488
"../../../Engine/Content/EngineMaterials/Substrate/Glints2/dict_0003_0097.uasset" 9489
"../../../Engine/Content/EngineMaterials/Substrate/Glints2/dict_0003_0101.uasset" 9490
"../../../Engine/Content/EngineMaterials/Substrate/Glints2/dict_0003_0098.uasset" 9491
"../../../Engine/Content/EngineMaterials/Substrate/Glints2/dict_0003_0099.uasset" 9492
"../../../Engine/Content/EngineMaterials/Substrate/Glints2/dict_0003_0092.uasset" 9493
"../../../Engine/Content/EngineMaterials/Substrate/Glints2/dict_0003_0107.uasset" 9494
"../../../Engine/Content/EngineMaterials/Substrate/Glints2/dict_0003_0096.uasset" 9495
"../../../Engine/Content/EngineMaterials/Substrate/Glints2/dict_0003_0090.uasset" 9496
"../../../Engine/Content/EngineMaterials/Substrate/Glints2/dict_0003_0108.uasset" 9497
"../../../Engine/Content/EngineMaterials/Substrate/Glints2/dict_0003_0087.uasset" 9498
"../../../Engine/Content/EngineMaterials/Substrate/Glints2/dict_0003_0084.uasset" 9499
"../../../Engine/Content/EngineMaterials/Substrate/Glints2/dict_0003_0082.uasset" 9500
"../../../Engine/Content/EngineMaterials/Substrate/Glints2/dict_0003_0085.uasset" 9501
"../../../Engine/Content/EngineMaterials/Substrate/Glints2/dict_0003_0083.uasset" 9502
"../../../Engine/Content/EngineMaterials/Substrate/Glints2/dict_0003_0086.uasset" 9503
"../../../Engine/Content/EngineMaterials/Substrate/Glints2/dict_0003_0081.uasset" 9504
"../../../Engine/Content/EngineMaterials/Substrate/Glints2/dict_0003_0080.uasset" 9505
"../../../Engine/Content/EngineMaterials/Substrate/Glints2/dict_0003_0079.uasset" 9506
"/Engine/EngineMaterials/Substrate/Glints2/dict_0003_0079" 9507
"/Engine/EngineMaterials/Substrate/Glints2/dict_0003_0080" 9508
"/Engine/EngineMaterials/Substrate/Glints2/dict_0003_0081" 9509
"/Engine/EngineMaterials/Substrate/Glints2/dict_0003_0082" 9510
"/Engine/EngineMaterials/Substrate/Glints2/dict_0003_0083" 9511
"/Engine/EngineMaterials/Substrate/Glints2/dict_0003_0084" 9512
"/Engine/EngineMaterials/Substrate/Glints2/dict_0003_0085" 9513
"/Engine/EngineMaterials/Substrate/Glints2/dict_0003_0086" 9514
"/Engine/EngineMaterials/Substrate/Glints2/dict_0003_0087" 9515
"/Engine/EngineMaterials/Substrate/Glints2/dict_0003_0088" 9516
"/Engine/EngineMaterials/Substrate/Glints2/dict_0003_0089" 9517
"/Engine/EngineMaterials/Substrate/Glints2/dict_0003_0090" 9518
"/Engine/EngineMaterials/Substrate/Glints2/dict_0003_0091" 9519
"/Engine/EngineMaterials/Substrate/Glints2/dict_0003_0092" 9520
"/Engine/EngineMaterials/Substrate/Glints2/dict_0003_0093" 9521
"/Engine/EngineMaterials/Substrate/Glints2/dict_0003_0094" 9522
"/Engine/EngineMaterials/Substrate/Glints2/dict_0003_0095" 9523
"/Engine/EngineMaterials/Substrate/Glints2/dict_0003_0096" 9524
"/Engine/EngineMaterials/Substrate/Glints2/dict_0003_0097" 9525
"/Engine/EngineMaterials/Substrate/Glints2/dict_0003_0098" 9526
"/Engine/EngineMaterials/Substrate/Glints2/dict_0003_0099" 9527
"/Engine/EngineMaterials/Substrate/Glints2/dict_0003_0100" 9528
"/Engine/EngineMaterials/Substrate/Glints2/dict_0003_0101" 9529
"/Engine/EngineMaterials/Substrate/Glints2/dict_0003_0102" 9530
"/Engine/EngineMaterials/Substrate/Glints2/dict_0003_0103" 9531
"/Engine/EngineMaterials/Substrate/Glints2/dict_0003_0104" 9532
"/Engine/EngineMaterials/Substrate/Glints2/dict_0003_0105" 9533
"/Engine/EngineMaterials/Substrate/Glints2/dict_0003_0106" 9534
"/Engine/EngineMaterials/Substrate/Glints2/dict_0003_0107" 9535
"/Engine/EngineMaterials/Substrate/Glints2/dict_0003_0108" 9536
"/Engine/EngineMaterials/Substrate/Glints2/dict_0003_0109" 9537
"/Engine/EngineMaterials/Substrate/Glints2/dict_0003_0110" 9538
"../../../Engine/Content/EngineMaterials/Substrate/Glints2/dict_0003_0066.uasset" 9539
"../../../Engine/Content/EngineMaterials/Substrate/Glints2/dict_0003_0074.uasset" 9540
"../../../Engine/Content/EngineMaterials/Substrate/Glints2/dict_0003_0068.uasset" 9541
"../../../Engine/Content/EngineMaterials/Substrate/Glints2/dict_0003_0075.uasset" 9542
"../../../Engine/Content/EngineMaterials/Substrate/Glints2/dict_0003_0060.uasset" 9543
"../../../Engine/Content/EngineMaterials/Substrate/Glints2/dict_0003_0058.uasset" 9544
"../../../Engine/Content/EngineMaterials/Substrate/Glints2/dict_0003_0069.uasset" 9545
"../../../Engine/Content/EngineMaterials/Substrate/Glints2/dict_0003_0070.uasset" 9546
"../../../Engine/Content/EngineMaterials/Substrate/Glints2/dict_0003_0062.uasset" 9547
"../../../Engine/Content/EngineMaterials/Substrate/Glints2/dict_0003_0056.uasset" 9548
"../../../Engine/Content/EngineMaterials/Substrate/Glints2/dict_0003_0077.uasset" 9549
"../../../Engine/Content/EngineMaterials/Substrate/Glints2/dict_0003_0057.uasset" 9550
"../../../Engine/Content/EngineMaterials/Substrate/Glints2/dict_0003_0067.uasset" 9551
"../../../Engine/Content/EngineMaterials/Substrate/Glints2/dict_0003_0073.uasset" 9552
"../../../Engine/Content/EngineMaterials/Substrate/Glints2/dict_0003_0059.uasset" 9553
"../../../Engine/Content/EngineMaterials/Substrate/Glints2/dict_0003_0078.uasset" 9554
"../../../Engine/Content/EngineMaterials/Substrate/Glints2/dict_0003_0072.uasset" 9555
"../../../Engine/Content/EngineMaterials/Substrate/Glints2/dict_0003_0071.uasset" 9556
"../../../Engine/Content/EngineMaterials/Substrate/Glints2/dict_0003_0063.uasset" 9557
"../../../Engine/Content/EngineMaterials/Substrate/Glints2/dict_0003_0064.uasset" 9558
"../../../Engine/Content/EngineMaterials/Substrate/Glints2/dict_0003_0076.uasset" 9559
"../../../Engine/Content/EngineMaterials/Substrate/Glints2/dict_0003_0065.uasset" 9560
"../../../Engine/Content/EngineMaterials/Substrate/Glints2/dict_0003_0061.uasset" 9561
"../../../Engine/Content/EngineMaterials/Substrate/Glints2/dict_0003_0050.uasset" 9562
"../../../Engine/Content/EngineMaterials/Substrate/Glints2/dict_0003_0054.uasset" 9563
"../../../Engine/Content/EngineMaterials/Substrate/Glints2/dict_0003_0048.uasset" 9564
"../../../Engine/Content/EngineMaterials/Substrate/Glints2/dict_0003_0049.uasset" 9565
"../../../Engine/Content/EngineMaterials/Substrate/Glints2/dict_0003_0051.uasset" 9566
"../../../Engine/Content/EngineMaterials/Substrate/Glints2/dict_0003_0047.uasset" 9567
"../../../Engine/Content/EngineMaterials/Substrate/Glints2/dict_0003_0055.uasset" 9568
"../../../Engine/Content/EngineMaterials/Substrate/Glints2/dict_0003_0052.uasset" 9569
"../../../Engine/Content/EngineMaterials/Substrate/Glints2/dict_0003_0053.uasset" 9570
"/Engine/EngineMaterials/Substrate/Glints2/dict_0003_0047" 9571
"/Engine/EngineMaterials/Substrate/Glints2/dict_0003_0048" 9572
"/Engine/EngineMaterials/Substrate/Glints2/dict_0003_0049" 9573
"/Engine/EngineMaterials/Substrate/Glints2/dict_0003_0050" 9574
"/Engine/EngineMaterials/Substrate/Glints2/dict_0003_0051" 9575
"/Engine/EngineMaterials/Substrate/Glints2/dict_0003_0052" 9576
"/Engine/EngineMaterials/Substrate/Glints2/dict_0003_0053" 9577
"/Engine/EngineMaterials/Substrate/Glints2/dict_0003_0054" 9578
"/Engine/EngineMaterials/Substrate/Glints2/dict_0003_0055" 9579
"/Engine/EngineMaterials/Substrate/Glints2/dict_0003_0056" 9580
"/Engine/EngineMaterials/Substrate/Glints2/dict_0003_0057" 9581
"/Engine/EngineMaterials/Substrate/Glints2/dict_0003_0058" 9582
"/Engine/EngineMaterials/Substrate/Glints2/dict_0003_0059" 9583
"/Engine/EngineMaterials/Substrate/Glints2/dict_0003_0060" 9584
"/Engine/EngineMaterials/Substrate/Glints2/dict_0003_0061" 9585
"/Engine/EngineMaterials/Substrate/Glints2/dict_0003_0062" 9586
"/Engine/EngineMaterials/Substrate/Glints2/dict_0003_0063" 9587
"/Engine/EngineMaterials/Substrate/Glints2/dict_0003_0064" 9588
"/Engine/EngineMaterials/Substrate/Glints2/dict_0003_0065" 9589
"/Engine/EngineMaterials/Substrate/Glints2/dict_0003_0066" 9590
"/Engine/EngineMaterials/Substrate/Glints2/dict_0003_0067" 9591
"/Engine/EngineMaterials/Substrate/Glints2/dict_0003_0068" 9592
"/Engine/EngineMaterials/Substrate/Glints2/dict_0003_0069" 9593
"/Engine/EngineMaterials/Substrate/Glints2/dict_0003_0070" 9594
"/Engine/EngineMaterials/Substrate/Glints2/dict_0003_0071" 9595
"/Engine/EngineMaterials/Substrate/Glints2/dict_0003_0072" 9596
"/Engine/EngineMaterials/Substrate/Glints2/dict_0003_0073" 9597
"/Engine/EngineMaterials/Substrate/Glints2/dict_0003_0074" 9598
"/Engine/EngineMaterials/Substrate/Glints2/dict_0003_0075" 9599
"/Engine/EngineMaterials/Substrate/Glints2/dict_0003_0076" 9600
"/Engine/EngineMaterials/Substrate/Glints2/dict_0003_0077" 9601
"/Engine/EngineMaterials/Substrate/Glints2/dict_0003_0078" 9602
"../../../Engine/Content/EngineMaterials/Substrate/Glints2/dict_0003_0024.uasset" 9603
"../../../Engine/Content/EngineMaterials/Substrate/Glints2/dict_0003_0033.uasset" 9604
"../../../Engine/Content/EngineMaterials/Substrate/Glints2/dict_0003_0028.uasset" 9605
"../../../Engine/Content/EngineMaterials/Substrate/Glints2/dict_0003_0031.uasset" 9606
"../../../Engine/Content/EngineMaterials/Substrate/Glints2/dict_0003_0043.uasset" 9607
"../../../Engine/Content/EngineMaterials/Substrate/Glints2/dict_0003_0025.uasset" 9608
"../../../Engine/Content/EngineMaterials/Substrate/Glints2/dict_0003_0038.uasset" 9609
"../../../Engine/Content/EngineMaterials/Substrate/Glints2/dict_0003_0032.uasset" 9610
"../../../Engine/Content/EngineMaterials/Substrate/Glints2/dict_0003_0039.uasset" 9611
"../../../Engine/Content/EngineMaterials/Substrate/Glints2/dict_0003_0045.uasset" 9612
"../../../Engine/Content/EngineMaterials/Substrate/Glints2/dict_0003_0036.uasset" 9613
"../../../Engine/Content/EngineMaterials/Substrate/Glints2/dict_0003_0029.uasset" 9614
"../../../Engine/Content/EngineMaterials/Substrate/Glints2/dict_0003_0037.uasset" 9615
"../../../Engine/Content/EngineMaterials/Substrate/Glints2/dict_0003_0026.uasset" 9616
"../../../Engine/Content/EngineMaterials/Substrate/Glints2/dict_0003_0046.uasset" 9617
"../../../Engine/Content/EngineMaterials/Substrate/Glints2/dict_0003_0044.uasset" 9618
"../../../Engine/Content/EngineMaterials/Substrate/Glints2/dict_0003_0040.uasset" 9619
"../../../Engine/Content/EngineMaterials/Substrate/Glints2/dict_0003_0042.uasset" 9620
"../../../Engine/Content/EngineMaterials/Substrate/Glints2/dict_0003_0041.uasset" 9621
"../../../Engine/Content/EngineMaterials/Substrate/Glints2/dict_0003_0027.uasset" 9622
"../../../Engine/Content/EngineMaterials/Substrate/Glints2/dict_0003_0034.uasset" 9623
"../../../Engine/Content/EngineMaterials/Substrate/Glints2/dict_0003_0035.uasset" 9624
"../../../Engine/Content/EngineMaterials/Substrate/Glints2/dict_0003_0030.uasset" 9625
"/Engine/EngineMaterials/Substrate/Glints2/dict_0003_0024" 9626
"/Engine/EngineMaterials/Substrate/Glints2/dict_0003_0025" 9627
"../../../Engine/Content/EngineMaterials/Substrate/Glints2/dict_0003_0020.uasset" 9628
"../../../Engine/Content/EngineMaterials/Substrate/Glints2/dict_0003_0018.uasset" 9629
"../../../Engine/Content/EngineMaterials/Substrate/Glints2/dict_0003_0023.uasset" 9630
"../../../Engine/Content/EngineMaterials/Substrate/Glints2/dict_0003_0021.uasset" 9631
"../../../Engine/Content/EngineMaterials/Substrate/Glints2/dict_0003_0015.uasset" 9632
"../../../Engine/Content/EngineMaterials/Substrate/Glints2/dict_0003_0019.uasset" 9633
"../../../Engine/Content/EngineMaterials/Substrate/Glints2/dict_0003_0022.uasset" 9634
"../../../Engine/Content/EngineMaterials/Substrate/Glints2/dict_0003_0016.uasset" 9635
"/Engine/EngineMaterials/Substrate/Glints2/dict_0003_0026" 9636
"../../../Engine/Content/EngineMaterials/Substrate/Glints2/dict_0003_0017.uasset" 9637
"/Engine/EngineMaterials/Substrate/Glints2/dict_0003_0027" 9638
"/Engine/EngineMaterials/Substrate/Glints2/dict_0003_0028" 9639
"/Engine/EngineMaterials/Substrate/Glints2/dict_0003_0029" 9640
"/Engine/EngineMaterials/Substrate/Glints2/dict_0003_0030" 9641
"/Engine/EngineMaterials/Substrate/Glints2/dict_0003_0031" 9642
"/Engine/EngineMaterials/Substrate/Glints2/dict_0003_0032" 9643
"/Engine/EngineMaterials/Substrate/Glints2/dict_0003_0033" 9644
"/Engine/EngineMaterials/Substrate/Glints2/dict_0003_0034" 9645
"/Engine/EngineMaterials/Substrate/Glints2/dict_0003_0035" 9646
"/Engine/EngineMaterials/Substrate/Glints2/dict_0003_0036" 9647
"/Engine/EngineMaterials/Substrate/Glints2/dict_0003_0037" 9648
"/Engine/EngineMaterials/Substrate/Glints2/dict_0003_0038" 9649
"/Engine/EngineMaterials/Substrate/Glints2/dict_0003_0039" 9650
"/Engine/EngineMaterials/Substrate/Glints2/dict_0003_0040" 9651
"/Engine/EngineMaterials/Substrate/Glints2/dict_0003_0041" 9652
"/Engine/EngineMaterials/Substrate/Glints2/dict_0003_0042" 9653
"/Engine/EngineMaterials/Substrate/Glints2/dict_0003_0043" 9654
"/Engine/EngineMaterials/Substrate/Glints2/dict_0003_0044" 9655
"/Engine/EngineMaterials/Substrate/Glints2/dict_0003_0045" 9656
"/Engine/EngineMaterials/Substrate/Glints2/dict_0003_0046" 9657
"/Engine/EngineMaterials/Substrate/Glints2/dict_0003_0015" 9658
"/Engine/EngineMaterials/Substrate/Glints2/dict_0003_0016" 9659
"/Engine/EngineMaterials/Substrate/Glints2/dict_0003_0017" 9660
"/Engine/EngineMaterials/Substrate/Glints2/dict_0003_0018" 9661
"/Engine/EngineMaterials/Substrate/Glints2/dict_0003_0019" 9662
"/Engine/EngineMaterials/Substrate/Glints2/dict_0003_0020" 9663
"/Engine/EngineMaterials/Substrate/Glints2/dict_0003_0021" 9664
"/Engine/EngineMaterials/Substrate/Glints2/dict_0003_0022" 9665
"/Engine/EngineMaterials/Substrate/Glints2/dict_0003_0023" 9666
"../../../Engine/Content/EngineMaterials/Substrate/Glints2/dict_0003_0013.uasset" 9667
"../../../Engine/Content/EngineMaterials/Substrate/Glints2/dict_0002_0255.uasset" 9668
"../../../Engine/Content/EngineMaterials/Substrate/Glints2/dict_0003_0012.uasset" 9669
"../../../Engine/Content/EngineMaterials/Substrate/Glints2/dict_0003_0004.uasset" 9670
"../../../Engine/Content/EngineMaterials/Substrate/Glints2/dict_0002_0250.uasset" 9671
"../../../Engine/Content/EngineMaterials/Substrate/Glints2/dict_0002_0251.uasset" 9672
"../../../Engine/Content/EngineMaterials/Substrate/Glints2/dict_0003_0001.uasset" 9673
"../../../Engine/Content/EngineMaterials/Substrate/Glints2/dict_0003_0003.uasset" 9674
"../../../Engine/Content/EngineMaterials/Substrate/Glints2/dict_0003_0002.uasset" 9675
"../../../Engine/Content/EngineMaterials/Substrate/Glints2/dict_0002_0254.uasset" 9676
"../../../Engine/Content/EngineMaterials/Substrate/Glints2/dict_0003_0014.uasset" 9677
"../../../Engine/Content/EngineMaterials/Substrate/Glints2/dict_0003_0006.uasset" 9678
"../../../Engine/Content/EngineMaterials/Substrate/Glints2/dict_0003_0011.uasset" 9679
"../../../Engine/Content/EngineMaterials/Substrate/Glints2/dict_0003_0005.uasset" 9680
"../../../Engine/Content/EngineMaterials/Substrate/Glints2/dict_0003_0000.uasset" 9681
"../../../Engine/Content/EngineMaterials/Substrate/Glints2/dict_0003_0007.uasset" 9682
"../../../Engine/Content/EngineMaterials/Substrate/Glints2/dict_0002_0249.uasset" 9683
"../../../Engine/Content/EngineMaterials/Substrate/Glints2/dict_0003_0010.uasset" 9684
"../../../Engine/Content/EngineMaterials/Substrate/Glints2/dict_0002_0252.uasset" 9685
"../../../Engine/Content/EngineMaterials/Substrate/Glints2/dict_0002_0253.uasset" 9686
"../../../Engine/Content/EngineMaterials/Substrate/Glints2/dict_0003_0008.uasset" 9687
"../../../Engine/Content/EngineMaterials/Substrate/Glints2/dict_0003_0009.uasset" 9688
"../../../Engine/Content/EngineMaterials/Substrate/Glints2/dict_0002_0248.uasset" 9689
"../../../Engine/Content/EngineMaterials/Substrate/Glints2/dict_0002_0246.uasset" 9690
"../../../Engine/Content/EngineMaterials/Substrate/Glints2/dict_0002_0242.uasset" 9691
"../../../Engine/Content/EngineMaterials/Substrate/Glints2/dict_0002_0239.uasset" 9692
"../../../Engine/Content/EngineMaterials/Substrate/Glints2/dict_0002_0244.uasset" 9693
"../../../Engine/Content/EngineMaterials/Substrate/Glints2/dict_0002_0240.uasset" 9694
"../../../Engine/Content/EngineMaterials/Substrate/Glints2/dict_0002_0241.uasset" 9695
"../../../Engine/Content/EngineMaterials/Substrate/Glints2/dict_0002_0245.uasset" 9696
"../../../Engine/Content/EngineMaterials/Substrate/Glints2/dict_0002_0243.uasset" 9697
"/Engine/EngineMaterials/Substrate/Glints2/dict_0002_0239" 9698
"../../../Engine/Content/EngineMaterials/Substrate/Glints2/dict_0002_0247.uasset" 9699
"/Engine/EngineMaterials/Substrate/Glints2/dict_0002_0240" 9700
"/Engine/EngineMaterials/Substrate/Glints2/dict_0002_0241" 9701
"/Engine/EngineMaterials/Substrate/Glints2/dict_0002_0242" 9702
"/Engine/EngineMaterials/Substrate/Glints2/dict_0002_0243" 9703
"/Engine/EngineMaterials/Substrate/Glints2/dict_0002_0244" 9704
"/Engine/EngineMaterials/Substrate/Glints2/dict_0002_0245" 9705
"/Engine/EngineMaterials/Substrate/Glints2/dict_0002_0246" 9706
"/Engine/EngineMaterials/Substrate/Glints2/dict_0002_0248" 9707
"/Engine/EngineMaterials/Substrate/Glints2/dict_0002_0249" 9708
"/Engine/EngineMaterials/Substrate/Glints2/dict_0002_0250" 9709
"/Engine/EngineMaterials/Substrate/Glints2/dict_0002_0251" 9710
"/Engine/EngineMaterials/Substrate/Glints2/dict_0002_0252" 9711
"/Engine/EngineMaterials/Substrate/Glints2/dict_0002_0253" 9712
"/Engine/EngineMaterials/Substrate/Glints2/dict_0002_0254" 9713
"/Engine/EngineMaterials/Substrate/Glints2/dict_0002_0255" 9714
"/Engine/EngineMaterials/Substrate/Glints2/dict_0003_0000" 9715
"/Engine/EngineMaterials/Substrate/Glints2/dict_0003_0001" 9716
"/Engine/EngineMaterials/Substrate/Glints2/dict_0003_0002" 9717
"/Engine/EngineMaterials/Substrate/Glints2/dict_0003_0003" 9718
"/Engine/EngineMaterials/Substrate/Glints2/dict_0003_0004" 9719
"/Engine/EngineMaterials/Substrate/Glints2/dict_0003_0005" 9720
"/Engine/EngineMaterials/Substrate/Glints2/dict_0003_0006" 9721
"/Engine/EngineMaterials/Substrate/Glints2/dict_0003_0007" 9722
"/Engine/EngineMaterials/Substrate/Glints2/dict_0003_0008" 9723
"/Engine/EngineMaterials/Substrate/Glints2/dict_0003_0009" 9724
"/Engine/EngineMaterials/Substrate/Glints2/dict_0003_0010" 9725
"/Engine/EngineMaterials/Substrate/Glints2/dict_0003_0011" 9726
"/Engine/EngineMaterials/Substrate/Glints2/dict_0003_0012" 9727
"/Engine/EngineMaterials/Substrate/Glints2/dict_0003_0013" 9728
"/Engine/EngineMaterials/Substrate/Glints2/dict_0003_0014" 9729
"/Engine/EngineMaterials/Substrate/Glints2/dict_0002_0247" 9730
"../../../Engine/Content/EngineMaterials/Substrate/Glints2/dict_0002_0218.uasset" 9731
"../../../Engine/Content/EngineMaterials/Substrate/Glints2/dict_0002_0226.uasset" 9732
"../../../Engine/Content/EngineMaterials/Substrate/Glints2/dict_0002_0230.uasset" 9733
"../../../Engine/Content/EngineMaterials/Substrate/Glints2/dict_0002_0217.uasset" 9734
"../../../Engine/Content/EngineMaterials/Substrate/Glints2/dict_0002_0219.uasset" 9735
"../../../Engine/Content/EngineMaterials/Substrate/Glints2/dict_0002_0227.uasset" 9736
"../../../Engine/Content/EngineMaterials/Substrate/Glints2/dict_0002_0236.uasset" 9737
"../../../Engine/Content/EngineMaterials/Substrate/Glints2/dict_0002_0221.uasset" 9738
"../../../Engine/Content/EngineMaterials/Substrate/Glints2/dict_0002_0228.uasset" 9739
"../../../Engine/Content/EngineMaterials/Substrate/Glints2/dict_0002_0231.uasset" 9740
"../../../Engine/Content/EngineMaterials/Substrate/Glints2/dict_0002_0216.uasset" 9741
"../../../Engine/Content/EngineMaterials/Substrate/Glints2/dict_0002_0238.uasset" 9742
"../../../Engine/Content/EngineMaterials/Substrate/Glints2/dict_0002_0233.uasset" 9743
"../../../Engine/Content/EngineMaterials/Substrate/Glints2/dict_0002_0229.uasset" 9744
"../../../Engine/Content/EngineMaterials/Substrate/Glints2/dict_0002_0237.uasset" 9745
"../../../Engine/Content/EngineMaterials/Substrate/Glints2/dict_0002_0234.uasset" 9746
"../../../Engine/Content/EngineMaterials/Substrate/Glints2/dict_0002_0222.uasset" 9747
"../../../Engine/Content/EngineMaterials/Substrate/Glints2/dict_0002_0223.uasset" 9748
"../../../Engine/Content/EngineMaterials/Substrate/Glints2/dict_0002_0235.uasset" 9749
"../../../Engine/Content/EngineMaterials/Substrate/Glints2/dict_0002_0220.uasset" 9750
"../../../Engine/Content/EngineMaterials/Substrate/Glints2/dict_0002_0225.uasset" 9751
"../../../Engine/Content/EngineMaterials/Substrate/Glints2/dict_0002_0224.uasset" 9752
"../../../Engine/Content/EngineMaterials/Substrate/Glints2/dict_0002_0232.uasset" 9753
"../../../Engine/Content/EngineMaterials/Substrate/Glints2/dict_0002_0215.uasset" 9754
"../../../Engine/Content/EngineMaterials/Substrate/Glints2/dict_0002_0213.uasset" 9755
"../../../Engine/Content/EngineMaterials/Substrate/Glints2/dict_0002_0208.uasset" 9756
"../../../Engine/Content/EngineMaterials/Substrate/Glints2/dict_0002_0211.uasset" 9757
"../../../Engine/Content/EngineMaterials/Substrate/Glints2/dict_0002_0212.uasset" 9758
"../../../Engine/Content/EngineMaterials/Substrate/Glints2/dict_0002_0214.uasset" 9759
"../../../Engine/Content/EngineMaterials/Substrate/Glints2/dict_0002_0210.uasset" 9760
"../../../Engine/Content/EngineMaterials/Substrate/Glints2/dict_0002_0207.uasset" 9761
"../../../Engine/Content/EngineMaterials/Substrate/Glints2/dict_0002_0209.uasset" 9762
"/Engine/EngineMaterials/Substrate/Glints2/dict_0002_0208" 9763
"/Engine/EngineMaterials/Substrate/Glints2/dict_0002_0209" 9764
"/Engine/EngineMaterials/Substrate/Glints2/dict_0002_0210" 9765
"/Engine/EngineMaterials/Substrate/Glints2/dict_0002_0211" 9766
"/Engine/EngineMaterials/Substrate/Glints2/dict_0002_0212" 9767
"/Engine/EngineMaterials/Substrate/Glints2/dict_0002_0213" 9768
"/Engine/EngineMaterials/Substrate/Glints2/dict_0002_0214" 9769
"/Engine/EngineMaterials/Substrate/Glints2/dict_0002_0215" 9770
"/Engine/EngineMaterials/Substrate/Glints2/dict_0002_0207" 9771
"/Engine/EngineMaterials/Substrate/Glints2/dict_0002_0216" 9772
"/Engine/EngineMaterials/Substrate/Glints2/dict_0002_0217" 9773
"/Engine/EngineMaterials/Substrate/Glints2/dict_0002_0218" 9774
"/Engine/EngineMaterials/Substrate/Glints2/dict_0002_0219" 9775
"/Engine/EngineMaterials/Substrate/Glints2/dict_0002_0220" 9776
"/Engine/EngineMaterials/Substrate/Glints2/dict_0002_0221" 9777
"/Engine/EngineMaterials/Substrate/Glints2/dict_0002_0222" 9778
"/Engine/EngineMaterials/Substrate/Glints2/dict_0002_0223" 9779
"/Engine/EngineMaterials/Substrate/Glints2/dict_0002_0224" 9780
"/Engine/EngineMaterials/Substrate/Glints2/dict_0002_0225" 9781
"/Engine/EngineMaterials/Substrate/Glints2/dict_0002_0226" 9782
"/Engine/EngineMaterials/Substrate/Glints2/dict_0002_0227" 9783
"/Engine/EngineMaterials/Substrate/Glints2/dict_0002_0228" 9784
"/Engine/EngineMaterials/Substrate/Glints2/dict_0002_0229" 9785
"/Engine/EngineMaterials/Substrate/Glints2/dict_0002_0230" 9786
"/Engine/EngineMaterials/Substrate/Glints2/dict_0002_0231" 9787
"/Engine/EngineMaterials/Substrate/Glints2/dict_0002_0232" 9788
"/Engine/EngineMaterials/Substrate/Glints2/dict_0002_0233" 9789
"/Engine/EngineMaterials/Substrate/Glints2/dict_0002_0234" 9790
"/Engine/EngineMaterials/Substrate/Glints2/dict_0002_0235" 9791
"/Engine/EngineMaterials/Substrate/Glints2/dict_0002_0236" 9792
"/Engine/EngineMaterials/Substrate/Glints2/dict_0002_0237" 9793
"/Engine/EngineMaterials/Substrate/Glints2/dict_0002_0238" 9794
"../../../Engine/Content/EngineMaterials/Substrate/Glints2/dict_0002_0195.uasset" 9795
"../../../Engine/Content/EngineMaterials/Substrate/Glints2/dict_0002_0193.uasset" 9796
"../../../Engine/Content/EngineMaterials/Substrate/Glints2/dict_0002_0188.uasset" 9797
"../../../Engine/Content/EngineMaterials/Substrate/Glints2/dict_0002_0203.uasset" 9798
"../../../Engine/Content/EngineMaterials/Substrate/Glints2/dict_0002_0185.uasset" 9799
"../../../Engine/Content/EngineMaterials/Substrate/Glints2/dict_0002_0205.uasset" 9800
"../../../Engine/Content/EngineMaterials/Substrate/Glints2/dict_0002_0197.uasset" 9801
"../../../Engine/Content/EngineMaterials/Substrate/Glints2/dict_0002_0194.uasset" 9802
"../../../Engine/Content/EngineMaterials/Substrate/Glints2/dict_0002_0206.uasset" 9803
"../../../Engine/Content/EngineMaterials/Substrate/Glints2/dict_0002_0204.uasset" 9804
"../../../Engine/Content/EngineMaterials/Substrate/Glints2/dict_0002_0198.uasset" 9805
"../../../Engine/Content/EngineMaterials/Substrate/Glints2/dict_0002_0189.uasset" 9806
"../../../Engine/Content/EngineMaterials/Substrate/Glints2/dict_0002_0199.uasset" 9807
"../../../Engine/Content/EngineMaterials/Substrate/Glints2/dict_0002_0184.uasset" 9808
"../../../Engine/Content/EngineMaterials/Substrate/Glints2/dict_0002_0196.uasset" 9809
"../../../Engine/Content/EngineMaterials/Substrate/Glints2/dict_0002_0191.uasset" 9810
"../../../Engine/Content/EngineMaterials/Substrate/Glints2/dict_0002_0200.uasset" 9811
"../../../Engine/Content/EngineMaterials/Substrate/Glints2/dict_0002_0202.uasset" 9812
"../../../Engine/Content/EngineMaterials/Substrate/Glints2/dict_0002_0201.uasset" 9813
"../../../Engine/Content/EngineMaterials/Substrate/Glints2/dict_0002_0187.uasset" 9814
"../../../Engine/Content/EngineMaterials/Substrate/Glints2/dict_0002_0190.uasset" 9815
"../../../Engine/Content/EngineMaterials/Substrate/Glints2/dict_0002_0186.uasset" 9816
"../../../Engine/Content/EngineMaterials/Substrate/Glints2/dict_0002_0192.uasset" 9817
"/Engine/EngineMaterials/Substrate/Glints2/dict_0002_0184" 9818
"../../../Engine/Content/EngineMaterials/Substrate/Glints2/dict_0002_0182.uasset" 9819
"../../../Engine/Content/EngineMaterials/Substrate/Glints2/dict_0002_0175.uasset" 9820
"../../../Engine/Content/EngineMaterials/Substrate/Glints2/dict_0002_0179.uasset" 9821
"../../../Engine/Content/EngineMaterials/Substrate/Glints2/dict_0002_0181.uasset" 9822
"../../../Engine/Content/EngineMaterials/Substrate/Glints2/dict_0002_0176.uasset" 9823
"/Engine/EngineMaterials/Substrate/Glints2/dict_0002_0185" 9824
"/Engine/EngineMaterials/Substrate/Glints2/dict_0002_0186" 9825
"/Engine/EngineMaterials/Substrate/Glints2/dict_0002_0187" 9826
"/Engine/EngineMaterials/Substrate/Glints2/dict_0002_0188" 9827
"../../../Engine/Content/EngineMaterials/Substrate/Glints2/dict_0002_0183.uasset" 9828
"../../../Engine/Content/EngineMaterials/Substrate/Glints2/dict_0002_0178.uasset" 9829
"../../../Engine/Content/EngineMaterials/Substrate/Glints2/dict_0002_0180.uasset" 9830
"/Engine/EngineMaterials/Substrate/Glints2/dict_0002_0189" 9831
"/Engine/EngineMaterials/Substrate/Glints2/dict_0002_0190" 9832
"/Engine/EngineMaterials/Substrate/Glints2/dict_0002_0191" 9833
"/Engine/EngineMaterials/Substrate/Glints2/dict_0002_0192" 9834
"/Engine/EngineMaterials/Substrate/Glints2/dict_0002_0193" 9835
"/Engine/EngineMaterials/Substrate/Glints2/dict_0002_0194" 9836
"/Engine/EngineMaterials/Substrate/Glints2/dict_0002_0195" 9837
"/Engine/EngineMaterials/Substrate/Glints2/dict_0002_0196" 9838
"/Engine/EngineMaterials/Substrate/Glints2/dict_0002_0197" 9839
"../../../Engine/Content/EngineMaterials/Substrate/Glints2/dict_0002_0177.uasset" 9840
"/Engine/EngineMaterials/Substrate/Glints2/dict_0002_0198" 9841
"/Engine/EngineMaterials/Substrate/Glints2/dict_0002_0199" 9842
"/Engine/EngineMaterials/Substrate/Glints2/dict_0002_0200" 9843
"/Engine/EngineMaterials/Substrate/Glints2/dict_0002_0201" 9844
"/Engine/EngineMaterials/Substrate/Glints2/dict_0002_0202" 9845
"/Engine/EngineMaterials/Substrate/Glints2/dict_0002_0203" 9846
"/Engine/EngineMaterials/Substrate/Glints2/dict_0002_0204" 9847
"/Engine/EngineMaterials/Substrate/Glints2/dict_0002_0205" 9848
"/Engine/EngineMaterials/Substrate/Glints2/dict_0002_0206" 9849
"/Engine/EngineMaterials/Substrate/Glints2/dict_0002_0175" 9850
"/Engine/EngineMaterials/Substrate/Glints2/dict_0002_0176" 9851
"/Engine/EngineMaterials/Substrate/Glints2/dict_0002_0177" 9852
"/Engine/EngineMaterials/Substrate/Glints2/dict_0002_0178" 9853
"/Engine/EngineMaterials/Substrate/Glints2/dict_0002_0179" 9854
"/Engine/EngineMaterials/Substrate/Glints2/dict_0002_0180" 9855
"/Engine/EngineMaterials/Substrate/Glints2/dict_0002_0181" 9856
"/Engine/EngineMaterials/Substrate/Glints2/dict_0002_0182" 9857
"/Engine/EngineMaterials/Substrate/Glints2/dict_0002_0183" 9858
"../../../Engine/Content/EngineMaterials/Substrate/Glints2/dict_0002_0166.uasset" 9859
"../../../Engine/Content/EngineMaterials/Substrate/Glints2/dict_0002_0162.uasset" 9860
"../../../Engine/Content/EngineMaterials/Substrate/Glints2/dict_0002_0173.uasset" 9861
"../../../Engine/Content/EngineMaterials/Substrate/Glints2/dict_0002_0153.uasset" 9862
"../../../Engine/Content/EngineMaterials/Substrate/Glints2/dict_0002_0174.uasset" 9863
"../../../Engine/Content/EngineMaterials/Substrate/Glints2/dict_0002_0165.uasset" 9864
"../../../Engine/Content/EngineMaterials/Substrate/Glints2/dict_0002_0168.uasset" 9865
"../../../Engine/Content/EngineMaterials/Substrate/Glints2/dict_0002_0160.uasset" 9866
"../../../Engine/Content/EngineMaterials/Substrate/Glints2/dict_0002_0169.uasset" 9867
"../../../Engine/Content/EngineMaterials/Substrate/Glints2/dict_0002_0159.uasset" 9868
"../../../Engine/Content/EngineMaterials/Substrate/Glints2/dict_0002_0163.uasset" 9869
"../../../Engine/Content/EngineMaterials/Substrate/Glints2/dict_0002_0167.uasset" 9870
"../../../Engine/Content/EngineMaterials/Substrate/Glints2/dict_0002_0171.uasset" 9871
"../../../Engine/Content/EngineMaterials/Substrate/Glints2/dict_0002_0161.uasset" 9872
"../../../Engine/Content/EngineMaterials/Substrate/Glints2/dict_0002_0158.uasset" 9873
"../../../Engine/Content/EngineMaterials/Substrate/Glints2/dict_0002_0154.uasset" 9874
"../../../Engine/Content/EngineMaterials/Substrate/Glints2/dict_0002_0164.uasset" 9875
"../../../Engine/Content/EngineMaterials/Substrate/Glints2/dict_0002_0170.uasset" 9876
"../../../Engine/Content/EngineMaterials/Substrate/Glints2/dict_0002_0172.uasset" 9877
"../../../Engine/Content/EngineMaterials/Substrate/Glints2/dict_0002_0155.uasset" 9878
"../../../Engine/Content/EngineMaterials/Substrate/Glints2/dict_0002_0157.uasset" 9879
"../../../Engine/Content/EngineMaterials/Substrate/Glints2/dict_0002_0152.uasset" 9880
"../../../Engine/Content/EngineMaterials/Substrate/Glints2/dict_0002_0156.uasset" 9881
"../../../Engine/Content/EngineMaterials/Substrate/Glints2/dict_0002_0149.uasset" 9882
"../../../Engine/Content/EngineMaterials/Substrate/Glints2/dict_0002_0148.uasset" 9883
"../../../Engine/Content/EngineMaterials/Substrate/Glints2/dict_0002_0147.uasset" 9884
"../../../Engine/Content/EngineMaterials/Substrate/Glints2/dict_0002_0150.uasset" 9885
"../../../Engine/Content/EngineMaterials/Substrate/Glints2/dict_0002_0146.uasset" 9886
"../../../Engine/Content/EngineMaterials/Substrate/Glints2/dict_0002_0144.uasset" 9887
"../../../Engine/Content/EngineMaterials/Substrate/Glints2/dict_0002_0145.uasset" 9888
"../../../Engine/Content/EngineMaterials/Substrate/Glints2/dict_0002_0151.uasset" 9889
"../../../Engine/Content/EngineMaterials/Substrate/Glints2/dict_0002_0143.uasset" 9890
"/Engine/EngineMaterials/Substrate/Glints2/dict_0002_0143" 9891
"/Engine/EngineMaterials/Substrate/Glints2/dict_0002_0144" 9892
"/Engine/EngineMaterials/Substrate/Glints2/dict_0002_0145" 9893
"/Engine/EngineMaterials/Substrate/Glints2/dict_0002_0146" 9894
"/Engine/EngineMaterials/Substrate/Glints2/dict_0002_0147" 9895
"/Engine/EngineMaterials/Substrate/Glints2/dict_0002_0148" 9896
"/Engine/EngineMaterials/Substrate/Glints2/dict_0002_0149" 9897
"/Engine/EngineMaterials/Substrate/Glints2/dict_0002_0150" 9898
"/Engine/EngineMaterials/Substrate/Glints2/dict_0002_0151" 9899
"/Engine/EngineMaterials/Substrate/Glints2/dict_0002_0152" 9900
"/Engine/EngineMaterials/Substrate/Glints2/dict_0002_0153" 9901
"/Engine/EngineMaterials/Substrate/Glints2/dict_0002_0154" 9902
"/Engine/EngineMaterials/Substrate/Glints2/dict_0002_0155" 9903
"/Engine/EngineMaterials/Substrate/Glints2/dict_0002_0156" 9904
"/Engine/EngineMaterials/Substrate/Glints2/dict_0002_0157" 9905
"/Engine/EngineMaterials/Substrate/Glints2/dict_0002_0158" 9906
"/Engine/EngineMaterials/Substrate/Glints2/dict_0002_0159" 9907
"/Engine/EngineMaterials/Substrate/Glints2/dict_0002_0160" 9908
"/Engine/EngineMaterials/Substrate/Glints2/dict_0002_0161" 9909
"/Engine/EngineMaterials/Substrate/Glints2/dict_0002_0162" 9910
"/Engine/EngineMaterials/Substrate/Glints2/dict_0002_0163" 9911
"/Engine/EngineMaterials/Substrate/Glints2/dict_0002_0164" 9912
"/Engine/EngineMaterials/Substrate/Glints2/dict_0002_0165" 9913
"/Engine/EngineMaterials/Substrate/Glints2/dict_0002_0166" 9914
"/Engine/EngineMaterials/Substrate/Glints2/dict_0002_0167" 9915
"/Engine/EngineMaterials/Substrate/Glints2/dict_0002_0168" 9916
"/Engine/EngineMaterials/Substrate/Glints2/dict_0002_0169" 9917
"/Engine/EngineMaterials/Substrate/Glints2/dict_0002_0170" 9918
"/Engine/EngineMaterials/Substrate/Glints2/dict_0002_0171" 9919
"/Engine/EngineMaterials/Substrate/Glints2/dict_0002_0172" 9920
"/Engine/EngineMaterials/Substrate/Glints2/dict_0002_0173" 9921
"/Engine/EngineMaterials/Substrate/Glints2/dict_0002_0174" 9922
"../../../Engine/Content/EngineMaterials/Substrate/Glints2/dict_0002_0142.uasset" 9923
"../../../Engine/Content/EngineMaterials/Substrate/Glints2/dict_0002_0135.uasset" 9924
"../../../Engine/Content/EngineMaterials/Substrate/Glints2/dict_0002_0125.uasset" 9925
"../../../Engine/Content/EngineMaterials/Substrate/Glints2/dict_0002_0129.uasset" 9926
"../../../Engine/Content/EngineMaterials/Substrate/Glints2/dict_0002_0138.uasset" 9927
"../../../Engine/Content/EngineMaterials/Substrate/Glints2/dict_0002_0123.uasset" 9928
"../../../Engine/Content/EngineMaterials/Substrate/Glints2/dict_0002_0133.uasset" 9929
"../../../Engine/Content/EngineMaterials/Substrate/Glints2/dict_0002_0140.uasset" 9930
"../../../Engine/Content/EngineMaterials/Substrate/Glints2/dict_0002_0141.uasset" 9931
"../../../Engine/Content/EngineMaterials/Substrate/Glints2/dict_0002_0120.uasset" 9932
"../../../Engine/Content/EngineMaterials/Substrate/Glints2/dict_0002_0139.uasset" 9933
"../../../Engine/Content/EngineMaterials/Substrate/Glints2/dict_0002_0124.uasset" 9934
"../../../Engine/Content/EngineMaterials/Substrate/Glints2/dict_0002_0128.uasset" 9935
"../../../Engine/Content/EngineMaterials/Substrate/Glints2/dict_0002_0134.uasset" 9936
"../../../Engine/Content/EngineMaterials/Substrate/Glints2/dict_0002_0121.uasset" 9937
"../../../Engine/Content/EngineMaterials/Substrate/Glints2/dict_0002_0122.uasset" 9938
"../../../Engine/Content/EngineMaterials/Substrate/Glints2/dict_0002_0136.uasset" 9939
"../../../Engine/Content/EngineMaterials/Substrate/Glints2/dict_0002_0132.uasset" 9940
"../../../Engine/Content/EngineMaterials/Substrate/Glints2/dict_0002_0127.uasset" 9941
"../../../Engine/Content/EngineMaterials/Substrate/Glints2/dict_0002_0130.uasset" 9942
"../../../Engine/Content/EngineMaterials/Substrate/Glints2/dict_0002_0137.uasset" 9943
"../../../Engine/Content/EngineMaterials/Substrate/Glints2/dict_0002_0131.uasset" 9944
"../../../Engine/Content/EngineMaterials/Substrate/Glints2/dict_0002_0126.uasset" 9945
"../../../Engine/Content/EngineMaterials/Substrate/Glints2/dict_0002_0118.uasset" 9946
"../../../Engine/Content/EngineMaterials/Substrate/Glints2/dict_0002_0114.uasset" 9947
"../../../Engine/Content/EngineMaterials/Substrate/Glints2/dict_0002_0113.uasset" 9948
"../../../Engine/Content/EngineMaterials/Substrate/Glints2/dict_0002_0119.uasset" 9949
"../../../Engine/Content/EngineMaterials/Substrate/Glints2/dict_0002_0112.uasset" 9950
"../../../Engine/Content/EngineMaterials/Substrate/Glints2/dict_0002_0115.uasset" 9951
"../../../Engine/Content/EngineMaterials/Substrate/Glints2/dict_0002_0111.uasset" 9952
"/Engine/EngineMaterials/Substrate/Glints2/dict_0002_0114" 9953
"../../../Engine/Content/EngineMaterials/Substrate/Glints2/dict_0002_0116.uasset" 9954
"/Engine/EngineMaterials/Substrate/Glints2/dict_0002_0118" 9955
"/Engine/EngineMaterials/Substrate/Glints2/dict_0002_0120" 9956
"../../../Engine/Content/EngineMaterials/Substrate/Glints2/dict_0002_0117.uasset" 9957
"/Engine/EngineMaterials/Substrate/Glints2/dict_0002_0121" 9958
"/Engine/EngineMaterials/Substrate/Glints2/dict_0002_0122" 9959
"/Engine/EngineMaterials/Substrate/Glints2/dict_0002_0123" 9960
"/Engine/EngineMaterials/Substrate/Glints2/dict_0002_0124" 9961
"/Engine/EngineMaterials/Substrate/Glints2/dict_0002_0125" 9962
"/Engine/EngineMaterials/Substrate/Glints2/dict_0002_0126" 9963
"/Engine/EngineMaterials/Substrate/Glints2/dict_0002_0127" 9964
"/Engine/EngineMaterials/Substrate/Glints2/dict_0002_0128" 9965
"/Engine/EngineMaterials/Substrate/Glints2/dict_0002_0129" 9966
"/Engine/EngineMaterials/Substrate/Glints2/dict_0002_0130" 9967
"/Engine/EngineMaterials/Substrate/Glints2/dict_0002_0131" 9968
"/Engine/EngineMaterials/Substrate/Glints2/dict_0002_0132" 9969
"/Engine/EngineMaterials/Substrate/Glints2/dict_0002_0133" 9970
"/Engine/EngineMaterials/Substrate/Glints2/dict_0002_0134" 9971
"/Engine/EngineMaterials/Substrate/Glints2/dict_0002_0135" 9972
"/Engine/EngineMaterials/Substrate/Glints2/dict_0002_0136" 9973
"/Engine/EngineMaterials/Substrate/Glints2/dict_0002_0137" 9974
"/Engine/EngineMaterials/Substrate/Glints2/dict_0002_0138" 9975
"/Engine/EngineMaterials/Substrate/Glints2/dict_0002_0139" 9976
"/Engine/EngineMaterials/Substrate/Glints2/dict_0002_0140" 9977
"/Engine/EngineMaterials/Substrate/Glints2/dict_0002_0141" 9978
"/Engine/EngineMaterials/Substrate/Glints2/dict_0002_0142" 9979
"/Engine/EngineMaterials/Substrate/Glints2/dict_0002_0111" 9980
"/Engine/EngineMaterials/Substrate/Glints2/dict_0002_0112" 9981
"/Engine/EngineMaterials/Substrate/Glints2/dict_0002_0113" 9982
"/Engine/EngineMaterials/Substrate/Glints2/dict_0002_0115" 9983
"/Engine/EngineMaterials/Substrate/Glints2/dict_0002_0116" 9984
"/Engine/EngineMaterials/Substrate/Glints2/dict_0002_0117" 9985
"/Engine/EngineMaterials/Substrate/Glints2/dict_0002_0119" 9986
"../../../Engine/Content/EngineMaterials/Substrate/Glints2/dict_0002_0090.uasset" 9987
"../../../Engine/Content/EngineMaterials/Substrate/Glints2/dict_0002_0104.uasset" 9988
"../../../Engine/Content/EngineMaterials/Substrate/Glints2/dict_0002_0091.uasset" 9989
"../../../Engine/Content/EngineMaterials/Substrate/Glints2/dict_0002_0100.uasset" 9990
"../../../Engine/Content/EngineMaterials/Substrate/Glints2/dict_0002_0110.uasset" 9991
"../../../Engine/Content/EngineMaterials/Substrate/Glints2/dict_0002_0103.uasset" 9992
"../../../Engine/Content/EngineMaterials/Substrate/Glints2/dict_0002_0102.uasset" 9993
"../../../Engine/Content/EngineMaterials/Substrate/Glints2/dict_0002_0109.uasset" 9994
"../../../Engine/Content/EngineMaterials/Substrate/Glints2/dict_0002_0106.uasset" 9995
"../../../Engine/Content/EngineMaterials/Substrate/Glints2/dict_0002_0088.uasset" 9996
"../../../Engine/Content/EngineMaterials/Substrate/Glints2/dict_0002_0105.uasset" 9997
"../../../Engine/Content/EngineMaterials/Substrate/Glints2/dict_0002_0089.uasset" 9998
"../../../Engine/Content/EngineMaterials/Substrate/Glints2/dict_0002_0095.uasset" 9999
"../../../Engine/Content/EngineMaterials/Substrate/Glints2/dict_0002_0094.uasset" 10000
"../../../Engine/Content/EngineMaterials/Substrate/Glints2/dict_0002_0098.uasset" 10001
"../../../Engine/Content/EngineMaterials/Substrate/Glints2/dict_0002_0093.uasset" 10002
"../../../Engine/Content/EngineMaterials/Substrate/Glints2/dict_0002_0097.uasset" 10003
"../../../Engine/Content/EngineMaterials/Substrate/Glints2/dict_0002_0099.uasset" 10004
"../../../Engine/Content/EngineMaterials/Substrate/Glints2/dict_0002_0101.uasset" 10005
"../../../Engine/Content/EngineMaterials/Substrate/Glints2/dict_0002_0108.uasset" 10006
"../../../Engine/Content/EngineMaterials/Substrate/Glints2/dict_0002_0096.uasset" 10007
"../../../Engine/Content/EngineMaterials/Substrate/Glints2/dict_0002_0092.uasset" 10008
"../../../Engine/Content/EngineMaterials/Substrate/Glints2/dict_0002_0107.uasset" 10009
"../../../Engine/Content/EngineMaterials/Substrate/Glints2/dict_0002_0079.uasset" 10010
"../../../Engine/Content/EngineMaterials/Substrate/Glints2/dict_0002_0084.uasset" 10011
"../../../Engine/Content/EngineMaterials/Substrate/Glints2/dict_0002_0087.uasset" 10012
"../../../Engine/Content/EngineMaterials/Substrate/Glints2/dict_0002_0080.uasset" 10013
"../../../Engine/Content/EngineMaterials/Substrate/Glints2/dict_0002_0082.uasset" 10014
"../../../Engine/Content/EngineMaterials/Substrate/Glints2/dict_0002_0081.uasset" 10015
"../../../Engine/Content/EngineMaterials/Substrate/Glints2/dict_0002_0085.uasset" 10016
"../../../Engine/Content/EngineMaterials/Substrate/Glints2/dict_0002_0086.uasset" 10017
"/Engine/EngineMaterials/Substrate/Glints2/dict_0002_0079" 10018
"../../../Engine/Content/EngineMaterials/Substrate/Glints2/dict_0002_0083.uasset" 10019
"/Engine/EngineMaterials/Substrate/Glints2/dict_0002_0080" 10020
"/Engine/EngineMaterials/Substrate/Glints2/dict_0002_0081" 10021
"/Engine/EngineMaterials/Substrate/Glints2/dict_0002_0082" 10022
"/Engine/EngineMaterials/Substrate/Glints2/dict_0002_0084" 10023
"/Engine/EngineMaterials/Substrate/Glints2/dict_0002_0087" 10024
"/Engine/EngineMaterials/Substrate/Glints2/dict_0002_0085" 10025
"/Engine/EngineMaterials/Substrate/Glints2/dict_0002_0088" 10026
"/Engine/EngineMaterials/Substrate/Glints2/dict_0002_0089" 10027
"/Engine/EngineMaterials/Substrate/Glints2/dict_0002_0090" 10028
"/Engine/EngineMaterials/Substrate/Glints2/dict_0002_0091" 10029
"/Engine/EngineMaterials/Substrate/Glints2/dict_0002_0092" 10030
"/Engine/EngineMaterials/Substrate/Glints2/dict_0002_0093" 10031
"/Engine/EngineMaterials/Substrate/Glints2/dict_0002_0094" 10032
"/Engine/EngineMaterials/Substrate/Glints2/dict_0002_0095" 10033
"/Engine/EngineMaterials/Substrate/Glints2/dict_0002_0096" 10034
"/Engine/EngineMaterials/Substrate/Glints2/dict_0002_0097" 10035
"/Engine/EngineMaterials/Substrate/Glints2/dict_0002_0098" 10036
"/Engine/EngineMaterials/Substrate/Glints2/dict_0002_0099" 10037
"/Engine/EngineMaterials/Substrate/Glints2/dict_0002_0100" 10038
"/Engine/EngineMaterials/Substrate/Glints2/dict_0002_0101" 10039
"/Engine/EngineMaterials/Substrate/Glints2/dict_0002_0102" 10040
"/Engine/EngineMaterials/Substrate/Glints2/dict_0002_0103" 10041
"/Engine/EngineMaterials/Substrate/Glints2/dict_0002_0104" 10042
"/Engine/EngineMaterials/Substrate/Glints2/dict_0002_0105" 10043
"/Engine/EngineMaterials/Substrate/Glints2/dict_0002_0106" 10044
"/Engine/EngineMaterials/Substrate/Glints2/dict_0002_0107" 10045
"/Engine/EngineMaterials/Substrate/Glints2/dict_0002_0108" 10046
"/Engine/EngineMaterials/Substrate/Glints2/dict_0002_0109" 10047
"/Engine/EngineMaterials/Substrate/Glints2/dict_0002_0110" 10048
"/Engine/EngineMaterials/Substrate/Glints2/dict_0002_0086" 10049
"/Engine/EngineMaterials/Substrate/Glints2/dict_0002_0083" 10050
"../../../Engine/Content/EngineMaterials/Substrate/Glints2/dict_0002_0070.uasset" 10051
"../../../Engine/Content/EngineMaterials/Substrate/Glints2/dict_0002_0073.uasset" 10052
"../../../Engine/Content/EngineMaterials/Substrate/Glints2/dict_0002_0076.uasset" 10053
"../../../Engine/Content/EngineMaterials/Substrate/Glints2/dict_0002_0058.uasset" 10054
"../../../Engine/Content/EngineMaterials/Substrate/Glints2/dict_0002_0077.uasset" 10055
"../../../Engine/Content/EngineMaterials/Substrate/Glints2/dict_0002_0061.uasset" 10056
"../../../Engine/Content/EngineMaterials/Substrate/Glints2/dict_0002_0066.uasset" 10057
"../../../Engine/Content/EngineMaterials/Substrate/Glints2/dict_0002_0075.uasset" 10058
"../../../Engine/Content/EngineMaterials/Substrate/Glints2/dict_0002_0060.uasset" 10059
"../../../Engine/Content/EngineMaterials/Substrate/Glints2/dict_0002_0056.uasset" 10060
"../../../Engine/Content/EngineMaterials/Substrate/Glints2/dict_0002_0065.uasset" 10061
"../../../Engine/Content/EngineMaterials/Substrate/Glints2/dict_0002_0064.uasset" 10062
"../../../Engine/Content/EngineMaterials/Substrate/Glints2/dict_0002_0063.uasset" 10063
"../../../Engine/Content/EngineMaterials/Substrate/Glints2/dict_0002_0078.uasset" 10064
"../../../Engine/Content/EngineMaterials/Substrate/Glints2/dict_0002_0062.uasset" 10065
"../../../Engine/Content/EngineMaterials/Substrate/Glints2/dict_0002_0068.uasset" 10066
"../../../Engine/Content/EngineMaterials/Substrate/Glints2/dict_0002_0059.uasset" 10067
"../../../Engine/Content/EngineMaterials/Substrate/Glints2/dict_0002_0057.uasset" 10068
"../../../Engine/Content/EngineMaterials/Substrate/Glints2/dict_0002_0071.uasset" 10069
"../../../Engine/Content/EngineMaterials/Substrate/Glints2/dict_0002_0069.uasset" 10070
"../../../Engine/Content/EngineMaterials/Substrate/Glints2/dict_0002_0072.uasset" 10071
"../../../Engine/Content/EngineMaterials/Substrate/Glints2/dict_0002_0074.uasset" 10072
"../../../Engine/Content/EngineMaterials/Substrate/Glints2/dict_0002_0067.uasset" 10073
"../../../Engine/Content/EngineMaterials/Substrate/Glints2/dict_0002_0051.uasset" 10074
"../../../Engine/Content/EngineMaterials/Substrate/Glints2/dict_0002_0053.uasset" 10075
"../../../Engine/Content/EngineMaterials/Substrate/Glints2/dict_0002_0047.uasset" 10076
"../../../Engine/Content/EngineMaterials/Substrate/Glints2/dict_0002_0052.uasset" 10077
"../../../Engine/Content/EngineMaterials/Substrate/Glints2/dict_0002_0050.uasset" 10078
"../../../Engine/Content/EngineMaterials/Substrate/Glints2/dict_0002_0055.uasset" 10079
"../../../Engine/Content/EngineMaterials/Substrate/Glints2/dict_0002_0054.uasset" 10080
"../../../Engine/Content/EngineMaterials/Substrate/Glints2/dict_0002_0048.uasset" 10081
"../../../Engine/Content/EngineMaterials/Substrate/Glints2/dict_0002_0049.uasset" 10082
"/Engine/EngineMaterials/Substrate/Glints2/dict_0002_0049" 10083
"/Engine/EngineMaterials/Substrate/Glints2/dict_0002_0050" 10084
"/Engine/EngineMaterials/Substrate/Glints2/dict_0002_0051" 10085
"/Engine/EngineMaterials/Substrate/Glints2/dict_0002_0047" 10086
"/Engine/EngineMaterials/Substrate/Glints2/dict_0002_0052" 10087
"/Engine/EngineMaterials/Substrate/Glints2/dict_0002_0048" 10088
"/Engine/EngineMaterials/Substrate/Glints2/dict_0002_0053" 10089
"/Engine/EngineMaterials/Substrate/Glints2/dict_0002_0054" 10090
"/Engine/EngineMaterials/Substrate/Glints2/dict_0002_0055" 10091
"/Engine/EngineMaterials/Substrate/Glints2/dict_0002_0056" 10092
"/Engine/EngineMaterials/Substrate/Glints2/dict_0002_0057" 10093
"/Engine/EngineMaterials/Substrate/Glints2/dict_0002_0058" 10094
"/Engine/EngineMaterials/Substrate/Glints2/dict_0002_0059" 10095
"/Engine/EngineMaterials/Substrate/Glints2/dict_0002_0060" 10096
"/Engine/EngineMaterials/Substrate/Glints2/dict_0002_0061" 10097
"/Engine/EngineMaterials/Substrate/Glints2/dict_0002_0062" 10098
"/Engine/EngineMaterials/Substrate/Glints2/dict_0002_0063" 10099
"/Engine/EngineMaterials/Substrate/Glints2/dict_0002_0064" 10100
"/Engine/EngineMaterials/Substrate/Glints2/dict_0002_0065" 10101
"/Engine/EngineMaterials/Substrate/Glints2/dict_0002_0066" 10102
"/Engine/EngineMaterials/Substrate/Glints2/dict_0002_0067" 10103
"/Engine/EngineMaterials/Substrate/Glints2/dict_0002_0068" 10104
"/Engine/EngineMaterials/Substrate/Glints2/dict_0002_0069" 10105
"/Engine/EngineMaterials/Substrate/Glints2/dict_0002_0070" 10106
"/Engine/EngineMaterials/Substrate/Glints2/dict_0002_0071" 10107
"/Engine/EngineMaterials/Substrate/Glints2/dict_0002_0072" 10108
"/Engine/EngineMaterials/Substrate/Glints2/dict_0002_0073" 10109
"/Engine/EngineMaterials/Substrate/Glints2/dict_0002_0074" 10110
"/Engine/EngineMaterials/Substrate/Glints2/dict_0002_0075" 10111
"/Engine/EngineMaterials/Substrate/Glints2/dict_0002_0076" 10112
"/Engine/EngineMaterials/Substrate/Glints2/dict_0002_0077" 10113
"/Engine/EngineMaterials/Substrate/Glints2/dict_0002_0078" 10114
"../../../Engine/Content/EngineMaterials/Substrate/Glints2/dict_0002_0032.uasset" 10115
"../../../Engine/Content/EngineMaterials/Substrate/Glints2/dict_0002_0039.uasset" 10116
"../../../Engine/Content/EngineMaterials/Substrate/Glints2/dict_0002_0024.uasset" 10117
"../../../Engine/Content/EngineMaterials/Substrate/Glints2/dict_0002_0038.uasset" 10118
"../../../Engine/Content/EngineMaterials/Substrate/Glints2/dict_0002_0037.uasset" 10119
"../../../Engine/Content/EngineMaterials/Substrate/Glints2/dict_0002_0034.uasset" 10120
"../../../Engine/Content/EngineMaterials/Substrate/Glints2/dict_0002_0033.uasset" 10121
"../../../Engine/Content/EngineMaterials/Substrate/Glints2/dict_0002_0031.uasset" 10122
"../../../Engine/Content/EngineMaterials/Substrate/Glints2/dict_0002_0045.uasset" 10123
"../../../Engine/Content/EngineMaterials/Substrate/Glints2/dict_0002_0042.uasset" 10124
"../../../Engine/Content/EngineMaterials/Substrate/Glints2/dict_0002_0044.uasset" 10125
"../../../Engine/Content/EngineMaterials/Substrate/Glints2/dict_0002_0043.uasset" 10126
"../../../Engine/Content/EngineMaterials/Substrate/Glints2/dict_0002_0029.uasset" 10127
"../../../Engine/Content/EngineMaterials/Substrate/Glints2/dict_0002_0041.uasset" 10128
"../../../Engine/Content/EngineMaterials/Substrate/Glints2/dict_0002_0025.uasset" 10129
"../../../Engine/Content/EngineMaterials/Substrate/Glints2/dict_0002_0026.uasset" 10130
"../../../Engine/Content/EngineMaterials/Substrate/Glints2/dict_0002_0027.uasset" 10131
"../../../Engine/Content/EngineMaterials/Substrate/Glints2/dict_0002_0040.uasset" 10132
"../../../Engine/Content/EngineMaterials/Substrate/Glints2/dict_0002_0036.uasset" 10133
"../../../Engine/Content/EngineMaterials/Substrate/Glints2/dict_0002_0028.uasset" 10134
"../../../Engine/Content/EngineMaterials/Substrate/Glints2/dict_0002_0046.uasset" 10135
"../../../Engine/Content/EngineMaterials/Substrate/Glints2/dict_0002_0035.uasset" 10136
"../../../Engine/Content/EngineMaterials/Substrate/Glints2/dict_0002_0030.uasset" 10137
"../../../Engine/Content/EngineMaterials/Substrate/Glints2/dict_0002_0015.uasset" 10138
"../../../Engine/Content/EngineMaterials/Substrate/Glints2/dict_0002_0022.uasset" 10139
"../../../Engine/Content/EngineMaterials/Substrate/Glints2/dict_0002_0017.uasset" 10140
"../../../Engine/Content/EngineMaterials/Substrate/Glints2/dict_0002_0020.uasset" 10141
"../../../Engine/Content/EngineMaterials/Substrate/Glints2/dict_0002_0016.uasset" 10142
"../../../Engine/Content/EngineMaterials/Substrate/Glints2/dict_0002_0023.uasset" 10143
"../../../Engine/Content/EngineMaterials/Substrate/Glints2/dict_0002_0021.uasset" 10144
"../../../Engine/Content/EngineMaterials/Substrate/Glints2/dict_0002_0019.uasset" 10145
"../../../Engine/Content/EngineMaterials/Substrate/Glints2/dict_0002_0018.uasset" 10146
"/Engine/EngineMaterials/Substrate/Glints2/dict_0002_0015" 10147
"/Engine/EngineMaterials/Substrate/Glints2/dict_0002_0016" 10148
"/Engine/EngineMaterials/Substrate/Glints2/dict_0002_0017" 10149
"/Engine/EngineMaterials/Substrate/Glints2/dict_0002_0018" 10150
"/Engine/EngineMaterials/Substrate/Glints2/dict_0002_0019" 10151
"/Engine/EngineMaterials/Substrate/Glints2/dict_0002_0020" 10152
"/Engine/EngineMaterials/Substrate/Glints2/dict_0002_0021" 10153
"/Engine/EngineMaterials/Substrate/Glints2/dict_0002_0022" 10154
"/Engine/EngineMaterials/Substrate/Glints2/dict_0002_0023" 10155
"/Engine/EngineMaterials/Substrate/Glints2/dict_0002_0024" 10156
"/Engine/EngineMaterials/Substrate/Glints2/dict_0002_0025" 10157
"/Engine/EngineMaterials/Substrate/Glints2/dict_0002_0026" 10158
"/Engine/EngineMaterials/Substrate/Glints2/dict_0002_0027" 10159
"/Engine/EngineMaterials/Substrate/Glints2/dict_0002_0028" 10160
"/Engine/EngineMaterials/Substrate/Glints2/dict_0002_0029" 10161
"/Engine/EngineMaterials/Substrate/Glints2/dict_0002_0030" 10162
"/Engine/EngineMaterials/Substrate/Glints2/dict_0002_0031" 10163
"/Engine/EngineMaterials/Substrate/Glints2/dict_0002_0032" 10164
"/Engine/EngineMaterials/Substrate/Glints2/dict_0002_0033" 10165
"/Engine/EngineMaterials/Substrate/Glints2/dict_0002_0034" 10166
"/Engine/EngineMaterials/Substrate/Glints2/dict_0002_0035" 10167
"/Engine/EngineMaterials/Substrate/Glints2/dict_0002_0036" 10168
"/Engine/EngineMaterials/Substrate/Glints2/dict_0002_0037" 10169
"/Engine/EngineMaterials/Substrate/Glints2/dict_0002_0038" 10170
"/Engine/EngineMaterials/Substrate/Glints2/dict_0002_0039" 10171
"/Engine/EngineMaterials/Substrate/Glints2/dict_0002_0040" 10172
"/Engine/EngineMaterials/Substrate/Glints2/dict_0002_0041" 10173
"/Engine/EngineMaterials/Substrate/Glints2/dict_0002_0042" 10174
"/Engine/EngineMaterials/Substrate/Glints2/dict_0002_0043" 10175
"/Engine/EngineMaterials/Substrate/Glints2/dict_0002_0044" 10176
"/Engine/EngineMaterials/Substrate/Glints2/dict_0002_0045" 10177
"/Engine/EngineMaterials/Substrate/Glints2/dict_0002_0046" 10178
"../../../Engine/Content/EngineMaterials/Substrate/Glints2/dict_0002_0013.uasset" 10179
"../../../Engine/Content/EngineMaterials/Substrate/Glints2/dict_0002_0003.uasset" 10180
"../../../Engine/Content/EngineMaterials/Substrate/Glints2/dict_0002_0007.uasset" 10181
"../../../Engine/Content/EngineMaterials/Substrate/Glints2/dict_0002_0001.uasset" 10182
"../../../Engine/Content/EngineMaterials/Substrate/Glints2/dict_0002_0014.uasset" 10183
"../../../Engine/Content/EngineMaterials/Substrate/Glints2/dict_0002_0010.uasset" 10184
"../../../Engine/Content/EngineMaterials/Substrate/Glints2/dict_0002_0008.uasset" 10185
"../../../Engine/Content/EngineMaterials/Substrate/Glints2/dict_0002_0000.uasset" 10186
"../../../Engine/Content/EngineMaterials/Substrate/Glints2/dict_0001_0254.uasset" 10187
"../../../Engine/Content/EngineMaterials/Substrate/Glints2/dict_0002_0004.uasset" 10188
"../../../Engine/Content/EngineMaterials/Substrate/Glints2/dict_0002_0002.uasset" 10189
"../../../Engine/Content/EngineMaterials/Substrate/Glints2/dict_0001_0250.uasset" 10190
"../../../Engine/Content/EngineMaterials/Substrate/Glints2/dict_0001_0253.uasset" 10191
"../../../Engine/Content/EngineMaterials/Substrate/Glints2/dict_0001_0251.uasset" 10192
"../../../Engine/Content/EngineMaterials/Substrate/Glints2/dict_0002_0009.uasset" 10193
"../../../Engine/Content/EngineMaterials/Substrate/Glints2/dict_0002_0011.uasset" 10194
"../../../Engine/Content/EngineMaterials/Substrate/Glints2/dict_0002_0006.uasset" 10195
"../../../Engine/Content/EngineMaterials/Substrate/Glints2/dict_0002_0005.uasset" 10196
"../../../Engine/Content/EngineMaterials/Substrate/Glints2/dict_0001_0255.uasset" 10197
"../../../Engine/Content/EngineMaterials/Substrate/Glints2/dict_0001_0249.uasset" 10198
"../../../Engine/Content/EngineMaterials/Substrate/Glints2/dict_0001_0248.uasset" 10199
"../../../Engine/Content/EngineMaterials/Substrate/Glints2/dict_0002_0012.uasset" 10200
"../../../Engine/Content/EngineMaterials/Substrate/Glints2/dict_0001_0252.uasset" 10201
"/Engine/EngineMaterials/Substrate/Glints2/dict_0001_0248" 10202
"../../../Engine/Content/EngineMaterials/Substrate/Glints2/dict_0001_0247.uasset" 10203
"../../../Engine/Content/EngineMaterials/Substrate/Glints2/dict_0001_0245.uasset" 10204
"../../../Engine/Content/EngineMaterials/Substrate/Glints2/dict_0001_0246.uasset" 10205
"../../../Engine/Content/EngineMaterials/Substrate/Glints2/dict_0001_0243.uasset" 10206
"../../../Engine/Content/EngineMaterials/Substrate/Glints2/dict_0001_0242.uasset" 10207
"../../../Engine/Content/EngineMaterials/Substrate/Glints2/dict_0001_0244.uasset" 10208
"../../../Engine/Content/EngineMaterials/Substrate/Glints2/dict_0001_0241.uasset" 10209
"../../../Engine/Content/EngineMaterials/Substrate/Glints2/dict_0001_0240.uasset" 10210
"/Engine/EngineMaterials/Substrate/Glints2/dict_0001_0249" 10211
"../../../Engine/Content/EngineMaterials/Substrate/Glints2/dict_0001_0239.uasset" 10212
"/Engine/EngineMaterials/Substrate/Glints2/dict_0001_0250" 10213
"/Engine/EngineMaterials/Substrate/Glints2/dict_0001_0251" 10214
"/Engine/EngineMaterials/Substrate/Glints2/dict_0001_0252" 10215
"/Engine/EngineMaterials/Substrate/Glints2/dict_0001_0253" 10216
"/Engine/EngineMaterials/Substrate/Glints2/dict_0001_0254" 10217
"/Engine/EngineMaterials/Substrate/Glints2/dict_0001_0255" 10218
"/Engine/EngineMaterials/Substrate/Glints2/dict_0002_0000" 10219
"/Engine/EngineMaterials/Substrate/Glints2/dict_0002_0001" 10220
"/Engine/EngineMaterials/Substrate/Glints2/dict_0002_0002" 10221
"/Engine/EngineMaterials/Substrate/Glints2/dict_0002_0003" 10222
"/Engine/EngineMaterials/Substrate/Glints2/dict_0002_0004" 10223
"/Engine/EngineMaterials/Substrate/Glints2/dict_0002_0005" 10224
"/Engine/EngineMaterials/Substrate/Glints2/dict_0002_0006" 10225
"/Engine/EngineMaterials/Substrate/Glints2/dict_0002_0007" 10226
"/Engine/EngineMaterials/Substrate/Glints2/dict_0002_0008" 10227
"/Engine/EngineMaterials/Substrate/Glints2/dict_0002_0009" 10228
"/Engine/EngineMaterials/Substrate/Glints2/dict_0002_0010" 10229
"/Engine/EngineMaterials/Substrate/Glints2/dict_0002_0011" 10230
"/Engine/EngineMaterials/Substrate/Glints2/dict_0002_0012" 10231
"/Engine/EngineMaterials/Substrate/Glints2/dict_0002_0013" 10232
"/Engine/EngineMaterials/Substrate/Glints2/dict_0002_0014" 10233
"/Engine/EngineMaterials/Substrate/Glints2/dict_0001_0239" 10234
"/Engine/EngineMaterials/Substrate/Glints2/dict_0001_0240" 10235
"/Engine/EngineMaterials/Substrate/Glints2/dict_0001_0241" 10236
"/Engine/EngineMaterials/Substrate/Glints2/dict_0001_0242" 10237
"/Engine/EngineMaterials/Substrate/Glints2/dict_0001_0243" 10238
"/Engine/EngineMaterials/Substrate/Glints2/dict_0001_0244" 10239
"/Engine/EngineMaterials/Substrate/Glints2/dict_0001_0245" 10240
"/Engine/EngineMaterials/Substrate/Glints2/dict_0001_0246" 10241
"/Engine/EngineMaterials/Substrate/Glints2/dict_0001_0247" 10242
"../../../Engine/Content/EngineMaterials/Substrate/Glints2/dict_0001_0235.uasset" 10243
"../../../Engine/Content/EngineMaterials/Substrate/Glints2/dict_0001_0230.uasset" 10244
"../../../Engine/Content/EngineMaterials/Substrate/Glints2/dict_0001_0232.uasset" 10245
"../../../Engine/Content/EngineMaterials/Substrate/Glints2/dict_0001_0222.uasset" 10246
"../../../Engine/Content/EngineMaterials/Substrate/Glints2/dict_0001_0238.uasset" 10247
"../../../Engine/Content/EngineMaterials/Substrate/Glints2/dict_0001_0233.uasset" 10248
"../../../Engine/Content/EngineMaterials/Substrate/Glints2/dict_0001_0229.uasset" 10249
"../../../Engine/Content/EngineMaterials/Substrate/Glints2/dict_0001_0234.uasset" 10250
"../../../Engine/Content/EngineMaterials/Substrate/Glints2/dict_0001_0218.uasset" 10251
"../../../Engine/Content/EngineMaterials/Substrate/Glints2/dict_0001_0221.uasset" 10252
"../../../Engine/Content/EngineMaterials/Substrate/Glints2/dict_0001_0226.uasset" 10253
"../../../Engine/Content/EngineMaterials/Substrate/Glints2/dict_0001_0216.uasset" 10254
"../../../Engine/Content/EngineMaterials/Substrate/Glints2/dict_0001_0217.uasset" 10255
"../../../Engine/Content/EngineMaterials/Substrate/Glints2/dict_0001_0231.uasset" 10256
"../../../Engine/Content/EngineMaterials/Substrate/Glints2/dict_0001_0227.uasset" 10257
"../../../Engine/Content/EngineMaterials/Substrate/Glints2/dict_0001_0237.uasset" 10258
"../../../Engine/Content/EngineMaterials/Substrate/Glints2/dict_0001_0225.uasset" 10259
"../../../Engine/Content/EngineMaterials/Substrate/Glints2/dict_0001_0219.uasset" 10260
"../../../Engine/Content/EngineMaterials/Substrate/Glints2/dict_0001_0220.uasset" 10261
"../../../Engine/Content/EngineMaterials/Substrate/Glints2/dict_0001_0228.uasset" 10262
"../../../Engine/Content/EngineMaterials/Substrate/Glints2/dict_0001_0236.uasset" 10263
"../../../Engine/Content/EngineMaterials/Substrate/Glints2/dict_0001_0223.uasset" 10264
"../../../Engine/Content/EngineMaterials/Substrate/Glints2/dict_0001_0224.uasset" 10265
"../../../Engine/Content/EngineMaterials/Substrate/Glints2/dict_0001_0209.uasset" 10266
"../../../Engine/Content/EngineMaterials/Substrate/Glints2/dict_0001_0213.uasset" 10267
"../../../Engine/Content/EngineMaterials/Substrate/Glints2/dict_0001_0215.uasset" 10268
"../../../Engine/Content/EngineMaterials/Substrate/Glints2/dict_0001_0208.uasset" 10269
"../../../Engine/Content/EngineMaterials/Substrate/Glints2/dict_0001_0210.uasset" 10270
"../../../Engine/Content/EngineMaterials/Substrate/Glints2/dict_0001_0214.uasset" 10271
"../../../Engine/Content/EngineMaterials/Substrate/Glints2/dict_0001_0211.uasset" 10272
"../../../Engine/Content/EngineMaterials/Substrate/Glints2/dict_0001_0212.uasset" 10273
"../../../Engine/Content/EngineMaterials/Substrate/Glints2/dict_0001_0207.uasset" 10274
"/Engine/EngineMaterials/Substrate/Glints2/dict_0001_0207" 10275
"/Engine/EngineMaterials/Substrate/Glints2/dict_0001_0208" 10276
"/Engine/EngineMaterials/Substrate/Glints2/dict_0001_0209" 10277
"/Engine/EngineMaterials/Substrate/Glints2/dict_0001_0210" 10278
"/Engine/EngineMaterials/Substrate/Glints2/dict_0001_0211" 10279
"/Engine/EngineMaterials/Substrate/Glints2/dict_0001_0212" 10280
"/Engine/EngineMaterials/Substrate/Glints2/dict_0001_0213" 10281
"/Engine/EngineMaterials/Substrate/Glints2/dict_0001_0214" 10282
"/Engine/EngineMaterials/Substrate/Glints2/dict_0001_0215" 10283
"/Engine/EngineMaterials/Substrate/Glints2/dict_0001_0216" 10284
"/Engine/EngineMaterials/Substrate/Glints2/dict_0001_0217" 10285
"/Engine/EngineMaterials/Substrate/Glints2/dict_0001_0218" 10286
"/Engine/EngineMaterials/Substrate/Glints2/dict_0001_0219" 10287
"/Engine/EngineMaterials/Substrate/Glints2/dict_0001_0220" 10288
"/Engine/EngineMaterials/Substrate/Glints2/dict_0001_0221" 10289
"/Engine/EngineMaterials/Substrate/Glints2/dict_0001_0222" 10290
"/Engine/EngineMaterials/Substrate/Glints2/dict_0001_0223" 10291
"/Engine/EngineMaterials/Substrate/Glints2/dict_0001_0224" 10292
"/Engine/EngineMaterials/Substrate/Glints2/dict_0001_0225" 10293
"/Engine/EngineMaterials/Substrate/Glints2/dict_0001_0226" 10294
"/Engine/EngineMaterials/Substrate/Glints2/dict_0001_0227" 10295
"/Engine/EngineMaterials/Substrate/Glints2/dict_0001_0228" 10296
"/Engine/EngineMaterials/Substrate/Glints2/dict_0001_0229" 10297
"/Engine/EngineMaterials/Substrate/Glints2/dict_0001_0230" 10298
"/Engine/EngineMaterials/Substrate/Glints2/dict_0001_0231" 10299
"/Engine/EngineMaterials/Substrate/Glints2/dict_0001_0232" 10300
"/Engine/EngineMaterials/Substrate/Glints2/dict_0001_0233" 10301
"/Engine/EngineMaterials/Substrate/Glints2/dict_0001_0234" 10302
"/Engine/EngineMaterials/Substrate/Glints2/dict_0001_0235" 10303
"/Engine/EngineMaterials/Substrate/Glints2/dict_0001_0236" 10304
"/Engine/EngineMaterials/Substrate/Glints2/dict_0001_0237" 10305
"/Engine/EngineMaterials/Substrate/Glints2/dict_0001_0238" 10306
"../../../Engine/Content/EngineMaterials/Substrate/Glints2/dict_0001_0199.uasset" 10307
"../../../Engine/Content/EngineMaterials/Substrate/Glints2/dict_0001_0193.uasset" 10308
"../../../Engine/Content/EngineMaterials/Substrate/Glints2/dict_0001_0192.uasset" 10309
"../../../Engine/Content/EngineMaterials/Substrate/Glints2/dict_0001_0195.uasset" 10310
"../../../Engine/Content/EngineMaterials/Substrate/Glints2/dict_0001_0185.uasset" 10311
"../../../Engine/Content/EngineMaterials/Substrate/Glints2/dict_0001_0200.uasset" 10312
"../../../Engine/Content/EngineMaterials/Substrate/Glints2/dict_0001_0197.uasset" 10313
"../../../Engine/Content/EngineMaterials/Substrate/Glints2/dict_0001_0187.uasset" 10314
"../../../Engine/Content/EngineMaterials/Substrate/Glints2/dict_0001_0198.uasset" 10315
"../../../Engine/Content/EngineMaterials/Substrate/Glints2/dict_0001_0188.uasset" 10316
"../../../Engine/Content/EngineMaterials/Substrate/Glints2/dict_0001_0205.uasset" 10317
"../../../Engine/Content/EngineMaterials/Substrate/Glints2/dict_0001_0196.uasset" 10318
"../../../Engine/Content/EngineMaterials/Substrate/Glints2/dict_0001_0194.uasset" 10319
"../../../Engine/Content/EngineMaterials/Substrate/Glints2/dict_0001_0201.uasset" 10320
"../../../Engine/Content/EngineMaterials/Substrate/Glints2/dict_0001_0189.uasset" 10321
"../../../Engine/Content/EngineMaterials/Substrate/Glints2/dict_0001_0191.uasset" 10322
"../../../Engine/Content/EngineMaterials/Substrate/Glints2/dict_0001_0184.uasset" 10323
"../../../Engine/Content/EngineMaterials/Substrate/Glints2/dict_0001_0203.uasset" 10324
"../../../Engine/Content/EngineMaterials/Substrate/Glints2/dict_0001_0202.uasset" 10325
"../../../Engine/Content/EngineMaterials/Substrate/Glints2/dict_0001_0204.uasset" 10326
"../../../Engine/Content/EngineMaterials/Substrate/Glints2/dict_0001_0190.uasset" 10327
"../../../Engine/Content/EngineMaterials/Substrate/Glints2/dict_0001_0186.uasset" 10328
"../../../Engine/Content/EngineMaterials/Substrate/Glints2/dict_0001_0206.uasset" 10329
"../../../Engine/Content/EngineMaterials/Substrate/Glints2/dict_0001_0175.uasset" 10330
"../../../Engine/Content/EngineMaterials/Substrate/Glints2/dict_0001_0181.uasset" 10331
"../../../Engine/Content/EngineMaterials/Substrate/Glints2/dict_0001_0177.uasset" 10332
"../../../Engine/Content/EngineMaterials/Substrate/Glints2/dict_0001_0182.uasset" 10333
"../../../Engine/Content/EngineMaterials/Substrate/Glints2/dict_0001_0179.uasset" 10334
"../../../Engine/Content/EngineMaterials/Substrate/Glints2/dict_0001_0178.uasset" 10335
"../../../Engine/Content/EngineMaterials/Substrate/Glints2/dict_0001_0176.uasset" 10336
"../../../Engine/Content/EngineMaterials/Substrate/Glints2/dict_0001_0180.uasset" 10337
"../../../Engine/Content/EngineMaterials/Substrate/Glints2/dict_0001_0183.uasset" 10338
"/Engine/EngineMaterials/Substrate/Glints2/dict_0001_0175" 10339
"/Engine/EngineMaterials/Substrate/Glints2/dict_0001_0176" 10340
"/Engine/EngineMaterials/Substrate/Glints2/dict_0001_0177" 10341
"/Engine/EngineMaterials/Substrate/Glints2/dict_0001_0178" 10342
"/Engine/EngineMaterials/Substrate/Glints2/dict_0001_0179" 10343
"/Engine/EngineMaterials/Substrate/Glints2/dict_0001_0180" 10344
"/Engine/EngineMaterials/Substrate/Glints2/dict_0001_0181" 10345
"/Engine/EngineMaterials/Substrate/Glints2/dict_0001_0182" 10346
"/Engine/EngineMaterials/Substrate/Glints2/dict_0001_0183" 10347
"/Engine/EngineMaterials/Substrate/Glints2/dict_0001_0184" 10348
"/Engine/EngineMaterials/Substrate/Glints2/dict_0001_0185" 10349
"/Engine/EngineMaterials/Substrate/Glints2/dict_0001_0186" 10350
"/Engine/EngineMaterials/Substrate/Glints2/dict_0001_0187" 10351
"/Engine/EngineMaterials/Substrate/Glints2/dict_0001_0188" 10352
"/Engine/EngineMaterials/Substrate/Glints2/dict_0001_0189" 10353
"/Engine/EngineMaterials/Substrate/Glints2/dict_0001_0190" 10354
"/Engine/EngineMaterials/Substrate/Glints2/dict_0001_0191" 10355
"/Engine/EngineMaterials/Substrate/Glints2/dict_0001_0192" 10356
"/Engine/EngineMaterials/Substrate/Glints2/dict_0001_0193" 10357
"/Engine/EngineMaterials/Substrate/Glints2/dict_0001_0194" 10358
"/Engine/EngineMaterials/Substrate/Glints2/dict_0001_0195" 10359
"/Engine/EngineMaterials/Substrate/Glints2/dict_0001_0196" 10360
"/Engine/EngineMaterials/Substrate/Glints2/dict_0001_0197" 10361
"/Engine/EngineMaterials/Substrate/Glints2/dict_0001_0198" 10362
"/Engine/EngineMaterials/Substrate/Glints2/dict_0001_0199" 10363
"/Engine/EngineMaterials/Substrate/Glints2/dict_0001_0200" 10364
"/Engine/EngineMaterials/Substrate/Glints2/dict_0001_0201" 10365
"/Engine/EngineMaterials/Substrate/Glints2/dict_0001_0202" 10366
"/Engine/EngineMaterials/Substrate/Glints2/dict_0001_0203" 10367
"/Engine/EngineMaterials/Substrate/Glints2/dict_0001_0204" 10368
"/Engine/EngineMaterials/Substrate/Glints2/dict_0001_0205" 10369
"/Engine/EngineMaterials/Substrate/Glints2/dict_0001_0206" 10370
"../../../Engine/Content/EngineMaterials/Substrate/Glints2/dict_0001_0153.uasset" 10371
"../../../Engine/Content/EngineMaterials/Substrate/Glints2/dict_0001_0165.uasset" 10372
"../../../Engine/Content/EngineMaterials/Substrate/Glints2/dict_0001_0169.uasset" 10373
"../../../Engine/Content/EngineMaterials/Substrate/Glints2/dict_0001_0170.uasset" 10374
"../../../Engine/Content/EngineMaterials/Substrate/Glints2/dict_0001_0163.uasset" 10375
"../../../Engine/Content/EngineMaterials/Substrate/Glints2/dict_0001_0166.uasset" 10376
"../../../Engine/Content/EngineMaterials/Substrate/Glints2/dict_0001_0157.uasset" 10377
"../../../Engine/Content/EngineMaterials/Substrate/Glints2/dict_0001_0158.uasset" 10378
"../../../Engine/Content/EngineMaterials/Substrate/Glints2/dict_0001_0162.uasset" 10379
"../../../Engine/Content/EngineMaterials/Substrate/Glints2/dict_0001_0161.uasset" 10380
"../../../Engine/Content/EngineMaterials/Substrate/Glints2/dict_0001_0167.uasset" 10381
"../../../Engine/Content/EngineMaterials/Substrate/Glints2/dict_0001_0156.uasset" 10382
"../../../Engine/Content/EngineMaterials/Substrate/Glints2/dict_0001_0159.uasset" 10383
"../../../Engine/Content/EngineMaterials/Substrate/Glints2/dict_0001_0160.uasset" 10384
"../../../Engine/Content/EngineMaterials/Substrate/Glints2/dict_0001_0174.uasset" 10385
"../../../Engine/Content/EngineMaterials/Substrate/Glints2/dict_0001_0154.uasset" 10386
"../../../Engine/Content/EngineMaterials/Substrate/Glints2/dict_0001_0168.uasset" 10387
"../../../Engine/Content/EngineMaterials/Substrate/Glints2/dict_0001_0152.uasset" 10388
"../../../Engine/Content/EngineMaterials/Substrate/Glints2/dict_0001_0172.uasset" 10389
"../../../Engine/Content/EngineMaterials/Substrate/Glints2/dict_0001_0155.uasset" 10390
"../../../Engine/Content/EngineMaterials/Substrate/Glints2/dict_0001_0164.uasset" 10391
"../../../Engine/Content/EngineMaterials/Substrate/Glints2/dict_0001_0173.uasset" 10392
"../../../Engine/Content/EngineMaterials/Substrate/Glints2/dict_0001_0171.uasset" 10393
"../../../Engine/Content/EngineMaterials/Substrate/Glints2/dict_0001_0148.uasset" 10394
"../../../Engine/Content/EngineMaterials/Substrate/Glints2/dict_0001_0145.uasset" 10395
"../../../Engine/Content/EngineMaterials/Substrate/Glints2/dict_0001_0143.uasset" 10396
"../../../Engine/Content/EngineMaterials/Substrate/Glints2/dict_0001_0150.uasset" 10397
"../../../Engine/Content/EngineMaterials/Substrate/Glints2/dict_0001_0151.uasset" 10398
"../../../Engine/Content/EngineMaterials/Substrate/Glints2/dict_0001_0146.uasset" 10399
"../../../Engine/Content/EngineMaterials/Substrate/Glints2/dict_0001_0144.uasset" 10400
"../../../Engine/Content/EngineMaterials/Substrate/Glints2/dict_0001_0149.uasset" 10401
"../../../Engine/Content/EngineMaterials/Substrate/Glints2/dict_0001_0147.uasset" 10402
"/Engine/EngineMaterials/Substrate/Glints2/dict_0001_0143" 10403
"/Engine/EngineMaterials/Substrate/Glints2/dict_0001_0144" 10404
"/Engine/EngineMaterials/Substrate/Glints2/dict_0001_0145" 10405
"/Engine/EngineMaterials/Substrate/Glints2/dict_0001_0146" 10406
"/Engine/EngineMaterials/Substrate/Glints2/dict_0001_0147" 10407
"/Engine/EngineMaterials/Substrate/Glints2/dict_0001_0148" 10408
"/Engine/EngineMaterials/Substrate/Glints2/dict_0001_0149" 10409
"/Engine/EngineMaterials/Substrate/Glints2/dict_0001_0150" 10410
"/Engine/EngineMaterials/Substrate/Glints2/dict_0001_0151" 10411
"/Engine/EngineMaterials/Substrate/Glints2/dict_0001_0152" 10412
"/Engine/EngineMaterials/Substrate/Glints2/dict_0001_0153" 10413
"/Engine/EngineMaterials/Substrate/Glints2/dict_0001_0154" 10414
"/Engine/EngineMaterials/Substrate/Glints2/dict_0001_0155" 10415
"/Engine/EngineMaterials/Substrate/Glints2/dict_0001_0156" 10416
"/Engine/EngineMaterials/Substrate/Glints2/dict_0001_0157" 10417
"/Engine/EngineMaterials/Substrate/Glints2/dict_0001_0158" 10418
"/Engine/EngineMaterials/Substrate/Glints2/dict_0001_0159" 10419
"/Engine/EngineMaterials/Substrate/Glints2/dict_0001_0160" 10420
"/Engine/EngineMaterials/Substrate/Glints2/dict_0001_0161" 10421
"/Engine/EngineMaterials/Substrate/Glints2/dict_0001_0162" 10422
"/Engine/EngineMaterials/Substrate/Glints2/dict_0001_0163" 10423
"/Engine/EngineMaterials/Substrate/Glints2/dict_0001_0164" 10424
"/Engine/EngineMaterials/Substrate/Glints2/dict_0001_0165" 10425
"/Engine/EngineMaterials/Substrate/Glints2/dict_0001_0166" 10426
"/Engine/EngineMaterials/Substrate/Glints2/dict_0001_0167" 10427
"/Engine/EngineMaterials/Substrate/Glints2/dict_0001_0168" 10428
"/Engine/EngineMaterials/Substrate/Glints2/dict_0001_0169" 10429
"/Engine/EngineMaterials/Substrate/Glints2/dict_0001_0170" 10430
"/Engine/EngineMaterials/Substrate/Glints2/dict_0001_0171" 10431
"/Engine/EngineMaterials/Substrate/Glints2/dict_0001_0172" 10432
"/Engine/EngineMaterials/Substrate/Glints2/dict_0001_0173" 10433
"/Engine/EngineMaterials/Substrate/Glints2/dict_0001_0174" 10434
"../../../Engine/Content/EngineMaterials/Substrate/Glints2/dict_0001_0140.uasset" 10435
"../../../Engine/Content/EngineMaterials/Substrate/Glints2/dict_0001_0134.uasset" 10436
"../../../Engine/Content/EngineMaterials/Substrate/Glints2/dict_0001_0133.uasset" 10437
"../../../Engine/Content/EngineMaterials/Substrate/Glints2/dict_0001_0142.uasset" 10438
"../../../Engine/Content/EngineMaterials/Substrate/Glints2/dict_0001_0122.uasset" 10439
"../../../Engine/Content/EngineMaterials/Substrate/Glints2/dict_0001_0125.uasset" 10440
"../../../Engine/Content/EngineMaterials/Substrate/Glints2/dict_0001_0141.uasset" 10441
"../../../Engine/Content/EngineMaterials/Substrate/Glints2/dict_0001_0130.uasset" 10442
"../../../Engine/Content/EngineMaterials/Substrate/Glints2/dict_0001_0128.uasset" 10443
"../../../Engine/Content/EngineMaterials/Substrate/Glints2/dict_0001_0129.uasset" 10444
"../../../Engine/Content/EngineMaterials/Substrate/Glints2/dict_0001_0123.uasset" 10445
"../../../Engine/Content/EngineMaterials/Substrate/Glints2/dict_0001_0132.uasset" 10446
"../../../Engine/Content/EngineMaterials/Substrate/Glints2/dict_0001_0137.uasset" 10447
"../../../Engine/Content/EngineMaterials/Substrate/Glints2/dict_0001_0131.uasset" 10448
"../../../Engine/Content/EngineMaterials/Substrate/Glints2/dict_0001_0121.uasset" 10449
"../../../Engine/Content/EngineMaterials/Substrate/Glints2/dict_0001_0127.uasset" 10450
"../../../Engine/Content/EngineMaterials/Substrate/Glints2/dict_0001_0136.uasset" 10451
"../../../Engine/Content/EngineMaterials/Substrate/Glints2/dict_0001_0138.uasset" 10452
"../../../Engine/Content/EngineMaterials/Substrate/Glints2/dict_0001_0126.uasset" 10453
"../../../Engine/Content/EngineMaterials/Substrate/Glints2/dict_0001_0135.uasset" 10454
"../../../Engine/Content/EngineMaterials/Substrate/Glints2/dict_0001_0124.uasset" 10455
"../../../Engine/Content/EngineMaterials/Substrate/Glints2/dict_0001_0139.uasset" 10456
"../../../Engine/Content/EngineMaterials/Substrate/Glints2/dict_0001_0120.uasset" 10457
"../../../Engine/Content/EngineMaterials/Substrate/Glints2/dict_0001_0112.uasset" 10458
"../../../Engine/Content/EngineMaterials/Substrate/Glints2/dict_0001_0118.uasset" 10459
"../../../Engine/Content/EngineMaterials/Substrate/Glints2/dict_0001_0113.uasset" 10460
"../../../Engine/Content/EngineMaterials/Substrate/Glints2/dict_0001_0111.uasset" 10461
"../../../Engine/Content/EngineMaterials/Substrate/Glints2/dict_0001_0114.uasset" 10462
"../../../Engine/Content/EngineMaterials/Substrate/Glints2/dict_0001_0117.uasset" 10463
"../../../Engine/Content/EngineMaterials/Substrate/Glints2/dict_0001_0115.uasset" 10464
"../../../Engine/Content/EngineMaterials/Substrate/Glints2/dict_0001_0116.uasset" 10465
"../../../Engine/Content/EngineMaterials/Substrate/Glints2/dict_0001_0119.uasset" 10466
"/Engine/EngineMaterials/Substrate/Glints2/dict_0001_0111" 10467
"/Engine/EngineMaterials/Substrate/Glints2/dict_0001_0112" 10468
"/Engine/EngineMaterials/Substrate/Glints2/dict_0001_0113" 10469
"/Engine/EngineMaterials/Substrate/Glints2/dict_0001_0114" 10470
"/Engine/EngineMaterials/Substrate/Glints2/dict_0001_0115" 10471
"/Engine/EngineMaterials/Substrate/Glints2/dict_0001_0116" 10472
"/Engine/EngineMaterials/Substrate/Glints2/dict_0001_0117" 10473
"/Engine/EngineMaterials/Substrate/Glints2/dict_0001_0118" 10474
"/Engine/EngineMaterials/Substrate/Glints2/dict_0001_0119" 10475
"/Engine/EngineMaterials/Substrate/Glints2/dict_0001_0120" 10476
"/Engine/EngineMaterials/Substrate/Glints2/dict_0001_0121" 10477
"/Engine/EngineMaterials/Substrate/Glints2/dict_0001_0122" 10478
"/Engine/EngineMaterials/Substrate/Glints2/dict_0001_0123" 10479
"/Engine/EngineMaterials/Substrate/Glints2/dict_0001_0124" 10480
"/Engine/EngineMaterials/Substrate/Glints2/dict_0001_0125" 10481
"/Engine/EngineMaterials/Substrate/Glints2/dict_0001_0126" 10482
"/Engine/EngineMaterials/Substrate/Glints2/dict_0001_0127" 10483
"/Engine/EngineMaterials/Substrate/Glints2/dict_0001_0128" 10484
"/Engine/EngineMaterials/Substrate/Glints2/dict_0001_0129" 10485
"/Engine/EngineMaterials/Substrate/Glints2/dict_0001_0130" 10486
"/Engine/EngineMaterials/Substrate/Glints2/dict_0001_0131" 10487
"/Engine/EngineMaterials/Substrate/Glints2/dict_0001_0132" 10488
"/Engine/EngineMaterials/Substrate/Glints2/dict_0001_0133" 10489
"/Engine/EngineMaterials/Substrate/Glints2/dict_0001_0134" 10490
"/Engine/EngineMaterials/Substrate/Glints2/dict_0001_0135" 10491
"/Engine/EngineMaterials/Substrate/Glints2/dict_0001_0136" 10492
"/Engine/EngineMaterials/Substrate/Glints2/dict_0001_0137" 10493
"/Engine/EngineMaterials/Substrate/Glints2/dict_0001_0138" 10494
"/Engine/EngineMaterials/Substrate/Glints2/dict_0001_0139" 10495
"/Engine/EngineMaterials/Substrate/Glints2/dict_0001_0140" 10496
"/Engine/EngineMaterials/Substrate/Glints2/dict_0001_0141" 10497
"/Engine/EngineMaterials/Substrate/Glints2/dict_0001_0142" 10498
"../../../Engine/Content/EngineMaterials/Substrate/Glints2/dict_0001_0089.uasset" 10499
"../../../Engine/Content/EngineMaterials/Substrate/Glints2/dict_0001_0088.uasset" 10500
"../../../Engine/Content/EngineMaterials/Substrate/Glints2/dict_0001_0108.uasset" 10501
"../../../Engine/Content/EngineMaterials/Substrate/Glints2/dict_0001_0110.uasset" 10502
"../../../Engine/Content/EngineMaterials/Substrate/Glints2/dict_0001_0107.uasset" 10503
"../../../Engine/Content/EngineMaterials/Substrate/Glints2/dict_0001_0092.uasset" 10504
"../../../Engine/Content/EngineMaterials/Substrate/Glints2/dict_0001_0101.uasset" 10505
"../../../Engine/Content/EngineMaterials/Substrate/Glints2/dict_0001_0105.uasset" 10506
"../../../Engine/Content/EngineMaterials/Substrate/Glints2/dict_0001_0095.uasset" 10507
"../../../Engine/Content/EngineMaterials/Substrate/Glints2/dict_0001_0106.uasset" 10508
"../../../Engine/Content/EngineMaterials/Substrate/Glints2/dict_0001_0096.uasset" 10509
"../../../Engine/Content/EngineMaterials/Substrate/Glints2/dict_0001_0109.uasset" 10510
"../../../Engine/Content/EngineMaterials/Substrate/Glints2/dict_0001_0091.uasset" 10511
"../../../Engine/Content/EngineMaterials/Substrate/Glints2/dict_0001_0104.uasset" 10512
"../../../Engine/Content/EngineMaterials/Substrate/Glints2/dict_0001_0102.uasset" 10513
"../../../Engine/Content/EngineMaterials/Substrate/Glints2/dict_0001_0103.uasset" 10514
"../../../Engine/Content/EngineMaterials/Substrate/Glints2/dict_0001_0099.uasset" 10515
"../../../Engine/Content/EngineMaterials/Substrate/Glints2/dict_0001_0098.uasset" 10516
"../../../Engine/Content/EngineMaterials/Substrate/Glints2/dict_0001_0094.uasset" 10517
"../../../Engine/Content/EngineMaterials/Substrate/Glints2/dict_0001_0100.uasset" 10518
"../../../Engine/Content/EngineMaterials/Substrate/Glints2/dict_0001_0093.uasset" 10519
"../../../Engine/Content/EngineMaterials/Substrate/Glints2/dict_0001_0097.uasset" 10520
"../../../Engine/Content/EngineMaterials/Substrate/Glints2/dict_0001_0090.uasset" 10521
"/Engine/EngineMaterials/Substrate/Glints2/dict_0001_0088" 10522
"/Engine/EngineMaterials/Substrate/Glints2/dict_0001_0089" 10523
"/Engine/EngineMaterials/Substrate/Glints2/dict_0001_0090" 10524
"/Engine/EngineMaterials/Substrate/Glints2/dict_0001_0091" 10525
"/Engine/EngineMaterials/Substrate/Glints2/dict_0001_0092" 10526
"/Engine/EngineMaterials/Substrate/Glints2/dict_0001_0093" 10527
"/Engine/EngineMaterials/Substrate/Glints2/dict_0001_0094" 10528
"../../../Engine/Content/EngineMaterials/Substrate/Glints2/dict_0001_0079.uasset" 10529
"../../../Engine/Content/EngineMaterials/Substrate/Glints2/dict_0001_0087.uasset" 10530
"../../../Engine/Content/EngineMaterials/Substrate/Glints2/dict_0001_0084.uasset" 10531
"../../../Engine/Content/EngineMaterials/Substrate/Glints2/dict_0001_0086.uasset" 10532
"../../../Engine/Content/EngineMaterials/Substrate/Glints2/dict_0001_0082.uasset" 10533
"../../../Engine/Content/EngineMaterials/Substrate/Glints2/dict_0001_0083.uasset" 10534
"../../../Engine/Content/EngineMaterials/Substrate/Glints2/dict_0001_0081.uasset" 10535
"/Engine/EngineMaterials/Substrate/Glints2/dict_0001_0095" 10536
"/Engine/EngineMaterials/Substrate/Glints2/dict_0001_0096" 10537
"/Engine/EngineMaterials/Substrate/Glints2/dict_0001_0097" 10538
"/Engine/EngineMaterials/Substrate/Glints2/dict_0001_0098" 10539
"../../../Engine/Content/EngineMaterials/Substrate/Glints2/dict_0001_0085.uasset" 10540
"../../../Engine/Content/EngineMaterials/Substrate/Glints2/dict_0001_0080.uasset" 10541
"/Engine/EngineMaterials/Substrate/Glints2/dict_0001_0099" 10542
"/Engine/EngineMaterials/Substrate/Glints2/dict_0001_0100" 10543
"/Engine/EngineMaterials/Substrate/Glints2/dict_0001_0101" 10544
"/Engine/EngineMaterials/Substrate/Glints2/dict_0001_0102" 10545
"/Engine/EngineMaterials/Substrate/Glints2/dict_0001_0103" 10546
"/Engine/EngineMaterials/Substrate/Glints2/dict_0001_0104" 10547
"/Engine/EngineMaterials/Substrate/Glints2/dict_0001_0105" 10548
"/Engine/EngineMaterials/Substrate/Glints2/dict_0001_0106" 10549
"/Engine/EngineMaterials/Substrate/Glints2/dict_0001_0107" 10550
"/Engine/EngineMaterials/Substrate/Glints2/dict_0001_0108" 10551
"/Engine/EngineMaterials/Substrate/Glints2/dict_0001_0109" 10552
"/Engine/EngineMaterials/Substrate/Glints2/dict_0001_0110" 10553
"/Engine/EngineMaterials/Substrate/Glints2/dict_0001_0079" 10554
"/Engine/EngineMaterials/Substrate/Glints2/dict_0001_0080" 10555
"/Engine/EngineMaterials/Substrate/Glints2/dict_0001_0081" 10556
"/Engine/EngineMaterials/Substrate/Glints2/dict_0001_0082" 10557
"/Engine/EngineMaterials/Substrate/Glints2/dict_0001_0083" 10558
"/Engine/EngineMaterials/Substrate/Glints2/dict_0001_0084" 10559
"/Engine/EngineMaterials/Substrate/Glints2/dict_0001_0085" 10560
"/Engine/EngineMaterials/Substrate/Glints2/dict_0001_0086" 10561
"/Engine/EngineMaterials/Substrate/Glints2/dict_0001_0087" 10562
"../../../Engine/Content/EngineMaterials/Substrate/Glints2/dict_0001_0072.uasset" 10563
"../../../Engine/Content/EngineMaterials/Substrate/Glints2/dict_0001_0056.uasset" 10564
"../../../Engine/Content/EngineMaterials/Substrate/Glints2/dict_0001_0073.uasset" 10565
"../../../Engine/Content/EngineMaterials/Substrate/Glints2/dict_0001_0059.uasset" 10566
"../../../Engine/Content/EngineMaterials/Substrate/Glints2/dict_0001_0070.uasset" 10567
"../../../Engine/Content/EngineMaterials/Substrate/Glints2/dict_0001_0058.uasset" 10568
"../../../Engine/Content/EngineMaterials/Substrate/Glints2/dict_0001_0062.uasset" 10569
"../../../Engine/Content/EngineMaterials/Substrate/Glints2/dict_0001_0077.uasset" 10570
"../../../Engine/Content/EngineMaterials/Substrate/Glints2/dict_0001_0066.uasset" 10571
"../../../Engine/Content/EngineMaterials/Substrate/Glints2/dict_0001_0060.uasset" 10572
"../../../Engine/Content/EngineMaterials/Substrate/Glints2/dict_0001_0065.uasset" 10573
"../../../Engine/Content/EngineMaterials/Substrate/Glints2/dict_0001_0075.uasset" 10574
"../../../Engine/Content/EngineMaterials/Substrate/Glints2/dict_0001_0069.uasset" 10575
"../../../Engine/Content/EngineMaterials/Substrate/Glints2/dict_0001_0057.uasset" 10576
"../../../Engine/Content/EngineMaterials/Substrate/Glints2/dict_0001_0071.uasset" 10577
"../../../Engine/Content/EngineMaterials/Substrate/Glints2/dict_0001_0064.uasset" 10578
"../../../Engine/Content/EngineMaterials/Substrate/Glints2/dict_0001_0067.uasset" 10579
"../../../Engine/Content/EngineMaterials/Substrate/Glints2/dict_0001_0061.uasset" 10580
"../../../Engine/Content/EngineMaterials/Substrate/Glints2/dict_0001_0063.uasset" 10581
"../../../Engine/Content/EngineMaterials/Substrate/Glints2/dict_0001_0076.uasset" 10582
"../../../Engine/Content/EngineMaterials/Substrate/Glints2/dict_0001_0078.uasset" 10583
"../../../Engine/Content/EngineMaterials/Substrate/Glints2/dict_0001_0068.uasset" 10584
"../../../Engine/Content/EngineMaterials/Substrate/Glints2/dict_0001_0074.uasset" 10585
"../../../Engine/Content/EngineMaterials/Substrate/Glints2/dict_0001_0055.uasset" 10586
"../../../Engine/Content/EngineMaterials/Substrate/Glints2/dict_0001_0048.uasset" 10587
"../../../Engine/Content/EngineMaterials/Substrate/Glints2/dict_0001_0050.uasset" 10588
"../../../Engine/Content/EngineMaterials/Substrate/Glints2/dict_0001_0049.uasset" 10589
"../../../Engine/Content/EngineMaterials/Substrate/Glints2/dict_0001_0053.uasset" 10590
"../../../Engine/Content/EngineMaterials/Substrate/Glints2/dict_0001_0051.uasset" 10591
"../../../Engine/Content/EngineMaterials/Substrate/Glints2/dict_0001_0054.uasset" 10592
"/Engine/EngineMaterials/Substrate/Glints2/dict_0001_0048" 10593
"../../../Engine/Content/EngineMaterials/Substrate/Glints2/dict_0001_0052.uasset" 10594
"../../../Engine/Content/EngineMaterials/Substrate/Glints2/dict_0001_0047.uasset" 10595
"/Engine/EngineMaterials/Substrate/Glints2/dict_0001_0049" 10596
"/Engine/EngineMaterials/Substrate/Glints2/dict_0001_0050" 10597
"/Engine/EngineMaterials/Substrate/Glints2/dict_0001_0051" 10598
"/Engine/EngineMaterials/Substrate/Glints2/dict_0001_0053" 10599
"/Engine/EngineMaterials/Substrate/Glints2/dict_0001_0055" 10600
"/Engine/EngineMaterials/Substrate/Glints2/dict_0001_0056" 10601
"/Engine/EngineMaterials/Substrate/Glints2/dict_0001_0057" 10602
"/Engine/EngineMaterials/Substrate/Glints2/dict_0001_0058" 10603
"/Engine/EngineMaterials/Substrate/Glints2/dict_0001_0059" 10604
"/Engine/EngineMaterials/Substrate/Glints2/dict_0001_0060" 10605
"/Engine/EngineMaterials/Substrate/Glints2/dict_0001_0061" 10606
"/Engine/EngineMaterials/Substrate/Glints2/dict_0001_0062" 10607
"/Engine/EngineMaterials/Substrate/Glints2/dict_0001_0063" 10608
"/Engine/EngineMaterials/Substrate/Glints2/dict_0001_0064" 10609
"/Engine/EngineMaterials/Substrate/Glints2/dict_0001_0065" 10610
"/Engine/EngineMaterials/Substrate/Glints2/dict_0001_0066" 10611
"/Engine/EngineMaterials/Substrate/Glints2/dict_0001_0067" 10612
"/Engine/EngineMaterials/Substrate/Glints2/dict_0001_0068" 10613
"/Engine/EngineMaterials/Substrate/Glints2/dict_0001_0069" 10614
"/Engine/EngineMaterials/Substrate/Glints2/dict_0001_0070" 10615
"/Engine/EngineMaterials/Substrate/Glints2/dict_0001_0071" 10616
"/Engine/EngineMaterials/Substrate/Glints2/dict_0001_0072" 10617
"/Engine/EngineMaterials/Substrate/Glints2/dict_0001_0073" 10618
"/Engine/EngineMaterials/Substrate/Glints2/dict_0001_0074" 10619
"/Engine/EngineMaterials/Substrate/Glints2/dict_0001_0075" 10620
"/Engine/EngineMaterials/Substrate/Glints2/dict_0001_0076" 10621
"/Engine/EngineMaterials/Substrate/Glints2/dict_0001_0077" 10622
"/Engine/EngineMaterials/Substrate/Glints2/dict_0001_0078" 10623
"/Engine/EngineMaterials/Substrate/Glints2/dict_0001_0047" 10624
"/Engine/EngineMaterials/Substrate/Glints2/dict_0001_0052" 10625
"/Engine/EngineMaterials/Substrate/Glints2/dict_0001_0054" 10626
"../../../Engine/Content/EngineMaterials/Substrate/Glints2/dict_0001_0038.uasset" 10627
"../../../Engine/Content/EngineMaterials/Substrate/Glints2/dict_0001_0028.uasset" 10628
"../../../Engine/Content/EngineMaterials/Substrate/Glints2/dict_0001_0037.uasset" 10629
"../../../Engine/Content/EngineMaterials/Substrate/Glints2/dict_0001_0039.uasset" 10630
"../../../Engine/Content/EngineMaterials/Substrate/Glints2/dict_0001_0041.uasset" 10631
"../../../Engine/Content/EngineMaterials/Substrate/Glints2/dict_0001_0026.uasset" 10632
"../../../Engine/Content/EngineMaterials/Substrate/Glints2/dict_0001_0029.uasset" 10633
"../../../Engine/Content/EngineMaterials/Substrate/Glints2/dict_0001_0025.uasset" 10634
"../../../Engine/Content/EngineMaterials/Substrate/Glints2/dict_0001_0044.uasset" 10635
"../../../Engine/Content/EngineMaterials/Substrate/Glints2/dict_0001_0030.uasset" 10636
"../../../Engine/Content/EngineMaterials/Substrate/Glints2/dict_0001_0032.uasset" 10637
"../../../Engine/Content/EngineMaterials/Substrate/Glints2/dict_0001_0043.uasset" 10638
"../../../Engine/Content/EngineMaterials/Substrate/Glints2/dict_0001_0036.uasset" 10639
"../../../Engine/Content/EngineMaterials/Substrate/Glints2/dict_0001_0046.uasset" 10640
"../../../Engine/Content/EngineMaterials/Substrate/Glints2/dict_0001_0033.uasset" 10641
"../../../Engine/Content/EngineMaterials/Substrate/Glints2/dict_0001_0027.uasset" 10642
"../../../Engine/Content/EngineMaterials/Substrate/Glints2/dict_0001_0045.uasset" 10643
"../../../Engine/Content/EngineMaterials/Substrate/Glints2/dict_0001_0034.uasset" 10644
"../../../Engine/Content/EngineMaterials/Substrate/Glints2/dict_0001_0042.uasset" 10645
"../../../Engine/Content/EngineMaterials/Substrate/Glints2/dict_0001_0031.uasset" 10646
"../../../Engine/Content/EngineMaterials/Substrate/Glints2/dict_0001_0024.uasset" 10647
"../../../Engine/Content/EngineMaterials/Substrate/Glints2/dict_0001_0035.uasset" 10648
"../../../Engine/Content/EngineMaterials/Substrate/Glints2/dict_0001_0040.uasset" 10649
"../../../Engine/Content/EngineMaterials/Substrate/Glints2/dict_0001_0015.uasset" 10650
"../../../Engine/Content/EngineMaterials/Substrate/Glints2/dict_0001_0022.uasset" 10651
"../../../Engine/Content/EngineMaterials/Substrate/Glints2/dict_0001_0017.uasset" 10652
"../../../Engine/Content/EngineMaterials/Substrate/Glints2/dict_0001_0021.uasset" 10653
"../../../Engine/Content/EngineMaterials/Substrate/Glints2/dict_0001_0018.uasset" 10654
"../../../Engine/Content/EngineMaterials/Substrate/Glints2/dict_0001_0016.uasset" 10655
"../../../Engine/Content/EngineMaterials/Substrate/Glints2/dict_0001_0019.uasset" 10656
"../../../Engine/Content/EngineMaterials/Substrate/Glints2/dict_0001_0023.uasset" 10657
"../../../Engine/Content/EngineMaterials/Substrate/Glints2/dict_0001_0020.uasset" 10658
"/Engine/EngineMaterials/Substrate/Glints2/dict_0001_0015" 10659
"/Engine/EngineMaterials/Substrate/Glints2/dict_0001_0018" 10660
"/Engine/EngineMaterials/Substrate/Glints2/dict_0001_0019" 10661
"/Engine/EngineMaterials/Substrate/Glints2/dict_0001_0020" 10662
"/Engine/EngineMaterials/Substrate/Glints2/dict_0001_0021" 10663
"/Engine/EngineMaterials/Substrate/Glints2/dict_0001_0016" 10664
"/Engine/EngineMaterials/Substrate/Glints2/dict_0001_0022" 10665
"/Engine/EngineMaterials/Substrate/Glints2/dict_0001_0017" 10666
"/Engine/EngineMaterials/Substrate/Glints2/dict_0001_0023" 10667
"/Engine/EngineMaterials/Substrate/Glints2/dict_0001_0024" 10668
"/Engine/EngineMaterials/Substrate/Glints2/dict_0001_0025" 10669
"/Engine/EngineMaterials/Substrate/Glints2/dict_0001_0026" 10670
"/Engine/EngineMaterials/Substrate/Glints2/dict_0001_0027" 10671
"/Engine/EngineMaterials/Substrate/Glints2/dict_0001_0028" 10672
"/Engine/EngineMaterials/Substrate/Glints2/dict_0001_0029" 10673
"/Engine/EngineMaterials/Substrate/Glints2/dict_0001_0030" 10674
"/Engine/EngineMaterials/Substrate/Glints2/dict_0001_0031" 10675
"/Engine/EngineMaterials/Substrate/Glints2/dict_0001_0032" 10676
"/Engine/EngineMaterials/Substrate/Glints2/dict_0001_0033" 10677
"/Engine/EngineMaterials/Substrate/Glints2/dict_0001_0034" 10678
"/Engine/EngineMaterials/Substrate/Glints2/dict_0001_0035" 10679
"/Engine/EngineMaterials/Substrate/Glints2/dict_0001_0036" 10680
"/Engine/EngineMaterials/Substrate/Glints2/dict_0001_0037" 10681
"/Engine/EngineMaterials/Substrate/Glints2/dict_0001_0038" 10682
"/Engine/EngineMaterials/Substrate/Glints2/dict_0001_0039" 10683
"/Engine/EngineMaterials/Substrate/Glints2/dict_0001_0040" 10684
"/Engine/EngineMaterials/Substrate/Glints2/dict_0001_0041" 10685
"/Engine/EngineMaterials/Substrate/Glints2/dict_0001_0042" 10686
"/Engine/EngineMaterials/Substrate/Glints2/dict_0001_0043" 10687
"/Engine/EngineMaterials/Substrate/Glints2/dict_0001_0044" 10688
"/Engine/EngineMaterials/Substrate/Glints2/dict_0001_0045" 10689
"/Engine/EngineMaterials/Substrate/Glints2/dict_0001_0046" 10690
"../../../Engine/Content/EngineMaterials/Substrate/Glints2/dict_0001_0001.uasset" 10691
"../../../Engine/Content/EngineMaterials/Substrate/Glints2/dict_0001_0004.uasset" 10692
"../../../Engine/Content/EngineMaterials/Substrate/Glints2/dict_0001_0002.uasset" 10693
"../../../Engine/Content/EngineMaterials/Substrate/Glints2/dict_0000_0253.uasset" 10694
"../../../Engine/Content/EngineMaterials/Substrate/Glints2/dict_0001_0006.uasset" 10695
"../../../Engine/Content/EngineMaterials/Substrate/Glints2/dict_0000_0254.uasset" 10696
"../../../Engine/Content/EngineMaterials/Substrate/Glints2/dict_0001_0007.uasset" 10697
"../../../Engine/Content/EngineMaterials/Substrate/Glints2/dict_0000_0252.uasset" 10698
"../../../Engine/Content/EngineMaterials/Substrate/Glints2/dict_0001_0000.uasset" 10699
"../../../Engine/Content/EngineMaterials/Substrate/Glints2/dict_0001_0014.uasset" 10700
"../../../Engine/Content/EngineMaterials/Substrate/Glints2/dict_0000_0255.uasset" 10701
"../../../Engine/Content/EngineMaterials/Substrate/Glints2/dict_0001_0011.uasset" 10702
"../../../Engine/Content/EngineMaterials/Substrate/Glints2/dict_0001_0012.uasset" 10703
"../../../Engine/Content/EngineMaterials/Substrate/Glints2/dict_0001_0008.uasset" 10704
"../../../Engine/Content/EngineMaterials/Substrate/Glints2/dict_0001_0003.uasset" 10705
"../../../Engine/Content/EngineMaterials/Substrate/Glints2/dict_0001_0010.uasset" 10706
"../../../Engine/Content/EngineMaterials/Substrate/Glints2/dict_0001_0009.uasset" 10707
"../../../Engine/Content/EngineMaterials/Substrate/Glints2/dict_0001_0013.uasset" 10708
"../../../Engine/Content/EngineMaterials/Substrate/Glints2/dict_0001_0005.uasset" 10709
"../../../Engine/Content/EngineMaterials/Substrate/Glints2/dict_0000_0250.uasset" 10710
"../../../Engine/Content/EngineMaterials/Substrate/Glints2/dict_0000_0248.uasset" 10711
"../../../Engine/Content/EngineMaterials/Substrate/Glints2/dict_0000_0249.uasset" 10712
"../../../Engine/Content/EngineMaterials/Substrate/Glints2/dict_0000_0251.uasset" 10713
"/Engine/EngineMaterials/Substrate/Glints2/dict_0000_0248" 10714
"/Engine/EngineMaterials/Substrate/Glints2/dict_0000_0249" 10715
"/Engine/EngineMaterials/Substrate/Glints2/dict_0000_0250" 10716
"/Engine/EngineMaterials/Substrate/Glints2/dict_0000_0251" 10717
"/Engine/EngineMaterials/Substrate/Glints2/dict_0000_0252" 10718
"/Engine/EngineMaterials/Substrate/Glints2/dict_0000_0253" 10719
"/Engine/EngineMaterials/Substrate/Glints2/dict_0000_0254" 10720
"/Engine/EngineMaterials/Substrate/Glints2/dict_0000_0255" 10721
"/Engine/EngineMaterials/Substrate/Glints2/dict_0001_0000" 10722
"/Engine/EngineMaterials/Substrate/Glints2/dict_0001_0001" 10723
"/Engine/EngineMaterials/Substrate/Glints2/dict_0001_0002" 10724
"../../../Engine/Content/EngineMaterials/Substrate/Glints2/dict_0000_0239.uasset" 10725
"../../../Engine/Content/EngineMaterials/Substrate/Glints2/dict_0000_0245.uasset" 10726
"../../../Engine/Content/EngineMaterials/Substrate/Glints2/dict_0000_0247.uasset" 10727
"../../../Engine/Content/EngineMaterials/Substrate/Glints2/dict_0000_0243.uasset" 10728
"../../../Engine/Content/EngineMaterials/Substrate/Glints2/dict_0000_0244.uasset" 10729
"../../../Engine/Content/EngineMaterials/Substrate/Glints2/dict_0000_0241.uasset" 10730
"../../../Engine/Content/EngineMaterials/Substrate/Glints2/dict_0000_0246.uasset" 10731
"../../../Engine/Content/EngineMaterials/Substrate/Glints2/dict_0000_0242.uasset" 10732
"../../../Engine/Content/EngineMaterials/Substrate/Glints2/dict_0000_0240.uasset" 10733
"/Engine/EngineMaterials/Substrate/Glints2/dict_0001_0003" 10734
"/Engine/EngineMaterials/Substrate/Glints2/dict_0001_0004" 10735
"/Engine/EngineMaterials/Substrate/Glints2/dict_0001_0005" 10736
"/Engine/EngineMaterials/Substrate/Glints2/dict_0001_0006" 10737
"/Engine/EngineMaterials/Substrate/Glints2/dict_0001_0007" 10738
"/Engine/EngineMaterials/Substrate/Glints2/dict_0001_0008" 10739
"/Engine/EngineMaterials/Substrate/Glints2/dict_0001_0009" 10740
"/Engine/EngineMaterials/Substrate/Glints2/dict_0001_0010" 10741
"/Engine/EngineMaterials/Substrate/Glints2/dict_0001_0011" 10742
"/Engine/EngineMaterials/Substrate/Glints2/dict_0001_0012" 10743
"/Engine/EngineMaterials/Substrate/Glints2/dict_0001_0013" 10744
"/Engine/EngineMaterials/Substrate/Glints2/dict_0001_0014" 10745
"/Engine/EngineMaterials/Substrate/Glints2/dict_0000_0239" 10746
"/Engine/EngineMaterials/Substrate/Glints2/dict_0000_0240" 10747
"/Engine/EngineMaterials/Substrate/Glints2/dict_0000_0241" 10748
"/Engine/EngineMaterials/Substrate/Glints2/dict_0000_0242" 10749
"/Engine/EngineMaterials/Substrate/Glints2/dict_0000_0243" 10750
"/Engine/EngineMaterials/Substrate/Glints2/dict_0000_0244" 10751
"/Engine/EngineMaterials/Substrate/Glints2/dict_0000_0245" 10752
"/Engine/EngineMaterials/Substrate/Glints2/dict_0000_0246" 10753
"/Engine/EngineMaterials/Substrate/Glints2/dict_0000_0247" 10754
"../../../Engine/Content/EngineMaterials/Substrate/Glints2/dict_0000_0231.uasset" 10755
"../../../Engine/Content/EngineMaterials/Substrate/Glints2/dict_0000_0234.uasset" 10756
"../../../Engine/Content/EngineMaterials/Substrate/Glints2/dict_0000_0216.uasset" 10757
"../../../Engine/Content/EngineMaterials/Substrate/Glints2/dict_0000_0218.uasset" 10758
"../../../Engine/Content/EngineMaterials/Substrate/Glints2/dict_0000_0237.uasset" 10759
"../../../Engine/Content/EngineMaterials/Substrate/Glints2/dict_0000_0233.uasset" 10760
"../../../Engine/Content/EngineMaterials/Substrate/Glints2/dict_0000_0229.uasset" 10761
"../../../Engine/Content/EngineMaterials/Substrate/Glints2/dict_0000_0224.uasset" 10762
"../../../Engine/Content/EngineMaterials/Substrate/Glints2/dict_0000_0227.uasset" 10763
"../../../Engine/Content/EngineMaterials/Substrate/Glints2/dict_0000_0217.uasset" 10764
"../../../Engine/Content/EngineMaterials/Substrate/Glints2/dict_0000_0238.uasset" 10765
"../../../Engine/Content/EngineMaterials/Substrate/Glints2/dict_0000_0222.uasset" 10766
"../../../Engine/Content/EngineMaterials/Substrate/Glints2/dict_0000_0219.uasset" 10767
"../../../Engine/Content/EngineMaterials/Substrate/Glints2/dict_0000_0235.uasset" 10768
"../../../Engine/Content/EngineMaterials/Substrate/Glints2/dict_0000_0223.uasset" 10769
"../../../Engine/Content/EngineMaterials/Substrate/Glints2/dict_0000_0232.uasset" 10770
"../../../Engine/Content/EngineMaterials/Substrate/Glints2/dict_0000_0220.uasset" 10771
"../../../Engine/Content/EngineMaterials/Substrate/Glints2/dict_0000_0230.uasset" 10772
"../../../Engine/Content/EngineMaterials/Substrate/Glints2/dict_0000_0225.uasset" 10773
"../../../Engine/Content/EngineMaterials/Substrate/Glints2/dict_0000_0226.uasset" 10774
"../../../Engine/Content/EngineMaterials/Substrate/Glints2/dict_0000_0221.uasset" 10775
"../../../Engine/Content/EngineMaterials/Substrate/Glints2/dict_0000_0236.uasset" 10776
"../../../Engine/Content/EngineMaterials/Substrate/Glints2/dict_0000_0228.uasset" 10777
"../../../Engine/Content/EngineMaterials/Substrate/Glints2/dict_0000_0209.uasset" 10778
"../../../Engine/Content/EngineMaterials/Substrate/Glints2/dict_0000_0213.uasset" 10779
"../../../Engine/Content/EngineMaterials/Substrate/Glints2/dict_0000_0212.uasset" 10780
"../../../Engine/Content/EngineMaterials/Substrate/Glints2/dict_0000_0215.uasset" 10781
"../../../Engine/Content/EngineMaterials/Substrate/Glints2/dict_0000_0210.uasset" 10782
"../../../Engine/Content/EngineMaterials/Substrate/Glints2/dict_0000_0208.uasset" 10783
"../../../Engine/Content/EngineMaterials/Substrate/Glints2/dict_0000_0214.uasset" 10784
"../../../Engine/Content/EngineMaterials/Substrate/Glints2/dict_0000_0207.uasset" 10785
"../../../Engine/Content/EngineMaterials/Substrate/Glints2/dict_0000_0211.uasset" 10786
"/Engine/EngineMaterials/Substrate/Glints2/dict_0000_0207" 10787
"/Engine/EngineMaterials/Substrate/Glints2/dict_0000_0208" 10788
"/Engine/EngineMaterials/Substrate/Glints2/dict_0000_0209" 10789
"/Engine/EngineMaterials/Substrate/Glints2/dict_0000_0210" 10790
"/Engine/EngineMaterials/Substrate/Glints2/dict_0000_0211" 10791
"/Engine/EngineMaterials/Substrate/Glints2/dict_0000_0212" 10792
"/Engine/EngineMaterials/Substrate/Glints2/dict_0000_0213" 10793
"/Engine/EngineMaterials/Substrate/Glints2/dict_0000_0214" 10794
"/Engine/EngineMaterials/Substrate/Glints2/dict_0000_0215" 10795
"/Engine/EngineMaterials/Substrate/Glints2/dict_0000_0216" 10796
"/Engine/EngineMaterials/Substrate/Glints2/dict_0000_0217" 10797
"/Engine/EngineMaterials/Substrate/Glints2/dict_0000_0218" 10798
"/Engine/EngineMaterials/Substrate/Glints2/dict_0000_0219" 10799
"/Engine/EngineMaterials/Substrate/Glints2/dict_0000_0220" 10800
"/Engine/EngineMaterials/Substrate/Glints2/dict_0000_0221" 10801
"/Engine/EngineMaterials/Substrate/Glints2/dict_0000_0222" 10802
"/Engine/EngineMaterials/Substrate/Glints2/dict_0000_0223" 10803
"/Engine/EngineMaterials/Substrate/Glints2/dict_0000_0224" 10804
"/Engine/EngineMaterials/Substrate/Glints2/dict_0000_0225" 10805
"/Engine/EngineMaterials/Substrate/Glints2/dict_0000_0226" 10806
"/Engine/EngineMaterials/Substrate/Glints2/dict_0000_0227" 10807
"/Engine/EngineMaterials/Substrate/Glints2/dict_0000_0228" 10808
"/Engine/EngineMaterials/Substrate/Glints2/dict_0000_0229" 10809
"/Engine/EngineMaterials/Substrate/Glints2/dict_0000_0230" 10810
"/Engine/EngineMaterials/Substrate/Glints2/dict_0000_0231" 10811
"/Engine/EngineMaterials/Substrate/Glints2/dict_0000_0232" 10812
"/Engine/EngineMaterials/Substrate/Glints2/dict_0000_0233" 10813
"/Engine/EngineMaterials/Substrate/Glints2/dict_0000_0234" 10814
"/Engine/EngineMaterials/Substrate/Glints2/dict_0000_0235" 10815
"/Engine/EngineMaterials/Substrate/Glints2/dict_0000_0236" 10816
"/Engine/EngineMaterials/Substrate/Glints2/dict_0000_0237" 10817
"/Engine/EngineMaterials/Substrate/Glints2/dict_0000_0238" 10818
"../../../Engine/Content/EngineMaterials/Substrate/Glints2/dict_0000_0204.uasset" 10819
"../../../Engine/Content/EngineMaterials/Substrate/Glints2/dict_0000_0195.uasset" 10820
"../../../Engine/Content/EngineMaterials/Substrate/Glints2/dict_0000_0201.uasset" 10821
"../../../Engine/Content/EngineMaterials/Substrate/Glints2/dict_0000_0198.uasset" 10822
"../../../Engine/Content/EngineMaterials/Substrate/Glints2/dict_0000_0196.uasset" 10823
"../../../Engine/Content/EngineMaterials/Substrate/Glints2/dict_0000_0186.uasset" 10824
"../../../Engine/Content/EngineMaterials/Substrate/Glints2/dict_0000_0185.uasset" 10825
"../../../Engine/Content/EngineMaterials/Substrate/Glints2/dict_0000_0187.uasset" 10826
"../../../Engine/Content/EngineMaterials/Substrate/Glints2/dict_0000_0202.uasset" 10827
"../../../Engine/Content/EngineMaterials/Substrate/Glints2/dict_0000_0188.uasset" 10828
"../../../Engine/Content/EngineMaterials/Substrate/Glints2/dict_0000_0184.uasset" 10829
"../../../Engine/Content/EngineMaterials/Substrate/Glints2/dict_0000_0203.uasset" 10830
"../../../Engine/Content/EngineMaterials/Substrate/Glints2/dict_0000_0194.uasset" 10831
"../../../Engine/Content/EngineMaterials/Substrate/Glints2/dict_0000_0193.uasset" 10832
"../../../Engine/Content/EngineMaterials/Substrate/Glints2/dict_0000_0199.uasset" 10833
"../../../Engine/Content/EngineMaterials/Substrate/Glints2/dict_0000_0192.uasset" 10834
"../../../Engine/Content/EngineMaterials/Substrate/Glints2/dict_0000_0200.uasset" 10835
"../../../Engine/Content/EngineMaterials/Substrate/Glints2/dict_0000_0197.uasset" 10836
"../../../Engine/Content/EngineMaterials/Substrate/Glints2/dict_0000_0190.uasset" 10837
"../../../Engine/Content/EngineMaterials/Substrate/Glints2/dict_0000_0191.uasset" 10838
"../../../Engine/Content/EngineMaterials/Substrate/Glints2/dict_0000_0205.uasset" 10839
"../../../Engine/Content/EngineMaterials/Substrate/Glints2/dict_0000_0189.uasset" 10840
"../../../Engine/Content/EngineMaterials/Substrate/Glints2/dict_0000_0206.uasset" 10841
"/Engine/EngineMaterials/Substrate/Glints2/dict_0000_0184" 10842
"/Engine/EngineMaterials/Substrate/Glints2/dict_0000_0185" 10843
"/Engine/EngineMaterials/Substrate/Glints2/dict_0000_0186" 10844
"/Engine/EngineMaterials/Substrate/Glints2/dict_0000_0187" 10845
"/Engine/EngineMaterials/Substrate/Glints2/dict_0000_0188" 10846
"/Engine/EngineMaterials/Substrate/Glints2/dict_0000_0189" 10847
"/Engine/EngineMaterials/Substrate/Glints2/dict_0000_0190" 10848
"/Engine/EngineMaterials/Substrate/Glints2/dict_0000_0191" 10849
"/Engine/EngineMaterials/Substrate/Glints2/dict_0000_0192" 10850
"/Engine/EngineMaterials/Substrate/Glints2/dict_0000_0193" 10851
"/Engine/EngineMaterials/Substrate/Glints2/dict_0000_0194" 10852
"/Engine/EngineMaterials/Substrate/Glints2/dict_0000_0195" 10853
"/Engine/EngineMaterials/Substrate/Glints2/dict_0000_0196" 10854
"../../../Engine/Content/EngineMaterials/Substrate/Glints2/dict_0000_0181.uasset" 10855
"../../../Engine/Content/EngineMaterials/Substrate/Glints2/dict_0000_0176.uasset" 10856
"../../../Engine/Content/EngineMaterials/Substrate/Glints2/dict_0000_0180.uasset" 10857
"../../../Engine/Content/EngineMaterials/Substrate/Glints2/dict_0000_0177.uasset" 10858
"/Engine/EngineMaterials/Substrate/Glints2/dict_0000_0197" 10859
"../../../Engine/Content/EngineMaterials/Substrate/Glints2/dict_0000_0178.uasset" 10860
"../../../Engine/Content/EngineMaterials/Substrate/Glints2/dict_0000_0182.uasset" 10861
"../../../Engine/Content/EngineMaterials/Substrate/Glints2/dict_0000_0175.uasset" 10862
"/Engine/EngineMaterials/Substrate/Glints2/dict_0000_0198" 10863
"/Engine/EngineMaterials/Substrate/Glints2/dict_0000_0199" 10864
"/Engine/EngineMaterials/Substrate/Glints2/dict_0000_0200" 10865
"../../../Engine/Content/EngineMaterials/Substrate/Glints2/dict_0000_0183.uasset" 10866
"/Engine/EngineMaterials/Substrate/Glints2/dict_0000_0201" 10867
"../../../Engine/Content/EngineMaterials/Substrate/Glints2/dict_0000_0179.uasset" 10868
"/Engine/EngineMaterials/Substrate/Glints2/dict_0000_0202" 10869
"/Engine/EngineMaterials/Substrate/Glints2/dict_0000_0203" 10870
"/Engine/EngineMaterials/Substrate/Glints2/dict_0000_0204" 10871
"/Engine/EngineMaterials/Substrate/Glints2/dict_0000_0205" 10872
"/Engine/EngineMaterials/Substrate/Glints2/dict_0000_0206" 10873
"/Engine/EngineMaterials/Substrate/Glints2/dict_0000_0175" 10874
"/Engine/EngineMaterials/Substrate/Glints2/dict_0000_0176" 10875
"/Engine/EngineMaterials/Substrate/Glints2/dict_0000_0177" 10876
"/Engine/EngineMaterials/Substrate/Glints2/dict_0000_0178" 10877
"/Engine/EngineMaterials/Substrate/Glints2/dict_0000_0179" 10878
"/Engine/EngineMaterials/Substrate/Glints2/dict_0000_0180" 10879
"/Engine/EngineMaterials/Substrate/Glints2/dict_0000_0181" 10880
"/Engine/EngineMaterials/Substrate/Glints2/dict_0000_0182" 10881
"/Engine/EngineMaterials/Substrate/Glints2/dict_0000_0183" 10882
"../../../Engine/Content/EngineMaterials/Substrate/Glints2/dict_0000_0156.uasset" 10883
"../../../Engine/Content/EngineMaterials/Substrate/Glints2/dict_0000_0171.uasset" 10884
"../../../Engine/Content/EngineMaterials/Substrate/Glints2/dict_0000_0168.uasset" 10885
"../../../Engine/Content/EngineMaterials/Substrate/Glints2/dict_0000_0163.uasset" 10886
"../../../Engine/Content/EngineMaterials/Substrate/Glints2/dict_0000_0153.uasset" 10887
"../../../Engine/Content/EngineMaterials/Substrate/Glints2/dict_0000_0154.uasset" 10888
"../../../Engine/Content/EngineMaterials/Substrate/Glints2/dict_0000_0170.uasset" 10889
"../../../Engine/Content/EngineMaterials/Substrate/Glints2/dict_0000_0162.uasset" 10890
"../../../Engine/Content/EngineMaterials/Substrate/Glints2/dict_0000_0165.uasset" 10891
"../../../Engine/Content/EngineMaterials/Substrate/Glints2/dict_0000_0157.uasset" 10892
"../../../Engine/Content/EngineMaterials/Substrate/Glints2/dict_0000_0161.uasset" 10893
"../../../Engine/Content/EngineMaterials/Substrate/Glints2/dict_0000_0158.uasset" 10894
"../../../Engine/Content/EngineMaterials/Substrate/Glints2/dict_0000_0160.uasset" 10895
"../../../Engine/Content/EngineMaterials/Substrate/Glints2/dict_0000_0152.uasset" 10896
"../../../Engine/Content/EngineMaterials/Substrate/Glints2/dict_0000_0166.uasset" 10897
"../../../Engine/Content/EngineMaterials/Substrate/Glints2/dict_0000_0174.uasset" 10898
"../../../Engine/Content/EngineMaterials/Substrate/Glints2/dict_0000_0164.uasset" 10899
"../../../Engine/Content/EngineMaterials/Substrate/Glints2/dict_0000_0173.uasset" 10900
"../../../Engine/Content/EngineMaterials/Substrate/Glints2/dict_0000_0155.uasset" 10901
"../../../Engine/Content/EngineMaterials/Substrate/Glints2/dict_0000_0169.uasset" 10902
"../../../Engine/Content/EngineMaterials/Substrate/Glints2/dict_0000_0172.uasset" 10903
"../../../Engine/Content/EngineMaterials/Substrate/Glints2/dict_0000_0167.uasset" 10904
"../../../Engine/Content/EngineMaterials/Substrate/Glints2/dict_0000_0159.uasset" 10905
"../../../Engine/Content/EngineMaterials/Substrate/Glints2/dict_0000_0151.uasset" 10906
"../../../Engine/Content/EngineMaterials/Substrate/Glints2/dict_0000_0145.uasset" 10907
"../../../Engine/Content/EngineMaterials/Substrate/Glints2/dict_0000_0149.uasset" 10908
"../../../Engine/Content/EngineMaterials/Substrate/Glints2/dict_0000_0144.uasset" 10909
"../../../Engine/Content/EngineMaterials/Substrate/Glints2/dict_0000_0148.uasset" 10910
"../../../Engine/Content/EngineMaterials/Substrate/Glints2/dict_0000_0146.uasset" 10911
"../../../Engine/Content/EngineMaterials/Substrate/Glints2/dict_0000_0150.uasset" 10912
"../../../Engine/Content/EngineMaterials/Substrate/Glints2/dict_0000_0143.uasset" 10913
"../../../Engine/Content/EngineMaterials/Substrate/Glints2/dict_0000_0147.uasset" 10914
"/Engine/EngineMaterials/Substrate/Glints2/dict_0000_0143" 10915
"/Engine/EngineMaterials/Substrate/Glints2/dict_0000_0144" 10916
"/Engine/EngineMaterials/Substrate/Glints2/dict_0000_0145" 10917
"/Engine/EngineMaterials/Substrate/Glints2/dict_0000_0146" 10918
"/Engine/EngineMaterials/Substrate/Glints2/dict_0000_0147" 10919
"/Engine/EngineMaterials/Substrate/Glints2/dict_0000_0148" 10920
"/Engine/EngineMaterials/Substrate/Glints2/dict_0000_0149" 10921
"/Engine/EngineMaterials/Substrate/Glints2/dict_0000_0150" 10922
"/Engine/EngineMaterials/Substrate/Glints2/dict_0000_0151" 10923
"/Engine/EngineMaterials/Substrate/Glints2/dict_0000_0152" 10924
"/Engine/EngineMaterials/Substrate/Glints2/dict_0000_0153" 10925
"/Engine/EngineMaterials/Substrate/Glints2/dict_0000_0154" 10926
"/Engine/EngineMaterials/Substrate/Glints2/dict_0000_0155" 10927
"/Engine/EngineMaterials/Substrate/Glints2/dict_0000_0156" 10928
"/Engine/EngineMaterials/Substrate/Glints2/dict_0000_0157" 10929
"/Engine/EngineMaterials/Substrate/Glints2/dict_0000_0158" 10930
"/Engine/EngineMaterials/Substrate/Glints2/dict_0000_0159" 10931
"/Engine/EngineMaterials/Substrate/Glints2/dict_0000_0160" 10932
"/Engine/EngineMaterials/Substrate/Glints2/dict_0000_0161" 10933
"/Engine/EngineMaterials/Substrate/Glints2/dict_0000_0162" 10934
"/Engine/EngineMaterials/Substrate/Glints2/dict_0000_0163" 10935
"/Engine/EngineMaterials/Substrate/Glints2/dict_0000_0164" 10936
"/Engine/EngineMaterials/Substrate/Glints2/dict_0000_0165" 10937
"/Engine/EngineMaterials/Substrate/Glints2/dict_0000_0166" 10938
"/Engine/EngineMaterials/Substrate/Glints2/dict_0000_0167" 10939
"/Engine/EngineMaterials/Substrate/Glints2/dict_0000_0168" 10940
"/Engine/EngineMaterials/Substrate/Glints2/dict_0000_0169" 10941
"/Engine/EngineMaterials/Substrate/Glints2/dict_0000_0170" 10942
"/Engine/EngineMaterials/Substrate/Glints2/dict_0000_0171" 10943
"/Engine/EngineMaterials/Substrate/Glints2/dict_0000_0172" 10944
"/Engine/EngineMaterials/Substrate/Glints2/dict_0000_0173" 10945
"/Engine/EngineMaterials/Substrate/Glints2/dict_0000_0174" 10946
"../../../Engine/Content/EngineMaterials/Substrate/Glints2/dict_0000_0138.uasset" 10947
"../../../Engine/Content/EngineMaterials/Substrate/Glints2/dict_0000_0125.uasset" 10948
"../../../Engine/Content/EngineMaterials/Substrate/Glints2/dict_0000_0134.uasset" 10949
"../../../Engine/Content/EngineMaterials/Substrate/Glints2/dict_0000_0120.uasset" 10950
"../../../Engine/Content/EngineMaterials/Substrate/Glints2/dict_0000_0137.uasset" 10951
"../../../Engine/Content/EngineMaterials/Substrate/Glints2/dict_0000_0123.uasset" 10952
"../../../Engine/Content/EngineMaterials/Substrate/Glints2/dict_0000_0139.uasset" 10953
"../../../Engine/Content/EngineMaterials/Substrate/Glints2/dict_0000_0122.uasset" 10954
"../../../Engine/Content/EngineMaterials/Substrate/Glints2/dict_0000_0141.uasset" 10955
"../../../Engine/Content/EngineMaterials/Substrate/Glints2/dict_0000_0135.uasset" 10956
"../../../Engine/Content/EngineMaterials/Substrate/Glints2/dict_0000_0132.uasset" 10957
"../../../Engine/Content/EngineMaterials/Substrate/Glints2/dict_0000_0129.uasset" 10958
"../../../Engine/Content/EngineMaterials/Substrate/Glints2/dict_0000_0124.uasset" 10959
"../../../Engine/Content/EngineMaterials/Substrate/Glints2/dict_0000_0127.uasset" 10960
"../../../Engine/Content/EngineMaterials/Substrate/Glints2/dict_0000_0133.uasset" 10961
"../../../Engine/Content/EngineMaterials/Substrate/Glints2/dict_0000_0121.uasset" 10962
"../../../Engine/Content/EngineMaterials/Substrate/Glints2/dict_0000_0136.uasset" 10963
"../../../Engine/Content/EngineMaterials/Substrate/Glints2/dict_0000_0130.uasset" 10964
"../../../Engine/Content/EngineMaterials/Substrate/Glints2/dict_0000_0128.uasset" 10965
"../../../Engine/Content/EngineMaterials/Substrate/Glints2/dict_0000_0126.uasset" 10966
"../../../Engine/Content/EngineMaterials/Substrate/Glints2/dict_0000_0140.uasset" 10967
"../../../Engine/Content/EngineMaterials/Substrate/Glints2/dict_0000_0142.uasset" 10968
"../../../Engine/Content/EngineMaterials/Substrate/Glints2/dict_0000_0131.uasset" 10969
"/Engine/EngineMaterials/Substrate/Glints2/dict_0000_0120" 10970
"/Engine/EngineMaterials/Substrate/Glints2/dict_0000_0121" 10971
"/Engine/EngineMaterials/Substrate/Glints2/dict_0000_0122" 10972
"/Engine/EngineMaterials/Substrate/Glints2/dict_0000_0123" 10973
"/Engine/EngineMaterials/Substrate/Glints2/dict_0000_0124" 10974
"/Engine/EngineMaterials/Substrate/Glints2/dict_0000_0125" 10975
"/Engine/EngineMaterials/Substrate/Glints2/dict_0000_0126" 10976
"/Engine/EngineMaterials/Substrate/Glints2/dict_0000_0127" 10977
"/Engine/EngineMaterials/Substrate/Glints2/dict_0000_0128" 10978
"/Engine/EngineMaterials/Substrate/Glints2/dict_0000_0129" 10979
"../../../Engine/Content/EngineMaterials/Substrate/Glints2/dict_0000_0111.uasset" 10980
"../../../Engine/Content/EngineMaterials/Substrate/Glints2/dict_0000_0119.uasset" 10981
"../../../Engine/Content/EngineMaterials/Substrate/Glints2/dict_0000_0117.uasset" 10982
"/Engine/EngineMaterials/Substrate/Glints2/dict_0000_0130" 10983
"../../../Engine/Content/EngineMaterials/Substrate/Glints2/dict_0000_0116.uasset" 10984
"../../../Engine/Content/EngineMaterials/Substrate/Glints2/dict_0000_0112.uasset" 10985
"../../../Engine/Content/EngineMaterials/Substrate/Glints2/dict_0000_0115.uasset" 10986
"/Engine/EngineMaterials/Substrate/Glints2/dict_0000_0131" 10987
"../../../Engine/Content/EngineMaterials/Substrate/Glints2/dict_0000_0118.uasset" 10988
"../../../Engine/Content/EngineMaterials/Substrate/Glints2/dict_0000_0114.uasset" 10989
"/Engine/EngineMaterials/Substrate/Glints2/dict_0000_0132" 10990
"/Engine/EngineMaterials/Substrate/Glints2/dict_0000_0133" 10991
"../../../Engine/Content/EngineMaterials/Substrate/Glints2/dict_0000_0113.uasset" 10992
"/Engine/EngineMaterials/Substrate/Glints2/dict_0000_0134" 10993
"/Engine/EngineMaterials/Substrate/Glints2/dict_0000_0135" 10994
"/Engine/EngineMaterials/Substrate/Glints2/dict_0000_0136" 10995
"/Engine/EngineMaterials/Substrate/Glints2/dict_0000_0137" 10996
"/Engine/EngineMaterials/Substrate/Glints2/dict_0000_0138" 10997
"/Engine/EngineMaterials/Substrate/Glints2/dict_0000_0139" 10998
"/Engine/EngineMaterials/Substrate/Glints2/dict_0000_0140" 10999
"/Engine/EngineMaterials/Substrate/Glints2/dict_0000_0141" 11000
"/Engine/EngineMaterials/Substrate/Glints2/dict_0000_0142" 11001
"/Engine/EngineMaterials/Substrate/Glints2/dict_0000_0111" 11002
"/Engine/EngineMaterials/Substrate/Glints2/dict_0000_0112" 11003
"/Engine/EngineMaterials/Substrate/Glints2/dict_0000_0113" 11004
"/Engine/EngineMaterials/Substrate/Glints2/dict_0000_0114" 11005
"/Engine/EngineMaterials/Substrate/Glints2/dict_0000_0115" 11006
"/Engine/EngineMaterials/Substrate/Glints2/dict_0000_0116" 11007
"/Engine/EngineMaterials/Substrate/Glints2/dict_0000_0117" 11008
"/Engine/EngineMaterials/Substrate/Glints2/dict_0000_0118" 11009
"/Engine/EngineMaterials/Substrate/Glints2/dict_0000_0119" 11010
"../../../Engine/Content/EngineMaterials/Substrate/Glints2/dict_0000_0109.uasset" 11011
"../../../Engine/Content/EngineMaterials/Substrate/Glints2/dict_0000_0094.uasset" 11012
"../../../Engine/Content/EngineMaterials/Substrate/Glints2/dict_0000_0092.uasset" 11013
"../../../Engine/Content/EngineMaterials/Substrate/Glints2/dict_0000_0102.uasset" 11014
"../../../Engine/Content/EngineMaterials/Substrate/Glints2/dict_0000_0089.uasset" 11015
"../../../Engine/Content/EngineMaterials/Substrate/Glints2/dict_0000_0106.uasset" 11016
"../../../Engine/Content/EngineMaterials/Substrate/Glints2/dict_0000_0091.uasset" 11017
"../../../Engine/Content/EngineMaterials/Substrate/Glints2/dict_0000_0101.uasset" 11018
"../../../Engine/Content/EngineMaterials/Substrate/Glints2/dict_0000_0090.uasset" 11019
"../../../Engine/Content/EngineMaterials/Substrate/Glints2/dict_0000_0107.uasset" 11020
"../../../Engine/Content/EngineMaterials/Substrate/Glints2/dict_0000_0103.uasset" 11021
"../../../Engine/Content/EngineMaterials/Substrate/Glints2/dict_0000_0099.uasset" 11022
"../../../Engine/Content/EngineMaterials/Substrate/Glints2/dict_0000_0088.uasset" 11023
"../../../Engine/Content/EngineMaterials/Substrate/Glints2/dict_0000_0105.uasset" 11024
"../../../Engine/Content/EngineMaterials/Substrate/Glints2/dict_0000_0095.uasset" 11025
"../../../Engine/Content/EngineMaterials/Substrate/Glints2/dict_0000_0096.uasset" 11026
"../../../Engine/Content/EngineMaterials/Substrate/Glints2/dict_0000_0110.uasset" 11027
"../../../Engine/Content/EngineMaterials/Substrate/Glints2/dict_0000_0093.uasset" 11028
"../../../Engine/Content/EngineMaterials/Substrate/Glints2/dict_0000_0097.uasset" 11029
"../../../Engine/Content/EngineMaterials/Substrate/Glints2/dict_0000_0104.uasset" 11030
"../../../Engine/Content/EngineMaterials/Substrate/Glints2/dict_0000_0108.uasset" 11031
"../../../Engine/Content/EngineMaterials/Substrate/Glints2/dict_0000_0098.uasset" 11032
"../../../Engine/Content/EngineMaterials/Substrate/Glints2/dict_0000_0100.uasset" 11033
"../../../Engine/Content/EngineMaterials/Substrate/Glints2/dict_0000_0086.uasset" 11034
"../../../Engine/Content/EngineMaterials/Substrate/Glints2/dict_0000_0087.uasset" 11035
"../../../Engine/Content/EngineMaterials/Substrate/Glints2/dict_0000_0079.uasset" 11036
"../../../Engine/Content/EngineMaterials/Substrate/Glints2/dict_0000_0085.uasset" 11037
"../../../Engine/Content/EngineMaterials/Substrate/Glints2/dict_0000_0082.uasset" 11038
"../../../Engine/Content/EngineMaterials/Substrate/Glints2/dict_0000_0080.uasset" 11039
"../../../Engine/Content/EngineMaterials/Substrate/Glints2/dict_0000_0081.uasset" 11040
"../../../Engine/Content/EngineMaterials/Substrate/Glints2/dict_0000_0084.uasset" 11041
"../../../Engine/Content/EngineMaterials/Substrate/Glints2/dict_0000_0083.uasset" 11042
"/Engine/EngineMaterials/Substrate/Glints2/dict_0000_0079" 11043
"/Engine/EngineMaterials/Substrate/Glints2/dict_0000_0080" 11044
"/Engine/EngineMaterials/Substrate/Glints2/dict_0000_0081" 11045
"/Engine/EngineMaterials/Substrate/Glints2/dict_0000_0082" 11046
"/Engine/EngineMaterials/Substrate/Glints2/dict_0000_0083" 11047
"/Engine/EngineMaterials/Substrate/Glints2/dict_0000_0084" 11048
"/Engine/EngineMaterials/Substrate/Glints2/dict_0000_0085" 11049
"/Engine/EngineMaterials/Substrate/Glints2/dict_0000_0086" 11050
"/Engine/EngineMaterials/Substrate/Glints2/dict_0000_0087" 11051
"/Engine/EngineMaterials/Substrate/Glints2/dict_0000_0088" 11052
"/Engine/EngineMaterials/Substrate/Glints2/dict_0000_0089" 11053
"/Engine/EngineMaterials/Substrate/Glints2/dict_0000_0090" 11054
"/Engine/EngineMaterials/Substrate/Glints2/dict_0000_0091" 11055
"/Engine/EngineMaterials/Substrate/Glints2/dict_0000_0092" 11056
"/Engine/EngineMaterials/Substrate/Glints2/dict_0000_0093" 11057
"/Engine/EngineMaterials/Substrate/Glints2/dict_0000_0094" 11058
"/Engine/EngineMaterials/Substrate/Glints2/dict_0000_0095" 11059
"/Engine/EngineMaterials/Substrate/Glints2/dict_0000_0096" 11060
"/Engine/EngineMaterials/Substrate/Glints2/dict_0000_0097" 11061
"/Engine/EngineMaterials/Substrate/Glints2/dict_0000_0098" 11062
"/Engine/EngineMaterials/Substrate/Glints2/dict_0000_0099" 11063
"/Engine/EngineMaterials/Substrate/Glints2/dict_0000_0100" 11064
"/Engine/EngineMaterials/Substrate/Glints2/dict_0000_0101" 11065
"/Engine/EngineMaterials/Substrate/Glints2/dict_0000_0102" 11066
"/Engine/EngineMaterials/Substrate/Glints2/dict_0000_0103" 11067
"/Engine/EngineMaterials/Substrate/Glints2/dict_0000_0104" 11068
"/Engine/EngineMaterials/Substrate/Glints2/dict_0000_0105" 11069
"/Engine/EngineMaterials/Substrate/Glints2/dict_0000_0106" 11070
"/Engine/EngineMaterials/Substrate/Glints2/dict_0000_0107" 11071
"/Engine/EngineMaterials/Substrate/Glints2/dict_0000_0108" 11072
"/Engine/EngineMaterials/Substrate/Glints2/dict_0000_0109" 11073
"/Engine/EngineMaterials/Substrate/Glints2/dict_0000_0110" 11074
"../../../Engine/Content/EngineMaterials/Substrate/Glints2/dict_0000_0057.uasset" 11075
"../../../Engine/Content/EngineMaterials/Substrate/Glints2/dict_0000_0064.uasset" 11076
"../../../Engine/Content/EngineMaterials/Substrate/Glints2/dict_0000_0073.uasset" 11077
"../../../Engine/Content/EngineMaterials/Substrate/Glints2/dict_0000_0071.uasset" 11078
"../../../Engine/Content/EngineMaterials/Substrate/Glints2/dict_0000_0078.uasset" 11079
"../../../Engine/Content/EngineMaterials/Substrate/Glints2/dict_0000_0058.uasset" 11080
"../../../Engine/Content/EngineMaterials/Substrate/Glints2/dict_0000_0075.uasset" 11081
"../../../Engine/Content/EngineMaterials/Substrate/Glints2/dict_0000_0061.uasset" 11082
"../../../Engine/Content/EngineMaterials/Substrate/Glints2/dict_0000_0059.uasset" 11083
"../../../Engine/Content/EngineMaterials/Substrate/Glints2/dict_0000_0074.uasset" 11084
"../../../Engine/Content/EngineMaterials/Substrate/Glints2/dict_0000_0076.uasset" 11085
"../../../Engine/Content/EngineMaterials/Substrate/Glints2/dict_0000_0072.uasset" 11086
"../../../Engine/Content/EngineMaterials/Substrate/Glints2/dict_0000_0077.uasset" 11087
"../../../Engine/Content/EngineMaterials/Substrate/Glints2/dict_0000_0069.uasset" 11088
"../../../Engine/Content/EngineMaterials/Substrate/Glints2/dict_0000_0067.uasset" 11089
"../../../Engine/Content/EngineMaterials/Substrate/Glints2/dict_0000_0065.uasset" 11090
"../../../Engine/Content/EngineMaterials/Substrate/Glints2/dict_0000_0066.uasset" 11091
"../../../Engine/Content/EngineMaterials/Substrate/Glints2/dict_0000_0063.uasset" 11092
"../../../Engine/Content/EngineMaterials/Substrate/Glints2/dict_0000_0056.uasset" 11093
"../../../Engine/Content/EngineMaterials/Substrate/Glints2/dict_0000_0062.uasset" 11094
"../../../Engine/Content/EngineMaterials/Substrate/Glints2/dict_0000_0068.uasset" 11095
"../../../Engine/Content/EngineMaterials/Substrate/Glints2/dict_0000_0070.uasset" 11096
"../../../Engine/Content/EngineMaterials/Substrate/Glints2/dict_0000_0060.uasset" 11097
"../../../Engine/Content/EngineMaterials/Substrate/Glints2/dict_0000_0053.uasset" 11098
"../../../Engine/Content/EngineMaterials/Substrate/Glints2/dict_0000_0049.uasset" 11099
"../../../Engine/Content/EngineMaterials/Substrate/Glints2/dict_0000_0051.uasset" 11100
"../../../Engine/Content/EngineMaterials/Substrate/Glints2/dict_0000_0048.uasset" 11101
"../../../Engine/Content/EngineMaterials/Substrate/Glints2/dict_0000_0050.uasset" 11102
"../../../Engine/Content/EngineMaterials/Substrate/Glints2/dict_0000_0055.uasset" 11103
"../../../Engine/Content/EngineMaterials/Substrate/Glints2/dict_0000_0054.uasset" 11104
"../../../Engine/Content/EngineMaterials/Substrate/Glints2/dict_0000_0052.uasset" 11105
"../../../Engine/Content/EngineMaterials/Substrate/Glints2/dict_0000_0047.uasset" 11106
"/Engine/EngineMaterials/Substrate/Glints2/dict_0000_0047" 11107
"/Engine/EngineMaterials/Substrate/Glints2/dict_0000_0048" 11108
"/Engine/EngineMaterials/Substrate/Glints2/dict_0000_0049" 11109
"/Engine/EngineMaterials/Substrate/Glints2/dict_0000_0050" 11110
"/Engine/EngineMaterials/Substrate/Glints2/dict_0000_0051" 11111
"/Engine/EngineMaterials/Substrate/Glints2/dict_0000_0052" 11112
"/Engine/EngineMaterials/Substrate/Glints2/dict_0000_0053" 11113
"/Engine/EngineMaterials/Substrate/Glints2/dict_0000_0054" 11114
"/Engine/EngineMaterials/Substrate/Glints2/dict_0000_0055" 11115
"/Engine/EngineMaterials/Substrate/Glints2/dict_0000_0056" 11116
"/Engine/EngineMaterials/Substrate/Glints2/dict_0000_0057" 11117
"/Engine/EngineMaterials/Substrate/Glints2/dict_0000_0058" 11118
"/Engine/EngineMaterials/Substrate/Glints2/dict_0000_0059" 11119
"/Engine/EngineMaterials/Substrate/Glints2/dict_0000_0060" 11120
"/Engine/EngineMaterials/Substrate/Glints2/dict_0000_0061" 11121
"/Engine/EngineMaterials/Substrate/Glints2/dict_0000_0062" 11122
"/Engine/EngineMaterials/Substrate/Glints2/dict_0000_0063" 11123
"/Engine/EngineMaterials/Substrate/Glints2/dict_0000_0064" 11124
"/Engine/EngineMaterials/Substrate/Glints2/dict_0000_0065" 11125
"/Engine/EngineMaterials/Substrate/Glints2/dict_0000_0066" 11126
"/Engine/EngineMaterials/Substrate/Glints2/dict_0000_0067" 11127
"/Engine/EngineMaterials/Substrate/Glints2/dict_0000_0068" 11128
"/Engine/EngineMaterials/Substrate/Glints2/dict_0000_0069" 11129
"/Engine/EngineMaterials/Substrate/Glints2/dict_0000_0070" 11130
"/Engine/EngineMaterials/Substrate/Glints2/dict_0000_0071" 11131
"/Engine/EngineMaterials/Substrate/Glints2/dict_0000_0072" 11132
"/Engine/EngineMaterials/Substrate/Glints2/dict_0000_0073" 11133
"/Engine/EngineMaterials/Substrate/Glints2/dict_0000_0074" 11134
"/Engine/EngineMaterials/Substrate/Glints2/dict_0000_0075" 11135
"/Engine/EngineMaterials/Substrate/Glints2/dict_0000_0076" 11136
"/Engine/EngineMaterials/Substrate/Glints2/dict_0000_0077" 11137
"/Engine/EngineMaterials/Substrate/Glints2/dict_0000_0078" 11138
"../../../Engine/Content/EngineMaterials/Substrate/Glints2/dict_0000_0043.uasset" 11139
"../../../Engine/Content/EngineMaterials/Substrate/Glints2/dict_0000_0025.uasset" 11140
"../../../Engine/Content/EngineMaterials/Substrate/Glints2/dict_0000_0028.uasset" 11141
"../../../Engine/Content/EngineMaterials/Substrate/Glints2/dict_0000_0040.uasset" 11142
"../../../Engine/Content/EngineMaterials/Substrate/Glints2/dict_0000_0037.uasset" 11143
"../../../Engine/Content/EngineMaterials/Substrate/Glints2/dict_0000_0044.uasset" 11144
"../../../Engine/Content/EngineMaterials/Substrate/Glints2/dict_0000_0035.uasset" 11145
"../../../Engine/Content/EngineMaterials/Substrate/Glints2/dict_0000_0038.uasset" 11146
"../../../Engine/Content/EngineMaterials/Substrate/Glints2/dict_0000_0032.uasset" 11147
"../../../Engine/Content/EngineMaterials/Substrate/Glints2/dict_0000_0024.uasset" 11148
"../../../Engine/Content/EngineMaterials/Substrate/Glints2/dict_0000_0039.uasset" 11149
"../../../Engine/Content/EngineMaterials/Substrate/Glints2/dict_0000_0041.uasset" 11150
"../../../Engine/Content/EngineMaterials/Substrate/Glints2/dict_0000_0027.uasset" 11151
"../../../Engine/Content/EngineMaterials/Substrate/Glints2/dict_0000_0036.uasset" 11152
"../../../Engine/Content/EngineMaterials/Substrate/Glints2/dict_0000_0030.uasset" 11153
"../../../Engine/Content/EngineMaterials/Substrate/Glints2/dict_0000_0029.uasset" 11154
"../../../Engine/Content/EngineMaterials/Substrate/Glints2/dict_0000_0045.uasset" 11155
"../../../Engine/Content/EngineMaterials/Substrate/Glints2/dict_0000_0034.uasset" 11156
"../../../Engine/Content/EngineMaterials/Substrate/Glints2/dict_0000_0046.uasset" 11157
"../../../Engine/Content/EngineMaterials/Substrate/Glints2/dict_0000_0033.uasset" 11158
"../../../Engine/Content/EngineMaterials/Substrate/Glints2/dict_0000_0031.uasset" 11159
"../../../Engine/Content/EngineMaterials/Substrate/Glints2/dict_0000_0026.uasset" 11160
"../../../Engine/Content/EngineMaterials/Substrate/Glints2/dict_0000_0042.uasset" 11161
"../../../Engine/Content/EngineMaterials/Substrate/Glints2/dict_0000_0018.uasset" 11162
"../../../Engine/Content/EngineMaterials/Substrate/Glints2/dict_0000_0020.uasset" 11163
"../../../Engine/Content/EngineMaterials/Substrate/Glints2/dict_0000_0016.uasset" 11164
"/Engine/EngineMaterials/Substrate/Glints2/dict_0000_0024" 11165
"../../../Engine/Content/EngineMaterials/Substrate/Glints2/dict_0000_0015.uasset" 11166
"../../../Engine/Content/EngineMaterials/Substrate/Glints2/dict_0000_0021.uasset" 11167
"../../../Engine/Content/EngineMaterials/Substrate/Glints2/dict_0000_0017.uasset" 11168
"../../../Engine/Content/EngineMaterials/Substrate/Glints2/dict_0000_0023.uasset" 11169
"/Engine/EngineMaterials/Substrate/Glints2/dict_0000_0025" 11170
"../../../Engine/Content/EngineMaterials/Substrate/Glints2/dict_0000_0019.uasset" 11171
"/Engine/EngineMaterials/Substrate/Glints2/dict_0000_0026" 11172
"../../../Engine/Content/EngineMaterials/Substrate/Glints2/dict_0000_0022.uasset" 11173
"/Engine/EngineMaterials/Substrate/Glints2/dict_0000_0027" 11174
"/Engine/EngineMaterials/Substrate/Glints2/dict_0000_0028" 11175
"/Engine/EngineMaterials/Substrate/Glints2/dict_0000_0029" 11176
"/Engine/EngineMaterials/Substrate/Glints2/dict_0000_0030" 11177
"/Engine/EngineMaterials/Substrate/Glints2/dict_0000_0031" 11178
"/Engine/EngineMaterials/Substrate/Glints2/dict_0000_0032" 11179
"/Engine/EngineMaterials/Substrate/Glints2/dict_0000_0033" 11180
"/Engine/EngineMaterials/Substrate/Glints2/dict_0000_0034" 11181
"/Engine/EngineMaterials/Substrate/Glints2/dict_0000_0035" 11182
"/Engine/EngineMaterials/Substrate/Glints2/dict_0000_0036" 11183
"/Engine/EngineMaterials/Substrate/Glints2/dict_0000_0037" 11184
"/Engine/EngineMaterials/Substrate/Glints2/dict_0000_0038" 11185
"/Engine/EngineMaterials/Substrate/Glints2/dict_0000_0039" 11186
"/Engine/EngineMaterials/Substrate/Glints2/dict_0000_0040" 11187
"/Engine/EngineMaterials/Substrate/Glints2/dict_0000_0041" 11188
"/Engine/EngineMaterials/Substrate/Glints2/dict_0000_0042" 11189
"/Engine/EngineMaterials/Substrate/Glints2/dict_0000_0043" 11190
"/Engine/EngineMaterials/Substrate/Glints2/dict_0000_0044" 11191
"/Engine/EngineMaterials/Substrate/Glints2/dict_0000_0045" 11192
"/Engine/EngineMaterials/Substrate/Glints2/dict_0000_0046" 11193
"../../../Engine/Content/EngineMaterials/Substrate/Volume/SubstrateSimpleVolumeLUT3D.uasset" 11194
"../../../Engine/Content/EngineMaterials/Substrate/Volume/SubstrateSimpleVolumeEnvLUT3D.uasset" 11195
"../../../Engine/Content/EngineMaterials/Substrate/Volume/SubstrateSimpleVolumeLUT2D.uasset" 11196
"/Engine/EngineMaterials/Substrate/Glints2/dict_0000_0015" 11197
"../../../Engine/Content/EngineMaterials/Substrate/Volume/SubstrateSimpleVolumeEnvLUT2D.uasset" 11198
"/Engine/EngineMaterials/Substrate/Glints2/dict_0000_0016" 11199
"/Engine/EngineMaterials/Substrate/Glints2/dict_0000_0017" 11200
"/Engine/EngineMaterials/Substrate/Glints2/dict_0000_0018" 11201
"/Engine/EngineMaterials/Substrate/Glints2/dict_0000_0019" 11202
"/Engine/EngineMaterials/Substrate/Glints2/dict_0000_0020" 11203
"/Engine/EngineMaterials/Substrate/Glints2/dict_0000_0021" 11204
"/Engine/EngineMaterials/Substrate/Glints2/dict_0000_0022" 11205
"/Engine/EngineMaterials/Substrate/Glints2/dict_0000_0023" 11206
"/Engine/EngineMaterials/Substrate/Volume/SubstrateSimpleVolumeEnvLUT3D" 11207
"/Engine/EngineMaterials/Substrate/Volume/SubstrateSimpleVolumeLUT3D" 11208
"../../../Engine/Content/EngineMaterials/Substrate/Glints2/dict_0000_0005.uasset" 11209
"../../../Engine/Content/EngineMaterials/Substrate/Glints2/dict_0000_0013.uasset" 11210
"../../../Engine/Content/EngineMaterials/Substrate/Glints2/dict_0000_0008.uasset" 11211
"../../../Engine/Content/EngineMaterials/Substrate/Glints2/dict_0000_0011.uasset" 11212
"../../../Engine/Content/EngineMaterials/Substrate/Glints2/dict_0000_0002.uasset" 11213
"../../../Engine/Content/EngineMaterials/Substrate/Glints2/dict_0000_0003.uasset" 11214
"../../../Engine/Content/EngineMaterials/Substrate/Glints2/dict_0000_0010.uasset" 11215
"../../../Engine/Content/EngineMaterials/Substrate/Glints2/dict_0000_0001.uasset" 11216
"../../../Engine/Content/EngineMaterials/Substrate/Glints2/dict_0000_0009.uasset" 11217
"../../../Engine/Content/EngineMaterials/Substrate/Glints2/dict_0000_0000.uasset" 11218
"../../../Engine/Content/EngineMaterials/DefaultCalibrationColor.uasset" 11219
"../../../Engine/Content/EngineMaterials/DefaultCalibrationGrayscale.uasset" 11220
"../../../Engine/Content/EngineMaterials/Substrate/Glints2/dict_0000_0012.uasset" 11221
"../../../Engine/Content/EngineMaterials/PPM_DefaultCalibrationColor.uasset" 11222
"../../../Engine/Content/EngineMaterials/Substrate/Glints2/dict_0000_0014.uasset" 11223
"../../../Engine/Content/EngineMaterials/Substrate/Glints2/dict_0000_0006.uasset" 11224
"../../../Engine/Plugins/Interchange/Assets/Content/Functions/MX_Surface.uasset" 11225
"../../../Engine/Content/EngineMaterials/Substrate/Glints2/AGlintTex2dArray2.uasset" 11226
"../../../Engine/Content/EngineMaterials/PPM_DefaultCalibrationGrayscale.uasset" 11227
"../../../Engine/Content/EngineMaterials/Substrate/Glints2/dict_0000_0007.uasset" 11228
"../../../Engine/Content/EngineMaterials/Substrate/Glints2/dict_0000_0004.uasset" 11229
"../../../Engine/Content/Functions/Engine_MaterialFunctions03/Procedurals/HeightToNormalSmooth.uasset" 11230
"../../../Engine/Content/Functions/MaterialLayerFunctions/MatLayerBlend_OverrideOpacity.uasset" 11231
"../../../Engine/Plugins/NNE/NNEDenoiser/Content/NNEDTIM_ColorAlbedoNormal_Alpha.uasset" 11232
"../../../Engine/Plugins/NNE/NNEDenoiser/Content/NNEDTIM_ColorAlbedoNormal_Default.uasset" 11233
"../../../Engine/Plugins/NNE/NNEDenoiser/Content/NNEDIM_ColorAlbedoNormal_Default.uasset" 11234
"../../../Engine/Plugins/NNE/NNEDenoiser/Content/NNEDOM_Output_Alpha.uasset" 11235
"../../../Engine/Plugins/NNE/NNEDenoiser/Content/NNEDIM_HighQuality_Default.uasset" 11236
"../../../Engine/Plugins/NNE/NNEDenoiser/Content/NNEDIM_ColorAlbedoNormal_Alpha.uasset" 11237
"../../../Engine/Plugins/Interchange/Assets/Content/Functions/MX_Displacement.uasset" 11238
"../../../Engine/Plugins/NNE/NNEDenoiser/Content/NNEDIM_HighQuality_Alpha.uasset" 11239
"../../../Engine/Plugins/NNE/NNEDenoiser/Content/NNEDOM_Output_Default.uasset" 11240
"/NNEDenoiser/NNEDIM_HighQuality_Default" 11241
"/NNEDenoiser/NNEDIM_HighQuality_Alpha" 11242
"/NNEDenoiser/NNEDIM_ColorAlbedoNormal_Default" 11243
"/NNEDenoiser/NNEDIM_ColorAlbedoNormal_Alpha" 11244
"/InterchangeAssets/Functions/MX_Displacement" 11245
"/InterchangeAssets/Functions/MX_Surface" 11246
"/Engine/EngineMaterials/PPM_DefaultCalibrationGrayscale" 11247
"/Engine/EngineMaterials/PPM_DefaultCalibrationColor" 11248
"/NNEDenoiser/NNEDTIM_ColorAlbedoNormal_Default" 11249
"/NNEDenoiser/NNEDTIM_ColorAlbedoNormal_Alpha" 11250
"/NNEDenoiser/NNEDOM_Output_Default" 11251
"/NNEDenoiser/NNEDOM_Output_Alpha" 11252
"/Engine/EngineMaterials/Substrate/Glints2/AGlintTex2dArray2" 11253
"../../../Engine/Content/EditorResources/BSPVertex.uasset" 11254
"../../../Engine/Content/EngineMaterials/DefaultBloomKernel.uasset" 11255
"../../../Engine/Content/EngineDebugMaterials/DebugEditorMaterial.uasset" 11256
"../../../Engine/Content/EngineMaterials/FastBlueNoise_scalar_128x128x64.uasset" 11257
"../../../Engine/Content/EngineMaterials/FastBlueNoise_vec2_128x128x64.uasset" 11258
"../../../Engine/Plugins/NNE/NNEDenoiser/Content/NNED_Oidn2-3_Balanced_Alpha.uasset" 11259
"../../../Engine/Plugins/NNE/NNEDenoiser/Content/NNEDT_Oidn2-3_Balanced_Alpha.uasset" 11260
"../../../Engine/Plugins/NNE/NNEDenoiser/Content/NNED_Oidn2-3_HighQuality_Alpha.uasset" 11261
"../../../Engine/Plugins/NNE/NNEDenoiser/Content/NNED_Oidn2-3_HighQuality.uasset" 11262
"../../../Engine/Content/EngineSounds/Master.uasset" 11263
"../../../Engine/Content/EngineMaterials/SMAAAreaTex.uasset" 11264
"../../../Engine/Plugins/NNE/NNEDenoiser/Content/NNEDTOM_Output_Default.uasset" 11265
"../../../Engine/Content/EngineResources/Development/ZenLogo_64.uasset" 11266
"../../../Engine/Content/EngineMaterials/EnergyConservation/SheenLegacy_Energy.uasset" 11267
"../../../Engine/Plugins/NNE/NNEDenoiser/Content/NNED_Oidn2-3_Balanced.uasset" 11268
"../../../Engine/Plugins/NNE/NNEDenoiser/Content/NNED_Oidn2-3_Fast_Alpha.uasset" 11269
"../../../Engine/Plugins/NNE/NNEDenoiser/Content/NNEDT_Oidn2-3_Balanced.uasset" 11270
"../../../Engine/Plugins/NNE/NNEDenoiser/Content/NNE_oidn2-3-0_rt_hdr_calb_cnrm_large__dyn__fp16_opset11_ForwardAlpha.uasset" 11271
"../../../Engine/Plugins/NNE/NNEDenoiser/Content/NNE_oidn2-3-0_rt_hdr_alb_nrm_small__dyn__fp16_opset11_ForwardAlpha.uasset" 11272
"../../../Engine/Plugins/NNE/NNEDenoiser/Content/NNEDTOM_Output_Alpha.uasset" 11273
"../../../Engine/Content/EngineMaterials/FastBlueNoise_scalar_128x128x8.uasset" 11274
"../../../Engine/Content/EngineResources/FilmGrains/Marcie_Grain_v3_128_M2_000.uasset" 11275
"../../../Engine/Plugins/NNE/NNEDenoiser/Content/NNED_Oidn2-3_Fast.uasset" 11276
"../../../Engine/Plugins/NNE/NNEDenoiser/Content/NNE_oidn2-3-0_rt_hdr_alb_nrm__dyn__fp16_opset11_ForwardAlpha.uasset" 11277
"../../../Engine/Plugins/NNE/NNEDenoiser/Content/NNE_oidn2-3-0_rt_hdr_alb_nrm_small__dyn__fp16_opset11_DenoiseAlpha.uasset" 11278
"../../../Engine/Plugins/NNE/NNEDenoiser/Content/NNE_oidn2-3-0_rt_hdr_calb_cnrm_large__dyn__fp16_opset11_DenoiseAlpha.uasset" 11279
"../../../Engine/Plugins/NNE/NNEDenoiser/Content/NNE_oidn2-3-0_rt_hdr_alb_nrm__dyn__fp16_opset11_DenoiseAlpha.uasset" 11280
"../../../Engine/Content/EngineMaterials/SMAASearchTex.uasset" 11281
"../../../Engine/Plugins/Interchange/Runtime/Content/Pipelines/DefaultGLTFPipeline.uasset" 11282
"../../../Engine/Plugins/Interchange/Runtime/Content/Pipelines/DefaultAssetsPipeline.uasset" 11283
"../../../Engine/Plugins/Interchange/Runtime/Content/Pipelines/DefaultMaterialXPipeline.uasset" 11284
"../../../Engine/Plugins/Interchange/Runtime/Content/Pipelines/DefaultGLTFAssetsPipeline.uasset" 11285
"/Interchange/Pipelines/DefaultGLTFPipeline" 11286
"/Interchange/Pipelines/DefaultGLTFAssetsPipeline" 11287
"/Interchange/Pipelines/DefaultMaterialXPipeline" 11288
"/Interchange/Pipelines/DefaultAssetsPipeline" 11289
"/Engine/EngineSounds/Master" 11290
"/Engine/EngineMaterials/SMAASearchTex" 11291
"/Engine/EngineMaterials/SMAAAreaTex" 11292
"/Engine/EngineMaterials/EnergyConservation/SheenLegacy_Energy" 11293
"/Engine/EngineMaterials/FastBlueNoise_vec2_128x128x64" 11294
"/Engine/EngineMaterials/FastBlueNoise_scalar_128x128x8" 11295
"/Engine/EngineMaterials/FastBlueNoise_scalar_128x128x64" 11296
"/Engine/EngineDebugMaterials/DebugEditorMaterial" 11297
"/Engine/EngineResources/Development/ZenLogo_64" 11298
"/Engine/EngineResources/FilmGrains/Marcie_Grain_v3_128_M2_000" 11299
"/Engine/EngineMaterials/DefaultBloomKernel" 11300
"/Engine/EditorResources/BSPVertex" 11301
"/NNEDenoiser/NNE_oidn2-3-0_rt_hdr_calb_cnrm_large__dyn__fp16_opset11_ForwardAlpha" 11302
"/NNEDenoiser/NNE_oidn2-3-0_rt_hdr_calb_cnrm_large__dyn__fp16_opset11_DenoiseAlpha" 11303
"/NNEDenoiser/NNE_oidn2-3-0_rt_hdr_alb_nrm__dyn__fp16_opset11_ForwardAlpha" 11304
"/NNEDenoiser/NNE_oidn2-3-0_rt_hdr_alb_nrm__dyn__fp16_opset11_DenoiseAlpha" 11305
"/NNEDenoiser/NNE_oidn2-3-0_rt_hdr_alb_nrm_small__dyn__fp16_opset11_ForwardAlpha" 11306
"/NNEDenoiser/NNE_oidn2-3-0_rt_hdr_alb_nrm_small__dyn__fp16_opset11_DenoiseAlpha" 11307
"/NNEDenoiser/NNED_Oidn2-3_HighQuality_Alpha" 11308
"/NNEDenoiser/NNED_Oidn2-3_HighQuality" 11309
"/NNEDenoiser/NNED_Oidn2-3_Fast_Alpha" 11310
"/NNEDenoiser/NNED_Oidn2-3_Fast" 11311
"/NNEDenoiser/NNED_Oidn2-3_Balanced_Alpha" 11312
"/NNEDenoiser/NNED_Oidn2-3_Balanced" 11313
"/NNEDenoiser/NNEDT_Oidn2-3_Balanced_Alpha" 11314
"/NNEDenoiser/NNEDT_Oidn2-3_Balanced" 11315
"/NNEDenoiser/NNEDTOM_Output_Default" 11316
"/NNEDenoiser/NNEDTOM_Output_Alpha" 11317
"C:/Users/mikel/Downloads/Paranoia/Intermediate/ORTOptimizerPass_Optimized0A951F96400EC2DF6614F188DC25DBBF.onnx" 11318
"C:/Users/mikel/Downloads/Paranoia/Intermediate/ORTOptimizerPass_OptimizedA41D49754F82A56AB9EC12904F11649D.onnx" 11319
"C:/Users/mikel/Downloads/Paranoia/Intermediate/ORTOptimizerPass_Optimized7DA986434F6E94A8CFA5A38DBF65FA58.onnx" 11320
"C:/Users/mikel/Downloads/Paranoia/Intermediate/ORTOptimizerPass_Optimized5A6E0E144BDEF0DADE00C9A478F97299.onnx" 11321
"C:/Users/mikel/Downloads/Paranoia/Intermediate/ORTOptimizerPass_Optimized96CE77E840383616863F15ABA0EB9AD6.onnx" 11322
"C:/Users/mikel/Downloads/Paranoia/Intermediate/ORTOptimizerPass_OptimizedC3DB0888494EC04794C8DBB51D30DD06.onnx" 11323
"C:/Users/mikel/Downloads/Paranoia/Intermediate/ORTOptimizerPass_Optimized6B319ADF4037D17DE84D618B4FEEECD3.onnx" 11324
"C:/Users/mikel/Downloads/Paranoia/Intermediate/ORTOptimizerPass_Optimized0FC0607D4465BF3E30164C92C28A13DB.onnx" 11325
"C:/Users/mikel/Downloads/Paranoia/Intermediate/ORTOptimizerPass_Optimized36A52C9A4A41186EB4CA26A0AB1A33EB.onnx" 11326
"C:/Users/mikel/Downloads/Paranoia/Intermediate/ORTOptimizerPass_OptimizedFBB15B924D87BCB17531A1BDC74AA648.onnx" 11327
"C:/Users/mikel/Downloads/Paranoia/Intermediate/ORTOptimizerPass_Optimized18BE41DE41D6F381063C92AF0A39FC42.onnx" 11328
"C:/Users/mikel/Downloads/Paranoia/Intermediate/ORTOptimizerPass_Optimized0E4D3B4F40A469E15F66B8983A837C61.onnx" 11329
"../../../Engine/Plugins/Interchange/Runtime/Content/Pipelines/DefaultSceneLevelPipeline.uasset" 11330
"../../../Engine/Plugins/Interchange/Runtime/Content/Pipelines/DefaultMaterialPipeline.uasset" 11331
"../../../Engine/Plugins/Interchange/Runtime/Content/Pipelines/DefaultGLTFSceneAssetsPipeline.uasset" 11332
"../../../Engine/Plugins/Interchange/Assets/Content/Substrate/MX_SimpleVolume.uasset" 11333
"../../../Engine/Plugins/Interchange/Runtime/Content/Pipelines/DefaultAudioPipeline.uasset" 11334
"../../../Engine/Plugins/Interchange/Runtime/Content/Pipelines/DefaultSceneAssetsPipeline.uasset" 11335
"../../../Engine/Plugins/Interchange/Runtime/Content/Pipelines/DefaultTexturePipeline.uasset" 11336
"../../../Engine/Plugins/Interchange/Assets/Content/Functions/MX_UsdPreviewSurface.uasset" 11337
"../../../Engine/Plugins/Interchange/Assets/Content/Functions/MX_SurfaceUnlit.uasset" 11338
"../../../Engine/Plugins/Interchange/Assets/Content/Functions/MX_OrenNayarBSDF.uasset" 11339
"../../../Engine/Plugins/Interchange/Assets/Content/Functions/MX_TranslucentBSDF.uasset" 11340
"../../../Engine/Plugins/Interchange/Assets/Content/Functions/MX_DielectricBSDF.uasset" 11341
"../../../Engine/Plugins/Interchange/Assets/Content/Functions/MX_BurleyDiffuseBSDF.uasset" 11342
"../../../Engine/Plugins/Interchange/Assets/Content/Functions/MX_ConductorBSDF.uasset" 11343
"../../../Engine/Plugins/Interchange/Assets/Content/Functions/MX_ChiangHairBSDF.uasset" 11344
"../../../Engine/Plugins/Interchange/Assets/Content/Functions/MX_ConicalEDF.uasset" 11345
"../../../Engine/Plugins/Interchange/Assets/Content/Functions/MX_UniformEDF.uasset" 11346
"../../../Engine/Plugins/Interchange/Assets/Content/Functions/MX_SubsurfaceBSDF.uasset" 11347
"../../../Engine/Plugins/Interchange/Assets/Content/Functions/MX_GeneralizedSchlickBSDF.uasset" 11348
"../../../Engine/Plugins/Interchange/Assets/Content/Functions/MX_SheenBSDF.uasset" 11349
"../../../Engine/Plugins/Animation/ControlRig/Content/Controls/ControlRigGizmoMaterial.uasset" 11350
"../../../Engine/Plugins/Interchange/Assets/Content/Functions/MX_MeasuredEDF.uasset" 11351
"../../../Engine/Plugins/Interchange/Assets/Content/Functions/MX_AbsorptionVDF.uasset" 11352
"../../../Engine/Plugins/Interchange/Assets/Content/Functions/MX_AnisotropicVDF.uasset" 11353
"/ControlRig/Controls/ControlRigGizmoMaterial" 11354
"/InterchangeAssets/Functions/MX_AnisotropicVDF" 11355
"/InterchangeAssets/Functions/MX_AbsorptionVDF" 11356
"/InterchangeAssets/Functions/MX_MeasuredEDF" 11357
"/InterchangeAssets/Functions/MX_ConicalEDF" 11358
"/InterchangeAssets/Functions/MX_UniformEDF" 11359
"/InterchangeAssets/Functions/MX_ChiangHairBSDF" 11360
"/InterchangeAssets/Functions/MX_SheenBSDF" 11361
"/InterchangeAssets/Functions/MX_SubsurfaceBSDF" 11362
"/InterchangeAssets/Functions/MX_GeneralizedSchlickBSDF" 11363
"/InterchangeAssets/Functions/MX_ConductorBSDF" 11364
"/InterchangeAssets/Functions/MX_DielectricBSDF" 11365
"/InterchangeAssets/Functions/MX_TranslucentBSDF" 11366
"/InterchangeAssets/Functions/MX_BurleyDiffuseBSDF" 11367
"/InterchangeAssets/Functions/MX_OrenNayarBSDF" 11368
"/InterchangeAssets/Substrate/MX_SimpleVolume" 11369
"/InterchangeAssets/Functions/MX_UsdPreviewSurface" 11370
"/InterchangeAssets/Functions/MX_SurfaceUnlit" 11371
"/Interchange/Pipelines/DefaultGLTFSceneAssetsPipeline" 11372
"/Interchange/Pipelines/DefaultSceneLevelPipeline" 11373
"/Interchange/Pipelines/DefaultSceneAssetsPipeline" 11374
"/Interchange/Pipelines/DefaultAudioPipeline" 11375
"/Interchange/Pipelines/DefaultTexturePipeline" 11376
"/Interchange/Pipelines/DefaultMaterialPipeline" 11377
"C:/Users/mikel/Downloads/Paranoia/Saved/Cooked/Windows/Paranoia/Metadata/CookedSettings.txt" 11378
